STT,Category,Content,Câu trả lời,Điều luật tham chiếu,Article_IDs
1,"Loại 6: Giải thể & Phá sản - Thủ tục, thanh toán nợ, tạm ngưng",cho mình hỏi mình nộp hồ sơ tạm ngừng kinh doanh hồ sơ đã nộp có + thông báo tạm ngừng + biên bản họp + quyết định tạm ngừng mà nhận được thông tin phản hồi cần bổ sung thêm tài liệu là cần bổ sung thêm tài liệu gì vậy mọi người,"Theo Điều 206 Luật Doanh nghiệp 2020, doanh nghiệp phải thông báo bằng văn bản cho Cơ quan đăng ký kinh doanh chậm nhất 03 ngày làm việc trước ngày tạm ngừng kinh doanh. Hồ sơ bạn đã nộp (Thông báo tạm ngừng + Biên bản họp + Quyết định tạm ngừng) về cơ bản là đầy đủ. Tuy nhiên, nếu bị yêu cầu bổ sung, có thể do: 1) Thông báo chưa đúng mẫu hoặc thiếu thông tin (thời gian tạm ngừng, lý do); 2) Biên bản họp thiếu chữ ký của các thành viên theo quy định điều lệ; 3) Quyết định thiếu chữ ký của người đại diện theo pháp luật hoặc không đúng thẩm quyền. Lưu ý: Trong thời gian tạm ngừng, theo khoản 3 Điều 206, doanh nghiệp vẫn phải nộp đủ số thuế, BHXH, BHYT, BHTN còn nợ và tiếp tục thanh toán các khoản nợ, hoàn thành hợp đồng đã ký (trừ khi có thỏa thuận khác).","Khoản 1 Điều 206 LDN 2020 - Thông báo tạm ngừng kinh doanh
Khoản 3 Điều 206 LDN 2020 - Nghĩa vụ trong thời gian tạm ngừng",59-2020-QH14:d206
2,"Loại 6: Giải thể & Phá sản - Thủ tục, thanh toán nợ, tạm ngưng","Nộp hồ sơ tạm ngừng kinh doanh có thông báo tạm ngừng, biên bản họp, quyết định tạm ngừng mà nhận được thông tin phản hồi cần bổ sung thêm tài liệu là cần bổ sung thêm tài liệu gì vậy mọi người?","Theo Điều 206 Luật Doanh nghiệp 2020 và Nghị định 01/2021, hồ sơ tạm ngừng kinh doanh cần đầy đủ: 1) Thông báo tạm ngừng kinh doanh (theo mẫu quy định); 2) Biên bản họp Hội đồng thành viên/HĐQT (nếu là công ty TNHH 2TV/CP); 3) Quyết định tạm ngừng của Hội đồng thành viên/HĐQT hoặc chủ sở hữu. Nếu bị yêu cầu bổ sung, có thể thiếu: a) Biên bản họp thiếu chữ ký đủ số thành viên theo quy định; b) Thông báo không đúng mẫu hoặc thiếu thông tin bắt buộc (thời gian tạm ngừng, lý do); c) Quyết định không có chữ ký của người đại diện theo pháp luật; d) Thiếu file đính kèm khi nộp online. Kiểm tra lại thông báo bổ sung từ Sở để biết cụ thể tài liệu cần bổ sung.","Điều 206 LDN 2020 - Tạm ngừng đình chỉ hoạt động chấm dứt kinh doanh
Nghị định 01/2021/NĐ-CP - Đăng ký doanh nghiệp",59-2020-QH14:d206
3,"Loại 3: Vốn điều lệ - Góp vốn, tăng/giảm vốn, vốn pháp định",Trường hợp đi vay để nộp đủ vốn điều lệ khi kiểm tra sau đó rút ra thì quy định xử lý như thế nào ạ?,"Theo Điều 16 khoản 5 Luật Doanh nghiệp 2020, hành vi 'kê khai khống vốn điều lệ, không góp đủ số vốn điều lệ như đã đăng ký' là hành vi bị nghiêm cấm. Việc vay tiền để góp vốn sau đó rút ra ngay được coi là kê khai khống vốn điều lệ. Hậu quả pháp lý: 1) Bị xử phạt vi phạm hành chính theo quy định của pháp luật; 2) Trách nhiệm liên đới: Theo Điều 47 khoản 4 (đối với công ty TNHH), thành viên chưa góp đủ vốn phải chịu trách nhiệm tương ứng với phần vốn cam kết góp về các nghĩa vụ tài chính phát sinh; 3) Có thể bị truy cứu trách nhiệm hình sự về tội lừa dối khách hàng nếu gây thiệt hại nghiêm trọng.","Điều 16 LDN 2020 - Các hành vi bị nghiêm cấm (khoản 5)
Điều 47 LDN 2020 - Góp vốn thành lập công ty",59-2020-QH14:d16;59-2020-QH14:d47
4,"Loại 6: Giải thể & Phá sản - Thủ tục, thanh toán nợ, tạm ngưng","Cần đóng cty không hoạt động, cho hỏi thủ tục và chi phí như thế nào vậy ạ?","Theo Điều 207-210 Luật Doanh nghiệp 2020 về giải thể doanh nghiệp, có 2 hình thức chấm dứt hoạt động: 1) GIẢI THỂ TỰ NGUYỆN (Điều 207): Nếu công ty bảo đảm thanh toán hết nợ. Trình tự: Thông qua nghị quyết giải thể → Gửi đến CQĐKKD và cơ quan thuế trong 07 ngày → Thanh toán nợ theo thứ tự (lương NLĐ > thuế > nợ khác) → Nộp hồ sơ giải thể trong 05 ngày sau khi thanh toán hết nợ. Chi phí: Miễn phí lệ phí nhà nước, nhưng có thể phát sinh phí dịch vụ nếu thuê bên thứ ba làm. 2) ĐÓNG CỬA DO BỊ THU HỒI GCNĐKDN (Điều 212): Nếu công ty không hoạt động quá 12 tháng và không thông báo. Hồ sơ giải thể: Thông báo giải thể + Báo cáo thanh lý tài sản. Lưu ý: Cần quyết toán thuế và xin xác nhận từ cơ quan thuế.","Điều 207 LDN 2020 - Các trường hợp và điều kiện giải thể
Điều 208 LDN 2020 - Trình tự thủ tục giải thể
Điều 210 LDN 2020 - Hồ sơ giải thể doanh nghiệp
Điều 212 LDN 2020 - Thu hồi Giấy CNĐKDN",59-2020-QH14:d207;59-2020-QH14:d208;59-2020-QH14:d210;59-2020-QH14:d212
5,"Loại 6: Giải thể & Phá sản - Thủ tục, thanh toán nợ, tạm ngưng",Công ty bị Sở thu hồi giấy phép do vi phạm pháp luật thì bây giờ cần làm gì để công ty có giấy phép hoạt động tiếp ạ?,"Theo Điều 212, 213 Luật Doanh nghiệp 2020 về thu hồi Giấy chứng nhận đăng ký doanh nghiệp, khi công ty bị thu hồi GCNĐKDN do vi phạm pháp luật thì: 1) Công ty KHÔNG thể tiếp tục hoạt động với GCNĐKDN cũ; 2) Sau khi bị thu hồi, công ty phải thực hiện thủ tục giải thể theo Điều 207-210; 3) Nếu muốn kinh doanh tiếp, phải thành lập doanh nghiệp MỚI với hồ sơ đăng ký mới. Lưu ý quan trọng: Theo Điều 17 khoản 2, người bị Tòa án cấm đảm nhiệm chức vụ, cấm hành nghề thì không được thành lập và quản lý doanh nghiệp. Nếu vi phạm thuộc loại bị xử lý hình sự hoặc cấm hoạt động, cần xem xét kỹ tình trạng pháp lý của người đại diện trước khi thành lập doanh nghiệp mới. Khuyến nghị: Tham vấn luật sư về hậu quả pháp lý cụ thể.","Điều 212 213 LDN 2020 - Thu hồi Giấy CNĐKDN
Điều 17 LDN 2020 - Quyền thành lập doanh nghiệp
Điều 207-210 LDN 2020 - Giải thể doanh nghiệp",59-2020-QH14:d17;59-2020-QH14:d207;59-2020-QH14:d208;59-2020-QH14:d209;59-2020-QH14:d210;59-2020-QH14:d212
6,"Loại 3: Vốn điều lệ - Góp vốn, tăng/giảm vốn, vốn pháp định",CTY CỔ PHẦN tăng vốn cũng phải nộp báo cáo tiến độ góp vốn à anh chị? Báo cáo tiến độ góp vốn này là sẽ ghi hết tất tần tật quá trình từ khi công ty thành lập chuyển nhượng ai hết à? Góp vốn lần nào góp lần đấy luôn có kéo dài đâu mà phải có báo cáo này nhỉ?,"Theo Điều 123 Luật Doanh nghiệp 2020 về góp vốn cổ phần và Nghị định 01/2021, khi công ty cổ phần tăng vốn điều lệ, cần nộp báo cáo tiến độ góp vốn trong một số trường hợp: 1) Nếu tăng vốn bằng phát hành cổ phần và cổ đông chưa thanh toán đủ ngay, phải báo cáo tiến độ góp vốn sau 90 ngày kể từ ngày được cấp GCNĐKDN; 2) Nội dung báo cáo tiến độ: Họ tên cổ đông, số cổ phần đã góp, loại tài sản góp, thời điểm góp; 3) Không cần ghi toàn bộ lịch sử từ khi thành lập, chỉ báo cáo cho đợt góp vốn tăng vốn lần này. Thực tế: Nếu cổ đông góp đủ vốn ngay tại thời điểm tăng vốn và có chứng từ thanh toán đầy đủ, một số Sở không yêu cầu báo cáo tiến độ riêng mà chấp nhận chứng từ góp vốn đính kèm hồ sơ tăng vốn.","Điều 123 LDN 2020 - Góp vốn cổ phần
Nghị định 01/2021/NĐ-CP - Đăng ký doanh nghiệp",59-2020-QH14:d123
7,"Loại 9: Chuyển nhượng vốn/cổ phần - Mua bán, thừa kế",Cho mình hỏi bên mình có mua lại công ty tnhh 2 thành viên vào năm 2022 đã hợp đồng chuyển nhượng và xong hết thủ tục đăng ký kinh doanh rồi ạ nhưng có 1 phát sinh là công ty này có nợ 1 bên khác 1 tỷ vào năm 2020 và đang thi hành án để trả nợ và khi mua bên công ty mình đã ký cam kết nếu có nợ trước thời gian công ty e mua thì công ty em có phải trả thay không ạ,"Theo Luật Doanh nghiệp 2020, khi chuyển nhượng phần vốn góp/mua lại công ty, công ty vẫn là một pháp nhân độc lập và các khoản nợ của công ty thuộc nghĩa vụ của công ty đó, không phải của thành viên mới (Điều 50 khoản 1). Tuy nhiên, nếu bên bán (thành viên cũ) đã cam kết chịu trách nhiệm về các khoản nợ phát sinh trước thời điểm chuyển nhượng, thì bạn có thể yêu cầu bên bán thực hiện cam kết theo hợp đồng. Trong trường hợp thi hành án, cơ quan thi hành án sẽ thi hành đối với tài sản của công ty. Bạn nên: 1) Xem lại hợp đồng chuyển nhượng và các cam kết; 2) Liên hệ bên bán để yêu cầu thực hiện cam kết; 3) Nếu bên bán không thực hiện, công ty vẫn phải trả nợ từ tài sản của công ty.","Điều 50 LDN 2020 - Nghĩa vụ của thành viên Hội đồng thành viên
Điều 52 LDN 2020 - Chuyển nhượng phần vốn góp
Điều 46 LDN 2020 - Công ty TNHH 2 thành viên trở lên",59-2020-QH14:d46;59-2020-QH14:d50;59-2020-QH14:d52
8,"Loại 9: Chuyển nhượng vốn/cổ phần - Mua bán, định giá, thủ tục","Dạ mn tư vấn giúp mình trong trường hợp này với ạ:Năm 2024 mình có góp vốn vào công ty hợp danh căn nhà trị giá 1 tỷ đồng dưới hình thức thành viên góp vốn. Hiện tại, giá trị căn nhà lên 1,5 tỷ, mình muốn rút lại căn nhà có được không và được thực hiện bằng cách nào.","Theo Điều 178 và 186 Luật Doanh nghiệp 2020 về công ty hợp danh: 1) Thành viên góp vốn không được rút vốn ra khỏi công ty dưới mọi hình thức, trừ khi chuyển nhượng phần vốn góp cho người khác theo Điều 186; 2) Thành viên góp vốn có thể chuyển nhượng phần vốn góp của mình cho thành viên khác hoặc người không phải thành viên với sự đồng ý của tất cả thành viên hợp danh. Vì căn nhà đã được định giá 1 tỷ khi góp vốn, nếu giá trị tăng lên 1,5 tỷ, bạn có thể: a) Chuyển nhượng phần vốn góp 1 tỷ cho người khác với giá thỏa thuận; b) Công ty mua lại phần vốn góp (nếu có quyết định của tất cả thành viên hợp danh). Bạn không thể trực tiếp rút căn nhà ra vì tài sản đã được định giá và góp vào công ty.","Điều 178 LDN 2020 - Quyền và nghĩa vụ của thành viên góp vốn
Điều 186 LDN 2020 - Chuyển nhượng phần vốn góp của thành viên góp vốn
Điều 180 LDN 2020 - Tài sản góp vốn",59-2020-QH14:d178;59-2020-QH14:d180;59-2020-QH14:d186
9,"Loại 6: Giải thể & Phá sản - Thủ tục, thanh toán nợ, tạm ngưng","Tại HN nộp hồ sơ giải thể công ty ở địa chỉ nào vậy các bác ?
Tại HN nộp hồ sơ giải thể công ty ở địa chỉ nào vậy các bác ?","Theo Luật Doanh nghiệp 2020, hồ sơ giải thể doanh nghiệp được gửi đến Cơ quan đăng ký kinh doanh. Tại Hà Nội, bạn nộp hồ sơ giải thể tại Phòng Đăng ký kinh doanh - Sở Kế hoạch và Đầu tư thành phố Hà Nội (địa chỉ: Tầng 15, Tháp B, Tòa nhà Sông Đà, Phạm Hùng, Nam Từ Liêm, Hà Nội) hoặc nộp trực tuyến qua Cổng thông tin quốc gia về đăng ký doanh nghiệp (dangkykinhdoanh.gov.vn). Trong thời hạn 07 ngày làm việc kể từ ngày thông qua nghị quyết/quyết định giải thể, phải gửi đến Cơ quan đăng ký kinh doanh và cơ quan thuế.","Điều 208 Luật Doanh nghiệp 2020 - Trình tự, thủ tục giải thể doanh nghiệp
Điều 210 Luật Doanh nghiệp 2020 - Hồ sơ giải thể doanh nghiệp",59-2020-QH14:d208;59-2020-QH14:d210
10,"Loại 6: Giải thể & Phá sản - Thủ tục, thanh toán nợ, tạm ngưng",Giờ làm tạm ngừng có được ko ạ ac?,"Có thể làm tạm ngừng kinh doanh bất kỳ lúc nào. Theo Điều 206 Luật Doanh nghiệp 2020, doanh nghiệp phải thông báo bằng văn bản cho Cơ quan đăng ký kinh doanh chậm nhất là 03 ngày làm việc trước ngày tạm ngừng kinh doanh. Bạn có thể nộp hồ sơ trực tuyến qua Cổng thông tin quốc gia về đăng ký doanh nghiệp. Lưu ý: Trong thời gian tạm ngừng, doanh nghiệp vẫn phải nộp đủ số thuế còn nợ, bảo hiểm xã hội, bảo hiểm y tế, bảo hiểm thất nghiệp còn nợ; tiếp tục thanh toán các khoản nợ và hoàn thành việc thực hiện hợp đồng đã ký.","Điều 206 Luật Doanh nghiệp 2020 - Tạm ngừng, đình chỉ hoạt động, chấm dứt kinh doanh",59-2020-QH14:d206
11,"Loại 6: Giải thể & Phá sản - Thủ tục, thanh toán nợ, tạm ngưng","Sau khi nhận được thông báo giải thể ở sở kế hoạch có cần phải đến thuế xử lý gì nưaz không các bạn
Sau khi nhận được thông báo giải thể ở sở kế hoạch có cần phải đến thuế xử lý gì nưaz không các bạn","Có, bạn cần hoàn tất nghĩa vụ thuế. Theo Điều 208 Luật Doanh nghiệp 2020, nghị quyết/quyết định giải thể phải được gửi đến cả Cơ quan đăng ký kinh doanh và cơ quan thuế. Các khoản nợ thuế được ưu tiên thanh toán sau khoản nợ lương và quyền lợi người lao động (khoản 5 Điều 208). Hồ sơ giải thể phải bao gồm báo cáo thanh lý tài sản, danh sách chủ nợ và số nợ đã thanh toán, bao gồm thanh toán hết các khoản nợ về thuế (Điều 210). Bạn cần làm thủ tục chấm dứt hiệu lực mã số thuế với cơ quan thuế.","Điều 208 Luật Doanh nghiệp 2020 - Trình tự, thủ tục giải thể doanh nghiệp (khoản 3, khoản 5)
Điều 210 Luật Doanh nghiệp 2020 - Hồ sơ giải thể doanh nghiệp",59-2020-QH14:d208;59-2020-QH14:d210
12,"Loại 6: Giải thể & Phá sản - Thủ tục, thanh toán nợ, tạm ngưng","Công ty e thành lập tháng 8/2025 nhưng chưa phát sinh doanh thu, hóa đơn, chi phí. Bây giờ muốn giải thể thì cần làm những bước nào và hồ sơ cần những gì ạ. Công ty e là công ty tnhh 2 thành viên ạ. E mới và yếu về thủ tục này nên mong nhận được tư vấn hỗ trợ từ ac ạ. E cảm ơn.","Với công ty TNHH 2 thành viên chưa phát sinh hoạt động, các bước giải thể theo Điều 208 Luật Doanh nghiệp 2020 gồm: 1) Hội đồng thành viên họp và thông qua nghị quyết giải thể (gồm: tên, địa chỉ công ty; lý do giải thể; thời hạn thanh lý; phương án xử lý nghĩa vụ với người lao động; chữ ký Chủ tịch HĐTV); 2) Trong 07 ngày làm việc gửi nghị quyết đến Cơ quan đăng ký kinh doanh, cơ quan thuế; 3) Hoàn tất nghĩa vụ thuế và xin xác nhận từ cơ quan thuế; 4) Gửi hồ sơ giải thể gồm: Thông báo giải thể và Báo cáo thanh lý tài sản đến Cơ quan đăng ký kinh doanh trong 05 ngày làm việc sau khi thanh toán hết nợ.","Điều 207 Luật Doanh nghiệp 2020 - Các trường hợp và điều kiện giải thể doanh nghiệp
Điều 208 Luật Doanh nghiệp 2020 - Trình tự, thủ tục giải thể doanh nghiệp
Điều 210 Luật Doanh nghiệp 2020 - Hồ sơ giải thể doanh nghiệp",59-2020-QH14:d207;59-2020-QH14:d208;59-2020-QH14:d210
13,"Loại 6: Giải thể & Phá sản - Thủ tục, thanh toán nợ, tạm ngưng",Công ty e thành lập 2023 nhưng chưa phát sinh DT gì cả. Bây giờ muốn giải thể cty. Ac cho e hỏi chút e cần làm những bước gì ạ. Em cảm ơn ạ,"Các bước giải thể theo Điều 208 Luật Doanh nghiệp 2020: 1) Thông qua nghị quyết/quyết định giải thể (nội dung: tên, địa chỉ công ty; lý do giải thể; thời hạn, thủ tục thanh lý; phương án xử lý nghĩa vụ từ hợp đồng lao động); 2) Trong 07 ngày làm việc gửi nghị quyết đến Cơ quan đăng ký kinh doanh, cơ quan thuế, người lao động, đăng trên Cổng thông tin quốc gia về đăng ký doanh nghiệp; 3) Thanh toán các khoản nợ theo thứ tự: nợ lương người lao động, nợ thuế, các khoản nợ khác; 4) Trong 05 ngày làm việc sau khi thanh toán hết nợ, gửi hồ sơ giải thể (Thông báo giải thể + Báo cáo thanh lý tài sản) đến Cơ quan đăng ký kinh doanh.","Điều 207 Luật Doanh nghiệp 2020 - Các trường hợp và điều kiện giải thể doanh nghiệp
Điều 208 Luật Doanh nghiệp 2020 - Trình tự, thủ tục giải thể doanh nghiệp
Điều 210 Luật Doanh nghiệp 2020 - Hồ sơ giải thể doanh nghiệp",59-2020-QH14:d207;59-2020-QH14:d208;59-2020-QH14:d210
14,"Loại 6: Giải thể & Phá sản - Thủ tục, thanh toán nợ, tạm ngưng",mọi người cho em hỏi chút là em làm hs tạm ngừng kd và đã nhận đc kết quả là xác nhận rồi. giờ em cần làm gì nữa ko ạ?,"Sau khi nhận được xác nhận tạm ngừng kinh doanh từ Cơ quan đăng ký kinh doanh, theo Điều 206 khoản 3 Luật Doanh nghiệp 2020, trong thời gian tạm ngừng bạn vẫn cần: 1) Nộp đủ số thuế còn nợ, bảo hiểm xã hội, bảo hiểm y tế, bảo hiểm thất nghiệp còn nợ; 2) Tiếp tục thanh toán các khoản nợ (trừ khi có thỏa thuận khác với chủ nợ); 3) Hoàn thành việc thực hiện hợp đồng đã ký với khách hàng và người lao động (trừ khi có thỏa thuận khác). Ngoài ra, bạn nên thông báo với cơ quan thuế về việc tạm ngừng để được hướng dẫn về nghĩa vụ kê khai thuế trong thời gian tạm ngừng.","Điều 206 Luật Doanh nghiệp 2020 - Tạm ngừng, đình chỉ hoạt động, chấm dứt kinh doanh (khoản 3)",59-2020-QH14:d206
15,"Loại 6: Giải thể & Phá sản - Thủ tục, thanh toán nợ, tạm ngưng",Cả nhà mình ai làm giải thể trung tâm ngoại ngữ rồi cho mình hỏi nhờ với. Có cảm ơn ạ.,"Việc giải thể trung tâm ngoại ngữ (nếu là loại hình doanh nghiệp) tuân theo quy định giải thể tại Điều 207, 208, 210 Luật Doanh nghiệp 2020. Tuy nhiên, do trung tâm ngoại ngữ thuộc lĩnh vực giáo dục có quy định đặc thù, theo Điều 3 Luật Doanh nghiệp 2020: 'Trường hợp luật khác có quy định đặc thù về việc thành lập, tổ chức quản lý, tổ chức lại, giải thể... thì áp dụng quy định của luật đó'. Do đó, bạn cần thực hiện thêm các thủ tục với cơ quan quản lý giáo dục (Sở Giáo dục và Đào tạo) về việc chấm dứt hoạt động giáo dục trước khi làm thủ tục giải thể doanh nghiệp.","Điều 3 Luật Doanh nghiệp 2020 - Áp dụng Luật Doanh nghiệp và luật khác
Điều 207, 208, 210 Luật Doanh nghiệp 2020 - Giải thể doanh nghiệp",59-2020-QH14:d207;59-2020-QH14:d208;59-2020-QH14:d210;59-2020-QH14:d3
16,"Loại 6: Giải thể & Phá sản - Thủ tục, thanh toán nợ, tạm ngưng","Ac cho e hỏi chút, công ty em đang tạm ngưng hoạt động nên ko định danh được. Ko có tài khoản vnied của công ty nên ko nộp hs tạm ngưng hoạt động trên trang dangkykinhdoanh được. Bây giờ có cách nào để làm tạm ngưng hoạt động dc ko ạ","Theo Điều 206 Luật Doanh nghiệp 2020, doanh nghiệp phải thông báo bằng văn bản cho Cơ quan đăng ký kinh doanh chậm nhất 03 ngày làm việc trước ngày tạm ngừng. Trong trường hợp không thể nộp hồ sơ trực tuyến do chưa định danh, bạn có thể: 1) Nộp hồ sơ trực tiếp tại Phòng Đăng ký kinh doanh - Sở Kế hoạch và Đầu tư hoặc qua đường bưu điện; 2) Liên hệ Phòng Đăng ký kinh doanh để được hướng dẫn cụ thể về cách định danh doanh nghiệp hoặc ủy quyền người đại diện theo pháp luật thực hiện định danh. Hồ sơ bao gồm: Thông báo tạm ngừng kinh doanh và các giấy tờ kèm theo theo quy định.","Điều 206 Luật Doanh nghiệp 2020 - Tạm ngừng, đình chỉ hoạt động, chấm dứt kinh doanh (khoản 1)",59-2020-QH14:d206
17,"Loại 6: Giải thể & Phá sản - Thủ tục, thanh toán nợ, tạm ngưng",Cho mình hỏi thủ tục tam ngừng doanh nghiệp mới nhất 2025 ạ!,"Thủ tục tạm ngừng kinh doanh theo Điều 206 Luật Doanh nghiệp 2020: 1) Doanh nghiệp thông báo bằng văn bản cho Cơ quan đăng ký kinh doanh chậm nhất 03 ngày làm việc trước ngày tạm ngừng; 2) Nộp hồ sơ trực tuyến qua Cổng thông tin quốc gia về đăng ký doanh nghiệp (dangkykinhdoanh.gov.vn) hoặc nộp trực tiếp tại Phòng Đăng ký kinh doanh - Sở KH&ĐT; 3) Hồ sơ gồm: Thông báo tạm ngừng kinh doanh (có chữ ký người đại diện theo pháp luật). Lưu ý: Trong thời gian tạm ngừng, doanh nghiệp vẫn phải nộp đủ thuế, BHXH, BHYT, BHTN còn nợ; tiếp tục thanh toán các khoản nợ và hoàn thành hợp đồng đã ký (trừ khi có thỏa thuận khác).","Điều 206 Luật Doanh nghiệp 2020 - Tạm ngừng, đình chỉ hoạt động, chấm dứt kinh doanh",59-2020-QH14:d206
18,"Loại 6: Giải thể & Phá sản - Thủ tục, thanh toán nợ, tạm ngưng",Em cần tư vấn giải thể doanh nghiệp tại Bắc Giang,"Giải thể doanh nghiệp tại Bắc Giang tuân theo Điều 207, 208, 210 Luật Doanh nghiệp 2020. Điều kiện giải thể (Điều 207): Doanh nghiệp chỉ được giải thể khi bảo đảm thanh toán hết các khoản nợ, nghĩa vụ tài sản khác và không trong quá trình giải quyết tranh chấp tại Tòa án/Trọng tài. Trình tự (Điều 208): 1) Thông qua nghị quyết giải thể; 2) Trong 07 ngày gửi đến Cơ quan đăng ký kinh doanh (Sở KH&ĐT Bắc Giang), cơ quan thuế, người lao động; 3) Thanh toán nợ theo thứ tự: lương NLĐ, nợ thuế, nợ khác; 4) Gửi hồ sơ giải thể trong 05 ngày sau khi thanh toán hết nợ. Hồ sơ (Điều 210): Thông báo giải thể + Báo cáo thanh lý tài sản.","Điều 207 Luật Doanh nghiệp 2020 - Các trường hợp và điều kiện giải thể doanh nghiệp
Điều 208 Luật Doanh nghiệp 2020 - Trình tự, thủ tục giải thể doanh nghiệp
Điều 210 Luật Doanh nghiệp 2020 - Hồ sơ giải thể doanh nghiệp",59-2020-QH14:d207;59-2020-QH14:d208;59-2020-QH14:d210
19,"Loại 6: Giải thể & Phá sản - Thủ tục, thanh toán nợ, tạm ngưng","Năm 2024 DN đã đăng ký thủ tục giải thể đóng MST tại tỉnh Quảng Nam , đã làm xong tất cả các bước thủ tục nhưng bên TT hành chính công chưa chuyển qua cơ quan thuế để đóng MST nay thuế đt xuống yêu cầu làm thủ tục đóng MST nhưng thực tế khi làm việc với TTHCC tỉnh Quảng Nam năm 2024 bảo DN mình đã xong các thủ tục. Hôm nay CQT đt cũng đã trao đổi thì bảo là lỗi do TTHCC bây giờ tôi phải liên hệ ai để được hỗ trợ việc này","Theo Điều 208 khoản 3 Luật Doanh nghiệp 2020, nghị quyết/quyết định giải thể phải được gửi đến cả Cơ quan đăng ký kinh doanh và cơ quan thuế trong 07 ngày làm việc. Nếu TTHCC Quảng Nam đã xác nhận hoàn tất thủ tục nhưng chưa chuyển sang cơ quan thuế, bạn nên: 1) Liên hệ trực tiếp với Phòng Đăng ký kinh doanh - Sở KH&ĐT Quảng Nam để yêu cầu xác nhận và phối hợp chuyển hồ sơ; 2) Liên hệ với Chi cục Thuế quản lý để cung cấp bản sao hồ sơ giải thể đã nộp tại TTHCC; 3) Gửi văn bản khiếu nại đến TTHCC và Sở KH&ĐT Quảng Nam yêu cầu giải quyết. Theo Điều 210, hồ sơ giải thể cần có: Thông báo giải thể và Báo cáo thanh lý tài sản (bao gồm thanh toán hết các khoản nợ thuế). Bạn cần lưu giữ các chứng từ đã nộp hồ sơ tại TTHCC làm bằng chứng.","Điều 208 Luật Doanh nghiệp 2020 - Trình tự thủ tục giải thể doanh nghiệp (khoản 3 7)
Điều 210 Luật Doanh nghiệp 2020 - Hồ sơ giải thể doanh nghiệp",59-2020-QH14:d208;59-2020-QH14:d210
20,"Loại 6: Giải thể & Phá sản - Thủ tục, thanh toán nợ, tạm ngưng","Anh chị cho em hỏi chút, Em làm giải thể doanh nghiệp có giấy xác nhận của cơ quan thuế. giờ phải làm gì tiếp vậy ạ ?","Sau khi có giấy xác nhận của cơ quan thuế về việc hoàn tất nghĩa vụ thuế, theo Điều 208 khoản 7 Luật Doanh nghiệp 2020, bạn cần: 1) Gửi hồ sơ giải thể doanh nghiệp cho Cơ quan đăng ký kinh doanh (Sở KH&ĐT) trong thời hạn 05 ngày làm việc kể từ ngày thanh toán hết các khoản nợ của doanh nghiệp. 2) Hồ sơ giải thể theo Điều 210 gồm: a) Thông báo về giải thể doanh nghiệp; b) Báo cáo thanh lý tài sản doanh nghiệp; danh sách chủ nợ và số nợ đã thanh toán, gồm cả thanh toán hết các khoản nợ về thuế và nợ tiền đóng BHXH, BHYT, BHTN cho người lao động. 3) Sau khi nộp hồ sơ, Cơ quan đăng ký kinh doanh sẽ cập nhật tình trạng pháp lý của doanh nghiệp trên Cơ sở dữ liệu quốc gia về đăng ký doanh nghiệp trong 05 ngày làm việc kể từ ngày nhận hồ sơ giải thể.","Điều 208 Luật Doanh nghiệp 2020 - Trình tự thủ tục giải thể doanh nghiệp (khoản 7 8)
Điều 210 Luật Doanh nghiệp 2020 - Hồ sơ giải thể doanh nghiệp",59-2020-QH14:d208;59-2020-QH14:d210
21,"Loại 6: Giải thể & Phá sản - Thủ tục, thanh toán nợ, tạm ngưng","Xin chào A/C. Cho mình hỏi có ai đã có kinh nghiệm là hồ sơ giải thể tại Đội Thuế Q1 TPHCM chưa ạ?
HS giải thể của công ty mình được Phòng đăng ký kinh doanh TPHCM chấp thuận vào tháng 7.2025.
Đồng thời trước đó cũng gửi HS chấm dứt MST qua cho Thuế Q1.
Sau đó thì có cán bộ liên hệ qua email yêu cầu gửi thêm các thông tin như là QTTNND, báo cáo hóa đơn các năm từ lúc thành lập....
Đến nay mình email hỏi lại thì các bộ thuế báo là hồ sơ giải thể của công ty đã chuyển qua cho cán bộ khác xử lý (hiện chư có thông tin cán bộ nào). Khi có thông tin cán bộ tiếp nhận thì sẽ thông báo lại.
Tổng thời giản từ lúc nộp các hồ sơ là từ tháng 6 đến giờ gần hết tháng 10 nhưng vẫn chưa xong.
Không biết ai có kinh nghiệm làm vấn đề này ở Quận 1 TPHCM có thể chia sẻ cho mình biết là các bước tiếp theo sẽ thế nào và chơ thêm tầm bao lâu không ạ?","Theo Điều 208 Luật Doanh nghiệp 2020, quy trình giải thể gồm nhiều bước và thời gian có thể kéo dài. Về kinh nghiệm tại Đội Thuế Q1 TPHCM: 1) Thời gian xử lý thường mất 3-6 tháng, đặc biệt nếu cần kiểm tra quyết toán thuế; 2) Theo Điều 208 khoản 8, sau thời hạn 180 ngày kể từ ngày nhận được nghị quyết giải thể mà không có phản đối, Cơ quan đăng ký kinh doanh sẽ cập nhật tình trạng pháp lý; 3) Bạn nên liên hệ trực tiếp Chi cục Thuế Quận 1 để hỏi thông tin cán bộ tiếp nhận hồ sơ; 4) Nếu quá thời hạn quy định, có thể gửi văn bản đề nghị giải quyết hoặc khiếu nại theo quy định. Lưu ý: Trong thời gian chờ, doanh nghiệp bị cấm các hoạt động theo Điều 211 như cất giấu tài sản, ký hợp đồng mới (trừ phục vụ giải thể), huy động vốn.","Điều 208 Luật Doanh nghiệp 2020 - Trình tự thủ tục giải thể doanh nghiệp (khoản 8)
Điều 211 Luật Doanh nghiệp 2020 - Các hoạt động bị cấm kể từ khi có quyết định giải thể",59-2020-QH14:d208;59-2020-QH14:d211
22,"Loại 6: Giải thể & Phá sản - Thủ tục, thanh toán nợ, tạm ngưng","Dạ em xin mẫu làm Hồ sơ giải thể nộp Sở kế hoạch.
Ai có cho em xin với ạ","Theo Điều 210 Luật Doanh nghiệp 2020, hồ sơ giải thể doanh nghiệp nộp Sở KH&ĐT bao gồm: 1) Thông báo về giải thể doanh nghiệp (theo mẫu quy định); 2) Báo cáo thanh lý tài sản doanh nghiệp; danh sách chủ nợ và số nợ đã thanh toán, gồm cả thanh toán hết các khoản nợ về thuế và nợ tiền đóng BHXH, BHYT, BHTN cho người lao động (nếu có). Trước đó, theo Điều 208, doanh nghiệp cần: a) Có nghị quyết/quyết định giải thể gồm: tên, địa chỉ công ty; lý do giải thể; thời hạn thanh lý; phương án xử lý nghĩa vụ từ hợp đồng lao động; chữ ký người có thẩm quyền; b) Gửi nghị quyết giải thể đến Sở KH&ĐT, cơ quan thuế trong 07 ngày làm việc. Bạn có thể tải mẫu hồ sơ trên Cổng thông tin quốc gia về đăng ký doanh nghiệp (dangkykinhdoanh.gov.vn).","Điều 208 Luật Doanh nghiệp 2020 - Trình tự thủ tục giải thể doanh nghiệp (khoản 1 3 7)
Điều 210 Luật Doanh nghiệp 2020 - Hồ sơ giải thể doanh nghiệp",59-2020-QH14:d208;59-2020-QH14:d210
23,"Loại 6: Giải thể & Phá sản - Thủ tục, thanh toán nợ, tạm ngưng","Có anh chị nào từng nộp hồ sơ giải thể Chi nhánh cho Công ty Luật chưa ạ, thủ tục các bước nộp sẽ bao gồm những gì ạ. Em cảm ơn ạ
Có anh chị nào từng nộp hồ sơ giải thể Chi nhánh cho Công ty Luật chưa ạ, thủ tục các bước nộp sẽ bao gồm những gì ạ. Em cảm ơn ạ","Theo Điều 213 Luật Doanh nghiệp 2020 về Chấm dứt hoạt động chi nhánh, văn phòng đại diện, địa điểm kinh doanh: 1) Chi nhánh được chấm dứt hoạt động theo quyết định của chính doanh nghiệp (Công ty Luật mẹ); 2) Người đại diện theo pháp luật của doanh nghiệp và người đứng đầu chi nhánh liên đới chịu trách nhiệm về tính trung thực và chính xác của hồ sơ chấm dứt hoạt động; 3) Doanh nghiệp có chi nhánh đã chấm dứt hoạt động phải chịu trách nhiệm thực hiện các hợp đồng, thanh toán các khoản nợ (gồm cả nợ thuế) của chi nhánh và giải quyết quyền lợi cho người lao động đã làm việc tại chi nhánh. Thủ tục gồm: a) Công ty Luật ra quyết định chấm dứt hoạt động chi nhánh; b) Hoàn tất nghĩa vụ thuế của chi nhánh với cơ quan thuế quản lý; c) Nộp hồ sơ chấm dứt hoạt động chi nhánh tại Sở KH&ĐT nơi chi nhánh đặt trụ sở.","Điều 213 Luật Doanh nghiệp 2020 - Chấm dứt hoạt động chi nhánh văn phòng đại diện địa điểm kinh doanh
Điều 44 Luật Doanh nghiệp 2020 - Chi nhánh văn phòng đại diện và địa điểm kinh doanh",59-2020-QH14:d213;59-2020-QH14:d44
24,"Loại 7: Thay đổi ĐKKD - Địa chỉ, tên, ngành nghề",Anh chị cho e xin video hướng dẫn thay đổi địa chỉ cho địa điểm kinh doanh với ạ?,"Theo Điều 45 khoản 4 Luật Doanh nghiệp 2020, doanh nghiệp chịu trách nhiệm đăng ký thay đổi nội dung Giấy chứng nhận đăng ký hoạt động chi nhánh, văn phòng đại diện trong thời hạn 10 ngày kể từ ngày có thay đổi. Đối với thay đổi địa chỉ địa điểm kinh doanh: 1) Theo Điều 45 khoản 5, trong thời hạn 10 ngày kể từ ngày quyết định địa điểm kinh doanh (mới), doanh nghiệp thông báo địa điểm kinh doanh đến Cơ quan đăng ký kinh doanh. 2) Thực hiện trên Cổng thông tin quốc gia về đăng ký doanh nghiệp (dangkykinhdoanh.gov.vn): Đăng nhập > Đăng ký thay đổi > Thay đổi thông tin đăng ký hoạt động địa điểm kinh doanh > Điền thông tin địa chỉ mới > Ký số và nộp hồ sơ. Hồ sơ gồm: Thông báo thay đổi nội dung đăng ký hoạt động địa điểm kinh doanh (theo mẫu quy định). Lưu ý: Nếu thay đổi địa chỉ sang quận/huyện khác, có thể cần thay đổi cơ quan thuế quản lý.","Điều 44 Luật Doanh nghiệp 2020 - Chi nhánh văn phòng đại diện và địa điểm kinh doanh
Điều 45 Luật Doanh nghiệp 2020 - Đăng ký hoạt động chi nhánh văn phòng đại diện thông báo địa điểm kinh doanh (khoản 4 5)",59-2020-QH14:d44;59-2020-QH14:d45
25,"Loại 6: Giải thể & Phá sản - Thủ tục, thanh toán nợ, tạm ngưng","Xin tư vấn giúp: cty đã nộp tạm ngừng hoạt động, nay đơn vị thuế gửi thông báo đến làm việc để hoàn tất thủ tục đóng Mã số thuế thì mình cần chuẩn bị các hồ sơ, giấy tờ gì ạ(Cty hoạt động hơn 1 năm, có khai báo và đóng thuế dầy đủ)","Khi cơ quan thuế thông báo đến làm việc để hoàn tất thủ tục đóng Mã số thuế sau khi đã tạm ngừng kinh doanh, bạn cần chuẩn bị: 1) Theo Điều 206 khoản 3 LDN 2020, trong thời gian tạm ngừng, doanh nghiệp phải nộp đủ số thuế còn nợ; 2) Hồ sơ cần mang theo gồm: a) Giấy chứng nhận đăng ký doanh nghiệp (bản sao); b) Sổ sách kế toán, chứng từ, hóa đơn các năm hoạt động; c) Báo cáo tài chính các năm; d) Các tờ khai thuế đã nộp (GTGT, TNCN, TNDN); e) Chứng từ nộp thuế; f) Báo cáo tình hình sử dụng hóa đơn; g) Biên bản hủy hóa đơn (nếu còn hóa đơn chưa sử dụng). 3) Nếu công ty hoạt động hơn 1 năm và kê khai đầy đủ, cần chuẩn bị quyết toán thuế TNDN, TNCN và hoàn thành các nghĩa vụ còn lại. Sau khi hoàn tất với cơ quan thuế, bạn mới tiến hành giải thể tại Sở KH&ĐT.","Điều 206 Luật Doanh nghiệp 2020 - Tạm ngừng đình chỉ hoạt động chấm dứt kinh doanh (khoản 3)
Điều 208 Luật Doanh nghiệp 2020 - Trình tự thủ tục giải thể doanh nghiệp",59-2020-QH14:d206;59-2020-QH14:d208
26,"Loại 6: Giải thể & Phá sản - Thủ tục, thanh toán nợ, tạm ngưng",Mình thành lập công ty nhưng cách đây 2 năm mình có báo ngừng dịch vụ nhưng cũng không biết nên không làm thủ tục giải thể bây giờ mình muốn làm thủ tục giải thể trong nhóm mình có ai nhận làm được thì inbox cho mình nhé xin cảm ơn,"Theo Điều 207 khoản 1 điểm b Luật Doanh nghiệp 2020, doanh nghiệp có thể giải thể theo nghị quyết/quyết định của chủ doanh nghiệp. Trường hợp của bạn (báo ngừng dịch vụ 2 năm nhưng chưa giải thể), bạn cần thực hiện: 1) Theo Điều 207 khoản 2, doanh nghiệp chỉ được giải thể khi bảo đảm thanh toán hết các khoản nợ, nghĩa vụ tài sản và không trong quá trình giải quyết tranh chấp tại Tòa án/Trọng tài; 2) Thực hiện theo Điều 208: a) Ra nghị quyết/quyết định giải thể; b) Trong 07 ngày gửi đến Sở KH&ĐT, cơ quan thuế; c) Hoàn tất nghĩa vụ thuế (có thể phải nộp phạt chậm kê khai nếu trong 2 năm qua không kê khai); d) Thanh toán nợ theo thứ tự: lương NLĐ, nợ thuế, nợ khác; e) Trong 05 ngày sau khi thanh toán hết nợ, nộp hồ sơ giải thể. Lưu ý: Theo Điều 212, doanh nghiệp ngừng hoạt động 01 năm không thông báo có thể bị thu hồi Giấy ĐKDN.","Điều 207 Luật Doanh nghiệp 2020 - Các trường hợp và điều kiện giải thể doanh nghiệp
Điều 208 Luật Doanh nghiệp 2020 - Trình tự thủ tục giải thể doanh nghiệp
Điều 212 Luật Doanh nghiệp 2020 - Thu hồi Giấy chứng nhận đăng ký doanh nghiệp",59-2020-QH14:d207;59-2020-QH14:d208;59-2020-QH14:d212
27,"Loại 6: Giải thể & Phá sản - Thủ tục, thanh toán nợ, tạm ngưng","Dạ anh chị cho em hỏi , bên công ty em đã hoàn tất thủ tục giải thể công ty , hồ sơ giải thể cũng đã nộp. Công ty đã ngừng hoạt động và không phát sinh doanh thu . Và việc giải thể đều do bên công ty dịch vụ giải quyết .
1. Bây giờ muốn giải thể dứt điểm hoàn toàn thì phải đợi bao lâu nữa ?
2 . Hồ sơ giải thể treo thì có hệ lụy gì ?
Kính mong được các anh chị có kinh nghiệm giải đáp !","Theo Điều 208 Luật Doanh nghiệp 2020: 1) Về thời gian giải thể dứt điểm: Theo khoản 8, sau thời hạn 180 ngày kể từ ngày Cơ quan đăng ký kinh doanh nhận được nghị quyết/quyết định giải thể mà không có phản đối của bên liên quan, hoặc trong 05 ngày làm việc kể từ ngày nhận hồ sơ giải thể đầy đủ, Cơ quan ĐKKD sẽ cập nhật tình trạng pháp lý trên Cơ sở dữ liệu quốc gia. 2) Hệ lụy của hồ sơ giải thể treo: a) Theo Điều 211, doanh nghiệp bị cấm: cất giấu tài sản, ký hợp đồng mới, cầm cố/thế chấp tài sản, huy động vốn; b) Theo Điều 210 khoản 3, nếu hồ sơ giải thể không chính xác, người quản lý phải liên đới chịu trách nhiệm thanh toán quyền lợi NLĐ, thuế, nợ khác và chịu trách nhiệm cá nhân trước pháp luật trong 05 năm kể từ ngày nộp hồ sơ. Bạn nên liên hệ Sở KH&ĐT và cơ quan thuế để xác định nguyên nhân hồ sơ bị treo và khắc phục.","Điều 208 Luật Doanh nghiệp 2020 - Trình tự thủ tục giải thể doanh nghiệp (khoản 8)
Điều 210 Luật Doanh nghiệp 2020 - Hồ sơ giải thể doanh nghiệp (khoản 3)
Điều 211 Luật Doanh nghiệp 2020 - Các hoạt động bị cấm kể từ khi có quyết định giải thể",59-2020-QH14:d208;59-2020-QH14:d210;59-2020-QH14:d211
28,"Loại 6: Giải thể & Phá sản - Thủ tục, thanh toán nợ, tạm ngưng","m đứng tên chi nhánh công ty cũ cách đây hơn 10 năm, giờ cty chính đó ko còn hoạt động và ngừng KD luôn lâu rồi mà không giải thể ( kiểu bỏ ngang ấy), m cũng nghỉ việc lâu rồi - mà tên mình vẫn còn trên giấy phép chi nhánh, giờ phải làm sao để giải quyết ah? nhờ tư vấn :((","Theo Điều 44 Luật Doanh nghiệp 2020, chi nhánh là đơn vị phụ thuộc của doanh nghiệp. Trường hợp công ty chính bỏ ngang không giải thể mà bạn vẫn đứng tên trên giấy phép chi nhánh: 1) Nếu công ty chính bị thu hồi Giấy ĐKDN theo Điều 212 (ngừng hoạt động 01 năm không thông báo), chi nhánh cũng sẽ chấm dứt hoạt động; 2) Tuy nhiên, nếu chưa xử lý dứt điểm, theo Điều 213 khoản 2, người đứng đầu chi nhánh vẫn liên đới chịu trách nhiệm; 3) Để giải quyết, bạn nên: a) Kiểm tra tình trạng pháp lý của công ty chính trên Cổng thông tin quốc gia (dangkykinhdoanh.gov.vn); b) Nếu công ty chính vẫn còn tồn tại pháp lý, liên hệ chủ sở hữu/người đại diện công ty để làm thủ tục chấm dứt hoạt động chi nhánh hoặc thay đổi người đứng đầu chi nhánh; c) Nếu không liên hệ được, có thể làm đơn khiếu nại đến Sở KH&ĐT nơi chi nhánh đăng ký để được hướng dẫn xử lý.","Điều 44 Luật Doanh nghiệp 2020 - Chi nhánh văn phòng đại diện và địa điểm kinh doanh
Điều 212 Luật Doanh nghiệp 2020 - Thu hồi Giấy chứng nhận đăng ký doanh nghiệp
Điều 213 Luật Doanh nghiệp 2020 - Chấm dứt hoạt động chi nhánh văn phòng đại diện địa điểm kinh doanh (khoản 2)",59-2020-QH14:d212;59-2020-QH14:d213;59-2020-QH14:d44
29,"Loại 1: Thành lập doanh nghiệp - Thủ tục, điều kiện, hồ sơ thành lập","Mọi người cho em hỏi là Phòng đăng ký kinh doanh TP.HCM nay còn cấp ERC bản giấy không ạ? hay chỉ còn cấp bản điện tử có ký chữ ký số thôi vậy anh, chị.","Theo Điều 4 khoản 15 Luật Doanh nghiệp 2020, Giấy chứng nhận đăng ký doanh nghiệp (ERC) có thể được cấp dưới dạng bản giấy hoặc bản điện tử. Hiện nay, nhiều Phòng ĐKKD đã chuyển sang cấp bản điện tử có chữ ký số. Tuy nhiên, doanh nghiệp vẫn có quyền yêu cầu cấp bản giấy theo quy định. Bạn nên liên hệ trực tiếp Phòng ĐKKD TP.HCM để được hướng dẫn cụ thể về hình thức cấp hiện hành.",Điều 4 khoản 15 Luật Doanh nghiệp 2020,59-2020-QH14:d4
30,"Loại 3: Vốn điều lệ - Góp vốn, tăng/giảm vốn, vốn pháp định","Dạ mọi người cho em hỏi, công ty em là công ty cổ phần có 3 cổ đông sáng lập, sau này có 2 cổ đông sáng lập chuyển nhượng qua cho 2 người khác (hiện tại là 1 cổ đông sáng lập và 2 cổ đông mới). Vậy khi em làm tăng vốn điều lệ phải nộp danh sách cổ đông sau tăng vốn với danh sách chủ sở hữu hưởng lợi theo thông tin 3 cổ đông hiện tại đúng không ạ? Và em có phải nhập trên hệ thống phần danh sách cổ đông sáng lập do thay đổi vốn điều lệ không ạ. Em cảm ơn mọi người","Theo Luật Doanh nghiệp 2020: 1) Khi tăng vốn điều lệ, bạn cần nộp danh sách cổ đông theo thông tin 3 cổ đông HIỆN TẠI (1 cổ đông sáng lập cũ + 2 cổ đông mới), không phải danh sách cổ đông sáng lập ban đầu. Theo Điều 4 khoản 4, cổ đông sáng lập là cổ đông ký tên trong danh sách cổ đông sáng lập khi thành lập công ty - tư cách này không thay đổi theo thời gian. 2) Khi làm thủ tục tăng vốn, bạn KHÔNG cần cập nhật danh sách cổ đông sáng lập vì danh sách này chỉ thay đổi khi có sự thay đổi về thông tin của cổ đông sáng lập gốc, không phải khi tăng vốn. 3) Việc nộp danh sách chủ sở hữu hưởng lợi theo thông tin 3 cổ đông hiện tại là đúng.","Điều 4 khoản 4 Luật Doanh nghiệp 2020
Điều 25 Luật Doanh nghiệp 2020
Điều 113 Luật Doanh nghiệp 2020
Điều 123 Luật Doanh nghiệp 2020",59-2020-QH14:d113;59-2020-QH14:d123;59-2020-QH14:d25;59-2020-QH14:d4
31,"Loại 7: Thay đổi ĐKKD - Địa chỉ, tên, ngành nghề","Mình mới làm thay đổi kinh doanh 2 công ty tại TP. Hồ Chí Minh. 1 công ty kết quả trả về qua email có đính kèm giấy chứng nhận ĐKDN nhưng ko có dấu, 1 công ty thì chỉ có thông báo hồ sơ dc chấp thuận. Mình lên tải giấy trên cổng thông tin thì báo lỗi, trả phí rồi mà ko tải về được. Vậy cho mình hỏi còn cách nào khác để lấy được giấy chứng nhận ĐKDN ạ? Cám ơn mọi người rất nhiều","Theo Điều 4 khoản 15 Luật Doanh nghiệp 2020, Giấy chứng nhận đăng ký doanh nghiệp có thể là bản giấy hoặc bản điện tử. Bản điện tử có chữ ký số có giá trị pháp lý tương đương bản giấy. Để lấy được giấy chứng nhận ĐKDN, bạn có thể: 1) Thử tải lại trên Cổng thông tin quốc gia về đăng ký doanh nghiệp vào thời điểm khác (có thể do lỗi hệ thống tạm thời); 2) Liên hệ trực tiếp Phòng Đăng ký kinh doanh TP.HCM để yêu cầu cấp lại hoặc hỗ trợ tải về; 3) Nộp đơn yêu cầu cấp bản giấy tại Phòng ĐKKD nếu cần thiết.","Điều 4 khoản 15 Luật Doanh nghiệp 2020
Điều 26 Luật Doanh nghiệp 2020",59-2020-QH14:d26;59-2020-QH14:d4
32,"Loại 3: Vốn điều lệ - Góp vốn, tăng/giảm vốn, vốn pháp định","Mình cần giảm vốn công ty TNHH 2TV thành lập năm 2020, báo cáo tài chính là năm gần nhất phải không ạ?","Đúng vậy. Theo Điều 68 khoản 5 Luật Doanh nghiệp 2020, khi giảm vốn điều lệ theo quy định tại điểm a và điểm b khoản 3 (hoàn trả phần vốn góp cho thành viên hoặc mua lại phần vốn góp), công ty phải nộp kèm theo thông báo giảm vốn BÁO CÁO TÀI CHÍNH GẦN NHẤT. Lưu ý: Công ty chỉ được giảm vốn bằng cách hoàn trả phần vốn góp nếu đã hoạt động kinh doanh liên tục từ 02 năm trở lên kể từ ngày đăng ký thành lập và bảo đảm thanh toán đủ các khoản nợ và nghĩa vụ tài sản khác sau khi hoàn trả cho thành viên.",Điều 68 Luật Doanh nghiệp 2020,59-2020-QH14:d68
33,"Loại 2: Loại hình doanh nghiệp - TNHH, Cổ phần, Hợp danh, DNTN","Cty mình chuyển đổi từ công ty tnhh 1tv sang 2tv tiếp nhận thành viên mới và tăng vốn thì thành phần hồ sơ đầy đủ gồm những gì ạ. Mong mọi người hướng dẫn giúp mình, xin cảm ơn.","Theo Điều 87 khoản 2 Luật Doanh nghiệp 2020, khi công ty TNHH 1TV tăng vốn bằng việc huy động thêm vốn góp của người khác, công ty phải tổ chức quản lý theo loại hình công ty TNHH 2TV trở lên. Thành phần hồ sơ gồm: 1) Thông báo thay đổi nội dung đăng ký doanh nghiệp (Mẫu số 08); 2) Quyết định của chủ sở hữu về việc tiếp nhận thành viên mới và tăng vốn điều lệ; 3) Điều lệ công ty sửa đổi, bổ sung; 4) Danh sách thành viên công ty (Mẫu số 6); 5) Hợp đồng chuyển nhượng hoặc các giấy tờ chứng minh việc góp vốn của thành viên mới; 6) Bản sao giấy tờ pháp lý của thành viên mới; 7) Văn bản ủy quyền (nếu không phải người đại diện theo pháp luật nộp hồ sơ). Công ty phải thông báo thay đổi trong thời hạn 10 ngày kể từ ngày hoàn thành việc thay đổi vốn điều lệ.","Điều 87 Luật Doanh nghiệp 2020
Điều 47 Luật Doanh nghiệp 2020
Điều 21 Luật Doanh nghiệp 2020",59-2020-QH14:d21;59-2020-QH14:d47;59-2020-QH14:d87
34,"Loại 3: Vốn điều lệ - Góp vốn, tăng/giảm vốn, vốn pháp định","A/c ơi cho em hỏi với ạ. Em đang làm thủ tục tăng vốn cho Công ty TNHH 1TV và đang mắc ở phần hồ sơ. Về giấy tờ chứng minh việc góp vốn thì em có thể dùng ""Giấy chứng nhận góp vốn"" được không hay phải là biên lai gửi tiền vào TK công ty ạ","Theo Điều 34 và Điều 35 Luật Doanh nghiệp 2020, tài sản góp vốn có thể là tiền Đồng Việt Nam, ngoại tệ, vàng, quyền sử dụng đất, quyền sở hữu trí tuệ, và các tài sản khác có thể định giá được. Về chứng minh việc góp vốn: 1) Đối với tài sản không đăng ký quyền sở hữu (như tiền mặt), việc góp vốn phải được thực hiện bằng việc giao nhận có xác nhận bằng BIÊN BẢN GIAO NHẬN TÀI SẢN GÓP VỐN (Điều 35 khoản 1 điểm b). 2) Giấy chứng nhận góp vốn là văn bản công ty cấp cho thành viên sau khi góp vốn, KHÔNG phải là chứng từ chứng minh việc góp vốn. 3) Nếu góp bằng chuyển khoản, biên lai/sao kê ngân hàng là chứng từ phù hợp. Tóm lại: Bạn nên dùng Biên bản giao nhận tài sản góp vốn hoặc chứng từ chuyển khoản ngân hàng, không phải Giấy chứng nhận góp vốn.","Điều 34 Luật Doanh nghiệp 2020
Điều 35 Luật Doanh nghiệp 2020
Điều 87 Luật Doanh nghiệp 2020",59-2020-QH14:d34;59-2020-QH14:d35;59-2020-QH14:d87
35,"Loại 4: Người đại diện pháp luật - Điều kiện, thay đổi, trách nhiệm","Anh/chị ơi em muốn thay đổi CHS + NĐDPL cty tnhh 1tv và tăng vốn, hồ sơ làm 1 lần được k ạ, anh/chị tư vấn giúp, chi phí bn ạ","Có thể làm trong 1 hồ sơ. Theo Luật Doanh nghiệp 2020, bạn có thể nộp 1 hồ sơ thay đổi đồng thời nhiều nội dung gồm: thay đổi chủ sở hữu, thay đổi người đại diện theo pháp luật và tăng vốn điều lệ. Hồ sơ bao gồm: 1) Thông báo thay đổi nội dung đăng ký doanh nghiệp (ghi đầy đủ các nội dung thay đổi); 2) Quyết định của chủ sở hữu (cũ) về việc chuyển nhượng/tặng cho vốn góp, thay đổi NĐDPL, tăng vốn; 3) Hợp đồng chuyển nhượng/tặng cho phần vốn góp; 4) Bản sao giấy tờ pháp lý của chủ sở hữu mới và NĐDPL mới; 5) Điều lệ công ty sửa đổi. Lưu ý: Nếu thay đổi chủ sở hữu bằng huy động vốn từ người khác thì phải chuyển đổi sang TNHH 2TV (Điều 87).","Điều 12 Luật Doanh nghiệp 2020
Điều 87 Luật Doanh nghiệp 2020
Điều 77 Luật Doanh nghiệp 2020",59-2020-QH14:d12;59-2020-QH14:d77;59-2020-QH14:d87
36,"Loại 5: Hộ kinh doanh - Đăng ký, thay đổi, chuyển đổi HKD","Anh, chị cho em hỏi trường hợp chuyển đổi từ HKD thành Công ty TNHH MTV mà ở 2 quận khác nhau
thì cần những hs gì vậy ạ
Em cảm ơn ạ
Anh, chị cho em hỏi trường hợp chuyển đổi từ HKD thành Công ty TNHH MTV mà ở 2 quận khác nhau
thì cần những hs gì vậy ạ
Em cảm ơn ạ","Theo Luật Doanh nghiệp 2020, việc 'chuyển đổi' từ HKD sang công ty TNHH MTV thực chất là THÀNH LẬP MỚI công ty (vì HKD không phải doanh nghiệp theo Luật DN). Việc trụ sở ở 2 quận khác nhau không ảnh hưởng. Hồ sơ thành lập TNHH 1TV gồm (Điều 21): 1) Giấy đề nghị đăng ký doanh nghiệp; 2) Điều lệ công ty; 3) Bản sao giấy tờ pháp lý của chủ sở hữu (CCCD/CMND), người đại diện theo pháp luật. Nộp hồ sơ tại Phòng ĐKKD - Sở KH&ĐT tỉnh/thành phố nơi đặt trụ sở công ty mới. Sau khi có GCNĐKDN của công ty mới, bạn có thể làm thủ tục chấm dứt HKD tại quận cũ.","Điều 21 Luật Doanh nghiệp 2020
Điều 74 Luật Doanh nghiệp 2020
Điều 26 Luật Doanh nghiệp 2020",59-2020-QH14:d21;59-2020-QH14:d26;59-2020-QH14:d74
39,"Loại 1: Thành lập doanh nghiệp - Thủ tục, điều kiện, hồ sơ thành lập","Cho em hỏi là giờ làm hs thành lập mới không cần nộp cccd của ng đại diện PL và ng đc uỷ quyền làm hs nữa phải không ạ?
Cho em hỏi là giờ làm hs thành lập mới không cần nộp cccd của ng đại diện PL và ng đc uỷ quyền làm hs nữa phải không ạ?","Theo Luật Doanh nghiệp 2020, khi thành lập công ty vẫn cần nộp giấy tờ pháp lý của cá nhân (bao gồm CCCD, CMND hoặc hộ chiếu) đối với người đại diện theo pháp luật và người được ủy quyền. Điều 4 khoản 16 quy định 'Giấy tờ pháp lý của cá nhân là một trong các loại giấy tờ sau đây: thẻ Căn cước công dân, Giấy chứng minh nhân dân, Hộ chiếu, giấy tờ chứng thực cá nhân hợp pháp khác'. Điều 21 (đối với công ty TNHH) và Điều 22 (đối với công ty CP) quy định hồ sơ đăng ký phải có bản sao giấy tờ pháp lý của cá nhân đối với người đại diện theo pháp luật.","Điều 4 khoản 16 Luật Doanh nghiệp 2020
Điều 21 Luật Doanh nghiệp 2020
Điều 22 Luật Doanh nghiệp 2020",59-2020-QH14:d21;59-2020-QH14:d22;59-2020-QH14:d4
43,"Loại 7: Thay đổi ĐKKD - Địa chỉ, tên, ngành nghề","cho e hỏi. công ty e mở bán thêm săm lốp, ắc quy, dầu nhớt thì mình đăng ký thêm mã ngành nào ạ?
cho e hỏi. công ty e mở bán thêm săm lốp, ắc quy, dầu nhớt thì mình đăng ký thêm mã ngành nào ạ?","Theo Điều 7 Luật Doanh nghiệp 2020, doanh nghiệp có quyền kinh doanh ngành, nghề mà luật không cấm. Điều 31 quy định doanh nghiệp phải thông báo thay đổi ngành nghề kinh doanh trong thời hạn 10 ngày kể từ ngày có thay đổi. Để bán săm lốp, ắc quy, dầu nhớt, công ty cần đăng ký bổ sung các mã ngành như: 4530 (Bán phụ tùng và các bộ phận phụ trợ của ô tô, xe máy), 4732 (Bán lẻ phụ tùng, bộ phận phụ trợ của ô tô), hoặc các mã ngành phù hợp theo hệ thống ngành kinh tế Việt Nam.","Điều 7 Luật Doanh nghiệp 2020
Điều 31 Luật Doanh nghiệp 2020",59-2020-QH14:d31;59-2020-QH14:d7
44,"Loại 6: Giải thể & Phá sản - Thủ tục, thanh toán nợ, tạm ngưng",Em làm tạm ngưng được Sở chấp nhận rồi mà tra trên web thuế thì vẫn đang hoạt động thì có cần làm thêm gì ko ạ,"Theo Điều 206 Luật Doanh nghiệp 2020, doanh nghiệp phải thông báo tạm ngừng kinh doanh cho Cơ quan đăng ký kinh doanh chậm nhất 03 ngày làm việc trước ngày tạm ngừng. Việc thông tin trên web thuế chưa cập nhật có thể do độ trễ đồng bộ dữ liệu giữa Sở KHĐT và Cơ quan thuế. Thông thường, sau khi Sở KHĐT cập nhật, thông tin sẽ được đồng bộ sang hệ thống thuế. Doanh nghiệp có thể liên hệ Chi cục Thuế quản lý để kiểm tra và xác nhận tình trạng tạm ngừng.",Điều 206 Luật Doanh nghiệp 2020,59-2020-QH14:d206
45,"Loại 3: Vốn điều lệ - Góp vốn, tăng/giảm vốn, vốn pháp định","Anh/chị cho em hỏi xíu ạ.
Em đang làm hồ sơ giảm vốn điều lệ cty TNHH 2TV (hoàn trả 100% phần vốn cho thành viên theo tỷ lệ góp vốn), và thay thế thành viên khác.
Vậy em nộp chung 1 lần được không ạ, hay e phải làm giảm vốn trước xong rồi mới làm thay đổi thành viên góp vốn ạ.
Những mẫu hồ sơ e nộp gồm những hồ sơ này, anh/chị xem dùm e còn thiếu mẫu nào nữa không ạ.
1. Mẫu số 12- Thông báo thay đổi nội dung đkdn (Chỗ ""Thời điểm thay đổi vốn"" là điền ngày nào ạ?)
2. Biên bản họp HĐTV
3. Quyết định của HĐTV
4. Mẫu số 6- Danh sách thành viên
5. Mẫu số 10 - Danh sách chủ sở hữu hưởng lợi
6. Cam kết thanh toán nợ và nghĩa vụ tài sản.
7. Báo cáo tài chính
8. Giấy ủy quyền.","Theo Điều 68 Luật Doanh nghiệp 2020, công ty TNHH 2TV trở lên có thể giảm vốn điều lệ bằng cách hoàn trả một phần vốn góp cho thành viên theo tỷ lệ phần vốn góp nếu đã hoạt động liên tục từ 02 năm trở lên và bảo đảm thanh toán đủ các khoản nợ sau khi hoàn trả. Về thủ tục: Có thể nộp hồ sơ giảm vốn và thay đổi thành viên cùng một lần nếu cả hai thay đổi xảy ra đồng thời. 'Thời điểm thay đổi vốn' điền ngày HĐTV thông qua quyết định giảm vốn hoặc ngày hoàn trả vốn thực tế. Hồ sơ đã liệt kê cơ bản đầy đủ, cần bổ sung thêm bản sao CCCD của thành viên mới (nếu có).","Điều 68 Luật Doanh nghiệp 2020
Điều 52 Luật Doanh nghiệp 2020
Điều 31 Luật Doanh nghiệp 2020",59-2020-QH14:d31;59-2020-QH14:d52;59-2020-QH14:d68
46,"Loại 4: Người đại diện pháp luật - Điều kiện, thay đổi, trách nhiệm","Chào anh, chị!
E làm thay đổi người đại diện pháp luật cho CTY CP, thì doanh nghiệp có bắt buộc phải cập nhật liền các mã ngành bị tô xanh đỏ của mình không ạ? Và có phải khai mục chủ sở hữu hưởng lợi ko a","Theo Điều 12 và Điều 30 Luật Doanh nghiệp 2020, khi thay đổi người đại diện theo pháp luật, công ty cổ phần phải đăng ký thay đổi trong thời hạn 10 ngày kể từ ngày có thay đổi. Về mã ngành bị tô xanh đỏ: Luật Doanh nghiệp không bắt buộc phải cập nhật mã ngành khi chỉ thay đổi người đại diện pháp luật. Tuy nhiên, nếu hệ thống đăng ký yêu cầu cập nhật mã ngành theo Quyết định 27/2018/QĐ-TTg thì nên cập nhật để tránh bị từ chối hồ sơ. Về 'chủ sở hữu hưởng lợi': đây không phải quy định của Luật Doanh nghiệp mà thuộc Nghị định 116/2020/NĐ-CP.","Điều 12 Luật Doanh nghiệp 2020
Điều 30 Luật Doanh nghiệp 2020",59-2020-QH14:d12;59-2020-QH14:d30
49,"Loại 7: Thay đổi ĐKKD - Địa chỉ, tên, ngành nghề","Anh/chị cho em hỏi, ban đầu em nộp hồ sơ thông báo thay đổi ngành nghề, sau đó chuyên viên trả lại với lý do công ty chưa cập nhật địa chỉ của ng đại diện theo pháp luật mà phần thông báo thay đổi lại không có mục này thì có cách nào bổ sung thông tin này không hay em phải làm hồ sơ mới ạ?","Theo Điều 30, 31 Luật Doanh nghiệp 2020, khi thông báo thay đổi ngành nghề kinh doanh, nếu cơ quan đăng ký yêu cầu cập nhật thông tin địa chỉ người đại diện theo pháp luật, doanh nghiệp có thể: 1) Nộp kèm thông báo thay đổi thông tin người đại diện theo pháp luật (Mẫu phụ lục II-1) cùng với hồ sơ thay đổi ngành nghề; hoặc 2) Nộp hồ sơ đăng ký thay đổi người đại diện theo pháp luật (cập nhật địa chỉ) trước, sau đó nộp hồ sơ thay đổi ngành nghề. Doanh nghiệp không cần làm lại toàn bộ hồ sơ mà chỉ cần bổ sung phần thông báo thay đổi địa chỉ NĐDPL.","Điều 30 Luật Doanh nghiệp 2020
Điều 31 Luật Doanh nghiệp 2020",59-2020-QH14:d30;59-2020-QH14:d31
51,"Loại 10: Doanh nghiệp FDI - Vốn nước ngoài, tỷ lệ sở hữu","Dạ cả nhà cho em hỏi xíu về quy trình thay đổi giấy đầu tư và giấy doanh nghiệp ở HCM với ạ.
Khách em 100% vốn nước ngoài, có giấy đầu tư và giấy doanh nghiệp ạ. Khách đang tính tăng vốn thì mình nên làm quy trình nào sẽ ok và đúng hơn ạ
Phương án 1: Tăng vốn đầu tư trên giấy đầu tư, sau đó chuyển tiền đầu tư, cuối cùng là tăng vốn điều lệ trên giấy doanh nghiệp.
Phương án 2: Xin chuyển tiền đầu tư, tiến hành tăng vốn điều lệ giấy doanh nghiệp và cuối cùng mới đổi giấy đầu tư.
Phương án 2 này thì em từng bị ngân hàng bên khách từ chối vì họ cần có giấy phép mới cho chuyển tiền vào ạ, mà em hỏi quan điểm chuyên viên thì họ theo quan điểm phải có ""sự thay đổi về vốn"" rồi mới nộp hồ sơ thay đổi vốn điều lệ, tức là tiền vào rồi thì mới nộp hồ sơ thay đổi vốn điều lệ.
Nên em đang tính sẽ làm phương án 1 mà không biết có đúng hay bị ngược gì không ạ. Anh chị nào có kinh nghiệm chỉ em với, em cảm ơn nhiều ạ","Theo Điều 87 Luật Doanh nghiệp 2020, công ty có thể tăng vốn điều lệ bằng cách chủ sở hữu công ty đầu tư thêm hoặc huy động thêm vốn góp. Đối với doanh nghiệp FDI, quy trình thường là: (1) điều chỉnh tăng vốn đầu tư trên Giấy chứng nhận đăng ký đầu tư trước; (2) sau đó chuyển tiền vốn theo giấy phép mới; (3) cuối cùng đăng ký thay đổi vốn điều lệ trên Giấy chứng nhận đăng ký doanh nghiệp theo Điều 30, 31. Thời hạn góp đủ vốn điều lệ đã tăng là 90 ngày kể từ ngày được cấp Giấy chứng nhận đăng ký doanh nghiệp (sửa đổi).","Điều 30 Luật Doanh nghiệp 2020
Điều 31 Luật Doanh nghiệp 2020
Điều 87 Luật Doanh nghiệp 2020",59-2020-QH14:d30;59-2020-QH14:d31;59-2020-QH14:d87
54,"Loại 7: Thay đổi ĐKKD - Địa chỉ, tên, ngành nghề","A/c cho e hỏi, muốn xóa thông tin kế toán trưởng trên hệ thống đăng ký kinh doanh, mà hệ thống bắt buộc ghi thông tin kế toán trưởng mới cho nộp hồ sơ thì phải làm sao khi công ty không có kế toán trưởng","Theo Điều 30 Luật Doanh nghiệp 2020, doanh nghiệp phải thông báo đến cơ quan đăng ký kinh doanh khi có thay đổi nội dung đăng ký doanh nghiệp. Thông tin kế toán trưởng/người phụ trách kế toán là thông tin thông báo (không phải nội dung đăng ký bắt buộc). Công ty có thể thuê dịch vụ kế toán hoặc bố trí người phụ trách kế toán thay vì kế toán trưởng. Khi muốn xóa thông tin này, cần nộp thông báo thay đổi nội dung đăng ký doanh nghiệp ghi rõ việc không còn kế toán trưởng.",Điều 30 Luật Doanh nghiệp 2020,59-2020-QH14:d30
55,"Loại 1: Thành lập doanh nghiệp - Thủ tục, điều kiện, hồ sơ thành lập","Dạ anh chị cho em hỏi về vấn đề từ ngày 1/1/2026 phải ký số HS đăng ký DN bằng CKS cá nhân phải không ạ?
Dạ anh chị cho em hỏi về vấn đề từ ngày 1/1/2026 phải ký số HS đăng ký DN bằng CKS cá nhân phải không ạ?","Theo Điều 27 Luật Doanh nghiệp 2020, hồ sơ đăng ký doanh nghiệp được nộp qua mạng điện tử phải có chữ ký số hoặc chữ ký điện tử của người có thẩm quyền ký. Việc sử dụng chữ ký số cá nhân thay vì chữ ký số tổ chức phụ thuộc vào quy định cụ thể của Nghị định hướng dẫn. Theo Nghị định 168/2024/NĐ-CP, từ ngày 1/1/2026, người ký hồ sơ đăng ký doanh nghiệp phải sử dụng chữ ký số cá nhân của mình để ký thay cho việc sử dụng tài khoản đăng ký kinh doanh.",Điều 27 Luật Doanh nghiệp 2020,59-2020-QH14:d27
56,"Loại 6: Giải thể & Phá sản - Thủ tục, thanh toán nợ, tạm ngưng",Anh chị có kinh nghiệm cho em hỏi: Hồ sơ tạm ngưng của em đã được chấp thuận từ 25/12 đến nay vô xem vẫn chưa đc trả kqua giấy xác nhận luôn (ko có bản demo gì luôn). Trong khi các cty em nộp sau đã có kết quả pdf mộc đỏ hết rồi. Trường hợp này mình phải tự liên hệ với Sở để lấy bản giấy hay họ tự gửi về ạ. E làm ở HCM,"Theo Điều 206 Luật Doanh nghiệp 2020, trong thời hạn 3 ngày làm việc kể từ ngày nhận được hồ sơ hợp lệ, Cơ quan đăng ký kinh doanh cấp Giấy xác nhận về việc doanh nghiệp đăng ký tạm ngừng kinh doanh. Nếu hồ sơ đã được chấp thuận nhưng chưa nhận được kết quả, doanh nghiệp có thể liên hệ trực tiếp với Sở Kế hoạch và Đầu tư hoặc tra cứu trên Cổng thông tin quốc gia về đăng ký doanh nghiệp để tải giấy xác nhận điện tử.",Điều 206 Luật Doanh nghiệp 2020,59-2020-QH14:d206
59,"Loại 7: Thay đổi ĐKKD - Địa chỉ, tên, ngành nghề","Mọi người ơi cho mình hỏi, cty mình muốn đổi địa chỉ mới nhưng địa chỉ đó không có số nhà, mình có xin giấy xác nhận của ủy ban thì họ có trả giấy xác nhận là đất trồng cây lâu năm thì cty mình làm hồ sơ thay đổi địa chỉ trụ sở chính trên thửa đất đó được không nhỉ","Theo Điều 31 Luật Doanh nghiệp 2020, trụ sở chính của doanh nghiệp phải đặt trên lãnh thổ Việt Nam, là địa chỉ liên lạc của doanh nghiệp và được xác định theo địa giới hành chính. Việc đặt trụ sở trên đất trồng cây lâu năm có thể gặp vấn đề về mục đích sử dụng đất theo quy định pháp luật đất đai. Doanh nghiệp cần xem xét quy hoạch sử dụng đất và có thể cần xin chuyển đổi mục đích sử dụng đất hoặc tìm địa chỉ khác phù hợp.",Điều 31 Luật Doanh nghiệp 2020,59-2020-QH14:d31
60,"Loại 2: Loại hình doanh nghiệp - TNHH, Cổ phần, Hợp danh, DNTN","Cho em hỏi chuyển đổi từ công ty CP sang cty TNHH 2 Tv thủ tục v đủ chưa anh chị, hic em cảm ơn ạ
· 01. MẪU 03
· 02. QUYẾT ĐỊNH ĐẠI HỘI ĐỒNG CỔ ĐÔNG
· 03. BB HỌP ĐẠI HỘI ĐỒNG CỔ ĐÔNG
· 04. HĐ CHUYỂN NHƯỢNG CỔ PHẦN
· 05. GIẤY ỦY QUYỀN
· 06. MẪU SỐ 06
· 07. MẪU SỐ 10","Theo Điều 203 Luật Doanh nghiệp 2020, công ty cổ phần có thể chuyển đổi thành công ty TNHH hai thành viên trở lên. Hồ sơ chuyển đổi bao gồm: Giấy đề nghị đăng ký doanh nghiệp, Quyết định của Đại hội đồng cổ đông về việc chuyển đổi, Biên bản họp Đại hội đồng cổ đông, Điều lệ công ty chuyển đổi, Danh sách thành viên. Hợp đồng chuyển nhượng cổ phần cần thiết nếu có chuyển nhượng, và các giấy tờ chứng thực cá nhân của thành viên mới (nếu có).",Điều 203 Luật Doanh nghiệp 2020,59-2020-QH14:d203
62,"Loại 7: Thay đổi ĐKKD - Địa chỉ, tên, ngành nghề","Các anh chị cho em hỏi với ạ.
Em làm hồ sơ đổi địa chỉ cho DN theo địa chỉ sau sát nhập thì có phải tích vào phần Cập nhật địa chỉ nhân thông báo thuế luôn ko ạ? Và có phải nộp bổ sung danh sách CSH hưởng lợi ko ạ?
Em cảm ơn ạ.","Theo Điều 31 Luật Doanh nghiệp 2020, khi thay đổi địa chỉ trụ sở chính do sáp nhập địa giới hành chính, doanh nghiệp phải đăng ký thay đổi nội dung đăng ký doanh nghiệp. Về việc cập nhật địa chỉ nhận thông báo thuế, nên tích chọn để đảm bảo thông tin thống nhất. Về danh sách chủ sở hữu hưởng lợi, đây là quy định của Nghị định 116/2020/NĐ-CP về phòng chống rửa tiền, không nằm trong Luật Doanh nghiệp 2020.",Điều 31 Luật Doanh nghiệp 2020,59-2020-QH14:d31
64,"Loại 7: Thay đổi ĐKKD - Địa chỉ, tên, ngành nghề","Dạ anh, chị cho cho em hỏi 1 vấn đề là em làm chấm dứt chi nhánh của công ty mà đăng ký kinh doanh của chi nhánh chưa cập nhật CMND của người đứng đầu lên CCCD thì có phải cập nhật lên trước không ạ. Em cảm ơn ạ","Theo Điều 45 Luật Doanh nghiệp 2020 về chấm dứt hoạt động chi nhánh, việc chấm dứt không yêu cầu bắt buộc phải cập nhật thông tin CCCD của người đứng đầu trước. Tuy nhiên, thực tế một số Sở có thể yêu cầu hồ sơ có thông tin cập nhật. Theo Điều 30, 31, doanh nghiệp có trách nhiệm cập nhật thông tin khi có thay đổi. Nên kiểm tra yêu cầu cụ thể của Sở KHĐT tại địa phương.","Điều 30 Luật Doanh nghiệp 2020
Điều 31 Luật Doanh nghiệp 2020
Điều 45 Luật Doanh nghiệp 2020",59-2020-QH14:d30;59-2020-QH14:d31;59-2020-QH14:d45
65,"Loại 6: Giải thể & Phá sản - Thủ tục, thanh toán nợ, tạm ngưng",Hồ sơ tạm ngừng của em trạng thái đang treo thì phải xử lý như nào để hết treo vậy ạ,"Theo Điều 206 Luật Doanh nghiệp 2020, hồ sơ tạm ngừng kinh doanh được xử lý trong vòng 3 ngày làm việc. Nếu hồ sơ bị 'treo' (chưa được xử lý), có thể do: hồ sơ chưa đầy đủ/hợp lệ, chờ bổ sung thông tin, hoặc do lỗi hệ thống. Doanh nghiệp nên: (1) Kiểm tra trạng thái chi tiết trên hệ thống, (2) Liên hệ hotline hoặc chuyên viên xử lý hồ sơ tại Sở KHĐT, (3) Nộp lại hồ sơ mới nếu cần thiết.",Điều 206 Luật Doanh nghiệp 2020,59-2020-QH14:d206
66,"Loại 6: Giải thể & Phá sản - Thủ tục, thanh toán nợ, tạm ngưng","Hi các anh chị,
Em đã đăng ký tạm ngừng hoạt động được rồi
Nhưng em chưa thể nhận kết quả bản điện tử qua email được
Các anh chị đã nhận bản điện tử rồi cho em xin hướng dẫn với ạ
Em cảm ơn nhà mình nhiều","Theo Điều 206 Luật Doanh nghiệp 2020, sau khi được chấp thuận tạm ngừng kinh doanh, Cơ quan đăng ký kinh doanh cấp Giấy xác nhận. Kết quả điện tử thường được gửi qua email đăng ký hoặc có thể tải trực tiếp từ Cổng thông tin quốc gia về đăng ký doanh nghiệp (dangkykinhdoanh.gov.vn) bằng cách đăng nhập tài khoản và vào mục 'Tra cứu kết quả' hoặc 'Hồ sơ của tôi'.",Điều 206 Luật Doanh nghiệp 2020,59-2020-QH14:d206
68,"Loại 7: Thay đổi ĐKKD - Địa chỉ, tên, ngành nghề","Chào mọi người ạ, em đang làm đăng ký thay đổi ngành nghề kinh doanh, hiện bên em cần đăng ký mục sàn giao dịch bất động sản thì em sẽ note chi tiết ""sàn giao dịch bất động sản"" vào mã ngành 6829 - Hoạt động bất động sản khác trên cơ sở phí và hợp đồng có được không ạ? Hay sẽ note phần chi tiết ""sàn giao dịch bất động s","Theo Điều 7, 29 Luật Doanh nghiệp 2020, doanh nghiệp có quyền tự do kinh doanh ngành, nghề mà pháp luật không cấm và phải đăng ký ngành, nghề kinh doanh. Ngành nghề kinh doanh được ghi theo Hệ thống ngành kinh tế Việt Nam và có thể ghi chi tiết ngành nghề trong phạm vi mã ngành cấp 4. Đối với sàn giao dịch bất động sản, có thể note vào mã ngành 6820 hoặc 6829 tùy theo hoạt động cụ thể. Nên tham khảo Quyết định 27/2018/QĐ-TTg về hệ thống ngành kinh tế Việt Nam.","Điều 7 Luật Doanh nghiệp 2020
Điều 29 Luật Doanh nghiệp 2020",59-2020-QH14:d29;59-2020-QH14:d7
69,"Loại 1: Thành lập doanh nghiệp - Thủ tục, điều kiện, hồ sơ thành lập","Mn ơi, mình muốn thành lập công ty, ngành nghề kinh doanh muốn cho cả mã ngành kho bãi (kho ở mảnh đất khác k có sổ hay giấy tờ) liệu có đăng ký đc k ạ, như thế thì thuế hay thị trường đi kiểm tra có sao không","Theo Điều 22, 29 Luật Doanh nghiệp 2020, doanh nghiệp có thể đăng ký bất kỳ ngành nghề nào pháp luật không cấm. Việc đăng ký ngành nghề kho bãi là được phép. Tuy nhiên, khi thực tế hoạt động kho bãi, doanh nghiệp cần có địa điểm kinh doanh hợp pháp (Điều 44, 45). Kho ở mảnh đất không có giấy tờ có thể gặp vấn đề khi cơ quan thuế hoặc quản lý thị trường kiểm tra tính hợp pháp của địa điểm kinh doanh thực tế.","Điều 22 Luật Doanh nghiệp 2020
Điều 29 Luật Doanh nghiệp 2020
Điều 44 Luật Doanh nghiệp 2020
Điều 45 Luật Doanh nghiệp 2020",59-2020-QH14:d22;59-2020-QH14:d29;59-2020-QH14:d44;59-2020-QH14:d45
71,"Loại 6: Giải thể & Phá sản - Thủ tục, thanh toán nợ, tạm ngưng","Công ty đang tạm ngưng hoạt động em muốn hđ trở lại và thay đổi đại diện thì có làm chung 1 lần được không ạ
Công ty đang tạm ngưng hoạt động em muốn hđ trở lại và thay đổi đại diện thì có làm chung 1 lần được không ạ","Theo Điều 206 và Điều 30, 31 Luật Doanh nghiệp 2020, doanh nghiệp có thể kết hợp thủ tục hoạt động trở lại sau tạm ngừng với thay đổi người đại diện theo pháp luật trong cùng một hồ sơ. Hồ sơ cần bao gồm: (1) Thông báo tiếp tục kinh doanh trước thời hạn đã đăng ký, (2) Thông báo thay đổi người đại diện theo pháp luật, (3) Các giấy tờ kèm theo như quyết định, biên bản họp và giấy tờ chứng thực cá nhân của người đại diện mới.","Điều 30 Luật Doanh nghiệp 2020
Điều 31 Luật Doanh nghiệp 2020
Điều 206 Luật Doanh nghiệp 2020",59-2020-QH14:d206;59-2020-QH14:d30;59-2020-QH14:d31
74,"Loại 2: Loại hình doanh nghiệp - TNHH, Cổ phần, Hợp danh, DNTN","Dạ anh chị cho em hỏi, em đang chuyển đổi loại hình từ công ty TNHH 2 TV thành công ty TNHH 1 TV + thay đổi địa chỉ doanh nghiệp thì mình chỉ cần điền Mẫu 2 thôi đúng không ạ?
Mình có cần thêm các hồ sơ gì khác không ạ?","Theo Điều 199 và Điều 206 Luật Doanh nghiệp 2020, khi chuyển đổi từ công ty TNHH 2 thành viên sang công ty TNHH 1 thành viên đồng thời thay đổi địa chỉ, cần nộp hồ sơ chuyển đổi loại hình doanh nghiệp gồm: (1) Giấy đề nghị đăng ký doanh nghiệp (Mẫu theo quy định); (2) Điều lệ công ty TNHH 1 thành viên; (3) Hợp đồng chuyển nhượng phần vốn góp hoặc các giấy tờ chứng minh việc hoàn tất chuyển nhượng; (4) Bản sao giấy tờ pháp lý cá nhân của chủ sở hữu mới. Thay đổi địa chỉ có thể ghi chung trong hồ sơ chuyển đổi.","Điều 52 khoản 3 Luật Doanh nghiệp 2020
Điều 31 Luật Doanh nghiệp 2020",59-2020-QH14:d31;59-2020-QH14:d52
75,"Loại 7: Thay đổi ĐKKD - Địa chỉ, tên, ngành nghề",Anh chị cho e hỏi ạ. Em nộp hồ sơ thay đổi địa chỉ công ty. Nay nhận được thông báo từ chối hô sơ ( yêu cầu nộp lại hồ sơ chứ không được bổ sung). Nếu nộp lại có bị chậm nộp không ạ ( quá 10 ngày kể từ Quyết định thay đổi địa chỉ) . Ngày trên Quyết định là 9/12 ạ.,"Theo Điều 31 Luật Doanh nghiệp 2020, doanh nghiệp phải thông báo thay đổi nội dung đăng ký doanh nghiệp trong thời hạn 10 ngày kể từ ngày có thay đổi. Tuy nhiên, thời hạn này được tính từ ngày có quyết định thay đổi đến ngày nộp hồ sơ hợp lệ. Nếu hồ sơ bị từ chối và phải nộp lại, ngày nộp hồ sơ lần đầu vẫn được tính là ngày doanh nghiệp thực hiện thông báo, miễn là hồ sơ ban đầu được nộp trong thời hạn. Vì vậy, việc nộp lại hồ sơ sau khi bị từ chối không bị coi là chậm nộp nếu lần nộp đầu tiên trong thời hạn 10 ngày.",Điều 31 Luật Doanh nghiệp 2020,59-2020-QH14:d31
77,"Loại 2: Loại hình doanh nghiệp - TNHH, Cổ phần, Hợp danh, DNTN","Dạ em đang chuyển đổi loại hình từ công ty TNHH 2 TV thành công ty TNHH 1 TV, trong Mẫu 2 em đã điền thông tin mã ngành mới theo Quyết định 36, vậy em có cần làm hồ sơ cập nhật mã ngành nữa không ạ ? (cần nộp thêm tbao thay đổi ngành nghề khi làm thủ tục chuyển đổi).","Theo Điều 7 và Điều 199, 206 Luật Doanh nghiệp 2020, khi chuyển đổi loại hình doanh nghiệp, bạn có thể gộp việc cập nhật mã ngành nghề kinh doanh vào cùng hồ sơ chuyển đổi. Nếu trong Mẫu đăng ký đã điền đầy đủ thông tin mã ngành mới theo Quyết định 36, bạn không cần nộp thêm thông báo thay đổi ngành nghề riêng. Việc cập nhật mã ngành sẽ được thực hiện đồng thời khi cấp Giấy chứng nhận đăng ký doanh nghiệp mới cho loại hình công ty TNHH 1 thành viên.","Điều 52 khoản 3 Luật Doanh nghiệp 2020
Điều 31 Luật Doanh nghiệp 2020",59-2020-QH14:d31;59-2020-QH14:d52
78,"Loại 7: Thay đổi ĐKKD - Địa chỉ, tên, ngành nghề","Em nhờ các anh chị tư vấn giúp em trường hợp em bổ sung ngành nghề kinh doanh nhưng hệ thống cứ báo là một số mã ngành đã đăng ký trước đây bị thay đổi/xoá theo quyết định 36/2025QĐ-Ttg thì em có phải đăng ký thông báo thay đổi mã ngành này không ạ và nếu đăng ký thay đỗi mã ngành cũ sang mã ngành mới thì sử dụng mẫu số mấy theo thông tư 68 về đăng ký kinh doanh ạ
Em cảm ơn ạ!","Theo Điều 7 và Điều 31 Luật Doanh nghiệp 2020, doanh nghiệp có quyền tự do kinh doanh trong những ngành, nghề mà pháp luật không cấm và phải thông báo thay đổi nội dung đăng ký doanh nghiệp khi có thay đổi. Khi mã ngành cũ bị thay đổi/xóa theo Quyết định 36, doanh nghiệp cần cập nhật sang mã ngành mới tương ứng. Việc này thực hiện bằng Thông báo thay đổi nội dung đăng ký doanh nghiệp theo quy định.","Điều 7 Luật Doanh nghiệp 2020
Điều 31 Luật Doanh nghiệp 2020",59-2020-QH14:d31;59-2020-QH14:d7
80,"Loại 2: Loại hình doanh nghiệp - TNHH, Cổ phần, Hợp danh, DNTN","Các bác cho em hỏi: sau khi chuyển đổi từ cty TNHH 1 thành viên sang CTy Cổ phần có cần ký lại toàn bộ hợp đồng cho CBCNV không ạ?
Các bác cho em hỏi: sau khi chuyển đổi từ cty TNHH 1 thành viên sang CTy Cổ phần có cần ký lại toàn bộ hợp đồng cho CBCNV không ạ?","Theo Điều 203 Luật Doanh nghiệp 2020, khi chuyển đổi từ công ty TNHH sang công ty cổ phần, công ty chuyển đổi đương nhiên kế thừa toàn bộ quyền, nghĩa vụ và lợi ích hợp pháp của công ty được chuyển đổi. Do đó, các hợp đồng lao động đã ký với CBCNV vẫn có hiệu lực và không cần ký lại. Tuy nhiên, cần làm phụ lục hợp đồng để cập nhật thông tin công ty mới (tên, mã số thuế).",Điều 203 Luật Doanh nghiệp 2020,59-2020-QH14:d203
83,"Loại 6: Giải thể & Phá sản - Thủ tục, thanh toán nợ, tạm ngưng","Công ty đang tạm ngừng có Thông báo thay đổi ngành, nghề kinh doanh được không ạ. E cảm ơn ạ","Theo Điều 206 Luật Doanh nghiệp 2020, trong thời gian tạm ngừng kinh doanh, doanh nghiệp vẫn có thể thực hiện một số thủ tục đăng ký doanh nghiệp như thay đổi ngành nghề kinh doanh. Điều 7 quy định doanh nghiệp có quyền tự do kinh doanh trong những ngành, nghề mà pháp luật không cấm. Do đó, công ty đang tạm ngừng vẫn có thể thông báo thay đổi ngành, nghề kinh doanh.","Điều 7 Luật Doanh nghiệp 2020
Điều 206 Luật Doanh nghiệp 2020",59-2020-QH14:d206;59-2020-QH14:d7
85,"Loại 7: Thay đổi ĐKKD - Địa chỉ, tên, ngành nghề",Bây giờ công ty muốn đăng ký mã ngành 6810 vì muốn cho thuê lại xưởng với văn phòng trống thì khi đăng khí cần bổ sung điều kiện gì không ạ.,"Theo Điều 7 Luật Doanh nghiệp 2020, doanh nghiệp có quyền tự do kinh doanh trong những ngành, nghề mà pháp luật không cấm. Mã ngành 6810 (Kinh doanh bất động sản, quyền sử dụng đất thuộc chủ sở hữu, chủ sử dụng hoặc đi thuê) là ngành nghề kinh doanh có điều kiện. Khi đăng ký mã ngành này để cho thuê lại xưởng, văn phòng, công ty cần đáp ứng điều kiện theo Luật Kinh doanh bất động sản nếu hoạt động này được thực hiện thường xuyên.",Điều 7 Luật Doanh nghiệp 2020,59-2020-QH14:d7
86,"Loại 6: Giải thể & Phá sản - Thủ tục, thanh toán nợ, tạm ngưng","công ty đang tạm ngưng có làm hồ sơ thay đổi chủ sở hữu , và người đại diện pháp luật được k các bác , hay phải mở ra mới làm được ,","Theo Điều 206 Luật Doanh nghiệp 2020, trong thời gian tạm ngừng kinh doanh, doanh nghiệp vẫn có thể thực hiện các thủ tục đăng ký doanh nghiệp liên quan đến thay đổi chủ sở hữu và người đại diện theo pháp luật. Điều 12 quy định về người đại diện theo pháp luật, và Điều 52 quy định về chuyển nhượng phần vốn góp. Công ty không cần hoạt động trở lại để thực hiện các thay đổi này.","Điều 12 Luật Doanh nghiệp 2020
Điều 52 Luật Doanh nghiệp 2020
Điều 206 Luật Doanh nghiệp 2020",59-2020-QH14:d12;59-2020-QH14:d206;59-2020-QH14:d52
89,"Loại 3: Vốn điều lệ - Góp vốn, tăng/giảm vốn, vốn pháp định","Dạ CTY TNHH 1TV cần tăng vốn điều lệ, theo Luật mới phải có giấy xác nhận góp vốn. A/C có file hay bản scan hình cho em xin với được kh ạ. Em cảm ơn A/C. Mong ad duyệt bài ạ","Theo Điều 47 và Điều 68 Luật Doanh nghiệp 2020, khi tăng vốn điều lệ, thành viên/chủ sở hữu phải góp vốn và việc góp vốn được xác nhận bằng biên bản góp vốn. Hồ sơ đăng ký tăng vốn gồm: Thông báo thay đổi nội dung đăng ký doanh nghiệp và Quyết định của chủ sở hữu về việc tăng vốn. Giấy xác nhận góp vốn là văn bản nội bộ công ty, không bắt buộc nộp kèm hồ sơ nhưng phải lưu giữ tại trụ sở.","Điều 47 Luật Doanh nghiệp 2020
Điều 68 Luật Doanh nghiệp 2020",59-2020-QH14:d47;59-2020-QH14:d68
91,,"E chào anh/chị!! Cho e hỏi thủ tục chuyển từ CTY 1TV lên Cổ Phần thì thành phần hồ sơ gồm những mẫu nào ạ. Dạ và khi soạn hồ sơ cần lưu ý gì ko ạ
E cảm ơn anh/chị
E chào anh/chị!! Cho e hỏi thủ tục chuyển từ CTY 1TV lên Cổ Phần thì thành phần hồ sơ gồm những mẫu nào ạ. Dạ và khi soạn hồ sơ cần lưu ý gì ko ạ
E cảm ơn anh/chị","Theo Điều 203 Luật Doanh nghiệp 2020, hồ sơ chuyển đổi từ công ty TNHH 1 thành viên sang công ty cổ phần gồm: (1) Giấy đề nghị đăng ký doanh nghiệp; (2) Điều lệ công ty cổ phần; (3) Quyết định của chủ sở hữu về việc chuyển đổi; (4) Danh sách cổ đông sáng lập; (5) Bản sao giấy tờ pháp lý cá nhân của cổ đông sáng lập. Lưu ý: phải có tối thiểu 3 cổ đông sáng lập, vốn điều lệ chia thành cổ phần.",Điều 203 Luật Doanh nghiệp 2020,59-2020-QH14:d203
94,"Loại 6: Giải thể & Phá sản - Thủ tục, thanh toán nợ, tạm ngưng","Anh chị cho em hỏi ở TPHCM trong Thông báo tạm ngừng có bắt buộc điền số điện thoại đin diện không ạ? Nếu đại diện là người nước ngoài thì không phải điền số định danh cá nhân phải không ạ?
Em cảm ơn anh chị!","Theo Điều 206 Luật Doanh nghiệp 2020 và quy định về đăng ký doanh nghiệp, Thông báo tạm ngừng kinh doanh cần ghi đầy đủ thông tin người đại diện theo pháp luật. Đối với người Việt Nam, cần điền số định danh cá nhân. Đối với người nước ngoài làm đại diện pháp luật, điền số hộ chiếu thay vì số định danh cá nhân. Số điện thoại là thông tin liên hệ cần thiết để cơ quan đăng ký có thể liên hệ khi cần.",Điều 206 Luật Doanh nghiệp 2020,59-2020-QH14:d206
96,"Loại 7: Thay đổi ĐKKD - Địa chỉ, tên, ngành nghề",Anh chị cho em hỏi ngành nghề làm dịch vụ tư vấn visa và hộ chiếu thì mình chọn mã ngành nào?,"Theo Điều 7 Luật Doanh nghiệp 2020, doanh nghiệp có quyền tự do kinh doanh trong những ngành, nghề mà pháp luật không cấm. Dịch vụ tư vấn visa và hộ chiếu có thể đăng ký mã ngành: 8299 - Hoạt động hỗ trợ kinh doanh khác chưa được phân vào đâu; hoặc 7490 - Hoạt động chuyên môn, khoa học và công nghệ khác chưa được phân vào đâu. Lưu ý: không được thực hiện dịch vụ làm visa/hộ chiếu thay cơ quan nhà nước.",Điều 7 Luật Doanh nghiệp 2020,59-2020-QH14:d7
98,"Loại 7: Thay đổi ĐKKD - Địa chỉ, tên, ngành nghề","Công ty tư nhân có địa chỉ dkkd là nhà sếp nhưng thuê văn phòng ở chỗ khác, nay mình muốn đăng ký địa chỉ văn phòng này để thuế không bắt lỗi không hoạt động tại địa điểm thì mình làm mẫu nào ạ, mình hỏi sơ sơ bảo mẫu 17 rồi 19 của Tt 68. Có ai hướng dẫn giúp mình tý dc ko ạ. Mình cảm ơn","Theo Điều 45 Luật Doanh nghiệp 2020, doanh nghiệp có thể đăng ký địa điểm kinh doanh ngoài trụ sở chính. Để đăng ký văn phòng thuê làm địa điểm kinh doanh, sử dụng Thông báo về việc đặt địa điểm kinh doanh. Địa điểm kinh doanh được cấp mã số riêng gắn với mã số doanh nghiệp. Như vậy doanh nghiệp có thể giữ trụ sở chính tại nhà và đăng ký địa điểm kinh doanh tại văn phòng thuê.",Điều 45 Luật Doanh nghiệp 2020,59-2020-QH14:d45
100,"Loại 3: Vốn điều lệ - Góp vốn, tăng/giảm vốn, vốn pháp định","Anh/chị cho em hỏi, công ty cổ phần mới thành lập 3 ngày, mà 1 cổ đông thông báo không góp vốn nữa thì giờ em làm giảm vốn và chuyển đổi loại hình (2tv) do cổ đông không góp vốn theo cam kết và rút tên khỏi cty luôn được không ạ hay phải đợi 90 ngày ạ. (cty em ở Vũng Tàu ạ)
Ngoài ra thì cho e hỏi giảm vốn do cổ đông không góp đủ trong 90 ngày thì e có cần làm tờ khai thuế gì ngoài thuế môn bài không ạ.
Em cảm ơn ạ","Theo Điều 113 và Điều 112 Luật Doanh nghiệp 2020, cổ đông phải thanh toán đủ số cổ phần đăng ký mua trong thời hạn 90 ngày kể từ ngày cấp ĐKKD. Nếu cổ đông không góp đủ trong 90 ngày, công ty phải đăng ký điều chỉnh vốn điều lệ bằng mệnh giá số cổ phần đã thanh toán đủ. Tuy nhiên, nếu cổ đông thông báo không góp từ đầu, có thể làm thủ tục thay đổi cổ đông sáng lập và điều chỉnh vốn ngay. Nếu còn dưới 3 cổ đông, cần chuyển đổi sang TNHH.","Điều 112 Luật Doanh nghiệp 2020
Điều 113 Luật Doanh nghiệp 2020",59-2020-QH14:d112;59-2020-QH14:d113
102,"Loại 2: Loại hình doanh nghiệp - TNHH, Cổ phần, Hợp danh, DNTN","Em chào các anh chị trong nhóm! Các anh chị cho em hỏi, trường hợp chuyển đổi loại hình doanh nghiệp có vốn đầu tư nước ngoài từ Công ty TNHH 2 thành viên trở lên sang Công ty cổ phần với tỷ lệ sở hữu cổ phần tương đương thì có cần đăng ký mua cổ phần với bên Sở không ạ. Rất mong anh chị giải đáp. Em cảm ơn mọi người!","Theo Điều 199 và Điều 202 Luật Doanh nghiệp 2020, khi chuyển đổi từ TNHH 2TV sang công ty cổ phần với tỷ lệ sở hữu tương đương (chỉ thay đổi loại hình, không thay đổi cơ cấu sở hữu), thì phần vốn góp của các thành viên được chuyển thành cổ phần. Đây không phải là giao dịch mua bán cổ phần mới nên không cần đăng ký mua cổ phần. Tuy nhiên, đối với FDI cần điều chỉnh IRC theo loại hình mới.","Điều 199 Luật Doanh nghiệp 2020
Điều 202 Luật Doanh nghiệp 2020",59-2020-QH14:d199;59-2020-QH14:d202
103,"Loại 8: Quản trị công ty - HĐQT, ĐHĐCĐ, cổ đông, điều lệ","Anh chị ơi cho em hỏi xíu ạ. Em muốn thành lập công ty cổ phần, vốn điều lệ 02 tỷ. Doanh nghiệp muốn đưa thỏa thuận về thành lập Quỹ Cổ phần cho Người lao động (ESOP): Các Sáng lập viên thống nhất sẽ dành ra một quỹ ban đầu là 10% trên tổng số vốn chủ sở hữu (tính trên cơ sở pha loãng hoàn toàn) để thu hút và giữ chân nhân tài.-> đưa thỏa thuận trên vào điều lệ thì có được không ạ.
Em cảm ơn rất nhiều ạ!","Theo Điều 24 và Điều 25 Luật Doanh nghiệp 2020, Điều lệ công ty có thể quy định các nội dung khác ngoài các nội dung bắt buộc, miễn không trái pháp luật. Việc đưa thỏa thuận về ESOP (Quỹ cổ phần cho người lao động) vào Điều lệ là hoàn toàn hợp pháp và phổ biến ở các startup. Điều lệ có thể quy định về tỷ lệ ESOP, điều kiện cấp, thời hạn vest, và các điều khoản liên quan khác.","Điều 24 Luật Doanh nghiệp 2020
Điều 25 Luật Doanh nghiệp 2020",59-2020-QH14:d24;59-2020-QH14:d25
104,"Loại 2: Loại hình doanh nghiệp - TNHH, Cổ phần, Hợp danh, DNTN","Dạ anh chị cho em hỏi với ạ, em chuẩn bị mở công ty cổ phần trong đó có cổ đông góp vốn là 1 công ty khác. Vậy lúc làm hồ sơ điền các thông tin của công ty góp vốn là theo địa chỉ cũ hay địa chỉ sau sáp nhập ạ (trên giấy phép của công ty góp vốn vẫn là địa chỉ cũ ạ). Mong anh chị giải đáp giúp em ạ, em cảm ơn nhiều.","Theo Điều 17 và Điều 111 Luật Doanh nghiệp 2020, tổ chức có thể là cổ đông sáng lập công ty cổ phần. Khi làm hồ sơ, thông tin của công ty góp vốn phải ghi theo Giấy chứng nhận ĐKDN hiện hành. Nếu ĐKKD của công ty góp vốn vẫn ghi địa chỉ cũ, thì điền địa chỉ cũ đó. Công ty góp vốn nên cập nhật địa chỉ mới trước, hoặc ghi chú địa chỉ đang chờ cập nhật theo quy định sáp nhập địa giới hành chính.","Điều 17 Luật Doanh nghiệp 2020
Điều 111 Luật Doanh nghiệp 2020",59-2020-QH14:d111;59-2020-QH14:d17
105,"Loại 7: Thay đổi ĐKKD - Địa chỉ, tên, ngành nghề","Em cần thay đổi tăng vốn điều lệ, bổ sung ngành nghề kinh doanh, lập địa chỉ kd mới ac nào làm đc ib e nhé, ở Hà Nội ạ
Em cần thay đổi tăng vốn điều lệ, bổ sung ngành nghề kinh doanh, lập địa chỉ kd mới ac nào làm đc ib e nhé, ở Hà Nội ạ","Theo Luật Doanh nghiệp 2020: (1) Tăng vốn điều lệ: Công ty TNHH thực hiện theo Điều 68 (2TV) hoặc Điều 87 (1TV); (2) Bổ sung ngành nghề: theo Điều 7 về quyền kinh doanh ngành nghề mà pháp luật không cấm, cần đăng ký thay đổi theo Điều 28; (3) Lập địa điểm kinh doanh: theo Điều 44 về địa điểm kinh doanh của doanh nghiệp.","Điều 7 Luật Doanh nghiệp 2020
Điều 28 Luật Doanh nghiệp 2020
Điều 44 Luật Doanh nghiệp 2020
Điều 68 Luật Doanh nghiệp 2020
Điều 87 Luật Doanh nghiệp 2020",59-2020-QH14:d28;59-2020-QH14:d44;59-2020-QH14:d68;59-2020-QH14:d7;59-2020-QH14:d87
109,"Loại 1: Thành lập doanh nghiệp - Thủ tục, điều kiện, hồ sơ thành lập",Bây giờ nộp hồ sơ thành lập doanh nghiệp có bị yêu cầu đính kèm giấy tờ pháp lý về trụ sở nữa ko ạ. Chỗ em chưa có sổ hồng do chưa hoàn công được,"Theo Điều 27 và Điều 28 Luật Doanh nghiệp 2020, hồ sơ đăng ký thành lập doanh nghiệp không bắt buộc phải nộp kèm giấy tờ chứng minh quyền sở hữu/sử dụng trụ sở. Tuy nhiên, doanh nghiệp phải chịu trách nhiệm về tính hợp pháp của địa chỉ trụ sở đã đăng ký. Địa chỉ trụ sở phải xác định được, có số nhà/tên đường theo Điều 42 LDN 2020.","Điều 27 Luật Doanh nghiệp 2020
Điều 28 Luật Doanh nghiệp 2020
Điều 42 Luật Doanh nghiệp 2020",59-2020-QH14:d27;59-2020-QH14:d28;59-2020-QH14:d42
112,"Loại 3: Vốn điều lệ - Góp vốn, tăng/giảm vốn, vốn pháp định","Cả nhà cho e hỏi chút, công ty e, cty tnhh mtv, chủ sở hữu là tổ chức, đc cấp giấy CNĐT t5/25, cấp ĐKKD t8/25, cam kết góp vốn trong vòng 90 ngày kể từ khi cấp giấy ĐKKD. Tuy nhiên là chưa góp được đồng nào, hiện giờ quá hạn do trục trặc định danh giám đốc người nước ngoài. Tiền ngân hàng vẫn treo, ngân hàng họ yêu cầu gia hạn góp vốn giấy CNĐT mới cho tiền về tài khoản. Vậy giờ công ty e cần làm những thủ tục gì để tiếp tục góp vốn. E thì đang nghĩ là chậm 90 ngày kể từ ngày cấp ĐKKD thì mình làm thay đổi nội dung ĐKKD giảm vốn điều lệ và nộp phạt thôi chứ ko thay đổi CNĐT. Nhờ các cao nhân giúp đỡ ạ. Em cảm ơn nhiều","Theo Điều 75 Luật Doanh nghiệp 2020, chủ sở hữu công ty TNHH 1TV phải góp vốn trong thời hạn 90 ngày kể từ ngày cấp Giấy CNĐKDN. Nếu không góp đủ, phải đăng ký giảm vốn điều lệ theo Điều 87. Đối với doanh nghiệp FDI, cần phối hợp thay đổi cả Giấy CNĐT (theo Luật Đầu tư) và Giấy CNĐKDN. Doanh nghiệp có thể bị xử phạt hành chính về vi phạm góp vốn theo quy định pháp luật.","Điều 75 Luật Doanh nghiệp 2020
Điều 87 Luật Doanh nghiệp 2020",59-2020-QH14:d75;59-2020-QH14:d87
113,"Loại 6: Giải thể & Phá sản - Thủ tục, thanh toán nợ, tạm ngưng",Các bác cho e hỏi e muốn giải thể cty thì giờ cần những thủ tục gì ạ . 1 năm nay e k hoạt động và cũng k báo cáo thuế,"Theo Điều 207, 208 Luật Doanh nghiệp 2020, giải thể doanh nghiệp gồm các bước: (1) Thông qua quyết định giải thể; (2) Thanh lý tài sản, thanh toán nợ theo thứ tự ưu tiên tại Điều 208; (3) Gửi hồ sơ giải thể đến Cơ quan ĐKKD trong 05 ngày. Trước đó cần hoàn tất nghĩa vụ thuế - quyết toán thuế các năm chưa báo cáo, nộp phạt chậm nộp báo cáo theo quy định của Luật Quản lý thuế.","Điều 207 Luật Doanh nghiệp 2020
Điều 208 Luật Doanh nghiệp 2020
Điều 209 Luật Doanh nghiệp 2020",59-2020-QH14:d207;59-2020-QH14:d208;59-2020-QH14:d209
115,"Loại 4: Người đại diện pháp luật - Điều kiện, thay đổi, trách nhiệm","Anh chị cho e hỏi e để người đại diện pl là 1 người chủ tịch hội đồng thành viên trên dkkd. nhưng người ký các giấy tờ khác thì chủ tịch hội đồng thành viên ủy quyền cho giám đốc ký hợp đồng, ngân hàng ... thì có được không ạ vì e muốn như thế nên hỏi. e đang dự định thành lập doanh nghiệp để như thế","Theo Điều 12 Luật Doanh nghiệp 2020, người đại diện theo pháp luật có thể ủy quyền cho người khác thực hiện quyền và nghĩa vụ của mình. Chủ tịch HĐTV có thể đăng ký là người đại diện pháp luật và ủy quyền cho Giám đốc ký các văn bản, hợp đồng. Việc ủy quyền phải tuân thủ Điều lệ công ty và phù hợp với quy định tại Điều 55, 56 LDN 2020 về quyền của HĐTV và Giám đốc.","Điều 12 Luật Doanh nghiệp 2020
Điều 55 Luật Doanh nghiệp 2020
Điều 56 Luật Doanh nghiệp 2020",59-2020-QH14:d12;59-2020-QH14:d55;59-2020-QH14:d56
116,"Loại 6: Giải thể & Phá sản - Thủ tục, thanh toán nợ, tạm ngưng","Dạ các Anh Chị cho e hỏi với ạ, giải thể chi nhánh công ty cổ phần (hạch toán độc lập) thì làm theo HỒ SƠ GIẢI THỂ hay CHẤM DỨT HOẠT ĐỘNG vậy ạ? E đọc được thông tin là Nếu cty mẹ vẫn hoạt động bình thường thì Chi nhánh làm thủ tục CHẤM DỨT HOẠT ĐỘNG chứ không phải GIẢI THỂ thì có đúng không ạ?
Mong các Anh Chị giúp đỡ ạ!","Theo Điều 45 và Điều 213 Luật Doanh nghiệp 2020, chi nhánh là đơn vị phụ thuộc của doanh nghiệp, không có tư cách pháp nhân riêng. Khi doanh nghiệp (công ty mẹ) vẫn hoạt động mà chỉ muốn đóng chi nhánh, đúng là phải thực hiện thủ tục 'Chấm dứt hoạt động chi nhánh' theo Điều 213, không phải 'Giải thể'. Giải thể chỉ áp dụng cho pháp nhân doanh nghiệp theo Điều 207-210.","Điều 45 Luật Doanh nghiệp 2020
Điều 213 Luật Doanh nghiệp 2020
Điều 207 Luật Doanh nghiệp 2020",59-2020-QH14:d207;59-2020-QH14:d213;59-2020-QH14:d45
118,"Loại 8: Quản trị công ty - HĐQT, ĐHĐCĐ, cổ đông, điều lệ",Anh chị cho em hỏi em muốn biết được thông tin cổ đông hoặc các thành viên công ty em làm thế nào ạ! Anh chị hướng dẫn giúp em với ạ,"Theo Luật Doanh nghiệp 2020: Với công ty TNHH, thông tin thành viên được lưu trong Sổ đăng ký thành viên theo Điều 48. Với công ty cổ phần, thông tin cổ đông được lưu trong Sổ đăng ký cổ đông theo Điều 122. Công ty phải lập và lưu giữ các sổ này tại trụ sở chính. Cổ đông/thành viên có quyền yêu cầu công ty cung cấp thông tin theo Điều 49, 115 LDN 2020.","Điều 48 Luật Doanh nghiệp 2020
Điều 49 Luật Doanh nghiệp 2020
Điều 115 Luật Doanh nghiệp 2020
Điều 122 Luật Doanh nghiệp 2020",59-2020-QH14:d115;59-2020-QH14:d122;59-2020-QH14:d48;59-2020-QH14:d49
119,"Loại 4: Người đại diện pháp luật - Điều kiện, thay đổi, trách nhiệm","Giám đốc cty cũ đã ngừng hoạt động chưa hoàn tất thủ tục đóng mã số thuế (ko nợ thuế). Có được đứng giám đốc cty mới không?
Bác nào biết tháo gỡ cái này giúp đỡ em với. Em cảm ơn nhiều ạ.
Cảm ơn ad đã duyệt bài.","Theo Điều 17 Luật Doanh nghiệp 2020 về quyền thành lập, góp vốn, mua cổ phần, mua phần vốn góp và quản lý doanh nghiệp: người đang là người đại diện theo pháp luật của doanh nghiệp bị tạm ngừng kinh doanh, bị thu hồi Giấy CNĐKDN hoặc bị giải thể vẫn có thể làm giám đốc công ty mới nếu không thuộc các trường hợp cấm tại khoản 2 Điều 17. Tuy nhiên, cần hoàn tất nghĩa vụ thuế của doanh nghiệp cũ.","Điều 17 Luật Doanh nghiệp 2020
Điều 12 Luật Doanh nghiệp 2020",59-2020-QH14:d12;59-2020-QH14:d17
120,"Loại 7: Thay đổi ĐKKD - Địa chỉ, tên, ngành nghề","Cần hỗ trợ bổ sung tên tiếng anh cho cty.
Cần hỗ trợ bổ sung tên tiếng anh cho cty.","Theo Điều 37, 38 Luật Doanh nghiệp 2020 về tên doanh nghiệp, doanh nghiệp có quyền đăng ký tên bằng tiếng nước ngoài. Tên tiếng nước ngoài là tên được dịch từ tên tiếng Việt sang ngôn ngữ tương ứng, phải đảm bảo không trùng hoặc gây nhầm lẫn. Để bổ sung tên tiếng Anh, doanh nghiệp thực hiện thủ tục thay đổi nội dung đăng ký doanh nghiệp theo Điều 30 LDN 2020.","Điều 37 Luật Doanh nghiệp 2020
Điều 38 Luật Doanh nghiệp 2020
Điều 30 Luật Doanh nghiệp 2020",59-2020-QH14:d30;59-2020-QH14:d37;59-2020-QH14:d38
121,"Loại 7: Thay đổi ĐKKD - Địa chỉ, tên, ngành nghề","Mn cho e hỏi mở địa điểm kd mà ngành nghề chính cty mẹ bị xanh đỏ thì phải cập nhật ngành nghề cty mẹ trc phải k ạ
Mn cho e hỏi mở địa điểm kd mà ngành nghề chính cty mẹ bị xanh đỏ thì phải cập nhật ngành nghề cty mẹ trc phải k ạ","Theo Điều 7 và Điều 44 Luật Doanh nghiệp 2020, địa điểm kinh doanh chỉ được hoạt động ngành nghề mà công ty đã đăng ký. Khi mã ngành của công ty mẹ bị 'xanh đỏ' (không còn phù hợp với hệ thống ngành nghề mới theo Quyết định 27/2018/QĐ-TTg hoặc Quyết định 36/2025/QĐ-TTg), công ty cần cập nhật ngành nghề cho công ty mẹ trước khi đăng ký địa điểm kinh doanh mới.","Điều 7 Luật Doanh nghiệp 2020
Điều 44 Luật Doanh nghiệp 2020
Điều 28 Luật Doanh nghiệp 2020",59-2020-QH14:d28;59-2020-QH14:d44;59-2020-QH14:d7
122,"Loại 7: Thay đổi ĐKKD - Địa chỉ, tên, ngành nghề",Mình muốn đăng ký thêm mã ngành và làm giảm vốn điều lệ công ty. Công ty mới thành lập 2 tháng đang trong thời gian góp vốn. Mình ở Hà Nội. Có ai hỗ trợ ko ạ,"Theo Luật Doanh nghiệp 2020: (1) Bổ sung mã ngành: theo Điều 7 và Điều 28 về thay đổi nội dung đăng ký; (2) Giảm vốn điều lệ trong thời gian góp vốn: theo Điều 47, 68, thành viên có 90 ngày để góp đủ vốn cam kết. Nếu không góp đủ, công ty phải đăng ký giảm vốn điều lệ tương ứng với phần vốn chưa góp. Có thể thực hiện cả hai thay đổi trong cùng một hồ sơ.","Điều 7 Luật Doanh nghiệp 2020
Điều 28 Luật Doanh nghiệp 2020
Điều 47 Luật Doanh nghiệp 2020
Điều 68 Luật Doanh nghiệp 2020",59-2020-QH14:d28;59-2020-QH14:d47;59-2020-QH14:d68;59-2020-QH14:d7
124,"Loại 9: Chuyển nhượng vốn/cổ phần - Mua bán, thừa kế","Dạ anh, chị cho em hỏi là công ty tnhh 2tv có 3tv góp vốn, nhưng giờ có 1tv muốn rút vốn ra khỏi công ty và ko chuyển nhượng cho ai hết thì hồ sơ mình làm sao ạ","Theo Điều 51, 52 Luật Doanh nghiệp 2020, thành viên công ty TNHH 2TV trở lên có quyền yêu cầu công ty mua lại phần vốn góp nếu thuộc các trường hợp tại Điều 51, hoặc chuyển nhượng cho thành viên khác/người ngoài (Điều 52). Nếu không chuyển nhượng mà công ty mua lại, công ty phải giảm vốn điều lệ tương ứng theo Điều 68. Hồ sơ gồm: quyết định HĐTV, danh sách thành viên mới, thông báo thay đổi ĐKKD.","Điều 51 Luật Doanh nghiệp 2020
Điều 52 Luật Doanh nghiệp 2020
Điều 68 Luật Doanh nghiệp 2020",59-2020-QH14:d51;59-2020-QH14:d52;59-2020-QH14:d68
125,"Loại 6: Giải thể & Phá sản - Thủ tục, thanh toán nợ, tạm ngưng","Dạ anh/ chị cho em hỏi, công ty em mới thành lập Tháng 9/2025, mà do nội bộ lục đục nên giải thể công ty, công ty chưa ai góp vốn mà em nộp Thông báo giải thể rồi ạ, vậy cho em hỏi em có cần nộp hồ sơ giảm VĐL hay hồ sơ nào cam kết chưa góp vốn lên Sở không ạ","Theo Điều 207, 208 Luật Doanh nghiệp 2020 về giải thể, khi đã nộp thông báo giải thể, không cần làm thêm hồ sơ giảm vốn điều lệ riêng. Tuy nhiên, theo Điều 47, 68 về nghĩa vụ góp vốn, công ty cần lập biên bản xác nhận tình trạng góp vốn thực tế, ghi rõ các thành viên chưa góp vốn. Biên bản này nộp kèm hồ sơ giải thể để minh chứng công ty không có tài sản và nghĩa vụ cần thanh toán.","Điều 47 Luật Doanh nghiệp 2020
Điều 207 Luật Doanh nghiệp 2020
Điều 208 Luật Doanh nghiệp 2020",59-2020-QH14:d207;59-2020-QH14:d208;59-2020-QH14:d47
127,"Loại 7: Thay đổi ĐKKD - Địa chỉ, tên, ngành nghề","Chào anh chị
Nhờ anh/chị tư vấn giúp em trường hợp
Thay đổi địa chỉ Địa điểm kinh doanh (không thay đổi ngành nghề) thì bắt buộc phải làm hồ sơ cập nhật ngành nghề (theo danh mục hành nghề mới) + địa chỉ công ty mẹ (theo địa bàn hành chính mới) trước không ạ.
Trường hợp người đứng đầu DDKD là người nước ngoài thì cần nộp thêm Hộ chiếu đã công chứng không ạ
Em cám ơn","Theo Điều 44, 45 Luật Doanh nghiệp 2020 về địa điểm kinh doanh, khi thay đổi địa chỉ ĐĐKD, nếu ngành nghề công ty mẹ đã thay đổi theo hệ thống mã ngành mới thì cần cập nhật ngành nghề công ty mẹ trước. Đối với người đứng đầu ĐĐKD là người nước ngoài, cần nộp bản sao hộ chiếu hợp lệ (có thể yêu cầu công chứng tùy theo quy định của từng Sở KH&ĐT).","Điều 44 Luật Doanh nghiệp 2020
Điều 45 Luật Doanh nghiệp 2020",59-2020-QH14:d44;59-2020-QH14:d45
128,"Loại 7: Thay đổi ĐKKD - Địa chỉ, tên, ngành nghề","E chào cả nhà ạ!
Cả nhà cho e hỏi là trước đây bên e đăng ký mã ngành 2610: sản xuất linh kiện điện tử. Từ ngày 15/11/2025, mã ngành nghề theo QĐ số 36/2025 thì thay thành mã ngành 2619: sản xuất linh kiện điện tử khác.
Bây giờ bên e làm thay đổi nội dung ĐKDN, e muốn hỏi là trong mẫu số 12, e ghi bỏ mã 2610, thêm mã 2619 hay là ghi sửa đổi chi tiết ngành nghề ạ","Theo Điều 7, 28 Luật Doanh nghiệp 2020 về ngành nghề kinh doanh và thay đổi ĐKKD, khi chuyển đổi mã ngành theo hệ thống mới (QĐ 36/2025/QĐ-TTg), trong mẫu thông báo thay đổi, nên ghi rõ: Bỏ mã ngành cũ (2610) và Thêm mã ngành mới tương ứng (2619). Đây là cách thể hiện chính xác việc cập nhật theo hệ thống ngành nghề mới, không phải sửa đổi chi tiết.","Điều 7 Luật Doanh nghiệp 2020
Điều 28 Luật Doanh nghiệp 2020",59-2020-QH14:d28;59-2020-QH14:d7
130,"Loại 9: Chuyển nhượng vốn/cổ phần - Mua bán, thừa kế","Mn cho mình hỏi hồ sơ chuyển nhượng cổ phần của công ty cổ phần gồm những gì ạ?
Mn cho mình hỏi hồ sơ chuyển nhượng cổ phần của công ty cổ phần gồm những gì ạ?","Theo Điều 127 Luật Doanh nghiệp 2020, chuyển nhượng cổ phần trong CTCP cần: (1) Hợp đồng chuyển nhượng cổ phần; (2) Biên bản xác nhận việc chuyển nhượng hoàn tất; (3) Ghi nhận vào sổ đăng ký cổ đông. Nếu cổ đông sáng lập chuyển nhượng trong 3 năm đầu, cần có sự chấp thuận của ĐHĐCĐ theo Điều 120. Việc chuyển nhượng chỉ có hiệu lực khi được ghi vào sổ đăng ký cổ đông.","Điều 127 Luật Doanh nghiệp 2020
Điều 120 Luật Doanh nghiệp 2020
Điều 122 Luật Doanh nghiệp 2020",59-2020-QH14:d120;59-2020-QH14:d122;59-2020-QH14:d127
131,"Loại 3: Vốn điều lệ - Góp vốn, tăng/giảm vốn, vốn pháp định",Dạ cho em xin phép nhờ anh chị hỗ trợ em trường hợp thành lập công ty TNHH 2TV mà có 1 người góp vốn bằng hàng hoá thì hồ sơ cần những thành phần nào ạ. Em cảm ơn anh chị,"Theo Điều 34, 35 Luật Doanh nghiệp 2020 về tài sản góp vốn, khi góp vốn bằng hàng hóa (tài sản), cần: (1) Biên bản định giá tài sản góp vốn do các thành viên nhất trí hoặc tổ chức thẩm định giá định giá; (2) Biên bản giao nhận tài sản góp vốn; (3) Chứng từ chuyển quyền sở hữu tài sản (nếu có). Hồ sơ thành lập công ty gồm các giấy tờ theo Điều 21 LDN và kèm theo biên bản định giá tài sản.","Điều 34 Luật Doanh nghiệp 2020
Điều 35 Luật Doanh nghiệp 2020
Điều 21 Luật Doanh nghiệp 2020",59-2020-QH14:d21;59-2020-QH14:d34;59-2020-QH14:d35
133,"Loại 9: Chuyển nhượng vốn/cổ phần - Mua bán, thừa kế","Chào anh/chị
Nhờ anh/chị tư vấn giúp em trường hợp:
Công ty TNHH nhiều thành viên, 1 thành viên góp vốn chuyển nhượng 1 ít phần góp của mình thêm cho 1 thành viên mới (từ CSH hưởng lợi thành không hưởng lợi). Không phát sinh tăng/giảm vốn công ty.
- Mẫu số 12: Ghi thông tin công ty và tại phần A- Đăng ký thay đổi thông tin, tại mục ĐĂNG KÝ THAY ĐỔI THÀNH VIÊN CÔNG TY TNHH + Trường hợp thay đổi thành viên Công ty TNHH (kê khai Dánh sách thành viên công ty theo mẫu số 6...) ghi chữ Gửi kèm
- Mẫu số 6: Danh sách thành viên (đủ thành viên nhưng cần chữ ký của 2 cá nhân có phần vốn góp thay đổi)
- Mẫu số 10: Danh sách CSH hưởng lợi
- Giấy ủy quyền
- Hợp đồng chuyển nhượng
Vậy hồ sơ của em như vậy đã đúng và đủ chưa ạ. Em cám ơn","Theo Điều 51, 52 Luật Doanh nghiệp 2020 về chuyển nhượng phần vốn góp trong công ty TNHH, hồ sơ cần bổ sung thêm: Biên bản họp HĐTV về việc chấp thuận chuyển nhượng (nếu Điều lệ quy định). Danh sách hồ sơ đã liệt kê là đúng. Lưu ý: theo Điều 52, thành viên phải chào bán cho các thành viên còn lại trước khi chuyển nhượng cho người ngoài (nếu có).","Điều 51 Luật Doanh nghiệp 2020
Điều 52 Luật Doanh nghiệp 2020",59-2020-QH14:d51;59-2020-QH14:d52
134,"Loại 2: Loại hình doanh nghiệp - TNHH, Cổ phần, Hợp danh, DNTN","A/c cho em hỏi, làm hồ sơ đổi loại hình công ty từ TNHH (1 thành viên) sang Cổ phần, tăng vốn và thêm 4 cổ đông (cho phần vốn tăng) cần những hồ sơ giấy tờ gì? Sếp em yêu cầu em (NV HCNS) làm việc này. Các bước thực hiện là gì ạ? Bên em không thuê ngoài ạ, sếp bảo tự làm mới ""lớn"" được ạ","Theo Điều 202 Luật Doanh nghiệp 2020, chuyển đổi từ TNHH 1TV sang CTCP cần: (1) Quyết định của CSH về chuyển đổi; (2) Điều lệ công ty CP; (3) Danh sách cổ đông sáng lập và cổ đông là nhà đầu tư nước ngoài; (4) Giấy đề nghị ĐKDN; (5) Bản sao CCCD/CMND các cổ đông. Việc tăng vốn thực hiện đồng thời trong hồ sơ chuyển đổi, ghi nhận vốn điều lệ mới và danh sách cổ đông góp vốn.","Điều 202 Luật Doanh nghiệp 2020
Điều 111 Luật Doanh nghiệp 2020",59-2020-QH14:d111;59-2020-QH14:d202
135,"Loại 1: Thành lập doanh nghiệp - Thủ tục, điều kiện, hồ sơ thành lập","Em nộp hồ sơ thành lập mới Công ty Cổ phần và đã bị ra thông báo. Anh chị trong nhóm cho em hỏi là giờ em muốn chuyển đổi loại hình sang Công ty TNHH thì có nộp hồ sơ thành lập mới vào luôn được không ạ, hay phải chấm dứt thực hiện đối với hồ sơ cũ ạ?
Rất mong nhận được sự hướng dẫn của anh chị. Em cảm ơn mọi người ạ.","Theo Điều 26, 27 Luật Doanh nghiệp 2020, nếu hồ sơ CTCP bị trả lại do không hợp lệ và chưa được cấp Giấy CNĐKDN, bạn có thể nộp hồ sơ thành lập mới với loại hình TNHH mà không cần chấm dứt hồ sơ cũ. Hồ sơ cũ bị trả lại được xem như không thành công, bạn có thể nộp hồ sơ mới hoàn toàn độc lập.","Điều 26 Luật Doanh nghiệp 2020
Điều 27 Luật Doanh nghiệp 2020",59-2020-QH14:d26;59-2020-QH14:d27
136,"Loại 1: Thành lập doanh nghiệp - Thủ tục, điều kiện, hồ sơ thành lập","Cả nhà cho e hỏi,sau khi mình đăng ký thành công và được chấp nhận hợp lệ thì bao lâu mình mới nhận được bản chính có chữ ký của phòng đăng ký kinh doanh ạ .( e nghe nói là ko có bản giấy ,bây giờ có bản điện tử ,vậy nhận bản điện tử đó như thế nào ạ )","Theo Điều 28, 29 Luật Doanh nghiệp 2020, sau khi hồ sơ được chấp thuận, Giấy CNĐKDN được cấp dưới dạng bản điện tử có giá trị pháp lý tương đương bản giấy. Doanh nghiệp nhận Giấy CNĐKDN điện tử trên Cổng thông tin quốc gia về ĐKDN (dangkykinhdoanh.gov.vn) ngay khi được phê duyệt. Nếu cần bản giấy, có thể yêu cầu Phòng ĐKKD cấp bản sao có công chứng.","Điều 28 Luật Doanh nghiệp 2020
Điều 29 Luật Doanh nghiệp 2020",59-2020-QH14:d28;59-2020-QH14:d29
137,"Loại 7: Thay đổi ĐKKD - Địa chỉ, tên, ngành nghề","Mọi người cho em hỏi với ạ, theo quyết định 36/2025 về ngành, nghề kinh doanh thì có làm thay đổi một số ngành nghề của công ty em, giờ em thông báo thành lập địa điểm kinh doanh nhưng không áp những mà ngành, nghề của công ty, sử dụng các mã ngành nghề mới theo đúng qđ 36 và nộp hồ sơ thì bị trả. Yêu cầu phải cập nhật bổ sung mã ngành nghề của công ty mẹ theo qđ 36. Cho em hỏi là việc trả hồ sơ yêu cầu như thế có đúng không ạ, và căn cứ vào văn bản vậy ạ","Theo Điều 7, 44 Luật Doanh nghiệp 2020, địa điểm kinh doanh chỉ được hoạt động các ngành nghề đã đăng ký của công ty mẹ. Khi hệ thống mã ngành thay đổi theo QĐ36/2025, việc yêu cầu cập nhật ngành nghề công ty mẹ trước khi thành lập ĐĐKD là hợp lý, vì ĐĐKD phải hoạt động trong phạm vi ngành nghề của công ty mẹ. Căn cứ: Điều 44 LDN 2020 và QĐ36/2025/QĐ-TTg.","Điều 7 Luật Doanh nghiệp 2020
Điều 44 Luật Doanh nghiệp 2020",59-2020-QH14:d44;59-2020-QH14:d7
138,"Loại 6: Giải thể & Phá sản - Thủ tục, thanh toán nợ, tạm ngưng","Mọi người ai có kinh nghiệp cho em hỏi chút ạ. Công ty em đang giải thể đã hoàn thành xong bước 1 nộp hồ sơ trên phòng ĐKKD. Bước 2 chốt thuế thì bộ hồ sơ cần những gì ạ? Hiện tại em đang chuẩn bị:
1. VB đề nghị chấm dứt MST
2. Nghị quyết, biên bản họp
3. Tờ khai quyết toán thuế thu nhập doanh nghiệp (Theo mẫu số 03/TN","Theo Điều 207, 208, 209 Luật Doanh nghiệp 2020, sau khi hoàn thành bước 1 (thông báo giải thể tại Cơ quan ĐKKD), bước 2 chốt thuế cần bổ sung thêm: Tờ khai quyết toán thuế GTGT, Báo cáo tài chính tại thời điểm giải thể, Biên bản kiểm tra quyết toán thuế (nếu có), Thông báo hủy hóa đơn. Hồ sơ đã chuẩn bị cơ bản đúng, cần bổ sung thêm các tờ khai thuế liên quan.","Điều 207 Luật Doanh nghiệp 2020
Điều 208 Luật Doanh nghiệp 2020
Điều 209 Luật Doanh nghiệp 2020",59-2020-QH14:d207;59-2020-QH14:d208;59-2020-QH14:d209
140,"Loại 2: Loại hình doanh nghiệp - TNHH, Cổ phần, Hợp danh, DNTN","Anh chị cho em hỏi, em cần đăng ký chuyển công ty TNHH 1 TV thành doanh nghiệp xã hội kèm theo đổi tên công ty và đổi chủ sở hữu, vậy có thể đăng ký thay đổi chung 1 lần được không hay cần đổi tên công ty và chủ sở hữu trước, sau đó mới đăng ký đổi thành doanh nghiệp xã hội ạ?","Theo Điều 10, 30, 37 Luật Doanh nghiệp 2020, có thể thực hiện đồng thời nhiều nội dung thay đổi trong một hồ sơ: đổi tên công ty, thay đổi chủ sở hữu, và đăng ký thành doanh nghiệp xã hội. Hồ sơ cần kèm Cam kết thực hiện mục tiêu xã hội, môi trường theo Điều 10 LDN 2020. Doanh nghiệp xã hội phải dành ít nhất 51% lợi nhuận hàng năm để tái đầu tư vào mục tiêu xã hội, môi trường.","Điều 10 Luật Doanh nghiệp 2020
Điều 30 Luật Doanh nghiệp 2020
Điều 37 Luật Doanh nghiệp 2020",59-2020-QH14:d10;59-2020-QH14:d30;59-2020-QH14:d37
141,"Loại 7: Thay đổi ĐKKD - Địa chỉ, tên, ngành nghề","Chào anh chị,
Công ty em muốn chuyển trụ sở chính từ Nghệ An ra Hà Nội thì em cần chuẩn bị gì để lên làm việc với cơ quan thuế, bây giờ chuyển luôn hay nên sang đầu năm sau thì hợp lý hơn ạ? Mong nhận được tư vấn từ anh chị","Theo Điều 42 Luật Doanh nghiệp 2020, khi chuyển trụ sở khác tỉnh cần: (1) Nộp hồ sơ thay đổi địa chỉ trụ sở tại Sở KH&ĐT nơi đến; (2) Làm thủ tục chuyển thuế: quyết toán thuế tại Cục Thuế nơi đi, đăng ký thuế tại Cục Thuế nơi đến. Về thời điểm, nên chuyển vào đầu năm để thuận tiện quyết toán thuế năm trước tại địa phương cũ, tránh phức tạp về hồ sơ thuế.","Điều 42 Luật Doanh nghiệp 2020
Điều 28 Luật Doanh nghiệp 2020",59-2020-QH14:d28;59-2020-QH14:d42
143,"Loại 10: Doanh nghiệp FDI - Vốn nước ngoài, tỷ lệ sở hữu",Anh chị cho e hỏi Người Trung Quốc hộ chiếu E có nhận chuyển nhượng được phần vốn góp tại tp Hồ Chí Minh không ạ,"Theo Điều 17, 51, 52 Luật Doanh nghiệp 2020 và Luật Đầu tư 2020, người nước ngoài (bao gồm công dân Trung Quốc) có thể nhận chuyển nhượng phần vốn góp tại Việt Nam. Tuy nhiên, khi nhà đầu tư nước ngoài nhận chuyển nhượng phần vốn làm tỷ lệ sở hữu vốn nước ngoài tăng trên 50%, cần thực hiện thủ tục đăng ký góp vốn, mua cổ phần theo quy định Luật Đầu tư.","Điều 17 Luật Doanh nghiệp 2020
Điều 51 Luật Doanh nghiệp 2020
Điều 52 Luật Doanh nghiệp 2020",59-2020-QH14:d17;59-2020-QH14:d51;59-2020-QH14:d52
144,"Loại 7: Thay đổi ĐKKD - Địa chỉ, tên, ngành nghề","Mọi người cho em hỏi với.
Em bị trả hồ sơ mà họ nói thêm cái này vào không biết là ngành nghề bị gì hay lí do gì mà bắt mình thêm nhỉ
Em cảm ơn rất nhiều nếu có ai giải đám được ạ
(- Không hoạt động trong lĩnh vực sản xuất, gia công, chế biến tại trụ sở; doanh nghiệp chỉ được hoạt động kinh doanh khi thực hiện đúng quy định pháp luật về đầu tư, đất đai, xây dựng, phòng cháy chữa cháy, bảo vệ môi trường và các quy định pháp luật khác có liên quan.
- Đối với ngành, nghề kinh doanh thuộc Danh mục ngành, nghề đầu tư kinh doanh có điều kiện được quy định tại Phụ lục IV của Luật Đầu tư, doanh nghiệp phải đáp ứng đủ điều kiện đầu tư kinh doanh khi kinh doanh ngành, nghề đầu tư kinh doanh có điều kiện và bảo đảm duy trì đủ điều kiện đó trong suốt quá trình hoạt động kinh doanh)","Theo Điều 7, 28 Luật Doanh nghiệp 2020, đây là các ghi chú tiêu chuẩn mà Cơ quan ĐKKD thêm vào Giấy CNĐKDN để nhắc nhở doanh nghiệp về trách nhiệm tuân thủ pháp luật. Đây không phải lý do trả hồ sơ mà là nội dung bổ sung trên Giấy CNĐKDN. Doanh nghiệp có ngành nghề kinh doanh có điều kiện phải đảm bảo đáp ứng điều kiện theo Phụ lục IV Luật Đầu tư khi hoạt động.","Điều 7 Luật Doanh nghiệp 2020
Điều 28 Luật Doanh nghiệp 2020",59-2020-QH14:d28;59-2020-QH14:d7
145,"Loại 7: Thay đổi ĐKKD - Địa chỉ, tên, ngành nghề",Mng ơi cty em muốn đổi địa chỉ trụ sở nhưng không muốn đổi địa chỉ nhận thông báo thuế. Em đã bấm vào trường thông tin thuế nhập địa chỉ cũ. Trường địa chỉ thì mới nhưng vẫn bị trả hs về giờ phải làm sao ạ. Lý do trả là em không được tick vào ô đề nghị cấp giấy ĐKKD nếu không thay đổi nội dung. Mà rõ ràng là có đổi địa chỉ trụ sở thì phải được cấp giấy mới chứ ạ,"Theo Điều 42, 28 Luật Doanh nghiệp 2020, khi thay đổi địa chỉ trụ sở phải tick vào ô đề nghị cấp Giấy CNĐKDN mới vì địa chỉ trụ sở là nội dung ghi trên Giấy CNĐKDN. Địa chỉ nhận thông báo thuế và địa chỉ trụ sở có thể khác nhau - địa chỉ nhận thông báo thuế thuộc phần thông tin thuế, không ảnh hưởng đến Giấy CNĐKDN. Cần tick đúng vào ô đề nghị cấp giấy mới.","Điều 42 Luật Doanh nghiệp 2020
Điều 28 Luật Doanh nghiệp 2020",59-2020-QH14:d28;59-2020-QH14:d42
146,"Loại 7: Thay đổi ĐKKD - Địa chỉ, tên, ngành nghề","Mn cho mình hỏi với: ngành nghề kinh doanh chính(4210) bị màu đỏ tức là xóa bỏ thì bây giờ mình phải làm sao ạ
Mn cho mình hỏi với: ngành nghề kinh doanh chính(4210) bị màu đỏ tức là xóa bỏ thì bây giờ mình phải làm sao ạ","Theo Điều 7, 28 Luật Doanh nghiệp 2020 về ngành nghề kinh doanh, khi mã ngành 4210 (Xây dựng công trình đường sắt và đường bộ) bị màu đỏ theo QĐ36/2025, nghĩa là mã này đã được thay đổi/chi tiết hóa sang mã mới. Doanh nghiệp cần nộp hồ sơ thay đổi ĐKKD để cập nhật sang mã ngành tương ứng mới (ví dụ: 4211, 4212, 4213 hoặc các mã chi tiết theo hoạt động thực tế).","Điều 7 Luật Doanh nghiệp 2020
Điều 28 Luật Doanh nghiệp 2020",59-2020-QH14:d28;59-2020-QH14:d7
148,"Loại 7: Thay đổi ĐKKD - Địa chỉ, tên, ngành nghề",Dạ sếp em kêu em làm bổ sung ngành nghề kinh doanh mà em không rõ cái mục ngành nghề điền mã cấp 4 còn chi tiết là tìm ở đâu để ghi vào vậy các a/c. E xin phép ẩn danh sợ sếp chửi kém . Nhờ anh chị giúp em em cám ơn nhiều,"Theo Điều 7, 28 Luật Doanh nghiệp 2020 về ngành nghề kinh doanh, mã ngành cấp 4 tra cứu tại Hệ thống ngành kinh tế Việt Nam (theo QĐ 36/2025 hoặc tra trên dangkykinhdoanh.gov.vn). Phần chi tiết ngành nghề ghi mô tả cụ thể hoạt động kinh doanh của doanh nghiệp trong phạm vi mã ngành đã chọn. Ví dụ: Mã 4711 - Bán lẻ lương thực, thực phẩm, chi tiết: Bán lẻ gạo, thực phẩm khô, đồ uống...","Điều 7 Luật Doanh nghiệp 2020
Điều 28 Luật Doanh nghiệp 2020",59-2020-QH14:d28;59-2020-QH14:d7
151,"Loại 7: Thay đổi ĐKKD - Địa chỉ, tên, ngành nghề","Mn cho minh hỏi, minh có 1 đia điêm sx, phân phối, buôn bán hg của cty, vây minh lập địa điêm cty dc ko, hay pai lập chi nhánh của cty
Mn cho minh hỏi, minh có 1 đia điêm sx, phân phối, buôn bán hg của cty, vây minh lập địa điêm cty dc ko, hay pai lập chi nhánh của cty","Theo Điều 44, 45 Luật Doanh nghiệp 2020: Chi nhánh có chức năng thực hiện toàn bộ hoặc một phần chức năng của công ty, kể cả đại diện theo ủy quyền. Địa điểm kinh doanh chỉ là nơi doanh nghiệp tiến hành hoạt động kinh doanh cụ thể. Với hoạt động sản xuất, phân phối, buôn bán, có thể lập địa điểm kinh doanh nếu không cần tư cách pháp nhân riêng, hoặc lập chi nhánh nếu muốn có con dấu và hoạt động độc lập hơn.","Điều 44 Luật Doanh nghiệp 2020
Điều 45 Luật Doanh nghiệp 2020",59-2020-QH14:d44;59-2020-QH14:d45
152,"Loại 7: Thay đổi ĐKKD - Địa chỉ, tên, ngành nghề","Dạ anh, chị cho em hỏi là em nộp hồ sơ thành lập địa điểm kinh doanh nhưng theo quyết định mới thì có một số mã ngành bị thay đổi và bỏ vậy giờ em phải thay đổi mã ngành của công ty mẹ trước hay sao ạ.","Theo Điều 7, 44 Luật Doanh nghiệp 2020, địa điểm kinh doanh chỉ được hoạt động các ngành nghề đã đăng ký của công ty mẹ. Khi mã ngành công ty mẹ bị thay đổi/bỏ theo QĐ36/2025, cần cập nhật ngành nghề công ty mẹ trước, sau đó mới thành lập địa điểm kinh doanh với các mã ngành mới tương ứng.","Điều 7 Luật Doanh nghiệp 2020
Điều 44 Luật Doanh nghiệp 2020",59-2020-QH14:d44;59-2020-QH14:d7
153,"Loại 7: Thay đổi ĐKKD - Địa chỉ, tên, ngành nghề","Chào anh, chị!
Cho em hỏi theo Quyết định số 36/2025 Hệ thống ngành nghề mới, thì doanh nghiệp có bắt buộc phải cập nhật liền các mã ngành bị tô xanh đỏ của mình không ạ?
Hay chỉ khi nào doanh nghiệp cần điều chỉnh gì thì sẽ làm luôn cùng lúc đó ah","Theo Điều 7, 28 Luật Doanh nghiệp 2020 và QĐ36/2025, doanh nghiệp KHÔNG bắt buộc phải cập nhật ngay các mã ngành bị tô xanh/đỏ. Doanh nghiệp có thể tiếp tục hoạt động với mã ngành cũ cho đến khi cần thay đổi nội dung ĐKKD khác thì cập nhật luôn. Tuy nhiên, một số Sở KH&ĐT có thể yêu cầu cập nhật khi doanh nghiệp thực hiện bất kỳ thay đổi ĐKKD nào.","Điều 7 Luật Doanh nghiệp 2020
Điều 28 Luật Doanh nghiệp 2020",59-2020-QH14:d28;59-2020-QH14:d7
154,"Loại 6: Giải thể & Phá sản - Thủ tục, thanh toán nợ, tạm ngưng","Dạ anh chị cho e hỏi xíu ạ .
CTy mới thành lập T5 phát sinh 1-2 tờ hóa đơn . Da nộp hs giai thể B1, thì lúc quyết toán tren thuế mất nhiu thời gian không ạ .","Theo Điều 207, 208, 209 Luật Doanh nghiệp 2020, sau khi nộp hồ sơ giải thể bước 1 tại Cơ quan ĐKKD, doanh nghiệp cần làm thủ tục quyết toán thuế tại Cục Thuế. Với công ty mới thành lập, ít phát sinh hóa đơn, thời gian quyết toán thuế thường nhanh hơn (khoảng 15-30 ngày), phụ thuộc vào việc nộp đầy đủ hồ sơ và không có vấn đề về thuế.","Điều 207 Luật Doanh nghiệp 2020
Điều 208 Luật Doanh nghiệp 2020
Điều 209 Luật Doanh nghiệp 2020",59-2020-QH14:d207;59-2020-QH14:d208;59-2020-QH14:d209
164,"Loại 1: Thành lập doanh nghiệp - Thủ tục, điều kiện, hồ sơ thành lập","Em chào anh chị ạ, em muốn hỏi về việc thành lập mới doanh nghiệp. Sắp tới 15/11/2026 Bảng hệ thống ngành kinh tế mới sẽ có hiệu lực, vậy những hồ sơ nộp từ trước ngày 15/11 nhưng chưa có kết quả thì có phải sửa đổi hồ sơ không ạ?
Em có tìm các văn bản quy định, hướng dẫn thì chưa thấy có ạ.
Em cảm ơn anh chị nhiều!","Theo Điều 26, 27, 28, 29 Luật Doanh nghiệp 2020 về hồ sơ và trình tự đăng ký doanh nghiệp, thông thường khi có quy định mới về hệ thống ngành kinh tế, sẽ có văn bản hướng dẫn chuyển tiếp. Đối với hồ sơ nộp trước ngày quy định mới có hiệu lực nhưng chưa có kết quả, thường được xử lý theo nguyên tắc: hồ sơ đã tiếp nhận sẽ được giải quyết theo quy định cũ. Tuy nhiên, cần theo dõi văn bản hướng dẫn cụ thể của Bộ Kế hoạch và Đầu tư hoặc liên hệ trực tiếp cơ quan đăng ký kinh doanh để được hướng dẫn.","Điều 26 Luật Doanh nghiệp 2020
Điều 27 Luật Doanh nghiệp 2020
Điều 28 Luật Doanh nghiệp 2020
Điều 29 Luật Doanh nghiệp 2020",59-2020-QH14:d26;59-2020-QH14:d27;59-2020-QH14:d28;59-2020-QH14:d29
165,"Loại 6: Giải thể & Phá sản - Thủ tục, thanh toán nợ, tạm ngưng","Em muốn xin mẫu BBH Đại hội cổ đông về việc giải thể doanh nghiệp ạ
Em cảm ơn ạ
Em muốn xin mẫu BBH Đại hội cổ đông về việc giải thể doanh nghiệp ạ
Em cảm ơn ạ","Theo Điều 207, 208 Luật Doanh nghiệp 2020 về giải thể doanh nghiệp, đối với công ty cổ phần, Biên bản họp Đại hội đồng cổ đông về việc giải thể cần có các nội dung: (1) Thời gian, địa điểm họp; (2) Danh sách cổ đông tham dự, số cổ phần sở hữu; (3) Nội dung thảo luận về việc giải thể công ty; (4) Kết quả biểu quyết thông qua quyết định giải thể (cần đạt tỷ lệ theo Điều 148 - ít nhất 65% tổng số phiếu biểu quyết của cổ đông dự họp tán thành); (5) Chữ ký của chủ tọa và thư ký cuộc họp.","Điều 207 Luật Doanh nghiệp 2020
Điều 208 Luật Doanh nghiệp 2020
Điều 148 Luật Doanh nghiệp 2020",59-2020-QH14:d148;59-2020-QH14:d207;59-2020-QH14:d208
168,"Loại 3: Vốn điều lệ - Góp vốn, tăng/giảm vốn, vốn pháp định","Các anh/chị cho em hỏi em gặp tình huống như thế này ạ:
Em làm hồ tăng vốn cho Công ty TNHH 2TV trở lên.
File scan hồ sơ đính kèm thông tin chuẩn với thực tế đã góp, nhưng trong quá trình nhập trên hệ thống e bị nhập sai số vốn góp của một thành viên, tỷ lệ sở hữu vẫn đúng nhưng số vốn góp bị nhập sai số lẻ.
Tổng số vốn điều lệ của em vẫn được ghi nhận đúng, bây giờ bị sai phần danh sách thành viên góp vốn.
Em nên làm thủ tục gì để điều chỉnh trong trường hợp này ạ
Em xin cảm ơn!","Theo Điều 46, 47 Luật Doanh nghiệp 2020 về vốn điều lệ và danh sách thành viên, trường hợp nhập sai số vốn góp của thành viên trên hệ thống (sai lỗi kỹ thuật), cần làm thủ tục cập nhật/sửa đổi thông tin đăng ký doanh nghiệp. Hồ sơ gồm: (1) Thông báo thay đổi nội dung đăng ký doanh nghiệp (Mẫu 12) - ghi rõ cập nhật/sửa đổi thông tin danh sách thành viên góp vốn; (2) Danh sách thành viên với số vốn góp chính xác; (3) Công văn giải trình lỗi nhập liệu. Đây là thủ tục cập nhật thông tin, không phải thay đổi nội dung ĐKDN.","Điều 46 Luật Doanh nghiệp 2020
Điều 47 Luật Doanh nghiệp 2020",59-2020-QH14:d46;59-2020-QH14:d47
169,"Loại 1: Thành lập doanh nghiệp - Thủ tục, điều kiện, hồ sơ thành lập","anh chị cho e hỏi với ạ , trang soạn thảo hồ sơ đky doanh nghiệp tại nhà sao bị mất tiêu trường đăng ký thành lập công ty rồi ạ . Anh chị nào có biểu mẫu thành lập cty cho e xin với ạ . Em cảm ơn","Theo Điều 26, 27, 28, 29 Luật Doanh nghiệp 2020 về hồ sơ đăng ký doanh nghiệp, các biểu mẫu đăng ký thành lập công ty được quy định tại phụ lục của Nghị định 168/2025/NĐ-CP về đăng ký doanh nghiệp. Các mẫu cơ bản gồm: Mẫu 01 (Giấy đề nghị ĐKDN cho CTTNHH 1TV), Mẫu 02 (cho CTTNHH 2TV trở lên), Mẫu 03 (cho CTCP), Mẫu 04 (cho công ty hợp danh), Mẫu 05 (cho DNTN). Ngoài ra còn cần Điều lệ công ty, Danh sách thành viên/cổ đông sáng lập. Có thể tải mẫu từ Cổng thông tin quốc gia về đăng ký doanh nghiệp hoặc website Sở KH&ĐT.","Điều 26 Luật Doanh nghiệp 2020
Điều 27 Luật Doanh nghiệp 2020
Điều 28 Luật Doanh nghiệp 2020
Điều 29 Luật Doanh nghiệp 2020",59-2020-QH14:d26;59-2020-QH14:d27;59-2020-QH14:d28;59-2020-QH14:d29
170,"Loại 1: Thành lập doanh nghiệp - Thủ tục, điều kiện, hồ sơ thành lập","Cho em hỏi, công ty cp lập công ty con là công ty tnhh mtv thì có cần văn bản ủy quyền cho người đại diện phần vốn góp không ạ? Vì người đại diện cho cả 2 công ty mẹ và con đều cùng là 1 người đại diện theo pháp luật ạ? Thành phần hs: Giấy đề nghị, ủy quyền, bản sao GCN DKKD, với quyết định của HĐQT cử người đại diện ph","Theo Điều 45, 46, 79 Luật Doanh nghiệp 2020 về chủ sở hữu công ty TNHH một thành viên là tổ chức, khi công ty cổ phần lập công ty con là công ty TNHH MTV, cần có: (1) Quyết định của HĐQT (hoặc ĐHĐCĐ tùy mức vốn đầu tư) về việc thành lập công ty con; (2) Văn bản ủy quyền/cử người đại diện theo ủy quyền quản lý phần vốn góp tại công ty con. Dù người đại diện theo pháp luật của 2 công ty là một người, vẫn cần văn bản ủy quyền vì đây là quan hệ pháp lý giữa pháp nhân (công ty mẹ) và cá nhân được ủy quyền.","Điều 45 Luật Doanh nghiệp 2020
Điều 46 Luật Doanh nghiệp 2020
Điều 79 Luật Doanh nghiệp 2020",59-2020-QH14:d45;59-2020-QH14:d46;59-2020-QH14:d79
172,"Loại 7: Thay đổi ĐKKD - Địa chỉ, tên, ngành nghề",Mn ơi e nộp hồ sơ thành lập chi nhánh địa chỉ là số Thửa..số tờ bản đồ thì bị trả. Nhưng chỗ đó nằm trong kcn là đất nhà nước nên ko cấp số nhà. Mà e gọi chuyên viên mấy bữa nay rồi ko nghe máy. Giờ e phải làm sao mong mn chỉ giúp ạ,"Theo Điều 45 Luật Doanh nghiệp 2020 về chi nhánh và Điều 42 về địa chỉ trụ sở chính, địa chỉ chi nhánh phải có số nhà, tên đường hoặc xóm/thôn, xã/phường, quận/huyện, tỉnh/thành phố. Đối với địa điểm trong KCN chưa có số nhà, có thể: (1) Xin xác nhận địa chỉ từ Ban quản lý KCN hoặc UBND cấp xã/phường về địa điểm theo số thửa, tờ bản đồ; (2) Đính kèm hợp đồng thuê đất/nhà xưởng trong KCN có ghi rõ địa chỉ; (3) Liên hệ trực tiếp tại Phòng ĐKKD để được hướng dẫn cụ thể về cách ghi địa chỉ phù hợp.","Điều 45 Luật Doanh nghiệp 2020
Điều 42 Luật Doanh nghiệp 2020",59-2020-QH14:d42;59-2020-QH14:d45
173,"Loại 9: Chuyển nhượng vốn/cổ phần - Mua bán, thừa kế","Em chào anh chị. Em đang làm hồ sơ
chuyển đổi cổ phần cho người không phải cổ đông sáng lập công ty công ty cổ phần công ty mới thành lập đầu năm 2025. Em cần nộp những hồ sơ nộp những giấy tờ gì ạ. Nhờ anh chị chỉ giúp em với ạ","Theo Điều 120, 127 Luật Doanh nghiệp 2020 về chuyển nhượng cổ phần, đối với CTCP mới thành lập trong 3 năm đầu, cổ đông sáng lập chỉ được chuyển nhượng cổ phần phổ thông cho người không phải cổ đông sáng lập khi được sự chấp thuận của ĐHĐCĐ (khoản 3 Điều 120). Hồ sơ chuyển nhượng cổ phần cho người ngoài công ty gồm: (1) Hợp đồng chuyển nhượng cổ phần; (2) Biên bản họp/Nghị quyết ĐHĐCĐ chấp thuận việc chuyển nhượng; (3) Sổ đăng ký cổ đông cập nhật; (4) Giấy tờ pháp lý của bên nhận chuyển nhượng. Nếu người nhận chuyển nhượng sở hữu từ 5% vốn điều lệ trở lên, cần thông báo thay đổi cổ đông sở hữu từ 5% vốn điều lệ trở lên.","Điều 120 Luật Doanh nghiệp 2020
Điều 127 Luật Doanh nghiệp 2020",59-2020-QH14:d120;59-2020-QH14:d127
174,"Loại 4: Người đại diện pháp luật - Điều kiện, thay đổi, trách nhiệm","anh chị cho em hỏi, em làm hs thay đổi đại diện pháp luật cty tnhh 2 thành viên thì ai ký các giấy tờ sau ạ
giấy ủy quyền làm hs
quyết định thay đổi địa diện pháp luật
phần cuối chổ ký giấy thì em để chức danh là chủ tịch hội đồng thành viên đúng không ạ","Theo Điều 12, Điều 55 Luật Doanh nghiệp 2020 về người đại diện theo pháp luật và cơ cấu tổ chức công ty TNHH 2TV trở lên: (1) Giấy ủy quyền làm hồ sơ: do người đại diện theo pháp luật đương nhiệm ký (hoặc Chủ tịch HĐTV nếu ĐDPL đã từ nhiệm); (2) Quyết định thay đổi ĐDPL: do Chủ tịch Hội đồng thành viên ký trên cơ sở Nghị quyết/Biên bản họp HĐTV; (3) Phần ký tên cuối các giấy tờ: ghi chức danh ""Chủ tịch Hội đồng thành viên"" là đúng. Lưu ý: Thông báo thay đổi (Mẫu 12) cần người ĐDPL mới ký.","Điều 12 Luật Doanh nghiệp 2020
Điều 55 Luật Doanh nghiệp 2020",59-2020-QH14:d12;59-2020-QH14:d55
175,"Loại 1: Thành lập doanh nghiệp - Thủ tục, điều kiện, hồ sơ thành lập","Em phát hiện ra nộp sai địa chỉ khi đăng ký hồ sơ. Giờ em phải huỷ nộp lại hay em có sửa được hs ko ạ. Cứu em
Em phát hiện ra nộp sai địa chỉ khi đăng ký hồ sơ. Giờ em phải huỷ nộp lại hay em có sửa được hs ko ạ. Cứu em","Theo quy trình đăng ký doanh nghiệp qua mạng theo Luật Doanh nghiệp 2020 và Nghị định 168/2025/NĐ-CP, nếu phát hiện nộp sai địa chỉ trước khi hồ sơ được duyệt: (1) Có thể rút/hủy hồ sơ đã nộp trên Cổng thông tin quốc gia về đăng ký doanh nghiệp và nộp lại hồ sơ mới với địa chỉ đúng; (2) Hoặc đợi cơ quan đăng ký kinh doanh trả hồ sơ yêu cầu bổ sung/sửa đổi, sau đó nộp bổ sung với địa chỉ đúng. Nên chủ động rút hồ sơ và nộp lại để tiết kiệm thời gian.","Điều 26 Luật Doanh nghiệp 2020
Điều 30 Luật Doanh nghiệp 2020",59-2020-QH14:d26;59-2020-QH14:d30
176,"Loại 6: Giải thể & Phá sản - Thủ tục, thanh toán nợ, tạm ngưng","Công ty mình thành lập 2019. Sau đó tạm ngưng tới giờ và mình ko biết hiên tại như thế nào. Chưa có phát sinh chứng từ.
Mình kiểm tra thì báo là Ko có hoạt động tại nơi đăng ký.
Giờ mình muốn cho hoạt động lại được ko ạ. Hay giải thể và lập giấy phép kinh doanh mới ạ.
Nhờ các bạn tư vấn giúp . Mình ở hcm.","Theo Điều 206, 207, 209 Luật Doanh nghiệp 2020 về tạm ngừng và giải thể doanh nghiệp: Nếu công ty bị đưa vào trạng thái ""không hoạt động tại nơi đăng ký"", cần kiểm tra trên Cổng thông tin quốc gia về đăng ký doanh nghiệp tình trạng pháp lý hiện tại. Có thể: (1) Nếu muốn hoạt động lại: làm thủ tục thông báo hoạt động trở lại theo Điều 206 và giải quyết các nghĩa vụ thuế còn tồn đọng; (2) Nếu muốn giải thể: làm thủ tục giải thể theo Điều 207-209 (quyết toán thuế, thanh lý nợ, nộp hồ sơ giải thể). Trường hợp chưa phát sinh chứng từ, thủ tục thường đơn giản hơn.","Điều 206 Luật Doanh nghiệp 2020
Điều 207 Luật Doanh nghiệp 2020
Điều 209 Luật Doanh nghiệp 2020",59-2020-QH14:d206;59-2020-QH14:d207;59-2020-QH14:d209
178,"Loại 1: Thành lập doanh nghiệp - Thủ tục, điều kiện, hồ sơ thành lập","Em muốn thành lập công ty con, công ty mẹ là CTCP, muốn góp 100% vốn chủ sở hữu vào công ty con. Vậy hồ sơ cần những gì ạ?","Theo Điều 45, 46, 79 Luật Doanh nghiệp 2020 về công ty TNHH một thành viên do tổ chức làm chủ sở hữu, khi CTCP (công ty mẹ) góp 100% vốn thành lập công ty con (công ty TNHH 1TV), hồ sơ cần: (1) Giấy đề nghị đăng ký doanh nghiệp (Mẫu 01 cho TNHH 1TV); (2) Điều lệ công ty con; (3) Bản sao Giấy CNĐKDN của công ty mẹ; (4) Quyết định của HĐQT/ĐHĐCĐ công ty mẹ về việc thành lập công ty con; (5) Văn bản cử người đại diện theo ủy quyền quản lý phần vốn góp; (6) Giấy tờ pháp lý của người được cử làm người đại diện theo ủy quyền và người ĐDPL của công ty con.","Điều 45 Luật Doanh nghiệp 2020
Điều 46 Luật Doanh nghiệp 2020
Điều 79 Luật Doanh nghiệp 2020",59-2020-QH14:d45;59-2020-QH14:d46;59-2020-QH14:d79
185,"Loại 9: Chuyển nhượng vốn/cổ phần - Mua bán, thừa kế",Cho em hỏi thủ tục chuyển nhượng cổ phần của công ty cổ phần thì có cần làm gì thay đổi trên trang đăng ký kinh doanh không ạ. Hay chỉ làm 1 bộ hồ sơ chuyển nhượng rồi gửi qua cơ quan thuế để nộp thuế thôi ạ.,"Theo Điều 127 Luật Doanh nghiệp 2020 về chuyển nhượng cổ phần CTCP: (1) Việc chuyển nhượng cổ phần được ghi nhận trong sổ đăng ký cổ đông của công ty, không cần thông báo với cơ quan đăng ký kinh doanh trong hầu hết trường hợp; (2) CHỈ cần thông báo thay đổi với Phòng ĐKKD khi người nhận chuyển nhượng trở thành cổ đông sở hữu từ 5% vốn điều lệ trở lên (theo khoản 1 Điều 32); (3) Về thuế: cần kê khai thuế thu nhập cá nhân (nếu có lãi) với cơ quan thuế theo quy định. Vậy tùy tỷ lệ cổ phần chuyển nhượng mà có cần thông báo ĐKKD hay không.","Điều 127 Luật Doanh nghiệp 2020
Điều 32 Luật Doanh nghiệp 2020",59-2020-QH14:d127;59-2020-QH14:d32
190,"Loại 2: Loại hình doanh nghiệp - TNHH, Cổ phần, Hợp danh, DNTN","Dạ chào anh chị em đang muốn tư vấn thành lập doanh nghiệp hoạt động trong lĩnh vực tư vấn , đào tạo - sản phẩm giáo dục
- em đang muốn được tư vấn về loại hình doanh nghiệp phù hợp : cho hoạt động hiện tại và cho việc có thêm các nhà đầu tư và chuyển đổi thành công ty cổ phần
- tư vấn về việc thực hiện sổ sách kế toán nội bộ , kê khai thuế
Anh chị nào có kinh nghiệp trong việc thành lập doanh nghiệp và hỗ trợ cho các startup thì để lại thông tin em chủ động liên hệ ạ","Theo Điều 26-29 Luật Doanh nghiệp 2020, để thuận tiện cho việc huy động vốn từ nhà đầu tư và chuyển đổi thành công ty cổ phần sau này, nên cân nhắc: (1) Thành lập công ty TNHH 2TV trở lên - dễ dàng thêm thành viên mới, có thể chuyển đổi sang CTCP theo Điều 202; (2) Hoặc thành lập trực tiếp CTCP - linh hoạt trong huy động vốn qua phát hành cổ phần. CTCP phù hợp hơn cho startup có kế hoạch gọi vốn. Lưu ý: Lĩnh vực đào tạo có thể là ngành nghề kinh doanh có điều kiện (Điều 7).","Điều 26 Luật Doanh nghiệp 2020
Điều 27 Luật Doanh nghiệp 2020
Điều 28 Luật Doanh nghiệp 2020
Điều 29 Luật Doanh nghiệp 2020
Điều 202 Luật Doanh nghiệp 2020",59-2020-QH14:d202;59-2020-QH14:d26;59-2020-QH14:d27;59-2020-QH14:d28;59-2020-QH14:d29
196,"Loại 9: Chuyển nhượng vốn/cổ phần - Mua bán, thừa kế","Anh chị cho e hỏi công ty TNHH 2 thành viên gồm 4 thành viên góp vốn:
Hiện 1 thành viên chuyển 100% vốn góp của mình trong công ty cho 1 thành viên còn lại thì hồ sơ sẽ áp dụng theo quy định khoản 2 Điều 45 Nghị định 68 đúng không ạ?
Đồng thời em muốn đổi tên công ty có làm cùng trong một dịch vụ được không ạ?
Em cảm ơn!","Theo Điều 51, 52 Luật Doanh nghiệp 2020 về chuyển nhượng phần vốn góp trong công ty TNHH 2TV trở lên, khi 1 thành viên chuyển 100% vốn góp cho thành viên khác (còn lại 3 thành viên), cần: (1) Thông báo thay đổi nội dung ĐKDN về thay đổi thành viên (Mẫu 12); (2) Hợp đồng chuyển nhượng phần vốn góp; (3) Danh sách thành viên sau chuyển nhượng. Có thể làm đồng thời với thủ tục đổi tên công ty (Điều 37, 38) trong cùng một bộ hồ sơ, ghi cả hai nội dung thay đổi vào Thông báo (Mẫu 12).","Điều 51 Luật Doanh nghiệp 2020
Điều 52 Luật Doanh nghiệp 2020
Điều 37 Luật Doanh nghiệp 2020",59-2020-QH14:d37;59-2020-QH14:d51;59-2020-QH14:d52
200,"Loại 2: Loại hình doanh nghiệp - TNHH, Cổ phần, Hợp danh, DNTN","Chào mọi người. Mình chuyển đổi loại hình doanh nghiệp, lúc trước mình chưa cập nhật địa chỉ trụ sở với NĐDPL nên sẵn hồ sơ này mình cập nhật luôn
Tuy nhiên, chuyên viên yêu cầu bỏ mẫu 12B, nếu như vậy thì giấy phép mới có hiển thị địa chỉ mới không hay còn địa chỉ cũ. Mình nộp ở Hải Phòng ạ","Theo Điều 199-203 Luật Doanh nghiệp 2020 về chuyển đổi loại hình doanh nghiệp, khi chuyển đổi loại hình đồng thời thay đổi địa chỉ trụ sở và NĐDPL, thông thường cần ghi tất cả nội dung thay đổi vào hồ sơ chuyển đổi. Nếu chuyên viên yêu cầu bỏ mẫu 12B (cập nhật thông tin), Giấy CNĐKDN mới sau chuyển đổi sẽ hiển thị địa chỉ theo hồ sơ chuyển đổi (Mẫu 03 - Giấy đề nghị ĐKDN). Nếu địa chỉ cũ, cần nộp thêm hồ sơ thay đổi địa chỉ sau khi chuyển đổi hoặc hỏi lại chuyên viên về cách ghi địa chỉ mới trong hồ sơ chuyển đổi.","Điều 199 Luật Doanh nghiệp 2020
Điều 202 Luật Doanh nghiệp 2020
Điều 203 Luật Doanh nghiệp 2020",59-2020-QH14:d199;59-2020-QH14:d202;59-2020-QH14:d203
212,"Loại 4: Người đại diện pháp luật - Điều kiện, thay đổi, trách nhiệm","Em chào anh chị ạ, em nộp hồ sơ thay đổi người đại diện pháp luật cho công ty TNHH.
Công ty đó có chủ sở hữu cũng là người đại diện pháp luật hiện tại, vậy Giấy đề nghị thay đổi người đại diện PL và giấy ủy quyền thực hiện công việc sẽ do ai ký ạ.
Em đang để Chủ sở hữu ký thì bị từ chối ạ.
Em cám ơn ạ","Theo Điều 12, 80 Luật Doanh nghiệp 2020 về thay đổi người đại diện theo pháp luật công ty TNHH 1TV, người ký hồ sơ phải là người đại diện theo pháp luật HIỆN TẠI (chính là CSH kiêm NĐDPL). Nếu bị từ chối, có thể do: (1) Thiếu chữ ký số của NĐDPL hiện tại; (2) Hồ sơ chưa đúng mẫu; (3) Cần bổ sung quyết định của CSH về việc thay đổi NĐDPL. Bạn nên kiểm tra lại lý do từ chối cụ thể.","Điều 12 Luật Doanh nghiệp 2020
Điều 80 Luật Doanh nghiệp 2020",59-2020-QH14:d12;59-2020-QH14:d80
215,"Loại 4: Người đại diện pháp luật - Điều kiện, thay đổi, trách nhiệm","Anh chị cho em hỏi công ty cổ phần thay đổi người đại diện theo pháp luật đồng thời thông báo nội dụng đăng ký doanh nghiệp Anh chị xem giúp em thẩm quyền ký đúng không ạ
1.Mẫu 12 Giấy đề nghị thông báo thay đổi nội dung đăng ký doanh nghiệp : Do người đại diện theo pháp luật cũ ký
2.Mẫu 13 thay đổi người đại diện : Do","Theo Điều 12, 155 Luật Doanh nghiệp 2020 về thay đổi NĐDPL công ty cổ phần, thẩm quyền ký đúng như sau: (1) Mẫu 12 - Do NĐDPL CŨ ký (đúng); (2) Mẫu 13 thay đổi NĐDPL - Cũng do NĐDPL CŨ ký; (3) Biên bản họp ĐHĐCĐ/HĐQT về thay đổi NĐDPL - do Chủ tọa và Thư ký ký; (4) Quyết định của ĐHĐCĐ/HĐQT - do Chủ tịch HĐQT ký. NĐDPL mới chỉ có thẩm quyền ký sau khi được cấp ĐKKD mới.","Điều 12 Luật Doanh nghiệp 2020
Điều 155 Luật Doanh nghiệp 2020",59-2020-QH14:d12;59-2020-QH14:d155
217,"Loại 3: Vốn điều lệ - Góp vốn, tăng/giảm vốn, vốn pháp định","Mn cho e hỏi góp vốn bằng tài sản (ô tô) thì cần nộp giấy tờ gì ạ
Mn cho e hỏi góp vốn bằng tài sản (ô tô) thì cần nộp giấy tờ gì ạ","Theo Điều 34, 35, 47 Luật Doanh nghiệp 2020 về góp vốn bằng tài sản, khi góp vốn bằng ô tô cần: (1) Biên bản định giá tài sản góp vốn (do các thành viên/cổ đông hoặc tổ chức thẩm định giá độc lập lập); (2) Biên bản giao nhận tài sản góp vốn; (3) Giấy đăng ký xe (đăng ký đổi tên chủ sở hữu sang công ty); (4) Hợp đồng góp vốn bằng tài sản. Nếu góp khi thành lập, các giấy tờ này cần hoàn tất trong 90 ngày kể từ ngày được cấp ĐKKD.","Điều 34 Luật Doanh nghiệp 2020
Điều 35 Luật Doanh nghiệp 2020
Điều 47 Luật Doanh nghiệp 2020",59-2020-QH14:d34;59-2020-QH14:d35;59-2020-QH14:d47
219,"Loại 6: Giải thể & Phá sản - Thủ tục, thanh toán nợ, tạm ngưng","Mình thành lập công ty 8 năm nay nhưng cty k hdong k đóng thuế, giờ muốn đóng cty thủ tục thế nào có bị phạt k?
Mình thành lập công ty 8 năm nay nhưng cty k hdong k đóng thuế, giờ muốn đóng cty thủ tục thế nào có bị phạt k?","Theo Điều 207, 208, 209 Luật Doanh nghiệp 2020 về giải thể doanh nghiệp, để giải thể công ty không hoạt động 8 năm, bạn cần: (1) Quyết toán thuế với cơ quan thuế - sẽ bị phạt vi phạm hành chính về không kê khai, không nộp báo cáo thuế; (2) Hoàn tất nghĩa vụ với các bên liên quan; (3) Nộp hồ sơ giải thể tại Sở ĐKKD. Mức phạt phụ thuộc vào số năm vi phạm và loại vi phạm cụ thể. Nên liên hệ cơ quan thuế để xác định mức phạt cụ thể trước.","Điều 207 Luật Doanh nghiệp 2020
Điều 208 Luật Doanh nghiệp 2020
Điều 209 Luật Doanh nghiệp 2020",59-2020-QH14:d207;59-2020-QH14:d208;59-2020-QH14:d209
220,"Loại 2: Loại hình doanh nghiệp - TNHH, Cổ phần, Hợp danh, DNTN","Mọi người cho e hỏi là e muốn chuyển đổi từ cty 1tv thành cty 2tv, thành viên mới sẽ góp thêm vốn bằng tài sản thì cần làm mấy bộ hồ sơ và thành phần hồ sơ như thế nào ạ. Em cảm ơn
Mọi người cho e hỏi là e muốn chuyển đổi từ cty 1tv thành cty 2tv, thành viên mới sẽ góp thêm vốn bằng tài sản thì cần làm mấy bộ hồ sơ và thành phần hồ sơ như thế nào ạ. Em cảm ơn","Theo Điều 202, 34, 35 Luật Doanh nghiệp 2020 về chuyển đổi TNHH 1TV thành TNHH 2TV với góp vốn bằng tài sản, chỉ cần 1 bộ hồ sơ gồm: (1) Giấy đề nghị đăng ký DN (Mẫu); (2) Điều lệ công ty mới; (3) Danh sách thành viên; (4) Bản sao CCCD thành viên mới; (5) Hợp đồng chuyển nhượng/góp vốn; (6) Biên bản định giá tài sản góp vốn (phải được các thành viên nhất trí hoặc tổ chức định giá độc lập thực hiện); (7) Văn bản chứng minh quyền sở hữu tài sản.","Điều 202 Luật Doanh nghiệp 2020
Điều 34 Luật Doanh nghiệp 2020
Điều 35 Luật Doanh nghiệp 2020",59-2020-QH14:d202;59-2020-QH14:d34;59-2020-QH14:d35
222,"Loại 4: Người đại diện pháp luật - Điều kiện, thay đổi, trách nhiệm","Thay đổi người đại diện pl cty cổ phần thì ds chủ sở hữu hg lợi người đại diên pl mới hay cũ ký. E thấy thông báo bổ sung chỉ ghi người đại diệp pl. Trường hợp đổi đại diện pl ủy quyền ai ký (chủ tịch, đại diện pl cũ mới ?). Hồ sơ e ở hồ chí minh","Theo Điều 12, 155 Luật Doanh nghiệp 2020 về thay đổi NĐDPL công ty cổ phần: (1) DS Chủ sở hữu hưởng lợi - do NĐDPL CŨ ký vì đây là thời điểm trước khi thay đổi có hiệu lực; (2) Giấy ủy quyền nộp hồ sơ - do NĐDPL CŨ ký; (3) Thông báo thay đổi NĐDPL - do NĐDPL CŨ ký. Chủ tịch HĐQT ký trên Biên bản họp và Quyết định của HĐQT/ĐHĐCĐ. NĐDPL mới chỉ có thẩm quyền sau khi hồ sơ được chấp thuận.","Điều 12 Luật Doanh nghiệp 2020
Điều 155 Luật Doanh nghiệp 2020",59-2020-QH14:d12;59-2020-QH14:d155
223,"Loại 9: Chuyển nhượng vốn/cổ phần - Mua bán, thừa kế","Cho e hỏi ah. Cty cổ phần có thay đổi cổ đông sáng lập chuyển nhượng thoái hoá vốn. Vậy e cập nhật lại thông tin cổ đông mới và địa chỉ do thay đổi địa giới các cổ đông cũ trên khối dữ liệu và nhập ở mẫu 12 b đúng ko ah
E cảm ơn","Theo Điều 127, 32 Luật Doanh nghiệp 2020 về chuyển nhượng cổ phần CTCP, khi thay đổi cổ đông sáng lập: (1) Dùng Mẫu 12b để cập nhật thông tin cổ đông trong khối dữ liệu - đúng; (2) Cần bổ sung: Thông báo thay đổi thông tin cổ đông sáng lập, Hợp đồng chuyển nhượng cổ phần, Biên bản họp ĐHĐCĐ (nếu cổ đông sáng lập chuyển nhượng trong 3 năm đầu); (3) Nếu cổ đông mới sở hữu từ 5% vốn trở lên, cần thông báo bổ sung theo Điều 32.","Điều 127 Luật Doanh nghiệp 2020
Điều 32 Luật Doanh nghiệp 2020",59-2020-QH14:d127;59-2020-QH14:d32
224,"Loại 3: Vốn điều lệ - Góp vốn, tăng/giảm vốn, vốn pháp định","Chào mn, công ty TNHH MTV A có chủ sở hữu là cty nước ngoài B (cũng TNHH MTV). Bây giờ em cần làm thủ tục tăng vốn do CSH góp vốn thêm thì em đang vướng mắc 1 số nd:
Bảng kê DS CSH hưởng lợi điền cá nhân CSH công ty nước ngoài B đúng ko ạ
Văn bản Quyết định CSH cũng do CSH công ty nước ngoài B ký và đóng dấu cty B phải ko ạ
Mong được anh chị giải đáp, em cảm ơn ạ","Theo Điều 68, 79 Luật Doanh nghiệp 2020 về tăng vốn công ty TNHH MTV do tổ chức làm CSH: (1) Bảng kê DS CSH hưởng lợi - phải kê khai đến cá nhân cuối cùng sở hữu trên 10% vốn của công ty B (xuyên suốt chuỗi sở hữu), không chỉ điền CSH trực tiếp của B; (2) Quyết định CSH - do người đại diện theo ủy quyền của công ty B ký và đóng dấu công ty B (đúng). Cần kèm theo giấy ủy quyền từ công ty B.","Điều 68 Luật Doanh nghiệp 2020
Điều 79 Luật Doanh nghiệp 2020",59-2020-QH14:d68;59-2020-QH14:d79
226,"Loại 7: Thay đổi ĐKKD - Địa chỉ, tên, ngành nghề","Dạ anh chị cho e hỏi, e đang làm thủ tục cấp lại GPKD do có thay đổi địa chỉ.
Vậy sau khi cấp thành công, thì em cần làm gì tiếp theo ạ. ( Ví dụ như có làm Thông báo để ban hành nội bộ và Khách hàng không, nếu có thì theo mẫu nào, có cần đổi con dấu công ty liền luôn không...)
Nhờ anh chị hỗ trợ giải đáp giúp em với nhé
Em cảm ơn cả nhà ạ","Theo Điều 42, 43 Luật Doanh nghiệp 2020 về thay đổi địa chỉ trụ sở, sau khi được cấp ĐKKD mới: (1) Về con dấu: Theo LDN 2020, con dấu không bắt buộc phải có địa chỉ nên không cần đổi con dấu; (2) Cập nhật với cơ quan thuế về địa chỉ mới; (3) Thông báo cho ngân hàng, đối tác, khách hàng - đây là việc nội bộ, không có mẫu bắt buộc, công ty tự soạn văn bản thông báo; (4) Cập nhật hóa đơn nếu đang sử dụng hóa đơn giấy có in địa chỉ.","Điều 42 Luật Doanh nghiệp 2020
Điều 43 Luật Doanh nghiệp 2020",59-2020-QH14:d42;59-2020-QH14:d43
227,"Loại 9: Chuyển nhượng vốn/cổ phần - Mua bán, thừa kế","Chào anh/chị
Mình muốn hỏi nếu như A chuyển nhượng phần vốn góp cho B (để công ty 1tv thành 2tv, giữ nguyên vốn điều lệ) thì B phải chuyển tiền cho A hay phải chuyển vào tài khoản công ty vậy ạ. Nếu như sử dụng tiền mặt thì sẽ thực hiện như thế nào
Mong nhận được sự giải đáp từ các thành viên trong nhóm. Em xin cảm ơn","Theo Điều 51, 52 Luật Doanh nghiệp 2020 về chuyển nhượng phần vốn góp, khi A chuyển nhượng cho B: B phải chuyển tiền CHO A (người chuyển nhượng), KHÔNG phải chuyển vào tài khoản công ty. Đây là giao dịch giữa 2 cá nhân, công ty không liên quan đến dòng tiền này. Nếu dùng tiền mặt: lập Hợp đồng chuyển nhượng + Biên bản giao nhận tiền có ký tên cả 2 bên. Tuy nhiên, nên chuyển khoản để có chứng từ rõ ràng cho mục đích thuế TNCN.","Điều 51 Luật Doanh nghiệp 2020
Điều 52 Luật Doanh nghiệp 2020",59-2020-QH14:d51;59-2020-QH14:d52
228,"Loại 7: Thay đổi ĐKKD - Địa chỉ, tên, ngành nghề","Cho e hỏi nếu thay đổi địa điểm đăng ký doanh vs đổi tên doanh nghiệp mã số thuế có đổi k mọi người nhỉ
Cho e hỏi nếu thay đổi địa điểm đăng ký doanh vs đổi tên doanh nghiệp mã số thuế có đổi k mọi người nhỉ","Theo Điều 37, 42, 29 Luật Doanh nghiệp 2020, mã số thuế (cũng là mã số doanh nghiệp) KHÔNG thay đổi khi thay đổi địa chỉ hoặc đổi tên doanh nghiệp. Mã số doanh nghiệp được cấp 1 lần duy nhất khi thành lập và không thay đổi trong suốt quá trình hoạt động của doanh nghiệp. Chỉ có số Giấy CNĐKDN mới thay đổi (lần đăng ký thứ mấy), còn mã số vẫn giữ nguyên.","Điều 29 Luật Doanh nghiệp 2020
Điều 37 Luật Doanh nghiệp 2020
Điều 42 Luật Doanh nghiệp 2020",59-2020-QH14:d29;59-2020-QH14:d37;59-2020-QH14:d42
234,"Loại 6: Giải thể & Phá sản - Thủ tục, thanh toán nợ, tạm ngưng",Anh chị cho em hỏi em làm tạm ngưng chi nhánh công ty trong HCM thì có cần cập nhật địa chỉ công ty mẹ ở Hà Nội hay cập nhật địa chỉ chi nhánh Hồ Chí Minh trước khi tạm ngưng chi nhánh trong Hồ Chí Minh không ạ. Em cảm ơn ạ,"Theo Điều 45, 206 Luật Doanh nghiệp 2020, khi tạm ngưng chi nhánh tại HCM: (1) KHÔNG bắt buộc phải cập nhật địa chỉ công ty mẹ ở HN trước; (2) Nếu địa chỉ chi nhánh HCM có thay đổi do sáp nhập địa giới hành chính, nên cập nhật trước hoặc ghi chú trong hồ sơ. Thủ tục tạm ngưng chi nhánh nộp tại Sở ĐKKD nơi chi nhánh đặt trụ sở (HCM), không phải nơi công ty mẹ (HN). Hồ sơ cần: Thông báo tạm ngưng + Quyết định của CSH/HĐTV.","Điều 45 Luật Doanh nghiệp 2020
Điều 206 Luật Doanh nghiệp 2020",59-2020-QH14:d206;59-2020-QH14:d45
235,"Loại 4: Người đại diện pháp luật - Điều kiện, thay đổi, trách nhiệm","Mọi người cho em hỏi công ty e 1 tv giờ muốn thêm 2 người đại diện pháp luật nữa thì hồ sơ em phải soạn mẫu 13 như thế nào ạ. Là liệt kê 2 người đại diện pháp luật mới trên mẫu 13 hay nêu cả 3 người ạ.
Ai làm về trường hợp này chỉ giúp em với ạ","Theo Điều 79 Luật Doanh nghiệp 2020, công ty TNHH một thành viên có thể có nhiều người đại diện theo pháp luật và điều lệ công ty quy định số lượng, chức danh quản lý và quyền, nghĩa vụ của người đại diện theo pháp luật. Khi thêm người đại diện theo pháp luật, doanh nghiệp cần nộp hồ sơ thay đổi nội dung đăng ký doanh nghiệp, trong đó Mẫu 13 (Thông báo thay đổi người đại diện theo pháp luật) phải liệt kê đầy đủ tất cả người đại diện theo pháp luật của công ty sau khi thay đổi, bao gồm cả người cũ và người mới thêm.","Điều 79 Luật Doanh nghiệp 2020
Điều 12 Luật Doanh nghiệp 2020",59-2020-QH14:d12;59-2020-QH14:d79
238,"Loại 1: Thành lập doanh nghiệp - Thủ tục, điều kiện, hồ sơ thành lập","chào mọi người!!!
sau khi đăng ký thành lập công ty thành công, thì mình cần làm gì tiếp theo ạ, mong mọi người chỉ bảo
mong admin duyệt bài ạ.","Theo Điều 26-30 Luật Doanh nghiệp 2020, sau khi được cấp Giấy CNĐKDN, doanh nghiệp cần thực hiện: (1) Góp đủ vốn điều lệ trong 90 ngày; (2) Khắc con dấu (nếu cần) và thông báo mẫu dấu; (3) Đăng ký kê khai thuế ban đầu tại cơ quan thuế; (4) Mở tài khoản ngân hàng; (5) Đăng ký sử dụng hóa đơn điện tử; (6) Mua chữ ký số; (7) Đăng ký tham gia BHXH cho người lao động (nếu có); (8) Treo biển hiệu tại trụ sở theo quy định.","Điều 26 Luật Doanh nghiệp 2020
Điều 30 Luật Doanh nghiệp 2020
Điều 47 Luật Doanh nghiệp 2020",59-2020-QH14:d26;59-2020-QH14:d30;59-2020-QH14:d47
239,"Loại 7: Thay đổi ĐKKD - Địa chỉ, tên, ngành nghề","Mọi người cho em hỏi về việc Đăng ký mới địa điểm kinh doanh với ạ. Bên em nộp hồ sơ và có mail phản hồi chấp thuận vào ngày 24/9, nhưng đến nay e vẫn chưa nhận được Chứng nhận ĐKKD bản giấy qua đường bưu điện. Hay là bây giờ họ bỏ bản giấy ĐKKD địa điểm kinh doanh rồi ạ?","Theo Điều 31 và Điều 45 Luật Doanh nghiệp 2020, địa điểm kinh doanh là nơi doanh nghiệp tiến hành hoạt động kinh doanh cụ thể. Khi đăng ký địa điểm kinh doanh, doanh nghiệp sẽ được cấp Giấy chứng nhận đăng ký địa điểm kinh doanh. Việc cấp bản giấy hay bản điện tử phụ thuộc vào quy định của từng Phòng Đăng ký kinh doanh. Doanh nghiệp có thể liên hệ trực tiếp với Phòng ĐKKD hoặc đăng ký nhận kết quả qua bưu điện theo quy định của từng địa phương.","Điều 31 Luật Doanh nghiệp 2020
Điều 45 Luật Doanh nghiệp 2020",59-2020-QH14:d31;59-2020-QH14:d45
240,"Loại 3: Vốn điều lệ - Góp vốn, tăng/giảm vốn, vốn pháp định",Em đang làm hồ sơ giảm vốn cho cty TNHH 2 thành viên nhưng bị chuyên viên bắt về báo cáo tài chính. Anh/ chị cho em xin kinh nghiệm giảm vốn cty 2 thành viên với ạ. Em cảm ơn.,"Theo Điều 68 Luật Doanh nghiệp 2020, công ty TNHH 2 thành viên trở lên được giảm vốn điều lệ trong các trường hợp: (1) Hoàn trả vốn góp sau khi hoạt động liên tục từ 02 năm trở lên và đảm bảo thanh toán đủ các khoản nợ; (2) Mua lại phần vốn góp của thành viên theo Điều 51; (3) Vốn điều lệ không được thanh toán đầy đủ và đúng hạn theo Điều 47. Việc yêu cầu báo cáo tài chính là để chứng minh công ty đảm bảo khả năng thanh toán nợ sau khi giảm vốn. Hồ sơ cần bao gồm: Thông báo giảm vốn, Biên bản họp HĐTV, Quyết định giảm vốn, Danh sách thành viên sau giảm vốn, và chứng từ chứng minh.","Điều 68 Luật Doanh nghiệp 2020
Điều 47 Luật Doanh nghiệp 2020
Điều 51 Luật Doanh nghiệp 2020",59-2020-QH14:d47;59-2020-QH14:d51;59-2020-QH14:d68
241,"Loại 7: Thay đổi ĐKKD - Địa chỉ, tên, ngành nghề","Mọi người cho em hỏi: cty tnhh 2 tv có thể thay đổi địa chỉ, đại diện PL, thành viên góp vốn 1 lần được không ạ. Với hồ sơ là đại diện PL cũ ký hay Đại diện PL mới ký nhỉ. E chưa biết. Mong cả nhà giúp đỡ ạ.","Theo Điều 31 Luật Doanh nghiệp 2020, doanh nghiệp có thể thay đổi nhiều nội dung đăng ký doanh nghiệp trong cùng một hồ sơ. Với công ty TNHH 2TV, khi thay đổi địa chỉ, người ĐDPL và thành viên góp vốn cùng lúc, hồ sơ cần có: Thông báo thay đổi (Mẫu), Biên bản họp HĐTV, Quyết định của HĐTV, Danh sách thành viên mới. Về thẩm quyền ký: Người ĐDPL cũ ký các văn bản liên quan đến việc thay đổi người ĐDPL, còn các nội dung khác do người có thẩm quyền theo điều lệ ký (thường là Chủ tịch HĐTV).","Điều 31 Luật Doanh nghiệp 2020
Điều 55 Luật Doanh nghiệp 2020
Điều 12 Luật Doanh nghiệp 2020",59-2020-QH14:d12;59-2020-QH14:d31;59-2020-QH14:d55
242,"Loại 9: Chuyển nhượng vốn/cổ phần - Mua bán, thừa kế","Mọi người cho e hỏi là có thể thay đổi chủ sở hữu và người đại diện pháp luật công ty tnhh 1 thành viên vào chung 1 lần được không ạ
Mọi người cho e hỏi là có thể thay đổi chủ sở hữu và người đại diện pháp luật công ty tnhh 1 thành viên vào chung 1 lần được không ạ","Theo Điều 31 Luật Doanh nghiệp 2020, doanh nghiệp có thể thay đổi nhiều nội dung đăng ký doanh nghiệp trong cùng một hồ sơ. Với công ty TNHH 1TV, việc thay đổi chủ sở hữu và người ĐDPL có thể thực hiện cùng lúc. Khi thay đổi chủ sở hữu, cần có Hợp đồng chuyển nhượng vốn góp hoặc văn bản xác nhận việc chuyển nhượng theo Điều 76 LDN 2020. Hồ sơ bao gồm: Thông báo thay đổi, Quyết định của chủ sở hữu cũ về việc chuyển nhượng, Hợp đồng chuyển nhượng, Điều lệ công ty sửa đổi.","Điều 31 Luật Doanh nghiệp 2020
Điều 76 Luật Doanh nghiệp 2020
Điều 79 Luật Doanh nghiệp 2020",59-2020-QH14:d31;59-2020-QH14:d76;59-2020-QH14:d79
243,"Loại 9: Chuyển nhượng vốn/cổ phần - Mua bán, thừa kế","Các bác cho em hỏi, Cty tnhh 2 tv, ông A chuyển nhượng vốn cho ông B (không làm tăng vốn điều lệ - chuyển nhượng ngang giá); thì giữa ông A và B cần làm thủ tục gì để chứng minh đã thanh toán đầy đủ; ông A và B giao dịch tiền mặt có được không ạ
Ông A có phải đi kê khai thuế TNCN không các Bác","Theo Điều 52 Luật Doanh nghiệp 2020, thành viên công ty TNHH 2TV trở lên có quyền chuyển nhượng một phần hoặc toàn bộ phần vốn góp của mình cho người khác. Việc chuyển nhượng cần lập Hợp đồng chuyển nhượng vốn góp, trong đó ghi rõ giá chuyển nhượng và phương thức thanh toán. Để chứng minh đã thanh toán, các bên cần có: Biên bản giao nhận tiền (nếu tiền mặt) hoặc chứng từ chuyển khoản (nếu qua ngân hàng). Giao dịch tiền mặt được phép nhưng cần có biên bản xác nhận. Về thuế TNCN, người chuyển nhượng phải kê khai và nộp thuế TNCN từ chuyển nhượng vốn (thuộc quy định thuế, không phải LDN).","Điều 52 Luật Doanh nghiệp 2020
Điều 53 Luật Doanh nghiệp 2020",59-2020-QH14:d52;59-2020-QH14:d53
245,"Loại 2: Loại hình doanh nghiệp - TNHH, Cổ phần, Hợp danh, DNTN","Mọi người cho e hỏi chút thành lập công ty cổ phần mà có 2 công ty TNHH góp vốn vào và 2 cá nhân góp vốn vào thì có được không ạ.
- Và phải làm 2 làm văn bản uỷ quyền thông tin về đại diện tổ chức là 2 công ty góp vốn vào cho 1 cá nhân làm người đại diện pháp luật phải không ạ???","Theo Điều 111 Luật Doanh nghiệp 2020, công ty cổ phần có cổ đông có thể là tổ chức hoặc cá nhân, số lượng cổ đông tối thiểu là 03 và không hạn chế số lượng tối đa. Do đó, việc thành lập công ty cổ phần với 2 công ty TNHH và 2 cá nhân làm cổ đông sáng lập là hoàn toàn hợp pháp (đủ 4 cổ đông). Với cổ đông là tổ chức, theo Điều 137 LDN 2020, tổ chức phải cử người đại diện theo ủy quyền để thực hiện quyền và nghĩa vụ của cổ đông. Cần làm văn bản ủy quyền cho mỗi công ty TNHH, cử người đại diện của tổ chức đó.","Điều 111 Luật Doanh nghiệp 2020
Điều 137 Luật Doanh nghiệp 2020",59-2020-QH14:d111;59-2020-QH14:d137
246,"Loại 3: Vốn điều lệ - Góp vốn, tăng/giảm vốn, vốn pháp định","Các ac trong nhóm cho em hỏi: em mới thành lập công ty tnhh 2 thành viên ngày 1/8, lúc đăng ký vốn điều lệ là 10 tỷ, nhưng đến nay mới nộp vào tài khoản được 1 tỷ. Vậy số vốn còn lại thì sẽ xử lý ntn ạ, có bắt buộc phải góp đủ luôn k ạ hay phải làm thủ tục giảm vốn điều lệ ạ. Em cảm ơn mọi người","Theo Điều 47, 68 Luật Doanh nghiệp 2020, thành viên công ty TNHH 2TV phải góp vốn đầy đủ trong 90 ngày kể từ ngày được cấp ĐKKD. Nếu không góp đủ trong thời hạn: (1) Thành viên chưa góp đủ phải chịu trách nhiệm tương ứng với phần vốn đã cam kết; (2) Công ty PHẢI đăng ký thay đổi (giảm) vốn điều lệ bằng với số vốn thực góp trong 30 ngày kể từ ngày hết thời hạn 90 ngày. Nếu đã quá hạn 90 ngày và chưa góp đủ, bạn cần làm thủ tục giảm vốn điều lệ về 1 tỷ (số vốn thực góp).","Điều 47 Luật Doanh nghiệp 2020
Điều 68 Luật Doanh nghiệp 2020",59-2020-QH14:d47;59-2020-QH14:d68
247,"Loại 7: Thay đổi ĐKKD - Địa chỉ, tên, ngành nghề",Em muốn cập nhật địa chỉ hành chính mới cho ĐỊA ĐIỂM KINH DOANH. Nhưng lại ko biết Mst của địa điểm kinh doanh hoặc mã số nội bộ. Để nhập lên trang đăng ký dn. Em phải tìm mã này ở đâu ạ? Nhờ mng chỉ giúp,"Theo Điều 44, 45 Luật Doanh nghiệp 2020, địa điểm kinh doanh được cấp mã số riêng. Để tìm mã số địa điểm kinh doanh, bạn có thể: (1) Tra cứu trên Cổng thông tin quốc gia về đăng ký doanh nghiệp (dangkykinhdoanh.gov.vn) theo MST công ty mẹ; (2) Xem Giấy chứng nhận đăng ký hoạt động địa điểm kinh doanh đã được cấp; (3) Liên hệ Phòng ĐKKD nơi công ty đặt trụ sở. Mã số địa điểm kinh doanh thường là MST công ty + số thứ tự (ví dụ: 0123456789-001).","Điều 44 Luật Doanh nghiệp 2020
Điều 45 Luật Doanh nghiệp 2020",59-2020-QH14:d44;59-2020-QH14:d45
248,"Loại 7: Thay đổi ĐKKD - Địa chỉ, tên, ngành nghề","Chào các ace nhóm mình cho em hỏi? em đang nộp thông báo thay đổi địa chỉ theo địa giới hành chính xong Lần 1 được cấp lại ĐKKD rồi nhưng trong đkkd chỉ thay đổi địa chỉ nhận TB thuế, địa chỉ trụ sở chính, địa chỉ của Giám đốc, nhưng địa chỉ của chủ sở hữu hưởng lợi có 2 ng thì lại ko đổi, em làm tiếp hồ sơ thay đổi địa chỉ của csh hưởng lợi thì lần 3 rồi vẫn bị sai và nhận đc thông báo điều chỉnh như sau ""Phòng Đăng ký kinh doanh đề nghị Quý Doanh nghiệp những nội dung cần sửa đổi, bổ sung trong hồ sơ và lý do sửa đổi, bổ sung như sau: Hồ sơ doanh nghiệp nộp lại chưa hợp lệ, đề nghị doanh nghiệp chỉ nộp trong hồ sơ 01 Giấy đề nghị hợp lệ và kê khai chính xác thẩm quyền ký là người đại diện theo pháp luật. Doanh nghiệp lưu ý: Khi thực hiện sửa đổi, bổ sung hồ sơ đăng ký qua Cổng thông tin quốc gia về đăng ký doanh nghiệp, đề nghị doanh nghiệp thực hiện các bước sau: - Bước 1: Sửa đổi hồ sơ bản giấy theo hướng dẫn; - Bước 2: Nhập lại thống nhất các thông tin trên Cổng thông tin đăng ký doanh nghiệp Quốc gia theo nội dung doanh nghiệp đã sửa đổi, bổ sung; - Bước 3: Đính kèm lại toàn bộ hồ sơ đã được sửa đổi (định dạng PDF) và gỡ bỏ tài liệu chưa hợp lệ đã nộp trước đó"" em gọi điện lên sở TC nhờ hướng dẫn không đc, mà e không biết sửa như nào, có ace nào vào hỗ trợ em với. em cảm ơn mn ạ.","Theo Điều 31, 42, 43 Luật Doanh nghiệp 2020, khi thay đổi địa chỉ theo địa giới hành chính, cần thực hiện: (1) Sử dụng đúng mẫu Giấy đề nghị đăng ký thay đổi (không dùng mẫu thông báo); (2) Người ký phải là người đại diện theo pháp luật; (3) Nếu cần thay đổi thông tin chủ sở hữu hưởng lợi, phải kê khai đầy đủ trong phần thay đổi thông tin người quản lý. Đối với trường hợp bị trả hồ sơ nhiều lần, nên: liên hệ trực tiếp Phòng ĐKKD để được hướng dẫn cụ thể, hoặc nhờ đơn vị dịch vụ hỗ trợ.","Điều 31 Luật Doanh nghiệp 2020
Điều 42 Luật Doanh nghiệp 2020
Điều 43 Luật Doanh nghiệp 2020",59-2020-QH14:d31;59-2020-QH14:d42;59-2020-QH14:d43
251,"Loại 3: Vốn điều lệ - Góp vốn, tăng/giảm vốn, vốn pháp định","Mọi người cho em hỏi trường hợp công ty 1 thành viên 100% vốn đầu tư nước ngoài, chưa hết 90 ngày kể từ ngày cấp giấy chứng nhận đầu tư thì có làm giảm vốn điều lệ dk ko ạ? Do e muốn giảm vốn trên IRC mà nghe bảo phải giảm trên ERC trước","Theo Điều 47, 68 Luật Doanh nghiệp 2020, thành viên phải góp vốn đầy đủ trong 90 ngày kể từ ngày được cấp ĐKKD (ERC). Trong thời hạn 90 ngày này, nếu không góp đủ thì công ty PHẢI điều chỉnh giảm vốn điều lệ bằng giá trị thực góp trong 30 ngày tiếp theo. Đối với công ty có vốn FDI: (1) Phải giảm vốn trên ERC trước; (2) Sau đó mới điều chỉnh IRC. Quy trình: Nộp hồ sơ giảm vốn tại Phòng ĐKKD → Nhận ERC mới → Nộp hồ sơ điều chỉnh IRC tại Sở KH&ĐT.","Điều 47 Luật Doanh nghiệp 2020
Điều 68 Luật Doanh nghiệp 2020",59-2020-QH14:d47;59-2020-QH14:d68
255,,Hi ac cho em hỏi là em có nộp hồ sơ đăng kí địa điểm kinh doanh nhưng đến ngày trả kết quả thì bị báo từ chối không phải sửa đổi như mọi lần là bị sao vậy ạ,"Theo Điều 31, 44, 45 Luật Doanh nghiệp 2020, hồ sơ đăng ký địa điểm kinh doanh bị từ chối (không phải yêu cầu sửa đổi) có thể do: (1) Hồ sơ có sai sót nghiêm trọng không thể sửa; (2) Địa chỉ không hợp lệ (thuộc khu vực cấm kinh doanh, tranh chấp); (3) Thiếu giấy tờ bắt buộc; (4) Công ty mẹ đang ở trạng thái đặc biệt (tạm ngừng, giải thể...). Cách xử lý: Đọc kỹ lý do từ chối trong thông báo, khắc phục các vấn đề và nộp hồ sơ mới. Nếu không rõ lý do, liên hệ Phòng ĐKKD để được giải thích.","Điều 31 Luật Doanh nghiệp 2020
Điều 44 Luật Doanh nghiệp 2020
Điều 45 Luật Doanh nghiệp 2020",59-2020-QH14:d31;59-2020-QH14:d44;59-2020-QH14:d45
257,"Loại 1: Thành lập doanh nghiệp - Thủ tục, điều kiện, hồ sơ thành lập","Anh chị ơi em có một số lăn tăn ban đầu nhờ anh chị hỗ trợ giúp em với ạ:
1. Bản PDF trên trang đăng ký kinh doanh điện tử em thấy không có mộc nên sẽ không có giá trị pháp lý đúng không ạ?
2. Sau khi có giấy phép mình có phải khai thuế lần đầu bắt buộc trong 10 ngày không ạ?","Theo Điều 30, 32 Luật Doanh nghiệp 2020, bản điện tử (PDF) của Giấy chứng nhận ĐKDN được ký số bởi cơ quan đăng ký kinh doanh CÓ GIÁ TRỊ PHÁP LÝ tương đương bản giấy có đóng dấu. Chữ ký số thay thế cho con dấu và chữ ký tay. Bạn có thể sử dụng bản PDF này trong các giao dịch, mở tài khoản ngân hàng, ký hợp đồng... (Câu hỏi 2 về thuế thuộc Luật Quản lý thuế, không thuộc phạm vi Luật Doanh nghiệp 2020).","Điều 30 Luật Doanh nghiệp 2020
Điều 32 Luật Doanh nghiệp 2020",59-2020-QH14:d30;59-2020-QH14:d32
258,"Loại 7: Thay đổi ĐKKD - Địa chỉ, tên, ngành nghề","Chào mn, e đã làm thủ tục thay đổi ngành, nghề chính trên Cổng thông tin đăng ký doanh nghiệp và đã được chấp thuận rồi, nhưng em quên tích vào ô ""cấp Giấy xác nhận thay đổi nội dung doanh nghiệp"". Như vậy có sao không ạ? Nếu giờ em muốn xin Giấy xác nhận này thì cần làm thế nào ạ?
Em cảm ơn mn nhiều ạ","Theo Điều 28, 31, 32 Luật Doanh nghiệp 2020, thay đổi ngành nghề chính không cấp lại ĐKKD mới (vì MST và thông tin cơ bản không đổi), chỉ cấp Giấy xác nhận thay đổi nội dung ĐKDN nếu doanh nghiệp yêu cầu. Việc quên tích ô 'cấp Giấy xác nhận' KHÔNG ảnh hưởng đến hiệu lực của việc thay đổi - thông tin đã được cập nhật trên hệ thống. Nếu cần Giấy xác nhận, bạn có thể: (1) Làm công văn đề nghị cấp lại gửi Phòng ĐKKD; hoặc (2) Tra cứu và in thông tin doanh nghiệp từ Cổng thông tin quốc gia về ĐKKD.","Điều 28 Luật Doanh nghiệp 2020
Điều 31 Luật Doanh nghiệp 2020
Điều 32 Luật Doanh nghiệp 2020",59-2020-QH14:d28;59-2020-QH14:d31;59-2020-QH14:d32
260,"Loại 3: Vốn điều lệ - Góp vốn, tăng/giảm vốn, vốn pháp định","Ac ơi e cần tư vấn mở công ty mới
e đã có một công ty cổ phần đang hoạt động
E có 1 căn nhà ( trong quá trình xây dựng đã ghi nhận chi phí xây dựng căn nhà đó vào tài sản cố định của công ty cổ phần)
Giờ nếu e mở 1 công ty mới e kê căn nhà đó là tài sản của cty mới đc ko ạ e dự định dùng căn nhà đó để kinh doanh khách sạn
( sắp tới e định cho ngừng kinh doanh cty cổ phần đang hoạt động để giải thể ạ)
Ac nào rành chỉ e với ạ","Theo Điều 34, 35, 47 Luật Doanh nghiệp 2020, căn nhà đã là tài sản cố định của công ty cổ phần (A) thì KHÔNG THỂ trực tiếp kê khai là tài sản góp vốn của công ty mới (B). Vì tài sản này thuộc sở hữu pháp nhân của công ty A, không thuộc cá nhân bạn. Các phương án: (1) Công ty A bán/chuyển nhượng căn nhà cho cá nhân bạn → bạn dùng góp vốn vào công ty B; (2) Công ty A góp vốn vào công ty B bằng tài sản; (3) Hoàn thành giải thể công ty A, phân chia tài sản cho cổ đông → cổ đông góp vốn vào công ty B. Lưu ý: cần tính toán thuế TNDN, thuế TNCN khi chuyển nhượng.","Điều 34 Luật Doanh nghiệp 2020
Điều 35 Luật Doanh nghiệp 2020
Điều 47 Luật Doanh nghiệp 2020",59-2020-QH14:d34;59-2020-QH14:d35;59-2020-QH14:d47
261,"Loại 6: Giải thể & Phá sản - Thủ tục, thanh toán nợ, tạm ngưng","Công ty em bị cảnh báo không hoạt động tại địa chỉ đã đăng ký nhưng đã làm việc với thuế và cập nhật trạng thái đang hoạt động. Tuy nhiên khi vào hệ thống chỉ hiện mục giải thể và xoá tên dn, không thể nộp hồ sơ thay đổi. E liên hệ phòng đkkd thì báo phải làm công văn giải trình do trước đây phòng đkkd gửi thông báo giải trình nhưng doanh nghiệp k giải trình. Có bác nào gặp trường hợp như e chưa và cách xử lý thế nào ạ.","Theo Điều 209, 212 Luật Doanh nghiệp 2020, công ty bị cảnh báo không hoạt động tại địa chỉ đã đăng ký thuộc trường hợp bị thu hồi ĐKKD. Để khắc phục: (1) Làm công văn giải trình gửi Phòng ĐKKD, nêu lý do không giải trình trước đây và cam kết đang hoạt động; (2) Kèm theo: Hợp đồng thuê địa chỉ mới/cũ còn hiệu lực, xác nhận của cơ quan thuế về trạng thái hoạt động, ảnh chụp biển hiệu công ty tại địa chỉ; (3) Sau khi được chấp thuận, Phòng ĐKKD sẽ mở lại quyền nộp hồ sơ. Lưu ý: thời gian xử lý tùy từng Phòng ĐKKD.","Điều 209 Luật Doanh nghiệp 2020
Điều 212 Luật Doanh nghiệp 2020",59-2020-QH14:d209;59-2020-QH14:d212
263,"Loại 6: Giải thể & Phá sản - Thủ tục, thanh toán nợ, tạm ngưng","Anh/ chị cho em hỏi với ạ, em làm tạm ngừng kinh doanh cả công ty và chi nhánh thuộc công ty thì đại diện pháp luật có ký hồ sơ tạm ngừng chi nhánh được không ạ, người đứng đầu chi nhánh là người khác ạ","Theo Điều 45, 206 Luật Doanh nghiệp 2020, người đại diện theo pháp luật của công ty CÓ QUYỀN ký hồ sơ tạm ngừng hoạt động chi nhánh, kể cả khi người đứng đầu chi nhánh là người khác. Lý do: Chi nhánh là đơn vị phụ thuộc của công ty, không có tư cách pháp nhân riêng. NĐDPL công ty có thẩm quyền cao nhất trong việc quyết định các vấn đề liên quan đến chi nhánh. Người đứng đầu chi nhánh chỉ quản lý hoạt động chi nhánh theo ủy quyền, không có thẩm quyền quyết định tạm ngừng.","Điều 45 Luật Doanh nghiệp 2020
Điều 206 Luật Doanh nghiệp 2020",59-2020-QH14:d206;59-2020-QH14:d45
277,"Loại 1: Thành lập doanh nghiệp - Thủ tục, điều kiện, hồ sơ thành lập","Em cbi thành lập công ty chỉ chuyên hoàn toàn bán trên sàn TMDT, muốn tìm 1 bên dịch vụ thuế nhận kê khai thuế + hỗ trợ và hướng dẫn, định hướng về xuất hoá đơn hàng ngày (misa sẽ ký và xuất hoá đơn tự động)
Cần 1 bên có kinh nghiệm và đã làm nhiều đơn vị bán sàn TMDT.
A c inb e nhé","Theo Luật Doanh nghiệp 2020, việc thành lập công ty để bán hàng trên sàn TMĐT thực hiện theo trình tự đăng ký doanh nghiệp quy định tại Điều 26, 27 LDN 2020. Cần chuẩn bị: Giấy đề nghị đăng ký doanh nghiệp, Điều lệ công ty, Danh sách thành viên/cổ đông, Giấy tờ pháp lý của người đại diện. Về vấn đề kế toán thuế và xuất hóa đơn điện tử, không thuộc phạm vi Luật DN 2020 mà được quy định tại Luật Kế toán, Luật Quản lý thuế và Nghị định 123/2020/NĐ-CP về hóa đơn.","Điều 26 LDN 2020
Điều 27 LDN 2020
Điều 21 LDN 2020",59-2020-QH14:d21;59-2020-QH14:d26;59-2020-QH14:d27
278,Loại 11: Khác - Chưa phân loại,"Em cần tư vấn về luật doanh nghiệp đặc biệt là thuế dn
Ở bắc giang thì tốt ạ
Em cần tư vấn về luật doanh nghiệp đặc biệt là thuế dn
Ở bắc giang thì tốt ạ","Luật Doanh nghiệp 2020 quy định về: thành lập, tổ chức quản lý, tổ chức lại, giải thể và hoạt động có liên quan của doanh nghiệp (Điều 1). Các quyền của doanh nghiệp được quy định tại Điều 7, nghĩa vụ tại Điều 8. Về thuế doanh nghiệp (thuế TNDN), không thuộc phạm vi Luật DN 2020 mà được quy định tại Luật Thuế thu nhập doanh nghiệp và các văn bản hướng dẫn. Doanh nghiệp có nghĩa vụ nộp thuế đầy đủ theo quy định pháp luật về thuế (Điều 8 khoản 4 LDN 2020).","Điều 1 LDN 2020
Điều 7 LDN 2020
Điều 8 LDN 2020",59-2020-QH14:d1;59-2020-QH14:d7;59-2020-QH14:d8
279,"Loại 8: Quản trị công ty - HĐQT, ĐHĐCĐ, cổ đông, điều lệ","Cần tư vấn quản trị nội bộ doanh nghiệp HCM. Vì khá nhạy cảm nên em ẩn danh. Để lại cmt em inbox nhé
Cần tư vấn quản trị nội bộ doanh nghiệp HCM. Vì khá nhạy cảm nên em ẩn danh. Để lại cmt em inbox nhé","Để được tư vấn quản trị nội bộ doanh nghiệp, bạn có thể tham khảo các quy định về cơ cấu tổ chức quản lý doanh nghiệp trong Luật Doanh nghiệp 2020. Tùy thuộc loại hình doanh nghiệp (công ty TNHH, công ty cổ phần...), cơ cấu quản lý sẽ khác nhau. Công ty TNHH 2 thành viên trở lên có Hội đồng thành viên, Chủ tịch HĐTV, Giám đốc/TGĐ (Điều 55-64). Công ty cổ phần có Đại hội đồng cổ đông, HĐQT, Giám đốc/TGĐ, Ban kiểm soát (Điều 137-175). Bạn nên liên hệ luật sư hoặc đơn vị tư vấn pháp lý chuyên nghiệp để được hỗ trợ chi tiết.","Điều 55-64 LDN 2020 (Cty TNHH)
Điều 137-175 LDN 2020 (Cty CP)",59-2020-QH14:d137;59-2020-QH14:d138;59-2020-QH14:d139;59-2020-QH14:d140;59-2020-QH14:d141;59-2020-QH14:d142;59-2020-QH14:d143;59-2020-QH14:d144;59-2020-QH14:d145;59-2020-QH14:d146;59-2020-QH14:d147;59-2020-QH14:d148;59-2020-QH14:d149;59-2020-QH14:d150;59-2020-QH14:d151;59-2020-QH14:d152;59-2020-QH14:d153;59-2020-QH14:d154;59-2020-QH14:d155;59-2020-QH14:d156;59-2020-QH14:d157;59-2020-QH14:d158;59-2020-QH14:d159;59-2020-QH14:d160;59-2020-QH14:d161;59-2020-QH14:d162;59-2020-QH14:d163;59-2020-QH14:d164;59-2020-QH14:d165;59-2020-QH14:d166;59-2020-QH14:d167;59-2020-QH14:d168;59-2020-QH14:d169;59-2020-QH14:d170;59-2020-QH14:d171;59-2020-QH14:d172;59-2020-QH14:d173;59-2020-QH14:d174;59-2020-QH14:d175;59-2020-QH14:d55;59-2020-QH14:d56;59-2020-QH14:d57;59-2020-QH14:d58;59-2020-QH14:d59;59-2020-QH14:d60;59-2020-QH14:d61;59-2020-QH14:d62;59-2020-QH14:d63;59-2020-QH14:d64
280,"Loại 7: Thay đổi ĐKKD - Địa chỉ, tên, ngành nghề","Hi anh chị bên em muốn thay đổi địa điểm kinh doanh, bên em chưa cập nhật ngành nghề kế toán dịch vụ bên em báo phải cập nhật lại ngành nghề và cập nhật lại địa chỉ của chủ sở hữu theo địa giới hành chính ( địa chỉ chủ sở hữu có bắt buộc cập nhật không ạ ?) sau đó mới thay đổi địa điểm kinh doanh được ạ","Theo Điều 30 và Điều 31 Luật Doanh nghiệp 2020: 1) Khi thay đổi địa điểm kinh doanh (nếu thuộc nội dung GCN đăng ký doanh nghiệp), doanh nghiệp phải đăng ký thay đổi trong thời hạn 10 ngày kể từ ngày có thay đổi. 2) Việc thay đổi ngành nghề kinh doanh phải thông báo với Cơ quan đăng ký kinh doanh trong thời hạn 10 ngày. 3) Về địa chỉ chủ sở hữu: Theo Điều 28, địa chỉ liên lạc của chủ sở hữu là nội dung của GCN đăng ký doanh nghiệp, nên khi có thay đổi cần cập nhật theo Điều 30. Tuy nhiên, việc cập nhật theo địa giới hành chính mới (do Nhà nước điều chỉnh) thường được Cơ quan đăng ký kinh doanh cập nhật tự động hoặc doanh nghiệp có thể đề nghị cập nhật khi thực hiện thủ tục thay đổi khác.","Điều 28 LDN 2020
Điều 30 LDN 2020
Điều 31 LDN 2020",59-2020-QH14:d28;59-2020-QH14:d30;59-2020-QH14:d31
284,"Loại 4: Người đại diện pháp luật - Điều kiện, thay đổi, trách nhiệm","Cần hỗ trợ tư vấn làm lại đăng ký kinh doanh
Công ty mình là TNHH 2 thành viên . Bạn mình là đại diện pháp luật mất rồi , Cần hỗ trợ thay người đại diện pháp luật , Bác nào chuyên mảng này để lại sdt mình liên hệ . Mình cần dịch vụ ở hà nội","Theo Điều 12 Luật Doanh nghiệp 2020 về người đại diện theo pháp luật:

Khoản 6: Đối với công ty TNHH có hai thành viên, nếu có thành viên là cá nhân làm người đại diện theo pháp luật của công ty chết thì thành viên còn lại đương nhiên làm người đại diện theo pháp luật của công ty cho đến khi có quyết định mới của Hội đồng thành viên về người đại diện theo pháp luật của công ty.

Thủ tục cần làm:
1. Thành viên còn lại họp Hội đồng thành viên để ra quyết định cử người đại diện theo pháp luật mới
2. Nộp hồ sơ đăng ký thay đổi nội dung đăng ký doanh nghiệp theo Điều 30 LDN 2020 trong thời hạn 10 ngày kể từ ngày có thay đổi
3. Hồ sơ bao gồm: Thông báo thay đổi, quyết định/biên bản họp của HĐTV, giấy tờ pháp lý của người đại diện mới

Lưu ý: Cần có giấy chứng tử của người đại diện pháp luật đã mất để làm căn cứ thay đổi.","Điều 12 khoản 6 LDN 2020
Điều 30 LDN 2020",59-2020-QH14:d12;59-2020-QH14:d30
288,"Loại 5: Hộ kinh doanh - Đăng ký, thay đổi, chuyển đổi HKD","Mình mới chuyển đổi từ HKD lên doanh nghiệp
Đã xin xong giấy phép kinh doanh, tiếp theo mình cần làm gì bên thuế ạ
Nhờ cả nhà có kinh nghiệm giải đáp giúp mình với ạ","Theo Luật Doanh nghiệp 2020:

Điều 217 khoản 4 quy định: Chính phủ quy định việc đăng ký và hoạt động của hộ kinh doanh. Việc chuyển đổi từ hộ kinh doanh lên doanh nghiệp là thủ tục đăng ký doanh nghiệp mới.

Sau khi được cấp Giấy chứng nhận đăng ký doanh nghiệp, theo Điều 8 LDN 2020 về nghĩa vụ của doanh nghiệp:
- Khoản 4: Tổ chức công tác kế toán, nộp thuế và thực hiện các nghĩa vụ tài chính khác theo quy định của pháp luật

Các bước cần làm bên thuế (theo quy định của Luật Quản lý thuế, không thuộc LDN 2020):
1. Đăng ký mã số thuế doanh nghiệp (thường được cấp cùng với mã số doanh nghiệp)
2. Khai thuế ban đầu với cơ quan thuế quản lý
3. Đăng ký hóa đơn điện tử
4. Mua chữ ký số (token) nếu cần thiết
5. Kê khai thuế định kỳ theo quy định

Lưu ý: Cần chốt thuế và xử lý nghĩa vụ thuế của hộ kinh doanh cũ trước khi hoạt động dưới hình thức doanh nghiệp mới.","Điều 217 khoản 4 LDN 2020
Điều 8 khoản 4 LDN 2020",59-2020-QH14:d217;59-2020-QH14:d8
289,"Loại 5: Hộ kinh doanh - Đăng ký, thay đổi, chuyển đổi HKD",Dạ anh chị cho em hỏi nhờ mình muốn chuyển hộ kinh doanh sang công ty TNHH 2 thành viên thì hồ sơ gồm những gì ạ. Em cảm ơn ạ,"Theo Luật Doanh nghiệp 2020, để chuyển đổi hộ kinh doanh sang công ty TNHH 2 thành viên, cần thực hiện đăng ký doanh nghiệp mới.

Hồ sơ đăng ký công ty TNHH 2 thành viên theo Điều 21 LDN 2020 bao gồm:

1. Giấy đề nghị đăng ký doanh nghiệp (theo mẫu quy định)
2. Điều lệ công ty (nội dung theo Điều 24 LDN 2020)
3. Danh sách thành viên (nội dung theo Điều 25 LDN 2020)
4. Bản sao các giấy tờ pháp lý:
   a) Giấy tờ pháp lý của cá nhân đối với thành viên là cá nhân (CCCD/CMND/Hộ chiếu) và người đại diện theo pháp luật
   b) Giấy tờ pháp lý của tổ chức đối với thành viên là tổ chức (nếu có)

Ngoài ra, theo Nghị định 01/2021/NĐ-CP về đăng ký doanh nghiệp, cần bổ sung:
- Văn bản xác nhận về địa điểm đặt trụ sở chính (hợp đồng thuê hoặc giấy tờ chứng minh quyền sử dụng địa điểm)
- Giấy đăng ký hộ kinh doanh (để làm căn cứ chốt thuế và chấm dứt hoạt động HKD)

Lưu ý: Cần chấm dứt hoạt động hộ kinh doanh và hoàn thành nghĩa vụ thuế trước khi đăng ký doanh nghiệp mới.","Điều 21 LDN 2020
Điều 24 LDN 2020
Điều 25 LDN 2020",59-2020-QH14:d21;59-2020-QH14:d24;59-2020-QH14:d25
290,"Loại 7: Thay đổi ĐKKD - Địa chỉ, tên, ngành nghề","dạ anh, chị cho em hỏi chút là Công ty em làm chuyển trụ sở khác tỉnh hiện đã nhận được mẫu 09 và đã thông báo cho phòng đkkd nhưng chưa được phòng đkkd chấp thuận dẫn đến chưa khai thuế được. vậy trong trường hợp quá thời hạn nộp khai thuế quý thì có bị phạt không ạ","Theo Điều 30 Luật Doanh nghiệp 2020 về đăng ký thay đổi nội dung Giấy chứng nhận đăng ký doanh nghiệp:

- Khoản 2: Doanh nghiệp chịu trách nhiệm đăng ký thay đổi nội dung Giấy chứng nhận ĐKDN trong thời hạn 10 ngày kể từ ngày có thay đổi.
- Khoản 3: Trong thời hạn 03 ngày làm việc kể từ ngày nhận hồ sơ hợp lệ, Cơ quan đăng ký kinh doanh có trách nhiệm cấp Giấy chứng nhận ĐKDN mới.

Về vấn đề khai thuế:
Luật Doanh nghiệp 2020 không quy định cụ thể về thời hạn khai thuế - đây thuộc phạm vi điều chỉnh của Luật Quản lý thuế. Tuy nhiên, theo Điều 8 khoản 4 LDN 2020, doanh nghiệp có nghĩa vụ nộp thuế và thực hiện các nghĩa vụ tài chính theo quy định.

Về việc chậm nộp tờ khai thuế do chưa được phòng ĐKKD chấp thuận:
Doanh nghiệp nên có văn bản giải trình với cơ quan thuế về lý do chậm nộp (do đang trong quá trình chuyển trụ sở khác tỉnh), kèm theo các chứng từ như mẫu 09 đã nhận và thông báo gửi phòng ĐKKD. Việc phạt hay không phụ thuộc vào quy định của Luật Quản lý thuế và quyết định của cơ quan thuế.","Điều 30 LDN 2020
Điều 8 khoản 4 LDN 2020",59-2020-QH14:d30;59-2020-QH14:d8
293,"Loại 3: Vốn điều lệ - Góp vốn, tăng/giảm vốn, vốn pháp định",Doanh nghiệp mới tăng vốn tháng 11-12/2025 thì bây giờ T1 giảm vốn có sao không ạ anh chị.,"Theo Điều 68 và Điều 112 Luật Doanh nghiệp 2020, việc giảm vốn điều lệ chỉ được thực hiện trong các trường hợp sau: (1) Hoàn trả một phần vốn góp cho thành viên/cổ đông nếu công ty đã hoạt động kinh doanh liên tục từ 02 năm trở lên kể từ ngày đăng ký thành lập doanh nghiệp và bảo đảm thanh toán đủ các khoản nợ và nghĩa vụ tài sản khác; (2) Công ty mua lại phần vốn góp/cổ phần của thành viên/cổ đông; (3) Vốn điều lệ không được các thành viên/cổ đông thanh toán đầy đủ và đúng hạn. Do đó, nếu công ty mới tăng vốn tháng 11-12/2025 và muốn giảm vốn vào tháng 1/2026, cần xem xét: nếu công ty chưa hoạt động liên tục 2 năm thì không được giảm vốn theo trường hợp (1); chỉ có thể giảm vốn theo trường hợp (2) hoặc (3). Nếu vốn tăng thêm chưa được góp đủ trong 90 ngày thì phải điều chỉnh giảm vốn tương ứng.","Điều 68 LDN 2020
Điều 112 LDN 2020
Điều 47 LDN 2020
Điều 113 LDN 2020",59-2020-QH14:d112;59-2020-QH14:d113;59-2020-QH14:d47;59-2020-QH14:d68
296,"Loại 2: Loại hình doanh nghiệp - TNHH, Cổ phần, Hợp danh, DNTN","Mình muốn giảm mệnh giá cổ phần, tương ứng sẽ tăng số lượng cổ phần để tổng vốn điều lệ không thay đổi. Vậy làm hồ sơ đăng ký thay đổi như nào vậy nhỉ? Không thấy có quy định tương ứng với trường hợp của mình, nhờ các bạn trong nhóm giúp đỡ ạ","Theo Điều 111 và Điều 112 Luật Doanh nghiệp 2020, vốn điều lệ của công ty cổ phần là tổng mệnh giá cổ phần các loại đã bán. Việc thay đổi mệnh giá cổ phần (giảm mệnh giá và tăng số lượng cổ phần tương ứng) trong khi giữ nguyên vốn điều lệ thực chất là việc tách cổ phần (stock split). Để thực hiện, công ty cần: (1) Tổ chức họp Đại hội đồng cổ đông để quyết định việc thay đổi mệnh giá cổ phần và số lượng cổ phần; (2) Sửa đổi Điều lệ công ty về mệnh giá và số lượng cổ phần; (3) Thông báo thay đổi nội dung đăng ký doanh nghiệp đến Cơ quan đăng ký kinh doanh theo Điều 31 LDN 2020 trong thời hạn 10 ngày kể từ ngày có thay đổi; (4) Cập nhật sổ đăng ký cổ đông. Lưu ý: Luật không quy định cụ thể về mệnh giá tối thiểu, nhưng thực tế thường áp dụng mệnh giá 10.000 đồng/cổ phần.","Điều 111 LDN 2020
Điều 112 LDN 2020
Điều 31 LDN 2020
Điều 138 LDN 2020",59-2020-QH14:d111;59-2020-QH14:d112;59-2020-QH14:d138;59-2020-QH14:d31
297,"Loại 3: Vốn điều lệ - Góp vốn, tăng/giảm vốn, vốn pháp định","anh/chị ơi cho em hỏi vấn đề này với ạ. Công ty em vốn điều lệ 300 tỷ ( có cả tổ chức, cá nhân góp vốn). Vừa rồi e nộp hs thay đổi trụ sở thì chuyên viên ra thông báo bổ sung báo cáo tình hình góp vốn điều lệ, chứng từ.......do cty vốn lớn hơn 100 tỷ. Trong trường hợp không chứng minh được đã góp đủ vốn thì phải làm sao ạ ? có anh/chị nào gặp trường hợp này chưa cho em xin ý kiến với ạ","Theo Điều 47 và Điều 113 Luật Doanh nghiệp 2020, thành viên/cổ đông phải góp vốn đủ và đúng loại tài sản đã cam kết trong thời hạn 90 ngày kể từ ngày được cấp Giấy chứng nhận đăng ký doanh nghiệp. Nếu không góp đủ vốn điều lệ, phải đăng ký điều chỉnh vốn điều lệ bằng số vốn thực góp trong thời hạn 30 ngày. Theo Điều 16 khoản 5 LDN 2020, việc kê khai khống vốn điều lệ, không góp đủ số vốn điều lệ như đã đăng ký là hành vi bị cấm. Trong trường hợp không chứng minh được đã góp đủ 300 tỷ vốn điều lệ, công ty cần: (1) Đăng ký giảm vốn điều lệ về mức thực góp; (2) Bổ sung chứng từ góp vốn nếu có; (3) Các thành viên/cổ đông chưa góp đủ phải chịu trách nhiệm về nghĩa vụ tài chính của công ty tương ứng với phần vốn đã cam kết.","Điều 47 LDN 2020
Điều 113 LDN 2020
Điều 16 khoản 5 LDN 2020
Điều 68 LDN 2020
Điều 112 LDN 2020",59-2020-QH14:d112;59-2020-QH14:d113;59-2020-QH14:d16;59-2020-QH14:d47;59-2020-QH14:d68
300,"Loại 2: Loại hình doanh nghiệp - TNHH, Cổ phần, Hợp danh, DNTN",Anh chị cho e hỏi Cty cổ phần mới thành lập thì cổ phần Chào bán có ghi trên hệ thống không. E k hiểu cổ phần Chào bán khi nào ghi,"Theo Điều 112 Luật Doanh nghiệp 2020 về vốn của công ty cổ phần: (1) Cổ phần đã bán: là cổ phần được quyền chào bán đã được các cổ đông thanh toán đủ cho công ty. Khi đăng ký thành lập doanh nghiệp, cổ phần đã bán là tổng số cổ phần các loại đã được đăng ký mua. (2) Cổ phần được quyền chào bán: là tổng số cổ phần các loại mà Đại hội đồng cổ đông quyết định sẽ chào bán để huy động vốn. Khi đăng ký thành lập doanh nghiệp, đây là tổng số cổ phần mà công ty sẽ chào bán, bao gồm cổ phần đã được đăng ký mua và cổ phần chưa được đăng ký mua. (3) Cổ phần chưa bán: là cổ phần được quyền chào bán và chưa được thanh toán. Khi mới thành lập, cổ phần chào bán được ghi trong hồ sơ đăng ký doanh nghiệp dựa trên tổng số cổ phần mà công ty dự kiến chào bán theo Điều lệ công ty.","Điều 112 LDN 2020
Điều 120 LDN 2020
Điều 111 LDN 2020",59-2020-QH14:d111;59-2020-QH14:d112;59-2020-QH14:d120
301,"Loại 6: Giải thể & Phá sản - Thủ tục, thanh toán nợ, tạm ngưng","TP.HCM
Công ty mình thành lập 2010, hiện cty đang bị tạm khoá mst, nay mình muốn giải thể thì làm sao các bác?
Các bác hướng dẫn giúp mình nhé
Cảm ơn","Theo Điều 207 Luật Doanh nghiệp 2020, công ty bị thu hồi Giấy chứng nhận đăng ký doanh nghiệp thuộc trường hợp buộc phải giải thể. Trước khi giải thể, theo khoản 2 Điều 207, doanh nghiệp chỉ được giải thể khi bảo đảm thanh toán hết các khoản nợ, nghĩa vụ tài sản khác. Do công ty bị tạm khóa MST, bạn cần: (1) Liên hệ cơ quan thuế để hoàn thành nghĩa vụ thuế còn nợ, mở lại MST; (2) Sau đó thực hiện thủ tục giải thể theo Điều 208, 209 LDN 2020: thông qua nghị quyết giải thể, thanh lý tài sản, thanh toán nợ, gửi hồ sơ giải thể đến Cơ quan đăng ký kinh doanh. Hồ sơ giải thể quy định tại Điều 210 LDN 2020.","Điều 207 LDN 2020
Điều 208 LDN 2020
Điều 209 LDN 2020
Điều 210 LDN 2020",59-2020-QH14:d207;59-2020-QH14:d208;59-2020-QH14:d209;59-2020-QH14:d210
303,"Loại 5: Hộ kinh doanh - Đăng ký, thay đổi, chuyển đổi HKD","em làm hồ sơ chuyển từ HKD lên DN 2TV, chuyên viên yêu cầu nhập vào khối ""thông tin về thành viên"" nhưng hệ thống không có mục này, nhờ anh chị đi trước hướng dẫn giúp em với","Việc chuyển đổi từ Hộ kinh doanh (HKD) lên Công ty TNHH 2 thành viên trở lên được quy định tại Nghị định 01/2021/NĐ-CP, không trực tiếp thuộc Luật Doanh nghiệp 2020. Theo Điều 46 LDN 2020, Công ty TNHH 2 thành viên trở lên có từ 02 đến 50 thành viên. Khi chuyển đổi, hồ sơ phải bao gồm Danh sách thành viên theo Điều 21 và Điều 25 LDN 2020. Về vấn đề kỹ thuật hệ thống không hiển thị mục 'thông tin về thành viên', bạn nên liên hệ hotline hỗ trợ của Cổng thông tin quốc gia về đăng ký doanh nghiệp hoặc Phòng Đăng ký kinh doanh địa phương để được hướng dẫn cụ thể.","Điều 46 LDN 2020
Điều 21 LDN 2020
Điều 25 LDN 2020",59-2020-QH14:d21;59-2020-QH14:d25;59-2020-QH14:d46
304,"Loại 9: Chuyển nhượng vốn/cổ phần - Mua bán, thừa kế","Mn ơi có ai gặp trường hợp thay đổi thành viên cty 2tv đồng thời thay đổi csh hưởng lợi mà ko xoá đc thông tin thành viên cũ trên hệ thống ko ạ? E đã xoá ttin thành viên cũ bên mục danh sách thành viên nhưng bên csh hưởng lợi nó vẫn hiện, ko xoá đc. Ai biết cách xử lý chỉ giúp e với, e cảm ơn ạ.","Việc thay đổi thành viên công ty TNHH 2 thành viên trở lên được quy định tại Điều 48 (Sổ đăng ký thành viên), Điều 51 (Mua lại phần vốn góp), Điều 52 (Chuyển nhượng phần vốn góp), Điều 53 (Xử lý phần vốn góp trong trường hợp đặc biệt), Điều 30 và Điều 31 LDN 2020 (Đăng ký thay đổi, thông báo thay đổi). Về vấn đề 'chủ sở hữu hưởng lợi' (beneficial owner), đây thuộc quy định về phòng chống rửa tiền theo Luật Phòng, chống rửa tiền và các Nghị định hướng dẫn, không thuộc LDN 2020. Vấn đề kỹ thuật hệ thống không xóa được thông tin, bạn nên liên hệ hotline hỗ trợ hoặc Phòng ĐKKD để được hướng dẫn.","Điều 48 LDN 2020
Điều 51 LDN 2020
Điều 52 LDN 2020
Điều 53 LDN 2020
Điều 30 LDN 2020
Điều 31 LDN 2020",59-2020-QH14:d30;59-2020-QH14:d31;59-2020-QH14:d48;59-2020-QH14:d51;59-2020-QH14:d52;59-2020-QH14:d53
307,"Loại 6: Giải thể & Phá sản - Thủ tục, thanh toán nợ, tạm ngưng","chưa cập nhật thông tin sau sáp nhật, thông tin Người đại diện PL trên GPKD đang là CMND, e có thể nộp hồ sơ tạm ngưng trong 2026 được không ạ?","Theo Điều 30 Luật Doanh nghiệp 2020, doanh nghiệp phải đăng ký thay đổi nội dung Giấy chứng nhận đăng ký doanh nghiệp trong thời hạn 10 ngày kể từ ngày có thay đổi. Việc chưa cập nhật thông tin người đại diện pháp luật (từ CMND sang CCCD) sau sáp nhập là vi phạm nghĩa vụ đăng ký. Theo quy định, bạn cần hoàn thành việc cập nhật thông tin đăng ký doanh nghiệp trước, sau đó mới có thể nộp hồ sơ tạm ngừng kinh doanh. Điều 206 Luật Doanh nghiệp 2020 quy định doanh nghiệp phải thông báo tạm ngừng chậm nhất 03 ngày làm việc trước ngày tạm ngừng, nhưng hồ sơ cần hợp lệ về thông tin đăng ký.","Điều 30 LDN 2020
Điều 31 LDN 2020
Điều 206 LDN 2020",59-2020-QH14:d206;59-2020-QH14:d30;59-2020-QH14:d31
308,"Loại 1: Thành lập doanh nghiệp - Thủ tục, điều kiện, hồ sơ thành lập","Lập doanh nghiệp mới cần giấy tờ gì và bao lâu mọi người nhỉ?
Có cần lên trực tiếp hay dk online được ạ? Mình ở nước ngoài nên muốn làm online ạ","Theo Điều 21, 22, 26 Luật Doanh nghiệp 2020, để thành lập doanh nghiệp cần: 1) Giấy đề nghị đăng ký doanh nghiệp; 2) Điều lệ công ty; 3) Danh sách thành viên/cổ đông; 4) Bản sao giấy tờ pháp lý của cá nhân (CCCD/Hộ chiếu) và của tổ chức (nếu có). Về thời gian, Điều 26 quy định trong thời hạn 03 ngày làm việc kể từ ngày nhận hồ sơ hợp lệ, Cơ quan đăng ký kinh doanh sẽ cấp Giấy chứng nhận đăng ký doanh nghiệp. Bạn có thể đăng ký online qua Cổng thông tin quốc gia về đăng ký doanh nghiệp (dangkykinhdoanh.gov.vn) mà không cần lên trực tiếp, sử dụng chữ ký số hoặc tài khoản đăng ký kinh doanh.","Điều 21 LDN 2020
Điều 22 LDN 2020
Điều 26 LDN 2020
Điều 27 LDN 2020",59-2020-QH14:d21;59-2020-QH14:d22;59-2020-QH14:d26;59-2020-QH14:d27
309,"Loại 6: Giải thể & Phá sản - Thủ tục, thanh toán nợ, tạm ngưng",Dạ cho em hỏi tý ạ. Tạm ngừng hoạt động công ty 2 TV thì có cần biên bản họp không ạ. Em cảm ơn anh chị nhiều,"Theo Điều 55, 59 Luật Doanh nghiệp 2020, Hội đồng thành viên là cơ quan quyết định cao nhất của công ty TNHH 2 thành viên trở lên. Việc tạm ngừng kinh doanh là quyết định quan trọng cần được thông qua bởi Hội đồng thành viên. Theo Điều 60, cuộc họp HĐTV phải được lập thành biên bản với các nội dung chủ yếu theo quy định. Do đó, khi tạm ngừng hoạt động công ty 2 thành viên, bạn CẦN lập biên bản họp HĐTV và có quyết định/nghị quyết của HĐTV về việc tạm ngừng kinh doanh theo Điều 206 LDN 2020.","Điều 55 LDN 2020
Điều 59 LDN 2020
Điều 60 LDN 2020
Điều 206 LDN 2020",59-2020-QH14:d206;59-2020-QH14:d55;59-2020-QH14:d59;59-2020-QH14:d60
311,"Loại 6: Giải thể & Phá sản - Thủ tục, thanh toán nợ, tạm ngưng",Quý anh chị cho em hỏi với ạ. Công ty em là CT MTV muốn giải thể nhưng chưa làm hồ sơ và đóng BH XH cho giám đốc CT MTV thì có bắt buộc làm hồ sơ và đóng trước khi giải thể k ạ. Em cảm ơn nhiều ạ,"Theo Điều 207, 208 Luật Doanh nghiệp 2020, doanh nghiệp chỉ được giải thể khi bảo đảm thanh toán hết các khoản nợ và nghĩa vụ tài sản khác. Điều 8 LDN 2020 quy định nghĩa vụ của doanh nghiệp bao gồm thực hiện các chính sách, chế độ bảo hiểm xã hội cho người lao động theo quy định pháp luật. Đối với Công ty TNHH MTV, nếu Giám đốc có hợp đồng lao động và thuộc đối tượng tham gia BHXH bắt buộc, bạn cần đóng BHXH đầy đủ trước khi giải thể. Tuy nhiên, nếu chủ sở hữu đồng thời là Giám đốc và không ký HĐLĐ thì có thể không bắt buộc. Bạn nên liên hệ cơ quan BHXH để xác nhận nghĩa vụ cụ thể.","Điều 8 LDN 2020
Điều 207 LDN 2020
Điều 208 LDN 2020",59-2020-QH14:d207;59-2020-QH14:d208;59-2020-QH14:d8
318,"Loại 9: Chuyển nhượng vốn/cổ phần - Mua bán, thừa kế","Bên em có cổ đông muốn rút vốn và đang làm thủ tục chuyển nhượng cổ phâng, nhưng mà giá chuyển nhượng thấp hơn so với vốn điều lệ ban đầu thì có ảnh hưởng gì không ạ? Nếu mà nhận chuyển nhượng cổ phần thấp hơn nhiều so với vốn ban đầu cổ đông bỏ ra thì có phải nộp thuế TNCN k ạ? Anh chị nào chuyên làm thủ tục này tư vấn hỗ trợ em với ạ!","Theo Điều 127 Luật Doanh nghiệp 2020, cổ phần được tự do chuyển nhượng. Việc chuyển nhượng cổ phần với giá thấp hơn mệnh giá ban đầu là hoàn toàn hợp pháp, không ảnh hưởng đến hiệu lực pháp lý của giao dịch. Giá chuyển nhượng do các bên thỏa thuận. Về thuế TNCN: Theo quy định của Luật Thuế TNCN, nếu giá chuyển nhượng thấp hơn giá vốn (giá mua ban đầu) thì không phát sinh thu nhập chịu thuế, do đó không phải nộp thuế TNCN. Tuy nhiên, cơ quan thuế có quyền ấn định giá theo giá thị trường nếu có căn cứ cho rằng giá chuyển nhượng không đúng thực tế. Sau khi chuyển nhượng, cần ghi nhận vào sổ đăng ký cổ đông (Điều 122 LDN 2020).","Điều 127 LDN 2020
Điều 122 LDN 2020
Điều 111 LDN 2020",59-2020-QH14:d111;59-2020-QH14:d122;59-2020-QH14:d127
320,"Loại 10: Doanh nghiệp FDI - Vốn nước ngoài, tỷ lệ sở hữu","Em chào anh chị. Công ty em là công ty TNHH 1 thành viên 100% vốn nước ngoài. Hiện công ty đang bổ sung ngành nghề kinh doanh (không tăng vốn đầu tư) và cần làm điều chỉnh giấy chứng nhận đăng ký đầu tư. Cho em hỏi làm thủ tục này có cần chứng minh năng lực tài chính và giải trình về vốn đầu tư không? Có cần nộp kèm giấy tờ pháp lý của nhà đầu tư không ạ?
Em cảm ơn anh chị","Theo Luật Doanh nghiệp 2020, việc bổ sung ngành nghề kinh doanh được quy định tại Điều 31 (Thông báo thay đổi nội dung đăng ký doanh nghiệp). Tuy nhiên, đối với công ty TNHH 1 thành viên 100% vốn nước ngoài, cần thực hiện đồng thời thủ tục theo Luật Đầu tư 2020 để điều chỉnh Giấy chứng nhận đăng ký đầu tư. Luật Doanh nghiệp 2020 không quy định yêu cầu chứng minh năng lực tài chính hay giải trình vốn khi bổ sung ngành nghề mà không tăng vốn. Các yêu cầu về hồ sơ (giấy tờ pháp lý nhà đầu tư, chứng minh năng lực tài chính) phụ thuộc vào ngành nghề bổ sung và thuộc quy định của Luật Đầu tư, Nghị định 31/2021/NĐ-CP. Nếu ngành nghề bổ sung không thuộc danh mục hạn chế với nhà đầu tư nước ngoài, thủ tục thường đơn giản hơn.","Điều 31 LDN 2020
Điều 30 LDN 2020
Điều 28 LDN 2020",59-2020-QH14:d28;59-2020-QH14:d30;59-2020-QH14:d31
321,"Loại 2: Loại hình doanh nghiệp - TNHH, Cổ phần, Hợp danh, DNTN","Em xin phép nhờ anh, chị có kinh nghiệm pháp lý – thuế tư vấn giúp em một trường hợp thực tế ạ.
Hiện tại, địa điểm kinh doanh của gia đình em (đất nhà) đang đứng tên Công ty TNHH 1 thành viên do người thân làm chủ. Tuy nhiên, hiện tại em là người trực tiếp vận hành công việc hằng ngày, thu mua – phân loại – bán phế liệ","Theo Điều 74 Luật Doanh nghiệp 2020, công ty TNHH 1 thành viên do một tổ chức hoặc cá nhân làm chủ sở hữu. Điều 77 quy định nghĩa vụ của chủ sở hữu công ty, trong đó khoản 3 yêu cầu phải xác định và tách biệt tài sản của chủ sở hữu với tài sản công ty. Nếu bạn là người trực tiếp vận hành nhưng không phải chủ sở hữu, có các phương án: (1) Chủ sở hữu có thể bổ nhiệm bạn làm Giám đốc/Tổng giám đốc theo Điều 82; (2) Chủ sở hữu chuyển nhượng phần vốn cho bạn theo Điều 77 khoản 5, Điều 78; (3) Đăng ký địa điểm kinh doanh theo Điều 44, 45. Việc tách biệt hoạt động kinh doanh cần xem xét cả góc độ thuế và pháp lý để tránh rủi ro.","Điều 74 LDN 2020
Điều 77 LDN 2020
Điều 78 LDN 2020
Điều 82 LDN 2020
Điều 44 LDN 2020",59-2020-QH14:d44;59-2020-QH14:d74;59-2020-QH14:d77;59-2020-QH14:d78;59-2020-QH14:d82
322,"Loại 9: Chuyển nhượng vốn/cổ phần - Mua bán, thừa kế",công ty em đang muốn chuyển quyền sở hữu và muốn đổi tên DN. có bên nào nhận làm DV này k ạ,"Theo Luật Doanh nghiệp 2020, việc chuyển quyền sở hữu công ty và đổi tên doanh nghiệp cần thực hiện: (1) Chuyển quyền sở hữu: Theo Điều 77 khoản 5 và Điều 78 khoản 1, chủ sở hữu có quyền chuyển nhượng toàn bộ vốn điều lệ cho tổ chức/cá nhân khác. Sau khi chuyển nhượng, cần đăng ký thay đổi nội dung đăng ký doanh nghiệp trong thời hạn 10 ngày (Điều 30). (2) Đổi tên doanh nghiệp: Theo Điều 28 và Điều 30, tên doanh nghiệp là nội dung Giấy chứng nhận đăng ký doanh nghiệp, khi thay đổi phải đăng ký với Cơ quan đăng ký kinh doanh trong thời hạn 10 ngày. Hồ sơ bao gồm: Thông báo thay đổi, Quyết định của chủ sở hữu/HĐTV, Hợp đồng chuyển nhượng (nếu có), Biên bản thanh toán.","Điều 77 LDN 2020
Điều 78 LDN 2020
Điều 28 LDN 2020
Điều 30 LDN 2020",59-2020-QH14:d28;59-2020-QH14:d30;59-2020-QH14:d77;59-2020-QH14:d78
324,"Loại 7: Thay đổi ĐKKD - Địa chỉ, tên, ngành nghề","Mn ơi mình muốn thay đổi địa chỉ địa điểm kinh doanh thì vào trường nào trên hệ thống ạ, tìm từ hôm qua tới giờ cứ quay tròn","Theo Điều 45 Luật Doanh nghiệp 2020, việc thay đổi địa chỉ địa điểm kinh doanh cần thông báo đến Cơ quan đăng ký kinh doanh trong thời hạn 10 ngày kể từ ngày có thay đổi. Trên hệ thống đăng ký kinh doanh, bạn cần vào phần 'Thông báo thay đổi nội dung đăng ký doanh nghiệp' hoặc 'Thông báo địa điểm kinh doanh'. Địa điểm kinh doanh là nơi doanh nghiệp tiến hành hoạt động kinh doanh cụ thể (khoản 3 Điều 44 LDN 2020). Việc thay đổi địa chỉ địa điểm kinh doanh thuộc trường hợp thông báo thay đổi theo Điều 31 LDN 2020.","Điều 44 LDN 2020
Điều 45 LDN 2020
Điều 31 LDN 2020",59-2020-QH14:d31;59-2020-QH14:d44;59-2020-QH14:d45
325,"Loại 3: Vốn điều lệ - Góp vốn, tăng/giảm vốn, vốn pháp định",Bên e có làm thủ tục tăng vốn điều lệ và nhận đc mail yêu cầu bổ sung bổ sung thông tin thay đổi CSH hưởng lợi tại mẫu số 12. E có làm theo hướng dẫn mà vẫn được gửi thông báo yêu cầu bổ sung. Nhờ các anh/chị giúp e với ạ,"Theo Điều 68 Luật Doanh nghiệp 2020, khi tăng vốn điều lệ công ty cần thông báo bằng văn bản đến Cơ quan đăng ký kinh doanh trong thời hạn 10 ngày kể từ ngày việc tăng vốn đã được thanh toán xong. Thông báo phải bao gồm: tên, địa chỉ trụ sở chính, mã số doanh nghiệp; vốn điều lệ, số vốn đã tăng; thời điểm và hình thức tăng vốn; họ tên, chữ ký của người đại diện theo pháp luật. Về việc thay đổi CSH hưởng lợi (mẫu 12), đây là yêu cầu theo quy định về chống rửa tiền và phòng chống tài trợ khủng bố - cần kê khai đầy đủ thông tin chủ sở hữu hưởng lợi cuối cùng khi có thay đổi vốn điều lệ hoặc thành viên góp vốn.","Điều 68 LDN 2020
Điều 31 LDN 2020
Điều 47 LDN 2020",59-2020-QH14:d31;59-2020-QH14:d47;59-2020-QH14:d68
326,"Loại 6: Giải thể & Phá sản - Thủ tục, thanh toán nợ, tạm ngưng",Anh chị cho em xin hướng dẫn về hồ sơ cần chuẩn bị cho việc trả lại con dấu doanh nghiệp cho CA ở TP HCM với ạ!,"Theo Điều 43 Luật Doanh nghiệp 2020, doanh nghiệp có quyền quyết định về con dấu của doanh nghiệp (loại dấu, số lượng, hình thức và nội dung). Khi giải thể hoặc chấm dứt hoạt động, việc trả lại con dấu cho công an là thủ tục hành chính theo quy định của pháp luật về con dấu. Hồ sơ thường bao gồm: (1) Đơn đề nghị trả lại con dấu; (2) Quyết định giải thể doanh nghiệp; (3) Con dấu và Giấy chứng nhận đăng ký mẫu con dấu (nếu có); (4) Giấy chứng nhận đăng ký doanh nghiệp; (5) CMND/CCCD của người nộp hồ sơ. Lưu ý: Thủ tục cụ thể tại TP.HCM cần liên hệ trực tiếp Phòng Cảnh sát quản lý hành chính về trật tự xã hội (PC06) để được hướng dẫn chi tiết.","Điều 43 LDN 2020
Điều 207 LDN 2020
Điều 208 LDN 2020",59-2020-QH14:d207;59-2020-QH14:d208;59-2020-QH14:d43
327,"Loại 6: Giải thể & Phá sản - Thủ tục, thanh toán nợ, tạm ngưng","Mọi người cho em hỏi là cty chưa thay đổi CMT giám đốc sang CCCD mà giờ làm tạm ngưng có đc k ạ, hay phải cập nhật cccd ạ","Theo Điều 206 Luật Doanh nghiệp 2020, doanh nghiệp phải thông báo bằng văn bản cho Cơ quan đăng ký kinh doanh chậm nhất 03 ngày làm việc trước ngày tạm ngừng kinh doanh. Về việc cập nhật CCCD: Theo Điều 31 LDN 2020, doanh nghiệp có nghĩa vụ thông báo thay đổi nội dung đăng ký doanh nghiệp trong thời hạn 10 ngày kể từ ngày có thay đổi. Tuy nhiên, việc tạm ngừng kinh doanh và việc cập nhật giấy tờ pháp lý (CMT sang CCCD) là hai thủ tục độc lập. Về nguyên tắc, bạn vẫn có thể làm thủ tục tạm ngừng với thông tin CMT cũ đã đăng ký, nhưng nên cập nhật CCCD sớm để đảm bảo tính chính xác của hồ sơ đăng ký doanh nghiệp theo quy định tại khoản 3 Điều 8 LDN 2020.","Điều 206 LDN 2020
Điều 31 LDN 2020
Điều 8 LDN 2020
Điều 12 LDN 2020",59-2020-QH14:d12;59-2020-QH14:d206;59-2020-QH14:d31;59-2020-QH14:d8
328,"Loại 4: Người đại diện pháp luật - Điều kiện, thay đổi, trách nhiệm","Mn cho e hỏi có ai gặp trường hợp cty có người đại diện pháp luật là người nước ngoài, người đó đã đc cấp mã định danh mức 2 mà vẫn ko làm định danh tổ chức đc ko ạ? (Thông tin trên DKKD đang là số hộ chiếu, mà e nhập mã định danh thì web dkkd báo ko khớp csdlqg). Bên công an chỉ nói là cập nhật thông tin bên hành chính công chứ ko nói cụ thể. Trường hợp này xử lý ntn ạ?","Theo Điều 12 Luật Doanh nghiệp 2020, doanh nghiệp phải bảo đảm luôn có ít nhất một người đại diện theo pháp luật cư trú tại Việt Nam. Đối với người đại diện theo pháp luật là người nước ngoài, khoản 3 Điều 12 quy định khi người này xuất cảnh khỏi Việt Nam phải ủy quyền bằng văn bản cho cá nhân khác cư trú tại Việt Nam. Về vấn đề định danh tổ chức với mã định danh cá nhân: Đây là vấn đề kỹ thuật về đồng bộ dữ liệu giữa hệ thống ĐKKD và CSDL quốc gia về dân cư. Bạn nên: (1) Cập nhật thông tin NĐDPL từ hộ chiếu sang mã định danh cá nhân tại Cơ quan ĐKKD theo Điều 31 LDN 2020; (2) Liên hệ Sở Kế hoạch và Đầu tư để được hướng dẫn cụ thể về thủ tục cập nhật thông tin người nước ngoài trong hệ thống ĐKKD.","Điều 12 LDN 2020
Điều 31 LDN 2020
Điều 13 LDN 2020",59-2020-QH14:d12;59-2020-QH14:d13;59-2020-QH14:d31
329,"Loại 6: Giải thể & Phá sản - Thủ tục, thanh toán nợ, tạm ngưng","Anh chị nào trong group mình đã từng làm thủ tục giải thể công ty rồi, cho em xin ít kinh nghiệm thực tế với với ạ, em cám ơn","Theo Điều 207-208 Luật Doanh nghiệp 2020 về giải thể doanh nghiệp: 1) Các trường hợp giải thể: kết thúc thời hạn hoạt động; theo quyết định của chủ DN/HĐTV/ĐHĐCĐ; không còn đủ số thành viên tối thiểu trong 6 tháng; bị thu hồi GCNĐKDN. 2) Điều kiện: Bảo đảm thanh toán hết các khoản nợ, không trong quá trình giải quyết tranh chấp. 3) Trình tự (Điều 208): Thông qua quyết định giải thể -> Tổ chức thanh lý tài sản -> Gửi quyết định đến cơ quan ĐKKD, cơ quan thuế, người lao động trong 7 ngày -> Thanh toán nợ theo thứ tự: nợ lương, BHXH -> nợ thuế -> nợ khác -> Nộp hồ sơ giải thể. 4) Kinh nghiệm: Quyết toán thuế trước, đóng mã số thuế, hoàn thành nghĩa vụ BHXH, đăng tin giải thể công khai.","Điều 207 LDN 2020
Điều 208 LDN 2020
Điều 209 LDN 2020
Điều 210 LDN 2020",59-2020-QH14:d207;59-2020-QH14:d208;59-2020-QH14:d209;59-2020-QH14:d210
330,"Loại 1: Thành lập doanh nghiệp - Thủ tục, điều kiện, hồ sơ thành lập","cần tư vấn thành lập doanh nghiệp ngành spa, beauty","Theo Điều 7 và Điều 17 Luật Doanh nghiệp 2020, tổ chức, cá nhân có quyền thành lập và quản lý doanh nghiệp tại Việt Nam theo quy định pháp luật. Để thành lập doanh nghiệp ngành spa, beauty cần: 1) Chọn loại hình doanh nghiệp phù hợp: DNTN, công ty TNHH, công ty CP (Điều 1 LDN 2020); 2) Đăng ký ngành nghề kinh doanh phù hợp (dịch vụ chăm sóc sắc đẹp, spa...); 3) Theo Điều 8 LDN 2020, một số dịch vụ spa/beauty thuộc ngành nghề kinh doanh có điều kiện cần đáp ứng: giấy phép hoạt động y tế nếu có liệu trình xâm lấn, giấy chứng nhận đủ điều kiện ATTP nếu có bán mỹ phẩm, nhân viên có chứng chỉ nghề; 4) Chuẩn bị hồ sơ ĐKKD theo Điều 21-22 LDN 2020; 5) Nộp hồ sơ tại Phòng ĐKKD thuộc Sở KH&ĐT.","Điều 7 LDN 2020
Điều 8 LDN 2020
Điều 17 LDN 2020
Điều 21 LDN 2020
Điều 26 LDN 2020",59-2020-QH14:d17;59-2020-QH14:d21;59-2020-QH14:d26;59-2020-QH14:d7;59-2020-QH14:d8
331,"Loại 7: Thay đổi ĐKKD - Địa chỉ, tên, ngành nghề",Anh chị cho e hỏi Đổi địa chỉ Cty nhưng k thay cơ quan thuế cần nộp mẫu 08 k ạ?,"Theo Điều 30-31 Luật Doanh nghiệp 2020, khi thay đổi địa chỉ trụ sở chính nhưng không thay đổi cơ quan thuế quản lý (vẫn trong cùng quận/huyện), doanh nghiệp cần: 1) Thực hiện thủ tục đăng ký thay đổi nội dung ĐKDN tại Cơ quan ĐKKD trong thời hạn 10 ngày (Điều 30 LDN 2020); 2) Về mẫu 08: Theo quy định về quản lý thuế, Mẫu 08 (Tờ khai đăng ký thuế) thường được nộp khi thay đổi thông tin đăng ký thuế. Tuy nhiên, nếu không thay đổi cơ quan thuế quản lý (cùng địa bàn), việc thay đổi địa chỉ sẽ được tự động cập nhật từ hệ thống ĐKKD sang cơ quan thuế thông qua liên thông dữ liệu. Khuyến nghị liên hệ cơ quan thuế quản lý để xác nhận có cần nộp Mẫu 08 riêng hay không.","Điều 30 LDN 2020
Điều 31 LDN 2020
Điều 8 LDN 2020",59-2020-QH14:d30;59-2020-QH14:d31;59-2020-QH14:d8
332,"Loại 3: Vốn điều lệ - Góp vốn, tăng/giảm vốn, vốn pháp định","cty mình muốn tăng vốn điều lệ, chỉ có 1 cổ đông mới mua vốn thôi thì hồ sơ cần có gì ạ. cổ đông mới là 1 cty, tăng vốn lên gấp 3 lần và cty ở hcm ạ","Theo Luật Doanh nghiệp 2020, đối với công ty cổ phần muốn tăng vốn điều lệ bằng việc tiếp nhận cổ đông mới (là tổ chức), hồ sơ cần có: 1) Theo Điều 123 LDN 2020 về chào bán cổ phần: Quyết định của ĐHĐCĐ hoặc HĐQT (nếu được ủy quyền) về việc chào bán cổ phần riêng lẻ; 2) Hợp đồng đăng ký mua cổ phần với cổ đông mới; 3) Biên bản họp ĐHĐCĐ/HĐQT thông qua việc tăng vốn; 4) Giấy tờ pháp lý của cổ đông mới (là công ty): GCNĐKDN, quyết định cử người đại diện theo ủy quyền; 5) Danh sách cổ đông mới (mẫu theo Điều 25 LDN 2020); 6) Thông báo thay đổi vốn điều lệ theo Điều 31 LDN 2020 trong 10 ngày. Lưu ý: Cổ đông mới phải thanh toán đủ số cổ phần đăng ký mua (Điều 113 LDN 2020).","Điều 112 LDN 2020
Điều 113 LDN 2020
Điều 123 LDN 2020
Điều 31 LDN 2020
Điều 25 LDN 2020",59-2020-QH14:d112;59-2020-QH14:d113;59-2020-QH14:d123;59-2020-QH14:d25;59-2020-QH14:d31
334,"Loại 6: Giải thể & Phá sản - Thủ tục, thanh toán nợ, tạm ngưng","Tạm ngưng địa điểm, chi nhánh có cần quyết định k anh chị ?","Theo Điều 206 khoản 1 Luật Doanh nghiệp 2020, doanh nghiệp phải thông báo bằng văn bản cho Cơ quan đăng ký kinh doanh chậm nhất là 03 ngày làm việc trước ngày tạm ngừng kinh doanh. Đối với chi nhánh, việc tạm ngừng cần có quyết định của doanh nghiệp (theo Điều 44, 45). Cụ thể, nếu tạm ngừng chi nhánh/địa điểm kinh doanh, cần: (1) Quyết định tạm ngừng của chủ sở hữu/Hội đồng thành viên/Hội đồng quản trị; (2) Thông báo bằng văn bản đến Cơ quan đăng ký kinh doanh nơi đặt chi nhánh.","Điều 206 khoản 1 LDN 2020
Điều 44 LDN 2020
Điều 45 LDN 2020",59-2020-QH14:d206;59-2020-QH14:d44;59-2020-QH14:d45
335,"Loại 10: Doanh nghiệp FDI - Vốn nước ngoài, tỷ lệ sở hữu","dạ anh chị cho em hỏi trường hợp này với ạ.
Cá nhân người Nhật Bản, muốn đầu tư vào Việt Nam dịch vụ kiến trúc, có thể thành lập công ty 100% vốn đầu tư Nhật Bản tại Thành phố Hồ Chí Minh được không ạ. Do em thấy ở biểu cam kết quy định là ""DN nước ngoài là pháp nhân của thành viên WTO"". Em cảm ơn anh chị","Theo Điều 22 khoản 4c Luật Doanh nghiệp 2020, nhà đầu tư nước ngoài (bao gồm cá nhân người Nhật Bản) khi thành lập công ty tại Việt Nam phải có Giấy chứng nhận đăng ký đầu tư theo quy định của Luật Đầu tư. Về biểu cam kết WTO, dịch vụ kiến trúc thuộc danh mục cam kết mở cửa, tuy nhiên điều kiện áp dụng cho 'doanh nghiệp nước ngoài là pháp nhân của thành viên WTO' là khi liên doanh hoặc góp vốn, còn cá nhân nước ngoài vẫn có thể thành lập công ty 100% vốn nước ngoài nếu đáp ứng điều kiện theo Luật Đầu tư. Cần xin Giấy chứng nhận đăng ký đầu tư trước khi đăng ký doanh nghiệp.","Điều 22 khoản 4c LDN 2020
Điều 8 khoản 1 LDN 2020",59-2020-QH14:d22;59-2020-QH14:d8
336,"Loại 1: Thành lập doanh nghiệp - Thủ tục, điều kiện, hồ sơ thành lập","TPHCM. Anh chị cho em hỏi doanh nghiệp em thành lập cuối tháng 11 đã ra giấy phép đủ chữ ký và mộc đỏ. Vậy bây giờ làm thế nào để em nhận bản cứng ạ?
Em in bản điện tử rồi đóng mộc treo cty thì có làm việc dc ở các co quan nhà nước khác k?","Theo Điều 4 khoản 15 Luật Doanh nghiệp 2020, Giấy chứng nhận đăng ký doanh nghiệp là văn bản bằng bản giấy hoặc bản điện tử. Hiện nay, theo quy định tại Nghị định 01/2021/NĐ-CP, Giấy chứng nhận đăng ký doanh nghiệp được cấp dưới dạng bản điện tử có giá trị pháp lý tương đương bản giấy. Doanh nghiệp có thể in bản điện tử từ Cổng thông tin quốc gia về đăng ký doanh nghiệp và sử dụng để giao dịch. Nếu cần bản cứng có chữ ký và dấu của cơ quan đăng ký, có thể liên hệ Phòng Đăng ký kinh doanh - Sở KH&ĐT để được hướng dẫn.","Điều 4 khoản 15 LDN 2020
Điều 27 LDN 2020",59-2020-QH14:d27;59-2020-QH14:d4
338,"Loại 3: Vốn điều lệ - Góp vốn, tăng/giảm vốn, vốn pháp định","Trong Hợp đồng hợp tác kinh doanh (BCC) giữa hai công ty, công ty mình góp 96% vốn bằng tiền để xây dựng nhà máy và vận hành toàn bộ hoạt động, công ty còn lại góp 4% bằng quyền tài sản gắn liền với đất.
Hợp đồng chỉ quy định ‘các tài sản hình thành trong quá trình hợp tác (nhà xưởng, máy móc, dây chuyền…) là tài sản chung’, nhưng không quy định Quyền tài sản phát sinh từ Hợp đồng góp vốn là tài sản chung. Giấy chứng nhận quyền sử dụng đất cũng không chuyển quyền sở hữu thành sở hữu chung.
Mình xin hỏi các anh/chị Luật sư trong diễn đàn là:
Phần vốn góp 96% của mình (tương ứng quyền hưởng lợi nhuận và quyền điều hành dự án) có bị coi là “tài sản chung” theo Điều 207 và 218 BLDS 2015 không ạ?
Nếu mình muốn chuyển nhượng phần vốn góp/quyền hợp tác cho người thứ ba, liệu có phải áp dụng thời hạn ưu tiên mua 3 tháng cho bên còn lại theo Điều 218 BLDS không ạ?
Rất mong được các anh/chị có chuyên môn về dân sự – hợp đồng – đầu tư giải đáp. Mình xin cảm ơn ạ","Câu hỏi này chủ yếu liên quan đến Bộ luật Dân sự 2015 và Luật Đầu tư 2020, không thuộc phạm vi điều chỉnh trực tiếp của Luật Doanh nghiệp 2020. Hợp đồng hợp tác kinh doanh (BCC) được quy định tại Luật Đầu tư 2020 (Điều 27-28), là hình thức đầu tư không thành lập pháp nhân. Về vấn đề 'tài sản chung' và chuyển nhượng phần vốn góp trong BCC: (1) Phần vốn góp 96% bằng tiền KHÔNG tự động trở thành 'tài sản chung' theo Điều 207, 218 BLDS 2015 nếu hợp đồng không quy định rõ; (2) Quyền ưu tiên mua 3 tháng theo Điều 218 BLDS chỉ áp dụng cho sở hữu chung, cần xem xét nội dung cụ thể của hợp đồng BCC. Luật DN 2020 có quy định về góp vốn tại Điều 34-36, nhưng áp dụng cho công ty, không phải BCC.","Điều 34 LDN 2020
Điều 35 LDN 2020
Điều 36 LDN 2020",59-2020-QH14:d34;59-2020-QH14:d35;59-2020-QH14:d36
346,"Loại 9: Chuyển nhượng vốn/cổ phần - Mua bán, thừa kế","Em chào admin và các anh chị trong nhóm ạ. Ad và a/c trong nhóm cho e hỏi với, Công ty TNHH 1 TV làm thay đổi chủ sở hữu và người đại diện theo pháp luật , trong hồ sơ gửi lên sở có mẫu số 10 Danh sách chủ sở hữu hưởng lợi, e đã điền thông tin của chủ sở hữu mới, còn mục ký là người đại diện theo Pháp luật vậy cho e hỏi Người đại diện theo pháp luật ở đây là Người mới hay là Người cũ ký ạ. Em cám ơn anh/chị nhiều ạ","Theo Luật Doanh nghiệp 2020, khi thay đổi chủ sở hữu công ty TNHH 1 thành viên, người đại diện theo pháp luật MỚI sẽ là người ký vào Mẫu số 10 (Danh sách chủ sở hữu hưởng lợi). Căn cứ Điều 78 Luật DN 2020, khi chủ sở hữu chuyển nhượng vốn điều lệ cho tổ chức/cá nhân khác thì công ty phải đăng ký thay đổi nội dung ĐKDN trong thời hạn 10 ngày. Tại thời điểm nộp hồ sơ thay đổi, người đại diện theo pháp luật mới (được bổ nhiệm theo quyết định của chủ sở hữu mới) sẽ là người có thẩm quyền ký các văn bản trong hồ sơ thay đổi ĐKDN, bao gồm Mẫu số 10.","Điều 12 LDN 2020
Điều 78 LDN 2020
Điều 30 LDN 2020",59-2020-QH14:d12;59-2020-QH14:d30;59-2020-QH14:d78
347,"Loại 10: Doanh nghiệp FDI - Vốn nước ngoài, tỷ lệ sở hữu","Cho mình hỏi: hiện tại chủ doanh nghiệp là người nước ngoài đang làm việc tại một công ty khác và đã được công ty đó cấp Giấy phép lao động (GPLĐ). Trường hợp này có thể làm thẻ tạm trú theo công ty đang làm việc không? Sau khi đã có thẻ tạm trú, người đó có thể thực hiện định danh điện tử cho doanh nghiệp cá nhân của mình được không ạ?","Theo Luật Doanh nghiệp 2020 và Luật Đầu tư, người nước ngoài có quyền thành lập và quản lý doanh nghiệp tại Việt Nam (Điều 17 LDN 2020). Về thẻ tạm trú: Thẻ tạm trú được cấp theo công ty đang làm việc (nơi cấp GPLĐ). Về định danh điện tử: Sau khi có thẻ tạm trú, người nước ngoài có thể thực hiện định danh điện tử cho doanh nghiệp cá nhân của mình. Tuy nhiên, nếu doanh nghiệp thuộc trường hợp nhà đầu tư nước ngoài theo Luật Đầu tư, cần có Giấy chứng nhận đăng ký đầu tư trước khi đăng ký doanh nghiệp (Điều 21, 22 LDN 2020). Lưu ý: Việc làm chủ doanh nghiệp riêng trong khi có GPLĐ ở công ty khác cần tuân thủ quy định về lao động và nhập cảnh.","Điều 17 LDN 2020
Điều 21 LDN 2020
Điều 22 LDN 2020",59-2020-QH14:d17;59-2020-QH14:d21;59-2020-QH14:d22
348,"Loại 3: Vốn điều lệ - Góp vốn, tăng/giảm vốn, vốn pháp định","Chào anh chị, em đang làm hồ sơ TL mới cho công ty cổ phần nhưng góp vốn vừa bằng tài sản vừa bằng tiền mặt. Trong đó tài sản góp vốn là máy móc dùng trong công trình xây dựng (như máy khoan, máy cắt...). Anh chị đi trước có kinh nghiệm cho em hỏi, em điền cột 11 (về loại tài sản,...) như thế nào ạ? Em cảm ơn mn","Theo Điều 34, 35, 36 Luật Doanh nghiệp 2020 về góp vốn bằng tài sản: Khi góp vốn bằng máy móc (máy khoan, máy cắt...) vào CTCP, cột 11 trong Danh sách cổ đông cần ghi rõ: (1) Loại tài sản: Máy móc, thiết bị xây dựng; (2) Số lượng tài sản: Liệt kê từng loại máy (VD: Máy khoan - 02 cái, Máy cắt - 03 cái...); (3) Giá trị tài sản: Giá trị được định giá theo Điều 36 LDN 2020. Lưu ý: Tài sản góp vốn phải được các cổ đông sáng lập định giá theo nguyên tắc đồng thuận hoặc do tổ chức thẩm định giá định giá. Nếu tổ chức thẩm định định giá thì phải được trên 50% cổ đông sáng lập chấp thuận.","Điều 34 LDN 2020
Điều 35 LDN 2020
Điều 36 LDN 2020
Điều 25 LDN 2020",59-2020-QH14:d25;59-2020-QH14:d34;59-2020-QH14:d35;59-2020-QH14:d36
350,"Loại 3: Vốn điều lệ - Góp vốn, tăng/giảm vốn, vốn pháp định","Em vừa mới ra trường, chưa có nhiều kinh nghiệm.
Mn cho em hỏi thời điểm em để tăng vốn em để ngày nào được ạ
Em vừa mới ra trường, chưa có nhiều kinh nghiệm.
Mn cho em hỏi thời điểm em để tăng vốn em để ngày nào được ạ","Theo Luật Doanh nghiệp 2020, về thời điểm tăng vốn điều lệ: (1) Đối với Công ty TNHH: Theo Điều 68 và Điều 87 LDN 2020, công ty có thể tăng vốn điều lệ bất cứ lúc nào khi có nhu cầu, thông qua việc thành viên góp thêm vốn hoặc tiếp nhận thêm vốn góp của thành viên mới. (2) Thời điểm ghi trong quyết định/biên bản họp: Nên để ngày quyết định tăng vốn TRƯỚC hoặc CÙNG ngày nộp hồ sơ. Thời điểm có hiệu lực của việc tăng vốn là ngày Cơ quan ĐKKD cấp Giấy CN ĐKDN mới hoặc xác nhận thay đổi. (3) Theo Điều 30 LDN 2020: Doanh nghiệp phải đăng ký thay đổi nội dung GCNĐKDN trong thời hạn 10 ngày kể từ ngày có thay đổi.","Điều 68 LDN 2020
Điều 87 LDN 2020
Điều 30 LDN 2020",59-2020-QH14:d30;59-2020-QH14:d68;59-2020-QH14:d87
351,Loại 11: Khác - Chưa phân loại,"Anh chị cho em hỏi. Những trường hợp nào phải kê khai chủ sở hữu hưởng lợi vậy ạ
Anh chị cho em hỏi. Những trường hợp nào phải kê khai chủ sở hữu hưởng lợi vậy ạ","Theo quy định pháp luật hiện hành, việc kê khai chủ sở hữu hưởng lợi được thực hiện theo Nghị định 47/2019/NĐ-CP (sửa đổi bởi NĐ 16/2022/NĐ-CP) về phòng chống rửa tiền. Các trường hợp phải kê khai chủ sở hữu hưởng lợi bao gồm: (1) Khi thành lập mới doanh nghiệp (Công ty TNHH, CTCP); (2) Khi thay đổi thông tin về chủ sở hữu, thành viên, cổ đông chi phối (sở hữu từ 25% vốn điều lệ trở lên); (3) Khi thay đổi người đại diện theo pháp luật; (4) Khi có yêu cầu của cơ quan nhà nước có thẩm quyền. Luật DN 2020 quy định về người có liên quan tại Điều 4 khoản 23, là cơ sở để xác định chủ sở hữu hưởng lợi.","Điều 4 LDN 2020
Điều 17 LDN 2020
Điều 30 LDN 2020",59-2020-QH14:d17;59-2020-QH14:d30;59-2020-QH14:d4
354,"Loại 3: Vốn điều lệ - Góp vốn, tăng/giảm vốn, vốn pháp định","Cho em hỏi hồ sơ tăng vốn ở Hà Nội cần nộp thêm những gì ạ??? Em nộp bị ra thông báo thiếu hồ sơ
Cho em hỏi hồ sơ tăng vốn ở Hà Nội cần nộp thêm những gì ạ??? Em nộp bị ra thông báo thiếu hồ sơ","Theo Luật Doanh nghiệp 2020 và Nghị định 01/2021/NĐ-CP về đăng ký doanh nghiệp, hồ sơ tăng vốn điều lệ (đăng ký thay đổi GCNĐKDN theo Điều 30 LDN 2020) bao gồm: (1) Thông báo thay đổi nội dung ĐKDN (Phụ lục II-1); (2) Quyết định của HĐTV/ĐHĐCĐ/Chủ sở hữu về việc tăng vốn điều lệ; (3) Biên bản họp HĐTV/ĐHĐCĐ thông qua việc tăng vốn; (4) Danh sách thành viên/cổ đông sau khi tăng vốn (nếu có thay đổi); (5) Văn bản ủy quyền cho người nộp hồ sơ (nếu không phải người ĐDTPL). Tại Hà Nội có thể yêu cầu thêm: Biên bản góp vốn, chứng từ chứng minh việc góp vốn thêm. Nên liên hệ trực tiếp Phòng ĐKKD Sở KH&ĐT Hà Nội để biết chính xác thiếu giấy tờ gì.","Điều 30 LDN 2020
Điều 68 LDN 2020
Điều 87 LDN 2020",59-2020-QH14:d30;59-2020-QH14:d68;59-2020-QH14:d87
355,"Loại 7: Thay đổi ĐKKD - Địa chỉ, tên, ngành nghề",Em chào các anh chị. Các anh chị cho em hỏi trong trường hợp nào thì mình phải cập nhật danh sách chủ sở hữu hưởng lợi ạ. Công ty em đang muốn thay đổi ngành nghề và địa chỉ trụ sở chính thì có phải cập nhật DSCSHHL không ạ. Công ty em chưa thay đổi DKKD từ năm 2022. Em cảm ơn các anh chị!,"Theo quy định về kê khai chủ sở hữu hưởng lợi (Nghị định 47/2019/NĐ-CP, sửa đổi bởi NĐ 16/2022/NĐ-CP), các trường hợp phải cập nhật danh sách chủ sở hữu hưởng lợi gồm: (1) Khi thay đổi chủ sở hữu, thành viên, cổ đông chi phối (sở hữu từ 25% vốn trở lên); (2) Khi thay đổi người đại diện theo pháp luật; (3) Khi thay đổi thông tin của chủ sở hữu hưởng lợi đã kê khai. Đối với trường hợp của bạn: Thay đổi ngành nghề và địa chỉ trụ sở chính KHÔNG bắt buộc phải cập nhật DSCSHHL, vì đây không phải thay đổi về cơ cấu sở hữu. Tuy nhiên, do công ty chưa thay đổi ĐKKD từ năm 2022, nếu trước đó chưa kê khai DSCSHHL theo quy định mới thì nên kê khai bổ sung khi làm hồ sơ thay đổi lần này.","Điều 4 LDN 2020
Điều 30 LDN 2020
Điều 31 LDN 2020",59-2020-QH14:d30;59-2020-QH14:d31;59-2020-QH14:d4
356,,"Cty em là công ty tnhh 1 thành viên, mới thành lập ngày 11/10/25 tại tp. Hồ Chí Minh. Hiện tại chủ sở hữu cty muốn thay đổi trụ sở chính là chung cư (có chức năng kinh doanh, thương mại), địa chỉ phường khác cơ quan thuế quản lý ban đầu. Công ty chưa khai thuế ban đầu, chưa mua hoá đơn điện tử, chưa có token.
Cả nhà cho em hỏi có cần làm thủ tục chốt thuế với cơ quan thuế quản lý hiện tại rồi mới làm thủ tục thay đổi trụ sở chính ko ạ.
Công văn xác nhận của chủ đầu tư Dự án chung cư xác nhận căn hộ có chức năng kinh doanh thương mại có giá trị chứng minh ko phải căn hộ để ở ko ạ.","Theo Luật Doanh nghiệp 2020:

1. Về thay đổi trụ sở chính: Theo Điều 30, doanh nghiệp phải đăng ký thay đổi nội dung Giấy chứng nhận đăng ký doanh nghiệp trong thời hạn 10 ngày kể từ ngày có thay đổi. Luật Doanh nghiệp 2020 không yêu cầu phải chốt thuế trước khi thay đổi trụ sở - đây là thủ tục thuế do cơ quan thuế quy định, không thuộc phạm vi điều chỉnh của Luật Doanh nghiệp.

2. Về địa điểm đặt trụ sở: Theo Điều 42 LDN 2020, trụ sở chính của doanh nghiệp đặt trên lãnh thổ Việt Nam, là địa chỉ liên lạc của doanh nghiệp và được xác định theo địa giới đơn vị hành chính. Luật không cấm đặt trụ sở tại chung cư có chức năng kinh doanh, thương mại.

3. Về công văn xác nhận của chủ đầu tư: Đây là tài liệu hợp lệ để chứng minh căn hộ có chức năng kinh doanh, thương mại (không phải căn hộ để ở). Cơ quan đăng ký kinh doanh sẽ xem xét hồ sơ theo quy định tại Điều 27 LDN 2020.","Điều 30 LDN 2020
Điều 42 LDN 2020
Điều 27 LDN 2020",59-2020-QH14:d27;59-2020-QH14:d30;59-2020-QH14:d42
359,"Loại 9: Chuyển nhượng vốn/cổ phần - Mua bán, định giá, thủ tục","Nhờ các a/c giúp giải đáp hộ mình với ạ: cty cổ phần thay đổi cổ đông thì ngoài cccd sao y của cổ đông mới, có cần cccd hay giấy tờ của cổ đông cũ ko ạ (vì cty đã chuyển nhượng cp nhưng chưa làm thủ tục mà lại ko liên lạc được với cổ đông cũ nữa ạ)","Theo Luật Doanh nghiệp 2020, việc chuyển nhượng cổ phần (Điều 127) phải được thực hiện bằng hợp đồng chuyển nhượng hoặc giao dịch trên thị trường chứng khoán. Hợp đồng chuyển nhượng phải có chữ ký của bên chuyển nhượng (cổ đông cũ) và bên nhận chuyển nhượng (cổ đông mới). Nếu không liên lạc được cổ đông cũ, bạn cần: 1) Tìm cách liên hệ qua các kênh đã đăng ký; 2) Kiểm tra lại hợp đồng chuyển nhượng đã ký trước đó. Hồ sơ thay đổi cổ đông (Điều 31, NĐ 01/2021) gồm: Thông báo thay đổi, Danh sách cổ đông sau thay đổi, Hợp đồng chuyển nhượng cổ phần, CCCD cổ đông mới, Biên bản thanh toán. Về nguyên tắc, cần có CCCD/CMND của cổ đông cũ trong hợp đồng chuyển nhượng ban đầu, nhưng nếu đã ký hợp đồng hợp lệ trước đó thì dùng hợp đồng đó làm căn cứ.","Điều 127 LDN 2020 - Chuyển nhượng cổ phần
Điều 122 LDN 2020 - Sổ đăng ký cổ đông
Điều 31 NĐ 01/2021 - Đăng ký thay đổi thông tin cổ đông",01-2021-ND:d31;59-2020-QH14:d122;59-2020-QH14:d127
365,"Loại 2: Loại hình doanh nghiệp - TNHH, Cổ phần, Hợp danh, DNTN","Mn cho e hỏi, cty cổ phần có người đại diện pl bị tử vong, người này cũng là cổ đông của cty thì cần làm thủ tục thay đổi GPKD như thế nào ạ?","Theo Luật Doanh nghiệp 2020, khi người đại diện theo pháp luật của công ty cổ phần chết, Điều 12 khoản 5 quy định Hội đồng quản trị phải cử người khác làm người đại diện theo pháp luật. Thủ tục cần thực hiện: 1) Hội đồng quản trị họp và ban hành nghị quyết bầu/bổ nhiệm người đại diện theo pháp luật mới; 2) Nộp hồ sơ thay đổi nội dung đăng ký doanh nghiệp (Điều 28, 30) đến Cơ quan đăng ký kinh doanh trong 10 ngày làm việc. Về phần cổ phần của người đã mất, theo Điều 127, người thừa kế theo di chúc hoặc theo pháp luật sẽ trở thành cổ đông của công ty. Hồ sơ cần: Thông báo thay đổi, Nghị quyết HĐQT, Quyết định bổ nhiệm, Giấy tờ pháp lý của người đại diện mới, Giấy chứng tử (để chứng minh lý do thay đổi).","Điều 12 LDN 2020 - Người đại diện theo pháp luật của doanh nghiệp (khoản 5)
Điều 28 LDN 2020 - Đăng ký thay đổi nội dung Giấy chứng nhận đăng ký doanh nghiệp
Điều 127 LDN 2020 - Chuyển nhượng cổ phần",59-2020-QH14:d12;59-2020-QH14:d127;59-2020-QH14:d28
366,"Loại 4: Người đại diện pháp luật - Điều kiện, thay đổi, trách nhiệm","Chào anh, chị!E làm thay đổi người đại diện pháp luật cho CTY CP, thì doanh nghiệp có bắt buộc phải cập nhật liền các mã ngành bị tô xanh đỏ của mình không ạ? Và có phải khai mục chủ sở hữu hưởng lợi ko a","Theo quy định về đăng ký thay đổi nội dung đăng ký doanh nghiệp (Điều 28-31 Luật Doanh nghiệp 2020 và Nghị định 01/2021): 1) Về mã ngành tô xanh/đỏ: Khi thay đổi người đại diện theo pháp luật, không bắt buộc phải đồng thời cập nhật ngành nghề. Tuy nhiên, hệ thống có thể yêu cầu rà soát lại ngành nghề nếu có ngành cần điều kiện hoặc ngành đã hết hiệu lực. Bạn nên chủ động cập nhật để tránh vướng mắc. 2) Về chủ sở hữu hưởng lợi: Theo Nghị định 47/2019/NĐ-CP và Thông tư 11/2019, công ty cổ phần phải kê khai thông tin chủ sở hữu hưởng lợi khi đăng ký thành lập và khi có thay đổi. Nếu thông tin chủ sở hữu hưởng lợi không thay đổi thì không cần khai lại.","Điều 28-31 LDN 2020 - Đăng ký thay đổi nội dung ĐKKD
Nghị định 01/2021/NĐ-CP - Đăng ký doanh nghiệp
Nghị định 47/2019/NĐ-CP - Chủ sở hữu hưởng lợi",59-2020-QH14:d28;59-2020-QH14:d29;59-2020-QH14:d30;59-2020-QH14:d31
370,"Loại 1: Thành lập doanh nghiệp - Thủ tục, điều kiện, hồ sơ thành lập","Dạ Anh/ chị cho em hỏi, bên em có trụ sở hộ kinh doanh ở NT, giờ muốn mở thêm địa điểm kinh doanh ở ĐN, thì có được không ạ. Bên em kinh doanh online, việc lên đơn hàng, đóng hàng, thu tiền COD thực hiện ở Nha Trang, ở ĐN chỉ hỗ trợ chốt đơn, tìm kiếm khách hàng thôi ạ.","Theo Nghị định 01/2021/NĐ-CP về hộ kinh doanh (Điều 84, 86), hộ kinh doanh chỉ được đăng ký kinh doanh tại MỘT địa điểm cố định và chỉ kinh doanh tại địa phương cấp huyện nơi đăng ký. Do đó: 1) Hộ kinh doanh ở Nha Trang KHÔNG thể mở địa điểm kinh doanh tại Đà Nẵng (khác tỉnh); 2) Nếu muốn có địa điểm tại Đà Nẵng, bạn cần: a) Đăng ký thêm hộ kinh doanh mới tại Đà Nẵng, hoặc b) Chuyển đổi thành doanh nghiệp - doanh nghiệp có thể mở chi nhánh, địa điểm kinh doanh ở nhiều tỉnh; 3) Với hoạt động hỗ trợ online (chốt đơn, tìm khách) không cần địa điểm vật lý, có thể làm từ xa mà không cần đăng ký địa điểm chính thức. Khuyến nghị: Nếu quy mô mở rộng, nên chuyển đổi lên doanh nghiệp để linh hoạt hơn.","Nghị định 01/2021/NĐ-CP - Đăng ký doanh nghiệp (Điều 84 86 về Hộ kinh doanh)
Điều 44 LDN 2020 - Chi nhánh văn phòng đại diện địa điểm kinh doanh",01-2021-ND:d84;59-2020-QH14:d44
376,"Loại 7: Thay đổi ĐKKD - Tên, địa chỉ, ngành nghề, thông tin khác","Công ty tư nhân có địa chỉ dkkd là nhà sếp nhưng thuê văn phòng ở chỗ khác, nay mình muốn đăng ký địa chỉ văn phòng này để thuế không bắt lỗi không hoạt động tại địa điểm thì mình làm mẫu nào ạ, mình hỏi sơ sơ bảo mẫu 17 rồi 19 của Tt 68. Có ai hướng dẫn giúp mình tý dc ko ạ. Mình cảm ơn","Để đăng ký thêm địa điểm kinh doanh (văn phòng thuê ngoài), doanh nghiệp có thể thực hiện theo 2 cách: (1) Đăng ký thành lập chi nhánh hoặc địa điểm kinh doanh tại địa chỉ văn phòng mới theo Điều 44-45 Luật Doanh nghiệp 2020; hoặc (2) Thay đổi địa chỉ trụ sở chính nếu muốn chuyển toàn bộ hoạt động sang địa điểm mới. Về biểu mẫu, theo Thông tư 01/2021/TT-BKHĐT: Phụ lục II-11 (Thông báo về việc đăng ký hoạt động chi nhánh/VPĐD/ĐĐKD) dùng khi thành lập địa điểm kinh doanh mới, Phụ lục II-1 (Thông báo thay đổi nội dung ĐKKD) dùng khi thay đổi địa chỉ trụ sở. Lưu ý: địa điểm kinh doanh phải thuộc cùng tỉnh/thành phố với trụ sở hoặc chi nhánh quản lý.","Điều 44 LDN 2020 (Chi nhánh văn phòng đại diện và địa điểm kinh doanh)
Điều 45 LDN 2020 (Thông báo thay đổi nội dung đăng ký doanh nghiệp)
Điều 31 LDN 2020 (Thay đổi nội dung đăng ký doanh nghiệp)
Nghị định 01/2021/NĐ-CP (Đăng ký doanh nghiệp)
Thông tư 01/2021/TT-BKHĐT (Hướng dẫn đăng ký doanh nghiệp)",59-2020-QH14:d31;59-2020-QH14:d44;59-2020-QH14:d45
380,quy định vận chuyển hàng hóa,Xe container chở gạch như thế này không có dây cố định gì cả không an toàn tí nào này mà bất ngờ phanh một cái có phải là lại gây tai nạn cho người khác không?,"Việc xe container chở gạch không được chằng buộc là hành vi vi phạm pháp luật nghiêm trọng và có nguy cơ cao gây tai nạn cho người khác khi phanh gấp.
Dưới đây là các thông tin chi tiết và căn cứ pháp lý:
• Hành vi bị nghiêm cấm: Luật quy định nghiêm cấm hành vi chở hàng hóa trên xe có quy định phải chằng buộc nhưng lại không chằng buộc hoặc chằng buộc không đúng quy định.
• Trách nhiệm của lái xe: Người điều khiển xe vận tải hàng hóa phải có trách nhiệm sắp xếp hàng hóa gọn gàng và chằng buộc chắc chắn để bảo đảm không gây nguy hiểm cho người và phương tiện khác.
• Hậu quả khi phanh gấp: Khi phanh bất ngờ, gạch không được cố định sẽ văng ra đường hoặc xô lệch do lực quán tính; nếu gây thiệt hại về tính mạng, sức khỏe hoặc tài sản thì sẽ bị xác định là tai nạn giao thông đường bộ.
• Chế tài xử phạt: Hành vi vận chuyển hàng hóa không chằng buộc chắc chắn sẽ bị xử phạt tiền. Nếu hành vi này trực tiếp gây tai nạn giao thông, mức phạt sẽ rất nặng (từ 30 đến 35 triệu đồng) và người lái xe sẽ bị tước quyền sử dụng Giấy phép lái xe có thời hạn.","Luật Trật tự, an toàn giao thông đường bộ số 36/2024/QH15: Điều 2 (Khoản 12), Điều 9 (Khoản 13), Điều 49 (Khoản 1, Điểm d). Nghị định 168/2024/NĐ-CP: Điều 21 (Khoản 10, 11), Điều 36 (Khoản 1, Điểm a).",168-2024-ND-CP:d21;168-2024-ND-CP:d36;36-2024-QH15:d2;36-2024-QH15:d49;36-2024-QH15:d80;36-2024-QH15:d9
381,xử phạt vi phạm hành chính giao thông,Mọi người cho e hỏi e đủ 16 tuổi đi xe điện mà hôm qua e vừa bị bắt cì xe không lắp gương và bị lập biên bản vị phạm thì có bị gửi giấy về trường không ạ e khai cả tên lớp và trường luôn rồi ạ  ?,"1. Về việc gửi giấy thông báo về trường: Có khả năng cao thông tin vi phạm sẽ được gửi về trường. Mặc dù việc gửi thông báo không được ghi trong danh mục ""hình thức xử phạt"" chính thức của Nghị định 168, nhưng theo Luật mới, lực lượng Cảnh sát giao thông có trách nhiệm phối hợp chặt chẽ với cơ quan quản lý trường học để giáo dục, bồi dưỡng kiến thức pháp luật và hình thành ý thức chấp hành pháp luật cho học sinh,. Việc bạn đã khai cụ thể tên lớp và trường là cơ sở để cơ quan chức năng thực hiện việc phối hợp thông báo này nhằm mục đích giáo dục và quản lý học sinh tại cơ sở giáo dục.
2. Về hành vi vi phạm và mức phạt:
• Hành vi: Điều khiển xe gắn máy (bao gồm xe máy điện) không có gương chiếu hậu bên trái người điều khiển hoặc có nhưng không có tác dụng.
• Mức phạt: Bạn đã đủ 16 tuổi nên phải chịu trách nhiệm hành chính. Mức phạt tiền cho lỗi không gương đối với xe mô tô, xe gắn máy là từ 400.000 đồng đến 600.000 đồng.","Nghị định 168/2024/NĐ-CP: Điều 14 (Khoản 1, Điểm a). Luật Trật tự, an toàn giao thông đường bộ 2024 (Luật số 36/2024/QH15): Điều 4 (Khoản 4), Điều 6 (Khoản 1, 2, 3), Điều 59 (Khoản 1, Điểm a).",168-2024-ND-CP:d14;36-2024-QH15:d4;36-2024-QH15:d59;36-2024-QH15:d6
382,quyền và nghĩa vụ chủ phương tiện,Mọi người cho em hỏi em mua xe chưa sang tên nhưng bị vi phạm giao thông có bị sử phạt lỗi giao xe cho người chưa đủ điều kiện không ạ,"1. Bạn không bị xử phạt lỗi ""giao xe cho người chưa đủ điều kiện"": Lỗi này chỉ áp dụng đối với chủ xe pháp lý (người đang đứng tên trên Giấy chứng nhận đăng ký xe) nếu họ giao xe cho người không có Giấy phép lái xe (GPLX) hoặc không đủ tuổi điều khiển phương tiện,.
2. Bạn sẽ bị xử phạt lỗi ""Không làm thủ tục đăng ký sang tên xe"": Với tư cách là người mua, bạn có nghĩa vụ phải làm thủ tục sang tên. Nếu bị kiểm tra, bạn sẽ bị phạt về hành vi không làm thủ tục đăng ký sang tên xe theo quy định (thường gọi là lỗi xe không chính chủ),.
3. Trách nhiệm của người bán: Cho đến khi thủ tục thu hồi đăng ký và biển số được thực hiện, người có tên trên giấy đăng ký xe vẫn phải tiếp tục chịu trách nhiệm của chủ xe trước pháp luật đối với các vấn đề liên quan đến phương tiện đó.","Luật Trật tự, an toàn giao thông đường bộ 2024: Điều 9 (Khoản 7), Điều 43 (Khoản 2, Điểm c). Nghị định 168/2024/NĐ-CP: Điều 32 (Khoản 3, Điểm a - đối với xe máy; Khoản 14, Điểm i - về lỗi giao xe).",168-2024-ND-CP:d32;36-2024-QH15:d43;36-2024-QH15:d9
383,xử phạt vi phạm hành chính giao thông,"các bác cho em hỏi: Em cho thằng bạn mượn xe mà nó đủ tuổi không có gplx thì có được xe ra không với lại mức đóng phạt bao nhiêu ạ, lúc cho nó mượn xe em không đưa giấy tờ xe cho nó, nên công an lập biên bản không có gplx, không có giấy tờ xe",,,168-2024-ND-CP:d32;168-2024-ND-CP:d7;36-2024-QH15:d56;36-2024-QH15:d9
384,quy tắc giao thông đường bộ,Các anh chị cho e hỏi mũi tên xanh đc rẽ phải nhưng lại có mũi lên đi thẳng và rẽ phải đỏ thì oto có đc rẽ phải khi đèn đỏ ko ạ,"Khi có đèn phụ hình mũi tên màu xanh chỉ hướng rẽ phải, ô tô được phép rẽ phải ngay cả khi đèn tín hiệu chính (đi thẳng hoặc rẽ phải) đang ở màu đỏ.
Tuy nhiên, bạn cần lưu ý:
1. Ưu tiên hiệu lệnh: Người tham gia giao thông phải chấp hành tín hiệu đèn phụ này vì nó là một phần của báo hiệu đường bộ,.
2. Nhường đường: Khi rẽ theo mũi tên xanh, bạn vẫn phải giảm tốc độ hoặc dừng lại nhường đường cho người đi bộ, xe lăn của người khuyết tật đang qua đường theo quy định.
3. Tránh vi phạm: Nếu bạn không đi đúng hướng mũi tên hoặc không chấp hành đèn tín hiệu (trong trường hợp không có mũi tên xanh mà vẫn rẽ khi đèn đỏ), bạn sẽ bị xử phạt theo quy định tại Nghị định 168,.","Luật Trật tự, an toàn giao thông đường bộ 2024 (Số 36/2024/QH15): Điều 11 (Khoản 1, Khoản 4),,. Nghị định 168/2024/NĐ-CP: Điều 6 (Khoản 1, Điểm a); Điều 6 (Khoản 9, Điểm b).",168-2024-ND-CP:d6;36-2024-QH15:d11
385,xử phạt vi phạm hành chính giao thông,Các bác cho em hỏi là nếu kẹp 3 trên xe máy mà bị cam AI chụp lại vi phạm nhưng ở nhiều địa điểm khác nhau trong cùng 1 ngày thì sẽ tính là 1 lần i vi phạm hay sao ạ?,,,168-2024-ND-CP:d47;168-2024-ND-CP:d7;36-2024-QH15:d33
386,thủ tục hành chính giao thông,"Nhà có xe oto ông cậu đứng tên nhưng giờ đang ở định cư nước ngoài, để lại xe cho mình sử dụng đưa giấy tờ xe và cmnd( do lúc đó chưa có cccd ), nếu chẳng mai bị phạt nguội thì có đóng đc ko ạ ? Hiện tại nghe bắt chính chủ hoặc giấy ủy quyền mới cho đóng , hoang mang quá ai bik tư vấn giúp ?","1. Bạn có đóng phạt thay được không?
Được. Theo quy định về xử lý vi phạm phát hiện qua phương tiện kỹ thuật nghiệp vụ (phạt nguội), khi nhận được thông báo vi phạm, bạn (người đang sử dụng xe) có thể đến trụ sở Công an nơi phát hiện vi phạm để giải quyết.
• Nếu bạn thừa nhận mình là người điều khiển xe thực hiện hành vi vi phạm, cơ quan chức năng sẽ lập biên bản và ra quyết định xử phạt đối với chính bạn (người điều khiển), chứ không xử phạt ông cậu (chủ xe),.
• Tuy nhiên, nếu bạn không chứng minh được người khác điều khiển và chủ xe (ông cậu) cũng không hợp tác để xác định người vi phạm, thì chủ xe sẽ bị xử phạt về hành vi vi phạm đó,.
2. Có cần giấy ủy quyền không?
• Để nộp phạt cho hành vi bạn gây ra: Bạn chỉ cần xuất trình giấy tờ xe và GPLX của mình để chứng minh mình là người cầm lái lúc vi phạm.
• Để thực hiện các thủ tục thay cho chủ xe: Nếu bạn muốn thay mặt ông cậu giải quyết các khiếu nại hoặc các thủ tục hành chính khác liên quan đến quyền sở hữu (mà không phải lỗi do bạn gây ra), bạn cần có Giấy ủy quyền được hợp pháp hóa lãnh sự (do ông cậu đang ở nước ngoài) để đảm bảo tính pháp lý,.
3. Lưu ý về việc sang tên xe
Việc sử dụng xe của người thân định cư nước ngoài lâu dài mà không làm thủ tục sang tên có thể khiến bạn gặp rắc rối với lỗi ""Không làm thủ tục đăng ký sang tên xe"". Theo quy định, người mua hoặc người được tặng cho, thừa kế xe có trách nhiệm làm thủ tục đăng ký sang tên theo quy định,,.","Nghị định 168/2024/NĐ-CP: Điều 32 (Khoản 3, Điểm b); Điều 98 (Khoản 6, Điểm a và e); Điều 99 (Khoản 8, Điểm a và b),. Luật Trật tự, an toàn giao thông đường bộ 2024: Điều 9 (Khoản 7).",168-2024-ND-CP:d32;168-2024-ND-CP:d47;168-2024-ND-CP:d9;36-2024-QH15:d43;36-2024-QH15:d9
387,xử phạt vi phạm hành chính giao thông,Các bác cho e hỏi mức phạt k mang giâys tờ xe và không gương mức phạt là bao nhiêu ạ,"1. Mức phạt lỗi không gương
• Mức phạt: Từ 400.000 đồng đến 600.000 đồng.
• Hành vi cụ thể: Không có gương chiếu hậu bên trái người điều khiển hoặc có nhưng không có tác dụng.
2. Mức phạt lỗi không mang theo giấy tờ xe
Lưu ý: Mức phạt này áp dụng khi bạn có giấy tờ nhưng quên mang theo. Tại thời điểm kiểm tra, nếu bạn không xuất trình được, CSGT sẽ lập biên bản lỗi ""không có"", nhưng nếu trong thời hạn giải quyết bạn mang được bản gốc đến đối chiếu thì sẽ được áp dụng mức phạt ""không mang theo"":
• Không mang theo Giấy đăng ký xe: Phạt từ 200.000 đồng đến 300.000 đồng.
• Không mang theo Giấy phép lái xe (GPLX): Phạt từ 200.000 đồng đến 300.000 đồng.
• Không mang theo Giấy chứng nhận bảo hiểm (bắt buộc): Phạt từ 200.000 đồng đến 300.000 đồng.
Lưu ý quan trọng: Nếu thực tế bạn không có (chưa được cấp hoặc đang bị tước) GPLX hoặc Giấy đăng ký xe, mức phạt sẽ rất nặng, dao động từ 2.000.000 đồng đến 8.000.000 đồng tùy loại xe và dung tích xi-lanh.","Nghị định 168/2024/NĐ-CP: Điều 14 (Khoản 1, Điểm a); Điều 18 (Khoản 2, Khoản 5, Khoản 7); Điều 48 (Khoản 3). Luật Trật tự, an toàn giao thông đường bộ 2024: Điều 56 (Khoản 1).",168-2024-ND-CP:d14;168-2024-ND-CP:d18;168-2024-ND-CP:d48;36-2024-QH15:d56
388,quy tắc giao thông đường bộ,Em chạy khúc nhà thờ Song Vĩnh ql51 đến ngã 3 cảng Cái Mép quay đầu ở giao lộ mà có bảng cấm xe máy rẽ trái thì có bị phạt nguội ko mn,"1. Có bị phạt nguội không?
• Có thể bị phạt: Nếu tại giao lộ đó có lắp đặt hệ thống camera giám sát (camera AI) và hành vi của bạn được xác định là vi phạm biển báo hiệu, thông tin sẽ được gửi về để xử lý phạt nguội theo quy định,.
• Về quy tắc biển báo: Theo quy chuẩn kỹ thuật hiện hành, biển ""Cấm rẽ trái"" không còn giá trị cấm quay đầu. Tuy nhiên, nếu tại đó có biển ""Cấm quay đầu xe"" hoặc biển báo kết hợp cấm cả rẽ trái và quay đầu thì hành vi quay đầu của bạn là vi phạm pháp luật,.
2. Mức xử phạt đối với xe máy (xe mô tô, xe gắn máy):
• Lỗi không chấp hành hiệu lệnh, chỉ dẫn của biển báo hiệu: Phạt tiền từ 200.000 đồng đến 400.000 đồng.
• Lỗi quay đầu xe tại nơi có biển báo hiệu có nội dung cấm quay đầu xe: Phạt tiền từ 400.000 đồng đến 600.000 đồng.
• Trừ điểm Giấy phép lái xe (GPLX): Nếu hành vi quay đầu trái quy định gây ùn tắc giao thông, bạn có thể bị trừ 02 điểm trên GPLX.","Luật Trật tự, an toàn giao thông đường bộ 2024 (Luật số 36/2024/QH15): Điều 11 (Khoản 1), Điều 15 (Khoản 1, 4),. Nghị định 168/2024/NĐ-CP: Điều 7 (Khoản 1, Điểm a; Khoản 2, Điểm k), Điều 98 (Khoản 8),.",168-2024-ND-CP:d7;36-2024-QH15:d11;36-2024-QH15:d15
389,xử phạt vi phạm hành chính giao thông,Cho e hỏi chạy qua tốc độ 82/60 phat cỡ nhiu vậy mọi người với đóng phạt trễ thi bi phat bao nhiêu vậy mọi người,"1. Mức phạt tiền và trừ điểm bằng lái
Mức phạt này áp dụng tương đương cho cả người điều khiển xe ô tô và xe mô tô:
• Mức phạt tiền: Từ 6.000.000 đồng đến 8.000.000 đồng,.
• Hình thức xử phạt bổ sung: Bị trừ 04 điểm trên Giấy phép lái xe,.
2. Mức phạt nộp chậm (ngoài nguồn tài liệu được cung cấp)
Thông tin về mức phạt nộp chậm không nằm trong các phần của nguồn tài liệu này. Tuy nhiên, theo quy định chung của Luật Xử lý vi phạm hành chính, nếu quá thời hạn nộp phạt, người vi phạm sẽ phải nộp thêm tiền chậm nộp.
• Mức tính: Mỗi ngày chậm nộp, cá nhân phải nộp thêm 0,05% trên tổng số tiền phạt chưa nộp. Bạn nên kiểm tra kỹ ngày hẹn trên biên bản hoặc quyết định xử phạt để tránh phát sinh chi phí này.","Đối với ô tô: Nghị định 168/2024/NĐ-CP, Điều 6 (Khoản 6, Điểm a) và Điều 6 (Khoản 16, Điểm b). Đối với xe mô tô, xe gắn máy: Nghị định 168/2024/NĐ-CP, Điều 7 (Khoản 8, Điểm a) và Điều 7 (Khoản 13, Điểm b).",168-2024-ND-CP:d6;168-2024-ND-CP:d7
390,thủ tục hành chính giao thông,"Các anh cho em hỏi, em bị lập biên bảng từ năm 2022 ở đội Nam sài gòn lỗi lấn làn đến giờ. Em còn đầy đủ biên bản vậy giờ em có thể lấy lại GPLX không ạ, và nếu có phạt thì phí phạt trễ hạn là bao nhiêu ạ","• Về thời hiệu xử phạt: Thời hiệu xử phạt vi phạm hành chính về trật tự, an toàn giao thông đường bộ là 01 năm. Vì vụ việc của bạn xảy ra từ năm 2022, đã quá thời hiệu để cơ quan chức năng ra quyết định xử phạt mới (nếu trước đó họ chưa ra quyết định).
• Về việc lấy lại GPLX: Bạn vẫn có quyền nhận lại giấy tờ bị tạm giữ. Tuy nhiên, nếu tại thời điểm đó cơ quan chức năng đã ra quyết định xử phạt mà bạn chưa thực hiện nộp phạt, bạn sẽ phải hoàn thành nghĩa vụ tài chính trước khi nhận lại bằng lái.
• Về phí phạt trễ hạn: Thông tin về mức phí nộp chậm không có trong nguồn tài liệu được cung cấp. Tuy nhiên, theo quy định chung của pháp luật về xử lý vi phạm hành chính (bạn nên kiểm chứng thêm), mức tiền nộp chậm thường là 0,05% mỗi ngày trên tổng số tiền phạt chưa nộp.
• Rủi ro bị thu hồi: Bạn cần lưu ý rằng theo Luật mới, GPLX bị tạm giữ quá thời hạn hoặc hết thời hiệu thi hành quyết định xử phạt mà người vi phạm không đến nhận mà không có lý do chính đáng thì sẽ bị thu hồi.","Nghị định 168/2024/NĐ-CP: Điều 4 (Khoản 1). Luật Trật tự, an toàn giao thông đường bộ 2024: Điều 62 (Khoản 5, Điểm c).",168-2024-ND-CP:d4;36-2024-QH15:d62
391,an toàn giao thông và trách nhiệm pháp lý,MN cho e hỏi ..hôm e có va chạm với xe khác .hoà giải ko thành...vậy khi nào họ mới trả xe e ạ,"1. Thời điểm trả xe: Xe của bạn sẽ được trả lại khi cơ quan Công an hoàn thành các thủ tục khám nghiệm, điều tra và xác minh các tình tiết liên quan đến vụ tai nạn (như xác định nguyên nhân, lỗi, hậu quả thiệt hại),. Nếu xe không còn cần thiết để phục vụ việc điều tra hoặc làm chứng cứ và bạn đã thực hiện xong các nghĩa vụ liên quan (nếu có), cơ quan chức năng sẽ ra quyết định trả lại phương tiện,.
2. Quy trình xử lý khi hòa giải không thành: Do không đạt được thỏa thuận, cơ quan Công an sẽ tiến hành giải quyết vụ việc theo trình tự pháp luật:
    ◦ Kiểm tra nồng độ cồn, chất ma túy của người điều khiển,.
    ◦ Khám nghiệm hiện trường, khám nghiệm phương tiện để xác định lỗi,.
    ◦ Kết luận vụ tai nạn để làm căn cứ xử phạt vi phạm hành chính hoặc truy cứu trách nhiệm hình sự, cũng như xác định trách nhiệm bồi thường thiệt hại,.
3. Lưu ý: Việc tạm giữ phương tiện trong trường hợp này là để phục vụ công tác điều tra, giải quyết tai nạn giao thông nhằm bảo đảm tính khách quan và đúng pháp luật,.","Luật Trật tự, an toàn giao thông đường bộ 2024 (Luật số 36/2024/QH15): Điều 80, Điều 83 (Khoản 1, Khoản 2, Khoản 3),. Nghị định 168/2024/NĐ-CP: Điều 48 (về tạm giữ phương tiện, giấy tờ),.",168-2024-ND-CP:d48;36-2024-QH15:d80;36-2024-QH15:d83
392,quy tắc giao thông đường bộ,có bác nào giải thich giùm em đc k. em lo quá. nay em đi đường mà đèn xanh còn 4 giây nữa em vẫn đi tiếp. qua giữa lộ thì đèn đỏ. vậy em có bị lỗi và có bị phạt nguôi k các bác. em đi xe máy. k phải em cố tình đi mà mắt em k nhìn rõ. chỉ thấy mầu xanh. bác nào thấy bài giải thich giùm em. em cám ơn ạ.,,,168-2024-ND-CP:d7;36-2024-QH15:d10;36-2024-QH15:d11
393,thủ tục hành chính giao thông,Vào ngày 5/9/2025 e có bị phạt nguội bắn tốc độ ở tp Thái Nguyên.Công an tp Thái Nguyên yêu cầu ngày 22/9/2025 đến phòng cảnh sát để giải quyết mà đến tận ngày 20/12/2025 em mới nhận được giấy từ bưu điện gửi về thì giờ đến giải quyết có được ko ạ?và có phải nộp phạt thêm phí gì ko ạ?,"1. Đến giải quyết muộn có được không?
Được. Bạn cần đến cơ quan Công an ghi trong thông báo để phối hợp giải quyết vụ việc vì:
• Thời hiệu xử phạt: Thời hiệu xử phạt vi phạm hành chính trong lĩnh vực giao thông là 01 năm kể từ ngày vi phạm,. Do vi phạm xảy ra vào tháng 9/2025, đến tháng 12/2025 vẫn nằm trong thời hiệu xử lý.
• Thủ tục phạt nguội: Khi nhận được thông báo, người vi phạm (hoặc chủ xe) có nghĩa vụ đến trụ sở để xác định người điều khiển và lập biên bản vi phạm,. Việc bạn nhận được giấy muộn từ bưu điện là lý do khách quan và bạn vẫn có quyền giải trình về việc này,.
2. Có phải nộp thêm phí nộp chậm không?
Không. Ở giai đoạn này, bạn chưa phải nộp thêm tiền chậm nộp.
• Lý do: Tiền nộp chậm (theo quy định chung là 0,05%/ngày) chỉ tính khi bạn đã có Quyết định xử phạt mà quá thời hạn ghi trong quyết định đó vẫn không đi nộp tiền.
• Trường hợp của bạn hiện mới dừng ở bước nhận Thông báo vi phạm để đến lập biên bản, nên bạn chỉ phải nộp đúng mức tiền phạt quy định cho lỗi tốc độ tại Nghị định 168,.
3. Lưu ý về Đăng kiểm (nếu là ô tô)
Do bạn đến muộn sau hơn 15 ngày kể từ ngày hẹn (22/9), cơ quan Công an có thể đã gửi thông báo cảnh báo phương tiện trên hệ thống của cơ quan Đăng kiểm,. Sau khi bạn hoàn thành việc nộp phạt, cơ quan Công an sẽ cập nhật trạng thái đã giải quyết lên hệ thống để bạn có thể đăng kiểm xe bình thường,.","Nghị định 168/2024/NĐ-CP: Điều 4 (Thời hiệu xử phạt); Điều 98 (Khoản 8 - Thủ tục phạt nguội); Điều 100 (Khoản 11 - Xử lý quá thời hạn hẹn giải quyết),. Luật Trật tự, an toàn giao thông đường bộ 2024: Điều 67 (Biện pháp phát hiện vi phạm),.",168-2024-ND-CP:d4;168-2024-ND-CP:d47;168-2024-ND-CP:d6;36-2024-QH15:d67
394,thủ tục hành chính giao thông,"Em bị phạt lập biên bản và giữ GPLX tầm 2 tuần trước, giờ đúng lúc em mua xe mới thì có đăng ký xe và bấm biển được không ạ :((","1. Tra cứu dữ liệu người vi phạm: Theo quy định, cơ quan đăng ký xe có trách nhiệm tra cứu dữ liệu về người vi phạm trên hệ thống. Nếu kết quả tra cứu cho thấy bạn chưa thực hiện xong các yêu cầu về giải quyết vụ việc vi phạm hành chính, cơ quan chức năng sẽ chưa giải quyết việc đăng ký cho phương tiện liên quan,.
2. Ràng buộc về trách nhiệm: Việc tạm giữ GPLX là biện pháp để bảo đảm bạn sẽ thực hiện quyết định xử phạt. Trong trường hợp bạn ""nợ"" phạt, hệ thống cảnh báo sẽ ghi nhận thông tin cá nhân của bạn, dẫn đến việc các thủ tục hành chính liên quan đến đăng ký xe bị tạm dừng cho đến khi bạn hoàn thành việc nộp tiền phạt.
3. Hạn chế điều khiển phương tiện: Ngay cả khi bạn có thể lách quy định để đăng ký được xe, bạn cũng không được phép điều khiển chiếc xe mới đó tham gia giao thông vì không có GPLX trong tay (đang bị tạm giữ).","Nghị định 168/2024/NĐ-CP: Điều 48 (Tạm giữ giấy tờ); Điều 100 (Khoản 11, Điểm a và b - Tra cứu dữ liệu người vi phạm),. Luật Trật tự, an toàn giao thông đường bộ 2024: Điều 43 (Khoản 2, Điểm d); Điều 56 (Khoản 1),.",168-2024-ND-CP:d43;168-2024-ND-CP:d47;168-2024-ND-CP:d48;36-2024-QH15:d43;36-2024-QH15:d56
395,thủ tục hành chính giao thông,Em bị ăn biên bản do đỗ xe không đúng quy định. Bị thu giấy phép lái xe chờ nộp phạt. Em định đóng phạt online vì tỉnh xa thì khi nào Cổng dịch vụ công mới hiện cho đóng ạ?,,,168-2024-ND-CP:d47;168-2024-ND-CP:d48;168-2024-ND-CP:d7;36-2024-QH15:d18
396,thủ tục hành chính giao thông,các bác cho hỏi e bị phạt nguội mà mới nhận thông báo vi pham muốn sử lý ko cần đến phòng csgt thì làm thế nào ạ . e cảm ơn,,,168-2024-ND-CP:d47
397,thủ tục hành chính giao thông,Cho em hỏi biên bản vi phạm giao thông ghi nghề nghiệp tự do thì có bị gửi về trường không ạ,,,168-2024-ND-CP:d46;168-2024-ND-CP:d47
398,xử phạt vi phạm hành chính giao thông,các anh chị cho em hỏi với ạ. bé nhà em 13 tuổi lấy xe vinfat 50cc của chị chạy bị công an bắt. em phải nộp phạt bao nhiêu ạ. biên bản ghi chưa đủ tuổi chạy ạ,"Trong trường hợp bé 13 tuổi điều khiển xe VinFast 50cc (xe gắn máy), dựa trên Luật Trật tự, an toàn giao thông đường bộ 2024 và Nghị định 168/2024/NĐ-CP, mức xử phạt được quy định như sau:
1. Đối với người điều khiển (bé 13 tuổi):
• Mức phạt: Do bé mới 13 tuổi (dưới 14 tuổi), theo quy định về xử lý vi phạm hành chính, bé không bị phạt tiền. Tuy nhiên, hành vi này vẫn được ghi nhận là vi phạm pháp luật vì người điều khiển xe gắn máy phải từ đủ 16 tuổi trở lên,.
• Biện pháp ngăn chặn: Cơ quan Công an sẽ tiến hành tạm giữ phương tiện (xe VinFast) theo quy định để ngăn chặn hành vi vi phạm tiếp tục xảy ra.
2. Đối với chủ xe (người giao xe hoặc để bé sử dụng xe):
• Mức phạt tiền: Phạt từ 800.000 đồng đến 1.000.000 đồng đối với cá nhân là chủ xe mô tô, xe gắn máy về hành vi giao xe hoặc để cho người không đủ điều kiện (chưa đủ tuổi) điều khiển xe tham gia giao thông.
Tóm lại: Bé không bị phạt tiền nhưng chủ xe (hoặc người quản lý xe) sẽ bị phạt từ 800.000 - 1.000.000 đồng và xe sẽ bị tạm giữ.","Luật Trật tự, an toàn giao thông đường bộ 2024 (Luật số 36/2024/QH15): Điều 9 (Khoản 7); Điều 59 (Khoản 1, Điểm a),. Nghị định 168/2024/NĐ-CP: Điều 18 (Khoản 1 - đối chiếu độ tuổi); Điều 32 (Khoản 10); Điều 48 (Khoản 1, Điểm d),,.",168-2024-ND-CP:d18;168-2024-ND-CP:d32;168-2024-ND-CP:d48;168-2024-ND-CP:d7;36-2024-QH15:d59;36-2024-QH15:d9
399,quy tắc giao thông đường bộ,MN cho em hỏi vỉa hè rộng làm đường nhựa ở giữa vẻ hè . đường rộng khoảng hơn1m dài tầm 10m không có biển báo cấm xe máy đi đường hoàng thiện 90% . Nếu đi xe máy lên đường này có vi phạm không,,,168-2024-ND-CP:d7;36-2024-QH15:d10;36-2024-QH15:d13
400,xử phạt vi phạm hành chính giao thông,"Ngày 28/10/2025 e bị  giữ xe thồi nồng độ cồn, k bằng lái xe. Biên bản ghi sau 7 ngày làm việc nộp phạt lấy xe. Nhưng vì e khó khăn tiền phạt nhiều chưa thu xếp được nên đến ngày 13/12/2025 e mới xuống. E đầy đủ giấy tờ cc, giấy tờ xe và bằng. Giấy tỡ đã được công an khu vực đến tại nhà làm sạch dữ liệu trên IHanoi. Nhưng cán bộ xử phạt bảo bằng giấy k có trên hệ thống. Bảo e chạy lên số 2 Phùng Hưng để báo họ cập nhật. E lên số 2 Phùng Hưng các cán bộ ở đấy bảo k có trên hệ thống. Họ bảo e về chờ họ xác minh. Việc lên hệ thống hay không e công dân không nắm rõ đc. Còn bằng e thi năm 2006. Sốt ruột gọi điện hỏi cán bộ xử phạt thì cứ chỉ bảo chờ. Các bác biết làm tn chỉ e với ạ.","Trường hợp của bạn được giải quyết dựa trên các quy định sau từ nguồn tài liệu:
• Thời gian xác minh: Khi xử phạt chủ phương tiện, cơ quan chức năng có quyền kéo dài thời hạn ra quyết định xử phạt để xác minh các tình tiết liên quan, nhưng tối đa không quá 60 ngày.
• Trách nhiệm phối hợp: Bạn có nghĩa vụ phải hợp tác với cơ quan chức năng để xác định đối tượng điều khiển và tính xác thực của các giấy tờ liên quan.
• Giá trị của bằng lái xe cũ: Giấy phép lái xe (bằng lái) được cấp trước ngày Luật Trật tự, an toàn giao thông đường bộ 2024 có hiệu lực (01/01/2025) vẫn tiếp tục được sử dụng theo thời hạn ghi trên giấy phép. Việc bằng của bạn thi năm 2006 (bằng giấy) vẫn có giá trị pháp lý nếu còn thời hạn sử dụng.
• Xử lý việc nộp phạt muộn: Vì bạn đã quá thời hạn hẹn đến giải quyết vụ việc ghi trong biên bản (sau 7 ngày làm việc), bạn phải chấp hành quyết định xử phạt theo các hành vi vi phạm đã ghi trong biên bản vi phạm hành chính ban đầu.
Lời khuyên: Bạn cần kiên nhẫn chờ đợi kết quả xác minh từ phía cơ quan công an theo đúng thời hạn pháp luật cho phép (tối đa 60 ngày). Bằng lái của bạn cấp năm 2006 là hợp pháp và sẽ được công nhận sau khi quá trình đối soát dữ liệu hoàn tất.","Khoản 7, Điều 47, Nghị định 168/2024/NĐ-CP. Điểm b, Khoản 8, Điều 47, Nghị định 168/2024/NĐ-CP. Khoản 1, Điều 89, Luật Trật tự, an toàn giao thông đường bộ 2024. Điểm d, Khoản 3, Điều 48, Nghị định 168/2024/NĐ-CP.",168-2024-ND-CP:d47;168-2024-ND-CP:d48;36-2024-QH15:d89
401,quy tắc giao thông đường bộ,Xe e là xe ghi hình không phải xe trắng thì có vi phạm vượt đèn ở thời điểm này không ạ. E đi qua nhìn đèn còn 00 giây,,,168-2024-ND-CP:d7;36-2024-QH15:d10;36-2024-QH15:d11
402,quy tắc giao thông đường bộ,Cho em hỏi hôm qua em bị công an bắt vượt đèn vàng. Đèn xanh gần hết nhưng xe đằng trước cố tình đi chậm nên em vượt đúng lúc sang đèn vàng. Đã xin hình thức giảm nhẹ rồi. Nhưng em hỏi là nếu có lần sau thì mình nên làm ra sao? Em người bắc ở trong nam ạ,"Dựa trên các nguồn tài liệu được cung cấp, để tránh vi phạm trong những lần sau, bạn cần thực hiện các quy tắc sau:
• Chấp hành tín hiệu đèn vàng: Khi thấy tín hiệu đèn vàng, bạn phải dừng lại trước vạch dừng. Bạn chỉ được đi tiếp nếu tại thời điểm đèn chuyển sang màu vàng, xe của bạn đã đi qua vạch dừng hoặc đang nằm trên vạch dừng.
• Quan sát và giảm tốc độ tại nơi giao nhau: Khi đến gần đường giao nhau, bạn có trách nhiệm phải quan sát, giảm tốc độ để bảo đảm an toàn.
• Giữ khoảng cách an toàn: Bạn phải giữ khoảng cách an toàn tối thiểu với xe chạy liền trước để có đủ thời gian và không gian xử lý khi xe trước đi chậm hoặc dừng lại, tránh việc bị kẹt lại giữa nút giao khi đèn đã chuyển sang màu vàng hoặc đỏ.
• Tuân thủ quy tắc chung: Người tham gia giao thông có nghĩa vụ chấp hành hệ thống báo hiệu đường bộ và các quy tắc giao thông để giữ an toàn cho mình và người khác,.

","Khoản 1 Điều 10; Khoản 2, Khoản 4 Điều 11; Khoản 1, Khoản 3 Điều 12 Luật Trật tự, an toàn giao thông đường bộ 2024. Điểm b Khoản 9 Điều 6 (đối với xe ô tô) hoặc Điểm c Khoản 7 Điều 7 (đối với xe mô tô, xe gắn máy) Nghị định 168/2024/NĐ-CP.",168-2024-ND-CP:d6;168-2024-ND-CP:d7;36-2024-QH15:d10;36-2024-QH15:d11;36-2024-QH15:d12
403,thủ tục hành chính giao thông,"Em có người nhà ngoài Bắc,hồi thanh niên có vào trong Nam làm việc thì vi phạm giao thông,bị các chú công an gọi vào hỏi giấy tờ thì trình bằng lái ra và lập biên bản,nhưng không ký cũng không nộp phạt xong bỏ về mà lúc đấy lại đi xe cỏ
Hiện tại cũng qua mười mấy năm rồi và cũng đang ở ngoài Bắc rồi ạ
Mọi người cho e biết và hiểu luật cho e xin cách để xin lấy lại bằng được không ạ",,,168-2024-ND-CP:d4;168-2024-ND-CP:d47
404,thủ tục hành chính giao thông,"Tuần trước bị bị phạt lỗi có hợp đồng vận chuyển hành khách nhưng ko đúng qui định.
Hôm đó em bị lập biên bản, thu GPLX, phù hiệu xe.
Họ hẹn tuần sau đi nhận quyết định xử phạt.
Các bác cho em hỏi liệu có lấy về đc phù hiệu xe ko ạ. Em xin cảm ơn ạ.",,,168-2024-ND-CP:d20;168-2024-ND-CP:d47;168-2024-ND-CP:d48
405,thủ tục hành chính giao thông,Cho em hỏi với ạ! Em bị giữ bằng xe máy do lỗi k đội mũ bảo hiểm 5 năm rồi! Giờ mất biên bản xử phạt giờ làm cách nào để nộp phạt onl ạ,,,168-2024-ND-CP:d4;168-2024-ND-CP:d47;168-2024-ND-CP:d48;168-2024-ND-CP:d7
406,thủ tục hành chính giao thông,"Các bác cho em hỏi em mới bị lập biên bản vphc và bị chụp lại Vneid, em sẽ nhận quyết định xử phạt ở tại nơi hẹn trong biên bản hay Vnetraffic. Và thường bao lâu sẽ nhận quyết định xử phạt ạ ??",,,168-2024-ND-CP:d46;168-2024-ND-CP:d47
407,thủ tục hành chính giao thông,"Anh em cho em hỏi 2 năm trước em bị lỗi tốc độ ở Duyên Hải đã đóng phạt xử lý và lấy bằng về,kể từ lúc đó đến bây giờ chưa bị lỗi gì,mà bây giờ em đi đổi bằng trên hệ thống vẫn để em bị treo bằng,mà không để lý do và ngày tháng,nên bây giờ không cho cấp đổi và thi bằng A,trường hợp này ai từng bị giống em cho em xin hướng giải quyết với ạ em cảm ơn",,,168-2024-ND-CP:d47;168-2024-ND-CP:d49;168-2024-ND-CP:d50;168-2024-ND-CP:d6
408,xử phạt vi phạm hành chính giao thông,"hchieu này e có đi sai lane lúc vô kia mấy chú xử phạt 2tr5 + -2đ và thu xe , sau đó e năn nỉ đưa 1tr đồng, về nhà lên mạng thấy lỗi lấn lane đóng 600-800k ?","Dựa trên các nguồn tài liệu, đối với hành vi ""đi sai làn"" (lấn làn), quy định pháp luật hiện hành như sau:
• Mức phạt đối với xe mô tô (xe máy): Phạt tiền từ 600.000 đồng đến 800.000 đồng cho hành vi điều khiển xe không đi đúng phần đường, làn đường quy định (làn cùng chiều hoặc làn ngược chiều). Hành vi này không bị trừ điểm giấy phép lái xe và không thuộc trường hợp bị tạm giữ phương tiện (thu xe).
• Mức phạt đối với xe ô tô: Phạt tiền từ 4.000.000 đồng đến 6.000.000 đồng. Hành vi này bị trừ 02 điểm giấy phép lái xe nhưng không bị tạm giữ phương tiện.
• Đối chiếu với trường hợp của bạn: Hình phạt ""2tr5 + -2đ + thu xe"" không áp dụng cho lỗi sai làn đường thông thường. Tổ hợp hình phạt này (mức trung bình 2,5 triệu, trừ 2 điểm và thu xe) chỉ áp dụng cho một số hành vi khác, ví dụ như điều khiển xe mô tô không có Chứng nhận đăng ký xe hoặc sử dụng giấy đăng ký hết hạn.
• Về việc nộp tiền: Quy trình xử lý vi phạm phải căn cứ vào biên bản và quyết định xử phạt chính thức. Người vi phạm có thể nhận quyết định và nộp phạt thông qua Cổng dịch vụ công Quốc gia, Cổng dịch vụ công Bộ Công an hoặc ứng dụng VNeID. Nguồn tài liệu không có quy định về việc thỏa thuận hay nộp tiền trực tiếp cho người thi hành công vụ không qua thủ tục pháp lý.","Điểm d Khoản 3, Khoản 13 Điều 7 Nghị định 168/2024/NĐ-CP. Điểm b Khoản 5, Điểm a Khoản 16 Điều 6 Nghị định 168/2024/NĐ-CP. Điều 48; Khoản 12 Điều 47 Nghị định 168/2024/NĐ-CP.",168-2024-ND-CP:d47;168-2024-ND-CP:d48;168-2024-ND-CP:d6;168-2024-ND-CP:d7
409,quy tắc giao thông đường bộ,"Các bác giải đáp giúp e, e di chuyển lúc đèn xanh còn 16 giây, tự dưng xe trước e đứng lại làm xe e cũng dừng theo, bánh trước xe e đã qua vạch dừng, vai e song song với cây đèn (do thùng xe tải e dài nên khoảng 60% chiều dài xe vẫn còn trong vạch dừng), e vướng ở đó cho đến hết đèn xanh qua tận đèn đỏ vài giây thì xe trước nó mới di chuyển (do trước xe đó có 1 xe khác đang quẹo trái), e cũng nối đuôi chạy tiếp luôn trong khi đèn đang đỏ thì có bị phạt vượt đèn đỏ không ạ (vị trí e bị vướng hết cây đèn xanh có trong phần cốt, mong các bác chỉ bảo), thank các bác ","Dựa trên các nguồn tài liệu được cung cấp, dưới đây là thông tin giải đáp cho trường hợp của bạn:
• Quy định về đèn đỏ: Tín hiệu đèn đỏ là cấm đi. Mặc dù bánh trước xe của bạn đã qua vạch dừng từ lúc đèn xanh, nhưng sau đó xe đã dừng lại; hành động bạn khởi hành và tiếp tục di chuyển (""nối đuôi chạy tiếp"") trong lúc đèn đang đỏ đã vi phạm hiệu lệnh cấm đi của đèn tín hiệu giao thông.
• Ngoại lệ khi chuyển màu tín hiệu: Theo quy định, chỉ trường hợp xe đang đi trên vạch dừng hoặc đã đi qua vạch dừng tại thời điểm đèn chuyển sang màu vàng thì mới được phép đi tiếp. Nguồn tài liệu không có quy định cho phép xe dừng lại rồi tiếp tục khởi hành khi đèn đã chuyển sang màu đỏ.
• Trách nhiệm về khoảng cách an toàn: Người lái xe phải giữ khoảng cách an toàn tối thiểu với xe phía trước để đảm bảo có đủ thời gian và không gian xử lý tình huống, tránh việc bị kẹt lại giữa nút giao khi tín hiệu đèn thay đổi.
• Nghĩa vụ quan sát: Khi đến nơi đường giao nhau, người điều khiển phương tiện có trách nhiệm phải quan sát và giảm tốc độ để bảo đảm an toàn.","Khoản 1, Khoản 4 Điều 11; Khoản 1, Khoản 2, Điểm d Khoản 3 Điều 12; Khoản 2 Điều 13 Luật Trật tự, an toàn giao thông đường bộ 2024. Điểm b Khoản 9 Điều 6 Nghị định 168/2024/NĐ-CP.",168-2024-ND-CP:d7;36-2024-QH15:d11;36-2024-QH15:d12;36-2024-QH15:d13
410,thông tin liên hệ cơ quan chức năng,"Các bác có ai ở Thanh Hoá k ạ
Trước đây em bị CSGT huyện Như Xuân bắt, cho em hỏi trụ sở hiện tại chuyển về đâu ạ, em cảm ơn",,,168-2024-ND-CP:d41;168-2024-ND-CP:d43
411,xử phạt vi phạm hành chính giao thông,"Mình đi xe máy lên cầu vượt dành cho ô tô, thêm ko bằng lái, có giấy tờ xe nhưng k phải chính chủ mà của người chủ trước lâu lắc rồi, họ có lập biên bản giam xe, ghi tên ngày sinh mình (ko ghi số cccd) và thông tin của xe ,mình đã ký.
Nhiêu đó thì phạt khoảng bao nhiêu vậy mọi người?
Xe đời 2010, nếu tiền phạt cao quá, bỏ xe thì có sao ko?","Dựa trên các nguồn tài liệu được cung cấp, dưới đây là thông tin trả lời cho trường hợp của bạn:
1. Mức phạt tiền dự kiến (Tổng cộng khoảng từ 3.200.000 VNĐ đến 5.600.000 VNĐ): Với các hành vi bạn mô tả, mức phạt được quy định như sau (áp dụng cho cá nhân điều khiển xe mô tô dưới 125cm3):
• Đi xe máy vào đường có biển báo cấm phương tiện đang điều khiển (cầu vượt dành cho ô tô): Phạt tiền từ 400.000 đồng đến 600.000 đồng.
• Không có Giấy phép lái xe: Phạt tiền từ 2.000.000 đồng đến 4.000.000 đồng. (Nếu xe trên 125cm3, mức phạt từ 6.000.000 đồng đến 8.000.000 đồng).
• Không làm thủ tục đăng ký sang tên xe theo quy định: Phạt tiền từ 800.000 đồng đến 1.000.000 đồng.
• Về việc tạm giữ xe: Người có thẩm quyền được phép tạm giữ phương tiện để ngăn chặn ngay hành vi vi phạm hành chính đối với lỗi không có Giấy phép lái xe.
2. Hệ lụy nếu bỏ xe, không nộp phạt:
• Bị chặn các thủ tục hành chính về sau: Cơ quan chức năng chưa thực hiện việc cấp mới, đổi, cấp lại giấy phép lái xe đối với người vi phạm nếu người đó chưa thực hiện xong các yêu cầu của cơ quan nhà nước có thẩm quyền về giải quyết vụ việc vi phạm hành chính liên quan.
• Cảnh báo trên hệ thống quản lý: Khi quá thời hạn hẹn giải quyết hoặc quá thời hạn nộp phạt, thông báo sẽ được gửi đến cơ quan đăng ký xe và cơ quan cấp giấy phép lái xe. Hệ thống sẽ không giải quyết việc đăng ký phương tiện mới hoặc cấp giấy phép lái xe cho bạn cho đến khi vụ việc được giải quyết xong.
• Thu hồi giấy phép (nếu có): Nếu giấy phép lái xe đã quá thời hạn tạm giữ mà người vi phạm không đến nhận (không có lý do chính đáng) thì sẽ bị thu hồi.
• Niên hạn sử dụng: Đối với xe mô tô, xe gắn máy, pháp luật hiện hành không áp dụng niên hạn sử dụng.","Khoản 4, Khoản 5 Điều 62; Khoản 3 Điều 40 Luật Trật tự, an toàn giao thông đường bộ 2024. Điểm i Khoản 3 Điều 7; Điểm a Khoản 5, Điểm b Khoản 7 Điều 18; Điểm a Khoản 3 Điều 32; Khoản 11, Khoản 12 Điều 47; Khoản 1 Điều 48 Nghị định 168/2024/NĐ-CP",168-2024-ND-CP:d18;168-2024-ND-CP:d32;168-2024-ND-CP:d47;168-2024-ND-CP:d48;168-2024-ND-CP:d7;36-2024-QH15:d13
412,thủ tục hành chính giao thông,Mình bị giữ bằng từ tháng 1 giờ muốn tra cứu bằng ở đâu để đến nộp phạt làm thế nào .Ai biết chỉ mình với .Bằng xe máy ạ,,,168-2024-ND-CP:d47;168-2024-ND-CP:d48
413,thủ tục hành chính giao thông,"Mấy anh cho e hỏi
E bị giam bằng lái xe 2 bánh lỗi là 350k
Mà giam 3 năm rồi e chưa lấy ra thì tính phạt thế ntn vậy
E cảm ơn","Dựa trên các nguồn tài liệu được cung cấp, dưới đây là các thông tin liên quan đến trường hợp của bạn:
• Tình trạng Giấy phép lái xe (GPLX): GPLX của bạn thuộc trường hợp bị thu hồi do đã quá thời hạn tạm giữ hoặc hết thời hiệu thi hành quyết định xử phạt (thời hiệu xử phạt là 01 năm) mà người vi phạm không đến nhận và không có lý do chính đáng,.
• Hạn chế thủ tục hành chính: Cơ quan chức năng chưa giải quyết việc cấp mới, đổi hoặc cấp lại giấy phép lái xe đối với người vi phạm nếu người đó chưa thực hiện xong các yêu cầu về giải quyết vụ việc vi phạm hành chính liên quan,.
• Thông báo vi phạm: Khi bạn chưa chấp hành quyết định xử phạt, người có thẩm quyền sẽ gửi thông báo cho cơ quan cấp GPLX để tra cứu dữ liệu và chặn các thủ tục cấp mới, cấp đổi của bạn trên hệ thống,.
• Về việc tính tiền phạt: Các nguồn tài liệu được cung cấp không có thông tin về công thức hoặc cách tính số tiền nộp chậm (tiền lãi) phát sinh sau 3 năm đối với mức phạt gốc 350.000 đồng.","Khoản 4, Khoản 5 Điều 62 Luật Trật tự, an toàn giao thông đường bộ 2024. Khoản 1 Điều 4; Khoản 11 Điều 47 Nghị định 168/2024/NĐ-CP.",168-2024-ND-CP:d4;168-2024-ND-CP:d47;36-2024-QH15:d62
414,thủ tục hành chính giao thông,cho em hỏi làm sao để nhận được mã số quyết định xử phạt vậy ạ e mới lập biên bản hôm nay mà thanh toán online em ko có số quyết định xử phạt trong biên bản,,,168-2024-ND-CP:d47
415,thủ tục hành chính giao thông,"Các bác cho em hỏi với ạ
E vi phạm tốc độ nhưng đã quá thời hạn nộp phạt giờ em phải làm thế nào để xử lý ạ
Em bị phạt ở Lạng Sơn nhưng giờ đang ở Hà Nội ạ
Em cảm ơn các bác",,,168-2024-ND-CP:d4;168-2024-ND-CP:d47;168-2024-ND-CP:d6
416,thủ tục hành chính giao thông,"Chào các bác hôm nay em có đi qua đoạn bắc ninh bị mấy anh CSGT tuýt lỗi quá tốc độ cụ thể đoạn được trong khu dân cư chỉ được đi 50km/h em đi 57km/h bị cái biên bản phạt 1tr. phạt em chấp nhận nhưng nhà em ở mãi dưới hạ long em có hỏi em có thể nộp phạt online đc không thì mấy anh bảo không được phải đến CSGT Bắc ninh để nộp vậy xin hỏi các bác như này có đúng không và liệu có thể nộp phạt online được không chứ mấy anh CSGT bắt em 7 ngày sau phải quay lại tỉnh bắc ninh để nộp em thấy lản quá, 1 tiền gà 3 tiền thóc công đi lại quá tội ạ. bác nào có kinh nghiệm nộp phạt rồi cho em xin kinh nghiệm với ạ. em cảm ơn ạ.",,,168-2024-ND-CP:d6;36-2024-QH15:d12;36-2024-QH15:d66
417,xử phạt vi phạm hành chính giao thông,"Em mới bị csgt bắt trên đường, em vượt đèn vàng bị đuổi theo tấp vô, em năn nỉ nma chú không để ý mà kêu em mở vneid lên chụp giấy tờ của em rồi nói em là 5tr trừ 4 điểm. Rồi chú kêu đi đi, em đứng năn nỉ mà chú đi luôn. Vậy em có bị gửi biên bản về nhà không ạ hay em phải lên kho bạc đóng ạ, và đóng trễ có sao không ạ vì em là sinh viên đi làm 3 tháng em mới gom đủ được tiền ạ ",,,168-2024-ND-CP:d7;36-2024-QH15:d10;36-2024-QH15:d11
418,thủ tục hành chính giao thông,dạ các ac các bác cho em hỏi trước em bị bắt ở đội an ninh trật tự ( áo xanh ) công an quận bắc từ liêm thì giờ em lên nộp phạt ở đâu để được lấy blx về ạ em đã lên đội cảnh sát giao thông số 6 phạm hùng nhưng họ chỉ về quang trung hà đông ạ,,,168-2024-ND-CP:d41;168-2024-ND-CP:d47
419,thủ tục hành chính giao thông,Các bác cho e hỏi là bị phạt nguội thì bh mình cần đi nộp phạt vậy,"Dựa trên các nguồn tài liệu được cung cấp, dưới đây là thông tin về thời điểm bạn cần đi nộp phạt khi bị ""phạt nguội"" (vi phạm phát hiện qua phương tiện kỹ thuật nghiệp vụ):
• Thời hạn đến giải quyết: Khi phát hiện vi phạm qua thiết bị kỹ thuật, cơ quan chức năng sẽ gửi thông báo yêu cầu chủ phương tiện hoặc người vi phạm đến trụ sở để giải quyết. Bạn cần có mặt trong thời hạn 10 ngày kể từ ngày thông báo được gửi đi hoặc theo thời gian hẹn ghi trong thông báo.
• Thời hạn nộp tiền phạt: Sau khi bạn đến làm việc và lập biên bản, người có thẩm quyền sẽ ban hành quyết định xử phạt. Bạn phải nộp tiền phạt theo thời hạn được ghi cụ thể trong quyết định xử phạt.
• Hệ quả nếu chậm trễ: Nếu quá thời hạn hẹn đến giải quyết hoặc quá thời hạn nộp phạt ghi trong quyết định mà bạn chưa thực hiện, cơ quan chức năng sẽ:
    ◦ Gửi thông báo cảnh báo đến cơ quan đăng kiểm, cơ quan đăng ký xe và cơ quan cấp giấy phép lái xe.
    ◦ Các cơ quan này sẽ chưa giải quyết việc đăng kiểm, đăng ký phương tiện hoặc cấp đổi, cấp mới giấy phép lái xe cho bạn cho đến khi vụ việc được giải quyết xong.","Điểm a Khoản 2 Điều 22 Nghị định 336/2025/NĐ-CP. Điểm a Khoản 8, Khoản 11 và Khoản 12 Điều 47 Nghị định 168/2024/NĐ-CP. Khoản 2 Điều 48 Nghị định 168/2024/NĐ-CP.",168-2024-ND-CP:d47;168-2024-ND-CP:d48
420,an toàn giao thông và trách nhiệm pháp lý,"Mọi người cho em hỏi vụ việc này 
Em và xe máy va chạm giao thông ở ngã tư  xe 2 bên giải quyết nội bộ đã xong . Nhưng bên xe máy bây giờ bắt đền em phải bồi thường cho họ . Mọi người cho em hỏi bây giờ em phải xử lí như thế nào ạ",,,168-2024-ND-CP:d7;36-2024-QH15:d80;36-2024-QH15:d83
421,thủ tục hành chính giao thông,"Anh chị cho em hỏi tí ạ, chẳng là em đi ngoại tỉnh dính tốc độ, nay tra trên phần mềm mới biết vi phạm, nay quá hạn thông báo trên phần mềm, mà địa chỉ trong tỉnh ở thông báo thì hơi xa. Thì em đến Phòng csgt gần nhất có được không hay phải đến tại nơi trong thông báo ạ. ",,,168-2024-ND-CP:d4;168-2024-ND-CP:d47;168-2024-ND-CP:d6
422,quy tắc giao thông đường bộ,Mọi người cho e hỏi trong đây có ai đã từng bị bắt lỗi vi phạm GT ở nút giao dưới gầm cầu Nguyễn Tri phương và võ văn kiệt ở phường An Đông quận 5 chưa ạ!! Đi theo điều tiết GT của các chú dân phòng lúc kẹt xe quẹo vào đường 1 chiều thì bị csgt bắt lỗi đi 1 chiều ! Thế thì lỗi này là của ai ạ?,,,168-2024-ND-CP:d7;36-2024-QH15:d10;36-2024-QH15:d22
423,thủ tục hành chính giao thông,Mọi người xin chỉ giáo .mình đã có quyết định xử phạt giao thông nhưng ko thanh toán qua dịch vụ công được .vậy nộp phạt trực tiếp tại đâu .địa chỉ thường trú là ở xã thăng an thành phố đà nẵng .còn nơi ra quyết định là CA quận cẩm lệ thành phố đà nẵng .mình xin cảm ơn,,,168-2024-ND-CP:d47
424,thủ tục hành chính giao thông,"Chào anh chị ạ, cty e nằm trong khu vực đường cấm giờ mình làm sao để xin được giấy phép lưu hành cho xe để xe lưu thông được ạ? E xin cảm ơn","Dựa trên các nguồn tài liệu được cung cấp, không có hướng dẫn cụ thể về quy trình hoặc hồ sơ để một doanh nghiệp xin giấy phép lưu hành vào khu vực đường cấm giờ. Tài liệu chỉ cung cấp các thông tin liên quan đến thẩm quyền tổ chức giao thông và cấp phép lưu hành cho các loại xe đặc thù như sau:
• Thẩm quyền quy định giờ cấm: Bộ Giao thông vận tải và Ủy ban nhân dân các cấp chịu trách nhiệm tổ chức giao thông trên các tuyến đường thuộc phạm vi quản lý, bao gồm việc quy định về thời gian cho phép tham gia giao thông.
• Thẩm quyền cấp Giấy phép lưu hành: Cơ quan quản lý đường bộ có thẩm quyền cấp giấy phép lưu hành cho xe quá khổ giới hạn, xe quá tải trọng, xe bánh xích và xe vận chuyển hàng siêu trường, siêu trọng.
• Về thủ tục cấp phép: Bộ trưởng Bộ Giao thông vận tải quy định trình tự, thủ tục cấp giấy phép lưu hành cho xe quá tải trọng, xe quá khổ giới hạn và xe bánh xích.
Không đủ thông tin về quy trình xin giấy phép vào đường cấm giờ cho phương tiện của doanh nghiệp.","Luật Đường bộ 2024: Điểm đ Khoản 2 Điều 25; Khoản 5 Điều 25. Luật Trật tự, an toàn giao thông đường bộ 2024: Khoản 5 Điều 52; Khoản 9 Điều 52; Khoản 2 Điều 53.",36-2024-QH15:d52;36-2024-QH15:d77
426,an toàn giao thông và trách nhiệm pháp lý,"gây tai nạn song định bỏ chạy , ngồi lỳ trên xe ko xuống giải quyết theo ae nên xử lý thế nào đây","Dựa trên các nguồn tài liệu được cung cấp, tình huống này cần được xử lý theo các quy định pháp luật sau:
• Trách nhiệm của người phát hiện: Bạn hoặc người có mặt tại hiện trường cần báo tin ngay cho cơ quan Công an, cơ sở khám bệnh, chữa bệnh hoặc Ủy ban nhân dân nơi gần nhất.
• Trách nhiệm bắt buộc của người gây tai nạn:
    ◦ Phải dừng phương tiện ngay lập tức, giữ nguyên hiện trường và trợ giúp người bị nạn.
    ◦ Phải ở lại hiện trường cho đến khi người của cơ quan Công an đến.
    ◦ Nghiêm cấm hành vi bỏ trốn sau khi gây tai nạn để trốn tránh trách nhiệm.
• Biện pháp xử lý đối với hành vi không hợp tác hoặc bỏ chạy:
    ◦ Thuyết phục và yêu cầu: Người thi hành công vụ sẽ giải thích quyền, trách nhiệm và yêu cầu người vi phạm chấm dứt ngay hành vi không chấp hành.
    ◦ Cưỡng chế: Trường hợp người vi phạm chống đối, tùy theo tính chất mức độ, người thi hành công vụ được sử dụng vũ lực, công cụ hỗ trợ hoặc vũ khí để ngăn chặn.
    ◦ Truy đuổi: Nếu người điều khiển phương tiện không chấp hành hiệu lệnh và bỏ chạy, người thi hành công vụ có quyền truy đuổi để ngăn chặn và xử lý.
• Mức xử phạt hành chính (đối với xe ô tô): Hành vi gây tai nạn giao thông không dừng lại, không giữ nguyên hiện trường, bỏ trốn không đến trình báo sẽ bị phạt tiền từ 16.000.000 đồng đến 18.000.000 đồng và bị trừ 06 điểm giấy phép lái xe.","Điều 9, Điều 72, Điều 73, Điều 80, Điều 81 Luật Trật tự, an toàn giao thông đường bộ 2024. Khoản 8 và Khoản 16 Điều 6 Nghị định 168/2024/NĐ-CP.",168-2024-ND-CP:d6;36-2024-QH15:d72;36-2024-QH15:d73;36-2024-QH15:d80;36-2024-QH15:d81;36-2024-QH15:d9
427,xử phạt vi phạm hành chính giao thông,"Mng ơi em mình 15 tuổi đi xe máy điện( ko gương, ko mũ,ko biển) bị công an bắt lập biên bản và giữ xe. Vậy thường sẽ phải đóng bao nhiêu tiền ạ.","Dựa trên các nguồn tài liệu được cung cấp, trường hợp em của bạn 15 tuổi điều khiển xe máy điện với các lỗi nêu trên sẽ được xử lý như sau:
• Đối với người điều khiển (15 tuổi):
    ◦ Do ở độ tuổi từ đủ 14 tuổi đến dưới 16 tuổi, người điều khiển chỉ bị phạt Cảnh cáo đối với tất cả các hành vi vi phạm (bao gồm: điều khiển xe khi chưa đủ tuổi, không đội mũ bảo hiểm, không có gương chiếu hậu, không gắn biển số),.
    ◦ Lưu ý: Độ tuổi tối thiểu để điều khiển xe máy điện (xe gắn máy) là từ đủ 16 tuổi trở lên.
• Đối với chủ phương tiện (người giao xe): Đây là đối tượng chính phải nộp tiền phạt cho các lỗi liên quan:
    ◦ Lỗi giao xe cho người không đủ điều kiện: Phạt tiền từ 800.000 đồng đến 2.000.000 đồng (theo Nghị định 100) hoặc từ 8.000.000 đồng đến 10.000.000 đồng (theo Nghị định 168 áp dụng từ 2025).
    ◦ Lỗi xe không gắn biển số: Phạt tiền từ 800.000 đồng đến 2.000.000 đồng (theo Nghị định 100) hoặc từ 4.000.000 đồng đến 6.000.000 đồng (theo Nghị định 168 áp dụng từ 2025).
• Về việc giữ xe: Cơ quan chức năng có quyền tạm giữ phương tiện tối đa đến 07 ngày trước khi ra quyết định xử phạt để ngăn chặn hành vi vi phạm,.
Tổng kết: Người em 15 tuổi không phải đóng tiền phạt (chỉ bị cảnh cáo), nhưng chủ xe có thể phải đóng tổng cộng từ 1.600.000đ đến 4.000.000đ (hiện nay) hoặc cao hơn từ năm 2025.","Luật Trật tự, an toàn giao thông đường bộ 2024: Điểm a Khoản 1 Điều 59. Nghị định 100/2019/NĐ-CP: Khoản 1 Điều 21; Điểm đ, k Khoản 5 Điều 30; Khoản 1 Điều 82. Nghị định 168/2024/NĐ-CP: Khoản 1 Điều 18; Điểm h Khoản 8 Điều 32; Khoản 10 Điều 32; Khoản 1 Điều 48.",100-2019-ND-CP:d21;100-2019-ND-CP:d30;100-2019-ND-CP:d82;168-2024-ND-CP:d14;168-2024-ND-CP:d18;168-2024-ND-CP:d32;168-2024-ND-CP:d48;36-2024-QH15:d59
428,an toàn giao thông và trách nhiệm pháp lý,Có ai ở sài gòn không ạ cho em hỏi là chuyện từ hôm tháng 5 vừa rồi em có chạy taxi mà gây tai nạn á mà em có đền bù hết rồi người bị hại em cũng bị đền bù hết rồi mà em định hỏi mấy anh giúp trả lời giùm em ạ ví dụ trường hợp cảnh sát giao thông mình đền bù thiệt hại cho người và tài sản hết rồi mà khi đó công an họ không trả cho mình giấy tờ để nộp vào bảo hiểm để bảo hiểm nó đền bù cho mình vậy mình phải làm cách nào ạ có ai có cách nào chỉ cho em với ạ em cảm ơn ạ,,,168-2024-ND-CP:d12;36-2024-QH15:d80;36-2024-QH15:d83
429,xử phạt vi phạm hành chính giao thông,"Dạ mọi người cho em hỏi , em bị phạt nồng độ cồn mức 0.4 và bị giam xe máy , e ở SG ạ , xe chính chủ nhưng hiện tại bằng lái e còn đang bị giam chưa thể lấy được . E đã kí biên bản , cho e hỏi mức phạt tầm bao nhiêu tiền ạ ?",,,168-2024-ND-CP:d48;168-2024-ND-CP:d5;168-2024-ND-CP:d7;36-2024-QH15:d62;36-2024-QH15:d9
430,thủ tục hành chính giao thông,"Cho em hỏi, em bị giam bằng từ vài năm trước khoảng trước dịch, nay vẫn chưa lấy, hiện muốn lấy lại bằng thì làm thế nào và tiền phạt thì sao ạ","Dựa trên các nguồn tài liệu được cung cấp, dưới đây là các quy định liên quan đến việc nhận lại giấy phép lái xe (GPLX) bị tạm giữ lâu ngày và các hệ quả liên quan:
• Cách thức lấy lại bằng lái: Bạn cần đến trực tiếp trụ sở cơ quan, đơn vị của người có thẩm quyền xử phạt (nơi lập biên bản và đang tạm giữ bằng lái của bạn) để giải quyết vụ việc vi phạm và thực hiện nghĩa vụ nộp phạt,.
• Hệ quả khi để quá hạn lâu ngày:
    ◦ Thu hồi giấy phép: Theo quy định mới, GPLX bị thu hồi nếu đã quá thời hạn tạm giữ hoặc hết thời hiệu thi hành quyết định xử phạt vi phạm hành chính mà người vi phạm không đến nhận mà không có lý do chính đáng.
    ◦ Cảnh báo trên hệ thống: Cơ quan xử phạt sẽ gửi thông báo cảnh báo đến cơ quan cấp GPLX. Trong trường hợp này, bạn sẽ chưa được giải quyết việc cấp đổi, cấp mới hoặc cấp lại GPLX cho đến khi vụ việc vi phạm được giải quyết xong,.
• Về tiền phạt: Bạn phải thực hiện đầy đủ nghĩa vụ nộp phạt theo quyết định xử phạt thì cơ quan chức năng mới gửi thông báo xóa cảnh báo trên hệ thống quản lý dữ liệu, từ đó bạn mới có thể thực hiện các thủ tục hành chính liên quan đến GPLX,. Tài liệu không cung cấp thông tin về cách tính tiền nộp phạt chậm hay lãi suất nộp muộn.
• Lưu ý khi tham gia giao thông: Trong thời gian bằng lái đang bị tạm giữ, nếu quá thời hạn hẹn đến giải quyết mà bạn vẫn tiếp tục điều khiển phương tiện tham gia giao thông, bạn sẽ bị xử phạt như hành vi không có giấy phép lái xe,.","Luật Trật tự, an toàn giao thông đường bộ 2024: Điểm c Khoản 5 Điều 62. Nghị định 168/2024/NĐ-CP: Điểm a Khoản 8, Khoản 11, Khoản 12 Điều 47,,; Khoản 2 Điều 48. Nghị định 100/2019/NĐ-CP: Khoản 8, Khoản 12 Điều 80,; Khoản 2 Điều 82.",100-2019-ND-CP:d80;100-2019-ND-CP:d82;168-2024-ND-CP:d4;168-2024-ND-CP:d47;168-2024-ND-CP:d48;36-2024-QH15:d62
431,thủ tục hành chính giao thông,"MN cho em hỏi , em mua xe củ lâu rồi chỉ viết giấy tay nhưng có cavet , nay bị vphc giam xe csgt kêu mang cccd chủ củ phải làm sao ạ","Dựa trên các nguồn tài liệu được cung cấp, dưới đây là thông tin giải đáp cho trường hợp của bạn:
• Xác định chủ phương tiện để xử phạt: Đối với phương tiện chưa làm thủ tục đăng ký sang tên sau khi mua, cá nhân hoặc tổ chức đã mua xe được xác định là đối tượng bị áp dụng xử phạt như chủ phương tiện,.
• Xử phạt lỗi không sang tên xe: Khi giải quyết vụ việc vi phạm để lấy xe ra, bạn có thể bị xử phạt về hành vi không làm thủ tục đăng ký sang tên xe mô tô, xe gắn máy theo quy định:
    ◦ Hiện nay (Nghị định 100): Phạt tiền từ 400.000 đồng đến 600.000 đồng đối với cá nhân,.
    ◦ Từ 01/01/2025 (Nghị định 168): Phạt tiền từ 800.000 đồng đến 1.000.000 đồng đối với cá nhân,.
• Về yêu cầu mang CCCD của chủ cũ: Các nguồn tài liệu được cung cấp không có thông tin quy định về việc người đang chiếm hữu xe hợp pháp (người mua) phải mang theo CCCD của chủ cũ để giải quyết thủ tục nhận lại xe bị tạm giữ. Tài liệu chỉ quy định người mua xe là đối tượng chịu trách nhiệm xử phạt với tư cách chủ xe trong trường hợp này.",Nghị định 100/2019/NĐ-CP: Điểm a Khoản 4 Điều 30; Điểm e Khoản 6 Điều 80. Nghị định 168/2024/NĐ-CP: Điểm a Khoản 3 Điều 32; Điểm e Khoản 6 Điều 47.,100-2019-ND-CP:d30;100-2019-ND-CP:d80;168-2024-ND-CP:d32;168-2024-ND-CP:d47;168-2024-ND-CP:d48
432,thủ tục hành chính giao thông,em đi làm bị phạt xe k đem cavet và k có bằng lái nhưng biên bản chỉ ghi lỗi k gương giờ đem cavet ra nộp phạt có dính thêm lỗi k bằng lái kh ạ,,,168-2024-ND-CP:d14;168-2024-ND-CP:d47;168-2024-ND-CP:d7
433,thủ tục hành chính giao thông,mọi người ơi cho em hỏi em nộp phạt quá tiền xe giấy tờ ko chính chủ em xin giấy uỷ quyền khó khăn e bỏ xe thì sau này e có gia đình e làm giấy tờ có bị lms ko ạ các bác tư vấn giúp em ạ,"Dựa trên các nguồn tài liệu được cung cấp, việc bạn bỏ xe và không nộp phạt sẽ dẫn đến các hệ quả pháp lý sau:
• Bị hạn chế các thủ tục về phương tiện và bằng lái: Nếu quá thời hạn hẹn giải quyết vi phạm hoặc quá thời hạn thi hành quyết định xử phạt mà bạn chưa thực hiện, cơ quan chức năng sẽ gửi thông báo cảnh báo trên hệ thống dữ liệu. Khi đó, các cơ quan chức năng sẽ chưa giải quyết việc đăng ký xe, đăng kiểm phương tiện vi phạm và chưa cấp mới, cấp đổi, cấp lại giấy phép lái xe cho bạn cho đến khi vụ việc được giải quyết xong,,,.
• Thu hồi giấy phép lái xe: Giấy phép lái xe có thể bị thu hồi nếu đã quá thời hạn tạm giữ hoặc hết thời hiệu thi hành quyết định xử phạt mà người vi phạm không đến nhận mà không có lý do chính đáng.
• Trách nhiệm của người mua xe: Đối với xe không chính chủ (chưa làm thủ tục sang tên), cá nhân đã mua phương tiện được xác định là đối tượng bị áp dụng xử phạt như chủ phương tiện,.
• Xử phạt như hành vi không có giấy tờ: Trong thời gian bằng lái đang bị tạm giữ, nếu quá thời hạn hẹn giải quyết mà bạn vẫn điều khiển phương tiện tham gia giao thông, bạn sẽ bị xử phạt như hành vi không có giấy phép lái xe,.
• Về giấy tờ gia đình: Các nguồn tài liệu được cung cấp không có thông tin quy định về việc nợ tiền phạt vi phạm giao thông hay bỏ xe sẽ gây ảnh hưởng đến việc làm các giấy tờ dân sự, hộ tịch khi lập gia đình (như đăng ký kết hôn, khai sinh...).","Luật Trật tự, an toàn giao thông đường bộ 2024: Khoản 4 Điều 62; Điểm c Khoản 5 Điều 62. Nghị định 100/2019/NĐ-CP: Điểm e Khoản 6 Điều 80; Khoản 12 Điều 80; Khoản 2 Điều 82. Nghị định 168/2024/NĐ-CP: Điểm e Khoản 6 Điều 47; Khoản 11 và Khoản 12 Điều 47; Khoản 2 Điều 48.",100-2019-ND-CP:d80;100-2019-ND-CP:d82;168-2024-ND-CP:d47;168-2024-ND-CP:d48;36-2024-QH15:d62
434,xử phạt vi phạm hành chính giao thông,"Mọi người cho e hỏi e chạy quá tốc độ bị bắn tại Nguyễn Văn Linh , nhưng đã có thương lượng với CA Gt và được cho đi nay check phạt nguội thấy báo là phạt 7tr thì phải làm sao mng , có nên lên trụ sở đó nchuyen ko ?","Dựa trên các nguồn tài liệu được cung cấp, trường hợp của bạn được giải đáp như sau:
• Xác định lỗi và mức phạt: Mức phạt 7.000.000 đồng tương ứng với hành vi điều khiển xe ô tô chạy quá tốc độ quy định trên 20 km/h đến 35 km/h (khung phạt từ 6.000.000đ đến 8.000.000đ),.
• Thủ tục xử phạt qua thiết bị kỹ thuật (Phạt nguội):
    ◦ Khi hành vi vi phạm được phát hiện qua phương tiện kỹ thuật mà chưa dừng được xe ngay, cơ quan chức năng sẽ gửi thông báo yêu cầu chủ phương tiện và người liên quan đến trụ sở để giải quyết,.
    ◦ Chủ phương tiện có nghĩa vụ hợp tác với cơ quan chức năng để xác định người đã điều khiển xe thực hiện hành vi vi phạm,.
• Vấn đề thương lượng: Các nguồn tài liệu không có quy định về việc ""thương lượng"" với Cảnh sát giao thông để bỏ qua vi phạm. Mọi hành vi vi phạm phải được phát hiện, ngăn chặn và xử lý nghiêm minh theo pháp luật,.
• Hệ quả nếu không lên trụ sở giải quyết: Nếu quá thời hạn hẹn ghi trong thông báo mà bạn không đến giải quyết hoặc không chấp hành quyết định xử phạt:
    ◦ Cơ quan xử phạt sẽ gửi thông báo cảnh báo đến cơ quan đăng kiểm, cơ quan đăng ký xe và cơ quan cấp giấy phép lái xe.
    ◦ Bạn sẽ chưa được giải quyết việc đăng kiểm phương tiện vi phạm, chưa được giải quyết các thủ tục đăng ký xe và chưa được cấp mới, đổi, cấp lại giấy phép lái xe cho đến khi giải quyết xong vụ việc,,.","Nghị định 100/2019/NĐ-CP: Khoản 6 Điều 5; Khoản 8 Điều 80. Nghị định 168/2024/NĐ-CP: Điểm a Khoản 6 Điều 6; Khoản 8, Khoản 11 Điều 47. Luật Trật tự, an toàn giao thông đường bộ 2024: Điều 3; Khoản 4 Điều 43; Khoản 4 Điều 62. Luật Đường bộ 2024: Điều 3.",100-2019-ND-CP:d5;100-2019-ND-CP:d80;168-2024-ND-CP:d3;168-2024-ND-CP:d43;168-2024-ND-CP:d47;168-2024-ND-CP:d6;36-2024-QH15:d3;36-2024-QH15:d43;36-2024-QH15:d62
435,thủ tục hành chính giao thông,Mấy Bn cho mình hỏi xóa lỗi vi phạm giao thông trên hệ thống khoảng bao lâu mới mất,,,168-2024-ND-CP:d47;168-2024-ND-CP:d49
436,xử phạt vi phạm hành chính giao thông,"Cho e hỏi e bị 2 check ra lỗi phạt nguội đi ngược chiều đường có biển báo cấm , giờ ra nộp phạt nguội mà không có gplx thì bị phạt khoản bao nhiêu tiền ạ ! E chạy xe wave , lên chỗ nộp phạt có được giảm lỗi không mọi người , 2 lỗi 1 điểm chỉ khác ngày thôi . E cám ơn","Dựa trên các nguồn tài liệu được cung cấp, trường hợp của bạn (điều khiển xe mô tô Wave vi phạm lỗi đi ngược chiều và không có Giấy phép lái xe) được xử lý như sau:
1. Mức phạt tiền dự kiến
Mức phạt được chia thành hai giai đoạn (theo Nghị định 100 hiện hành và Nghị định 168 áp dụng từ năm 2025):
• Lỗi đi ngược chiều đường có biển báo cấm (02 lần):
    ◦ Hiện nay (Nghị định 100): Phạt tiền từ 1.000.000 đồng đến 2.000.000 đồng mỗi lần vi phạm. Tổng cộng cho 02 lần là từ 2.000.000 đồng đến 4.000.000 đồng.
    ◦ Từ 01/01/2025 (Nghị định 168): Phạt tiền từ 4.000.000 đồng đến 6.000.000 đồng mỗi lần vi phạm. Tổng cộng cho 02 lần là từ 8.000.000 đồng đến 12.000.000 đồng.
• Lỗi không có Giấy phép lái xe (GPLX):
    ◦ Hiện nay (Nghị định 100): Phạt tiền từ 800.000 đồng đến 1.200.000 đồng.
    ◦ Từ 01/01/2025 (Nghị định 168): Phạt tiền từ 2.000.000 đồng đến 4.000.000 đồng.
Tổng mức phạt dự kiến: Từ 2.800.000đ đến 5.200.000đ (nếu xử phạt theo quy định hiện hành) hoặc từ 10.000.000đ đến 16.000.000đ (nếu xử phạt từ năm 2025).
2. Về việc giảm lỗi/gộp lỗi
• Không được giảm lỗi: Trường hợp một cá nhân thực hiện nhiều hành vi vi phạm hành chính mà bị xử phạt trong cùng một lần thì bị phạt tiền đối với từng hành vi vi phạm.
• Vì 02 lỗi đi ngược chiều của bạn xảy ra vào khác ngày, chúng được xác định là các hành vi vi phạm độc lập và sẽ bị xử phạt riêng biệt cho từng lần vi phạm, không được gộp hay giảm trừ",Nghị định 100/2019/NĐ-CP: Khoản 5 Điều 6; Khoản 5 Điều 21. Nghị định 168/2024/NĐ-CP: Khoản 2 Điều 5; Khoản 7 Điều 7; Khoản 5 Điều 18.,100-2019-ND-CP:d21;100-2019-ND-CP:d6;168-2024-ND-CP:d18;168-2024-ND-CP:d5;168-2024-ND-CP:d7
437,thủ tục hành chính giao thông,"Em đi xe 50cc bị công an thu xe do không xuất trình được cà vẹt, mà em chưa kí biên bản nên họ không đưa biên bản phạt cho em .Vậy không có biên bản và chưa kí thì có lên công an nộp phạt với lấy lại xe được không ạ.",,,168-2024-ND-CP:d14;168-2024-ND-CP:d47;168-2024-ND-CP:d48
438,thủ tục hành chính giao thông,Mn ơi em thi bằng lái đậu rồi em có giấy hẹn lấy giấy phép lái xe thì có đc qua chốt nếu bị bắt lại ko ạ,"Dựa trên các nguồn tài liệu được cung cấp, dưới đây là thông tin giải đáp cho câu hỏi của bạn:
• Giấy hẹn không thay thế được bằng lái: Giấy hẹn lấy Giấy phép lái xe (GPLX) không có giá trị pháp lý để thay thế cho Giấy phép lái xe khi điều khiển phương tiện tham gia giao thông,.
• Điều kiện điều khiển phương tiện: Người lái xe tham gia giao thông bắt buộc phải có và phải mang theo Giấy phép lái xe phù hợp với loại xe đang điều khiển và đang còn điểm, còn hiệu lực,.
• Hành vi bị nghiêm cấm: Việc điều khiển xe cơ giới tham gia giao thông đường bộ mà không có Giấy phép lái xe theo quy định là một trong các hành vi bị nghiêm cấm,.
• Hệ quả khi bị kiểm tra: Nếu bạn chỉ xuất trình giấy hẹn mà không có Giấy phép lái xe bản chính (hoặc thông tin đã được tích hợp vào tài khoản định danh điện tử), bạn vẫn sẽ bị lực lượng chức năng xử phạt về hành vi không có Giấy phép lái xe,.","Luật Trật tự, an toàn giao thông đường bộ 2024: Khoản 1 Điều 9; Khoản 1 và Điểm b Khoản 1 Điều 56. Nghị định 100/2019/NĐ-CP: Khoản 5, 7, 8 Điều 21. Nghị định 168/2024/NĐ-CP: Khoản 5, 7, 9 Điều 18.",100-2019-ND-CP:d21;168-2024-ND-CP:d18;36-2024-QH15:d56;36-2024-QH15:d9
439,xử phạt vi phạm hành chính giao thông,"Có chiếc wave tàu cũ em cho tặng thặng cháu giờ bị nồng độ cồn phạt hơn 15 củ , lập biên bản nó khai tên nó , nhưng tra trên vntrafic của em đang bị lỗi vậy cho em hỏi giờ bỏ xe không đóng phạt sau này em có được mua xe mới không ạ","Dựa trên các nguồn tài liệu được cung cấp, việc bỏ xe không nộp phạt sẽ dẫn đến các hệ quả pháp lý sau:
• Hạn chế đối với phương tiện vi phạm: Nếu người vi phạm hoặc chủ phương tiện không chấp hành quyết định xử phạt, cơ quan chức năng sẽ gửi thông báo cảnh báo lên hệ thống dữ liệu. Khi đó, chiếc xe Wave (phương tiện vi phạm) sẽ chưa được giải quyết việc đăng ký, đăng kiểm
• Hạn chế đối với Giấy phép lái xe (GPLX): Người vi phạm (người cháu khai tên trong biên bản) sẽ chưa được cấp mới, đổi, hoặc cấp lại GPLX cho đến khi thực hiện xong nghĩa vụ nộp phạt theo quy định,,.
• Xác định chủ xe chịu phạt: Theo quy định, đối với xe chưa làm thủ tục sang tên khi cho tặng, người được tặng (người cháu) là đối tượng bị áp dụng xử phạt như chủ phương tiện,. Tuy nhiên, nếu thông tin trên hệ thống tra cứu đang báo lỗi liên quan đến bạn (người đứng tên trên đăng ký xe), điều này cho thấy cảnh báo đã được cập nhật gắn với dữ liệu của phương tiện hoặc chủ sở hữu hiện tại trên hệ thống.
• Về việc mua và đăng ký xe mới: Các nguồn tài liệu được cung cấp không có thông tin quy định cụ thể về việc người đang nợ tiền phạt giao thông có bị cấm mua hoặc cấm đăng ký một phương tiện mới hoàn toàn hay không. Tài liệu chỉ nêu rõ việc tạm dừng giải quyết đăng ký, đăng kiểm đối với chính ""phương tiện vi phạm""","Luật Trật tự, an toàn giao thông đường bộ 2024: Điểm d Khoản 2 Điều 43; Khoản 4 Điều 62. Nghị định 168/2024/NĐ-CP: Điểm e Khoản 6 Điều 47; Khoản 11 Điều 47; Điểm b Khoản 11 Điều 47. Nghị định 100/2019/NĐ-CP: Điểm e Khoản 6 Điều 80; Khoản 12 Điều 80.",100-2019-ND-CP:d80;168-2024-ND-CP:d4;168-2024-ND-CP:d47;168-2024-ND-CP:d48;36-2024-QH15:d43;36-2024-QH15:d62
440,xử phạt vi phạm hành chính giao thông,Vượt đèn đỏ mém tung ngta có phạt nặng k mọi người ,,,168-2024-ND-CP:d7;36-2024-QH15:d11;36-2024-QH15:d9
441,thủ tục hành chính giao thông,"mọi người cho mình hỏi, mình bị phạt ở ngay hầm thủ thiêm hơn 2 năm rồi, đã mất giấy phạt, bị thu bằng. vậy bây giờ ra đâu nộp phạt và mất giấy rồi thì nộp phạt có được không ạ",,,168-2024-ND-CP:d4;168-2024-ND-CP:d47;168-2024-ND-CP:d48
442,thủ tục hành chính giao thông,"Xe mua cũ lâu rồi lúc mua chỉ viết giấy tay , có cavet xe nhưng người khác đứng tên vs mất liên lạc chủ củ , nay em bị vphc giam xe có nộp phạt được lấy xe được không ạ , hay phải cần có cccd chủ củ","Dựa trên các nguồn tài liệu được cung cấp, trường hợp của bạn được giải quyết như sau:
• Tư cách người mua xe: Đối với xe chưa làm thủ tục đăng ký sang tên theo quy định, cá nhân đã mua phương tiện (là bạn) được xác định là đối tượng bị áp dụng xử phạt như chủ phương tiện,.
• Việc nộp phạt và lấy xe: Bạn có thể nộp phạt và lấy lại xe mà không bắt buộc phải có CCCD của chủ cũ. Người có thẩm quyền sẽ lập biên bản vi phạm hành chính đối với chủ phương tiện (là bạn, dựa trên tư cách người đã mua xe) và người điều khiển xe,.
• Yêu cầu về giấy tờ: Để được nhận lại xe, bạn phải xuất trình được Giấy đăng ký xe (cà vẹt). Đồng thời, bạn cần dùng giấy mua bán viết tay để chứng minh nguồn gốc xuất xứ hợp pháp của phương tiện.
• Lưu ý rủi ro: Nếu bạn không xuất trình được chứng từ chuyển quyền sở hữu (giấy tay) hoặc các giấy tờ chứng minh nguồn gốc xe hợp pháp, phương tiện có thể bị tịch thu theo quy định về hành vi không có Giấy đăng ký xe mà không chứng minh được nguồn gốc,.",Nghị định 100/2019/NĐ-CP: Điểm đ Khoản 4 Điều 17; Điểm e Khoản 6 Điều 80; Khoản 3 Điều 82. Nghị định 168/2024/NĐ-CP: Điểm b Khoản 5 Điều 14; Điểm e Khoản 6 Điều 47; Khoản 3 Điều 48.,100-2019-ND-CP:d17;100-2019-ND-CP:d80;100-2019-ND-CP:d82;168-2024-ND-CP:d14;168-2024-ND-CP:d32;168-2024-ND-CP:d47;168-2024-ND-CP:d48
443,xử phạt vi phạm hành chính giao thông,"em có bị phạt do chở người k đội mũ. Em có đóng phạt trên dichvucong r mà vẫn chưa thấy gửi giấy dky xe về nên em gọi thì ngta bảo bạn đi cùng cũng phải đóng phạt nma bạn ý bảo k thấy trên dichvucong thì không biết phải nộp phạt thế nào ạ. Mà em thấy họ bảo mỗi chỗ phải đóng phạt khác nhau, bạn ý ở Bắc Ninh thì phải đóng bao nhiêu ạ.","Dựa trên các nguồn tài liệu được cung cấp, trường hợp của bạn được giải đáp như sau:
• Trách nhiệm của người được chở: Khi xảy ra hành vi không đội mũ bảo hiểm, ngoài việc người điều khiển bị phạt về hành vi ""chở người không đội mũ bảo hiểm"", thì người được chở cũng bị xử phạt độc lập về hành vi ""không đội mũ bảo hiểm"",.
• Mức phạt tiền đối với người được chở:
    ◦ Theo quy định hiện hành (Nghị định 100): Phạt tiền từ 200.000 đồng đến 300.000 đồng.
    ◦ Từ ngày 01/01/2025 (Nghị định 168): Phạt tiền từ 400.000 đồng đến 600.000 đồng,.
    ◦ Nguồn tài liệu không có thông tin quy định về việc mức phạt này có sự khác biệt giữa các địa phương (Bắc Ninh hay các tỉnh thành khác).
• Thủ tục nộp phạt: Nếu bạn đi cùng không thấy thông tin trên Cổng dịch vụ công, người đó cần đến trực tiếp trụ sở cơ quan của người có thẩm quyền xử phạt (nơi lập biên bản) để nhận quyết định và giải quyết vụ việc,.
• Việc trả lại đăng ký xe: Cơ quan chức năng sẽ chỉ giải quyết việc trả lại giấy tờ hoặc xóa cảnh báo trên hệ thống dữ liệu sau khi người vi phạm đã giải quyết xong vụ việc và thực hiện xong các nghĩa vụ theo quy định,,.",Nghị định 100/2019/NĐ-CP: Điểm k Khoản 2 Điều 6; Khoản 3 Điều 11; Khoản 12 Điều 80. Nghị định 168/2024/NĐ-CP: Điểm i Khoản 2 Điều 7; Điểm b Khoản 5 Điều 12; Điểm a Khoản 8 Điều 47; Khoản 11 và Khoản 12 Điều 47..,100-2019-ND-CP:d11;100-2019-ND-CP:d6;100-2019-ND-CP:d80;168-2024-ND-CP:d12;168-2024-ND-CP:d47;168-2024-ND-CP:d7
447,thủ tục hành chính giao thông,Ae cho hỏi camera AI có quét vị phạm ko gương ko ạ,"Dựa trên các nguồn thông tin được cung cấp, dưới đây là câu trả lời cho câu hỏi của bạn:
Các thiết bị thông minh hỗ trợ chỉ huy, điều khiển giao thông đường bộ (bao gồm hệ thống camera giám sát) có khả năng phát hiện, phân tích, đánh giá các vi phạm pháp luật trên đường bộ. Dữ liệu thu thập từ hệ thống giám sát này được sử dụng để phát hiện các hành vi vi phạm pháp luật về trật tự, an toàn giao thông đường bộ,.
Hành vi điều khiển xe mô tô, xe gắn máy không có gương chiếu hậu bên trái người điều khiển hoặc có nhưng không có tác dụng là một hành vi vi phạm quy định về điều kiện của phương tiện và sẽ bị xử phạt theo quy định. Do đó, hệ thống camera và thiết bị kỹ thuật nghiệp vụ hoàn toàn có cơ sở pháp lý và chức năng để ghi nhận các lỗi vi phạm về điều kiện phương tiện trên đường bộ,.","Khoản 14 Điều 2 Luật Trật tự, an toàn giao thông đường bộ (Số: 36/2024/QH15). Khoản 1 Điều 71 Luật Trật tự, an toàn giao thông đường bộ (Số: 36/2024/QH15). Điểm a Khoản 1 Điều 14 Nghị định 168/2024/NĐ-CP.",168-2024-ND-CP:d14;36-2024-QH15:d14;36-2024-QH15:d2;36-2024-QH15:d71
449,xử phạt vi phạm hành chính giao thông,"Mọi người cho e hỏi lỗi đi ngược chiều bị lập biên bản tước bằng lái xe, khi đóng phạt mình đóng khoản bao nhiêu ạ","Dựa trên các nguồn thông tin được cung cấp, mức phạt tiền đối với lỗi đi ngược chiều (đi ngược chiều của đường một chiều hoặc đi ngược chiều trên đường có biển ""Cấm đi ngược chiều"") và thời hạn tước quyền sử dụng Giấy phép lái xe (GPLX) được quy định như sau:
• Đối với xe mô tô, xe gắn máy (kể cả xe máy điện):
    ◦ Mức phạt tiền: Từ 1.000.000 đồng đến 2.000.000 đồng.
    ◦ Hình thức xử phạt bổ sung: Tước quyền sử dụng GPLX từ 01 tháng đến 03 tháng.
• Đối với xe ô tô và các loại xe tương tự xe ô tô:
    ◦ Trường hợp đi ngược chiều trên đường thông thường: Phạt tiền từ 3.000.000 đồng đến 5.000.000 đồng. Tước quyền sử dụng GPLX từ 02 tháng đến 04 tháng.
    ◦ Trường hợp đi ngược chiều trên đường cao tốc: Phạt tiền từ 16.000.000 đồng đến 18.000.000 đồng. Tước quyền sử dụng GPLX từ 05 tháng đến 07 tháng.
• Đối với máy kéo, xe máy chuyên dùng:
    ◦ Mức phạt tiền: Từ 800.000 đồng đến 1.000.000 đồng.
    ◦ Hình thức xử phạt bổ sung: Tước quyền sử dụng GPLX (khi điều khiển máy kéo) hoặc chứng chỉ bồi dưỡng kiến thức pháp luật về giao thông đường bộ (khi điều khiển xe máy chuyên dùng) từ 01 tháng đến 03 tháng.","Điểm c Khoản 5; Điểm a Khoản 8; Điểm c, đ Khoản 11 Điều 5 Nghị định 100/2019/NĐ-CP. Khoản 5; Điểm b Khoản 10 Điều 6 Nghị định 100/2019/NĐ-CP. Điểm c Khoản 4; Điểm a Khoản 10 Điều 7 Nghị định 100/2019/NĐ-CP.",100-2019-ND-CP:d6;100-2019-ND-CP:d7;168-2024-ND-CP:d5;168-2024-ND-CP:d6;168-2024-ND-CP:d7
450,xử phạt vi phạm hành chính giao thông,"Em giao xe cho bạn đi tháo biển kiểm soát không bằng lái, gương chiếu hậu bên trái. Các bác cho em hỏi có hết nhiều không ạ…","Dựa trên các nguồn thông tin được cung cấp, hành vi giao xe cho người không có bằng lái, xe tháo biển kiểm soát và không có gương chiếu hậu sẽ bị xử phạt rất nặng đối với cả người điều khiển và chủ xe theo Nghị định 168/2024/NĐ-CP (có hiệu lực từ năm 2025) như sau:
1. Đối với người bạn (người điều khiển xe):
• Không có gương chiếu hậu bên trái: Phạt tiền từ 400.000 đồng đến 600.000 đồng.
• Điều khiển xe không gắn biển số: Phạt tiền từ 4.000.000 đồng đến 6.000.000 đồng.
• Không có Giấy phép lái xe (GPLX):
    ◦ Xe dưới 125cm³ hoặc công suất điện dưới 11kW: Phạt từ 2.000.000 đồng đến 4.000.000 đồng.
    ◦ Xe từ 125cm³ trở lên hoặc công suất điện trên 11kW: Phạt từ 6.000.000 đồng đến 8.000.000 đồng.
2. Đối với bạn (chủ xe):
• Giao xe cho người không đủ điều kiện (không có GPLX): Phạt tiền từ 8.000.000 đồng đến 10.000.000 đồng.
3. Biện pháp ngăn chặn:
• Người có thẩm quyền được phép tạm giữ phương tiện để ngăn chặn ngay hành vi vi phạm đối với các lỗi nêu trên.
Tổng cộng: Số tiền phạt tối thiểu cho tất cả các lỗi trên (tính cho xe dưới 125cm³) là 14.400.000 đồng và có thể lên tới hơn 20.000.000 đồng.",Căn cứ pháp lý (Nghị định 168/2024/NĐ-CP): Điểm a Khoản 1 Điều 14: Lỗi không gương chiếu hậu bên trái. Điểm a Khoản 3 Điều 14: Lỗi điều khiển xe không gắn biển số. Khoản 5 hoặc Khoản 7 Điều 18: Lỗi điều khiển xe không có GPLX. Khoản 10 hoặc Điểm i Khoản 14 Điều 32: Lỗi giao xe cho người không đủ điều kiện. Khoản 1 Điều 48: Quy định về tạm giữ phương tiện.,168-2024-ND-CP:d14;168-2024-ND-CP:d18;168-2024-ND-CP:d32;168-2024-ND-CP:d48
452,xử phạt vi phạm hành chính giao thông,Mọi người ơi cho e hỏi cho bạn mượn xe gây tai nạn thì phạt người giao xe với người k bằng là bao nhiêu ạ,,,168-2024-ND-CP:d32;168-2024-ND-CP:d7;36-2024-QH15:d80;36-2024-QH15:d9
453,thủ tục hành chính giao thông,"Xe mua lâu rồi bị bắt không chính chủ , giờ lên phạt cs kêu mang cccd chủ cũ mà giờ không tìm được chủ củ phải giải quyết như nào mới được phạt AE","Thông tin trong các nguồn được cung cấp không đủ để trả lời cụ thể quy trình giải quyết khi cơ quan công an yêu cầu căn cước công dân (CCCD) của chủ cũ mà bạn không thể tìm được.
Tuy nhiên, về đối tượng bị xử phạt, các nguồn có quy định như sau:
• Đối với phương tiện chưa làm thủ tục đăng ký sang tên xe theo quy định khi mua, cá nhân hoặc tổ chức đã mua xe là đối tượng để áp dụng xử phạt như chủ phương tiện,.
• Trong trường hợp chủ phương tiện (người mua) không có mặt tại nơi xảy ra vi phạm, người điều khiển phương tiện được chấp hành quyết định xử phạt thay cho chủ phương tiện.","Nghị định 100/2019/NĐ-CP: Điều 80 (Khoản 2; Khoản 6, Điểm e). Nghị định 168/2024/NĐ-CP: Điều 47 (Khoản 6, Điểm e).",100-2019-ND-CP:d80;168-2024-ND-CP:d32;168-2024-ND-CP:d47;168-2024-ND-CP:d48
454,an toàn giao thông và trách nhiệm pháp lý,"Chủ phương tiện SH này chuyển hướng vào quán trà đá vỉa hè không có tín hiệu, người điều khiển phương tiện không đội mũ bảo hiểm và gây tai nạn, trốn tránh, không giúp đỡ hay xin lỗi mà còn chửi lại người bị ngã tại Ngã Tư Lương Thế Vinh - Tố Hữu địa bàn quận Thanh Xuân, Hà Nội vào thời điểm 8h20p đến 8h35p ngày 14/11/2025. Rất mong các lực lượng check cam và phạt nguội thật nặng với trường hợp này.",,,168-2024-ND-CP:d7;36-2024-QH15:d15;36-2024-QH15:d33;36-2024-QH15:d80
456,thủ tục hành chính giao thông,"Em bị tạm giam xe do không đội mũ và quên mang giấy tờ - đã kí biên bản
-xe của em là mua bán chưa sang tên (có giấy đ ký gốc)- đã mất hợp đồng mua bán và mất liên lạc với chủ cũ
Mọi người cho em hỏi , em đi đóng phạt thì có lấy đc xe hay ko ?
có bắt buộc phải liên lạc với chủ cũ để chủ cũ lên đóng phạt mới lấy đc xe hay ko ?
Mong mọi người trả lời , em xin cảm ơn","Dựa trên các nguồn thông tin được cung cấp, bạn có thể thực hiện đóng phạt và lấy lại xe mà không bắt buộc phải liên lạc với chủ cũ. Các quy định cụ thể như sau:
• Về đối tượng bị xử phạt: Đối với phương tiện chưa làm thủ tục đăng ký sang tên xe theo quy định khi mua, cá nhân hoặc tổ chức đã mua xe là đối tượng để áp dụng xử phạt như chủ phương tiện,. Vì vậy, bạn (người mua) có tư cách pháp lý để làm việc với cơ quan chức năng.
• Về việc chấp hành thay: Trong trường hợp chủ phương tiện không có mặt tại nơi xảy ra vi phạm, người điều khiển phương tiện được chấp hành quyết định xử phạt thay cho chủ phương tiện,.
• Về việc quên mang giấy tờ:
    ◦ Trong thời hạn hẹn đến giải quyết vụ việc ghi trong biên bản, nếu bạn xuất trình được giấy đăng ký xe gốc thì cơ quan có thẩm quyền sẽ ra quyết định xử phạt về hành vi không mang theo giấy tờ (không xử phạt đối với chủ phương tiện về lỗi không có giấy tờ),.
    ◦ Nếu quá thời hạn hẹn mà mới xuất trình được hoặc không xuất trình được, bạn phải chấp hành quyết định xử phạt theo các hành vi vi phạm đã ghi trong biên bản vi phạm hành chính (thường là lỗi không có giấy tờ),.","Nghị định 100/2019/NĐ-CP: Điều 80 (Khoản 2; Khoản 6, Điểm e). Nghị định 168/2024/NĐ-CP: Điều 47 (Khoản 2; Khoản 6, Điểm e); Điều 48 (Khoản 3, Điểm b, c, d).",100-2019-ND-CP:d80;168-2024-ND-CP:d32;168-2024-ND-CP:d47;168-2024-ND-CP:d48
457,xử phạt vi phạm hành chính giao thông,Các bác cho cháu hỏi là nay cháu bị công an bắt kh mũ và có bạn cháu kh mũ thì các chú công an kiểm tra vneid với xem bằng lái rồi cho cháu viết biên bản rồi cho cháu cầm về hẹn lên nộp phạt chứ không giữ giấy tờ gì và cho cháu cầm xe về  ạ cho cả bạn cháu viết vậy thì phải nộp bao nhiêu tiền ạ cháu lần đầu bị như này cháu rất rối ạ ,,,168-2024-ND-CP:d7;36-2024-QH15:d33
458,thủ tục hành chính giao thông,Máy bác cho em hỏi bữa em bị bắt xe máy bị giam phương tiện hiện em đã đóng phạt rồi sao trên app vẫn hiện chưa xử phạt ,"Thông tin trong các nguồn được cung cấp không đủ để giải thích cụ thể lý do tại sao trên ứng dụng vẫn hiện trạng thái ""chưa xử phạt"" dù người vi phạm đã đóng phạt.
Tuy nhiên, các nguồn có quy định về trách nhiệm cập nhật dữ liệu của cơ quan chức năng như sau:
• Nghĩa vụ thông báo: Sau khi người vi phạm đã giải quyết vụ việc theo quy định, người có thẩm quyền xử phạt phải gửi thông báo ngay cho các cơ quan liên quan (như cơ quan đăng kiểm, cơ quan đăng ký xe) để xóa cảnh báo hoặc thực hiện các thủ tục tiếp theo,.
• Cập nhật hệ thống: Dữ liệu về xử phạt vi phạm hành chính được quản lý, lưu trữ trên môi trường điện tử. Ngay sau khi quyết định xử phạt có hiệu lực thi hành, các dữ liệu liên quan phải được cập nhật tự động vào Cơ sở dữ liệu về xử lý vi phạm hành chính về trật tự, an toàn giao thông đường bộ.
• Thông báo cho người dân: Việc thông báo các trạng thái liên quan (như trừ điểm giấy phép lái xe) có thể được thực hiện qua phương thức điện tử thông qua tài khoản của công dân trên Cổng dịch vụ công hoặc Ứng dụng giao thông trên thiết bị di động.","Nghị định 168/2024/NĐ-CP: Điều 47 (Khoản 11, Điểm c); Điều 49; Điều 50 (Khoản 3). Nghị định 100/2019/NĐ-CP: Điều 80 (Khoản 12).",100-2019-ND-CP:d80;168-2024-ND-CP:d47;168-2024-ND-CP:d49;168-2024-ND-CP:d50
459,xử phạt vi phạm hành chính giao thông,"các bác cho em hỏi bé nhà em chưa đủ 16 tuổi, em có mua cái xe Chaly tàu cũ, trên đk xe ghi thông tin 49cc. con đi học gần nhà nên chủ quan không đội mũ, không gương. và xe cũ qua nhiều đời chủ nên em cũng không đổi đăng ký. giờ con bị csgt vào trường bắt xe. em lên giải quyết nộp phạt thì cán bộ nhất quyết yêu cầu em cung cấp giấy mua bán xe. em thì ở Hà Nội, chủ xe Thái Bình, xe cũ quá ròi em chấp nhận để tịch thu xe và mong muốn giải quyết biên bản là nộp phạt theo quy định, nhưng cán bộ không giải quyết, em đã lên 3 lần rồi vẫn bắt em lấy giấy mua bán xe mới giải quyết. Bây giờ em nên làm sao ạ? cứ để biên bản vậy không giải quyết thì bé nhà em có ảnh hưởng gì về pháp luật không ạ ?","Dựa trên các nguồn thông tin được cung cấp, dưới đây là các quy định liên quan đến trường hợp của bạn:
• Đối tượng bị xử phạt: Đối với xe mua chưa làm thủ tục sang tên theo quy định, cá nhân hoặc tổ chức đã mua xe là đối tượng để áp dụng xử phạt như chủ phương tiện. Vì vậy, bạn (người đã mua xe) có tư cách là đối tượng bị xử phạt thay cho chủ cũ ghi trên đăng ký xe.
• Mức xử phạt đối với người điều khiển (bé nhà em): Người từ đủ 14 tuổi đến dưới 16 tuổi điều khiển xe mô tô, xe gắn máy chỉ bị phạt cảnh cáo.
• Hậu quả pháp lý nếu không giải quyết biên bản:
    ◦ Trường hợp chưa thực hiện xong quyết định xử phạt vi phạm giao thông, chủ phương tiện sẽ chưa được giải quyết việc đăng ký, đăng kiểm cho phương tiện vi phạm hoặc các phương tiện khác.
    ◦ Cơ quan chức năng chưa cấp, đổi, cấp lại giấy phép lái xe đối với người vi phạm pháp luật về trật tự, an toàn giao thông khi người đó chưa thực hiện xong yêu cầu của cơ quan nhà nước có thẩm quyền về giải quyết vụ việc.
• Thông tin không có trong nguồn: Các tài liệu được cung cấp không có quy định cụ thể về quy trình xử lý trong trường hợp bạn đã mất giấy tờ mua bán xe nhưng cán bộ yêu cầu cung cấp mới giải quyết nộp phạt.","Luật Trật tự, an toàn giao thông đường bộ 2024 (Luật số 36/2024/QH15): Điều 43 (Khoản 2, Điểm d); Điều 62 (Khoản 4). Nghị định 100/2019/NĐ-CP: Điều 21 (Khoản 1); Điều 30 (Khoản 4); Điều 80 (Khoản 6, Điểm e). Nghị định 168/2024/NĐ-CP: Điều 18 (Khoản 1); Điều 32 (Khoản 3); Điều 47 (Khoản 6, Điểm e, Khoản 11). Nghị định 336/2025/NĐ-CP: Điều 24 (Khoản 1).",100-2019-ND-CP:d21;100-2019-ND-CP:d30;100-2019-ND-CP:d80;168-2024-ND-CP:d18;168-2024-ND-CP:d24;168-2024-ND-CP:d32;168-2024-ND-CP:d47;36-2024-QH15:d43;36-2024-QH15:d62
461,xử phạt vi phạm hành chính giao thông,E chưa blx bị tai nạn do tông phải ng kia đi ngược chiều 2 bên thỏa thuận tình cảm thì e bị phạt bao tiền ạ,,,168-2024-ND-CP:d12;168-2024-ND-CP:d7;36-2024-QH15:d80
462,xử phạt vi phạm hành chính giao thông,"Chỗ em bây giờ học sinh cấp 2 chạy xe đạp điện cũng bị bắt nữa,phạt thì cao,không biết phải làm sao đây,nhà thì xa trường bố mẹ thì bận không chở đi học được","Dựa trên các nguồn thông tin được cung cấp, quy định liên quan đến việc học sinh sử dụng xe đạp điện như sau:
• Phân loại phương tiện: Xe đạp điện được định nghĩa là xe đạp máy, thuộc nhóm xe thô sơ,.
• Độ tuổi điều khiển: Các nguồn tài liệu này không có thông tin quy định về độ tuổi tối thiểu để điều khiển xe đạp máy (xe thô sơ). Quy định về độ tuổi tối thiểu (từ đủ 16 tuổi trở lên) chỉ áp dụng đối với người điều khiển xe gắn máy.
• Hành vi vi phạm và mức phạt: Việc học sinh bị ""bắt"" và phạt tiền cao có thể liên quan đến hành vi không đội mũ bảo hiểm. Theo quy định, người điều khiển và người được chở trên xe đạp máy (kể cả xe đạp điện) phải đội mũ bảo hiểm. Mức phạt tiền đối với người điều khiển xe đạp máy không đội mũ bảo hiểm hoặc đội mũ không cài quai đúng quy cách là từ 400.000 đồng đến 600.000 đồng.
• Trách nhiệm gia đình: Thành viên trong gia đình có trách nhiệm tuyên truyền, nhắc nhở thành viên khác chấp hành pháp luật về trật tự, an toàn giao thông đường bộ.","Luật Trật tự, an toàn giao thông đường bộ 2024 (Luật số 36/2024/QH15): Điều 5 (Khoản 7); Điều 31 (Khoản 3); Điều 34 (Khoản 2, Điểm b); Điều 59 (Khoản 1, Điểm a). Nghị định 168/2024/NĐ-CP: Điều 9 (Khoản 4, Điểm d). Nghị định 100/2019/NĐ-CP: Điều 3 (Khoản 1, Điểm e).",100-2019-ND-CP:d3;168-2024-ND-CP:d9;36-2024-QH15:d31;36-2024-QH15:d34;36-2024-QH15:d5;36-2024-QH15:d59
463,xử phạt vi phạm hành chính giao thông,"Mọi người cho em hỏi, em điều khiển xe máy điện chưa đăng kí. Thì CSGT phạt cả việc xe không có đăng kí kèm không gắn biển số là 2 lỗi. Nhưng chưa đăng kí thì sao có biển số được ạ. Trường hợp này em nên làm như thế nào ạ",,,168-2024-ND-CP:d14;36-2024-QH15:d35;36-2024-QH15:d36
464,xử phạt vi phạm hành chính giao thông,"Mấy bác cho e hỏi e bỏ cây sắt trong cốp xe rồi bị CA giao thông kiểm tra và phạt 15tr e thấy vô lý quá e k đóng , rồi sau này có sao k các bác , với lại thấy lãi 0,05 một ngày e sợ quá ạ. Có bác nào rành cho e xin góp ý chút ạ , e cảm ơn ","Dựa trên các nguồn thông tin được cung cấp, dưới đây là các phản hồi liên quan đến câu hỏi của bạn:
• Về việc xử phạt 15 triệu đồng do bỏ cây sắt trong cốp xe: Các nguồn tài liệu được cung cấp không có thông tin quy định về hành vi ""bỏ cây sắt trong cốp xe"" bị xử phạt 15 triệu đồng.
• Về mức lãi suất 0,05%/ngày do chậm nộp phạt: Các nguồn tài liệu này không cung cấp thông tin về mức lãi suất hoặc tiền chậm nộp 0,05% mỗi ngày đối với xử phạt vi phạm hành chính giao thông.
• Hậu quả pháp lý khi không chấp hành quyết định xử phạt:
    ◦ Trường hợp quá thời hạn hẹn giải quyết hoặc quá thời hạn thi hành quyết định xử phạt mà bạn chưa thực hiện, người có thẩm quyền sẽ gửi thông báo cho cơ quan đăng kiểm, cơ quan đăng ký xe và cơ quan cấp giấy phép lái xe,.
    ◦ Cơ quan chức năng sẽ chưa giải quyết việc đăng ký xe, đăng kiểm phương tiện vi phạm; đồng thời chưa cấp, đổi, cấp lại giấy phép lái xe đối với người vi phạm khi người đó chưa thực hiện xong quyết định xử phạt,.
    ◦ Cơ sở đăng kiểm có quyền từ chối kiểm định phương tiện khi chủ phương tiện chưa giải quyết xong vụ việc vi phạm hành chính về trật tự, an toàn giao thông đường bộ,.","Luật Trật tự, an toàn giao thông đường bộ 2024 (Luật số 36/2024/QH15): Điều 43 (Khoản 1 và Khoản 2, Điểm d). Nghị định 168/2024/NĐ-CP: Điều 47 (Khoản 11, Điểm a và b).",168-2024-ND-CP:d47;36-2024-QH15:d43
466,thủ tục hành chính giao thông,"Đêm hôm qua em đi được 1 đoạn bị hình sự rình bắt xe về đồn bị quên giấy tờ xe và không có bằng lái xe họ nói nào có bằng lái xe hay có tiền hẳn nói chuyện sử lý sao vậy mọi người
Em mới 22 tuổi mà chưa có bằng lái xe ạ họ nói không có bằng phạt gần chục triệu nghe khổ quá ạ","Dựa trên các nguồn thông tin được cung cấp, dưới đây là các quy định pháp luật liên quan đến trường hợp của bạn:
1. Mức xử phạt đối với người điều khiển phương tiện (bạn):
• Hành vi không có Giấy phép lái xe (GPLX):
    ◦ Nếu điều khiển xe mô tô hai bánh có dung tích xi-lanh đến 125 cm3: Phạt tiền từ 2.000.000 đồng đến 4.000.000 đồng.
    ◦ Nếu điều khiển xe mô tô hai bánh có dung tích xi-lanh trên 125 cm3: Phạt tiền từ 6.000.000 đồng đến 8.000.000 đồng.
• Hành vi không mang theo Chứng nhận đăng ký xe:
    ◦ Tại thời điểm kiểm tra, bạn sẽ bị lập biên bản về hành vi không có giấy tờ và tạm giữ phương tiện.
    ◦ Trong thời hạn hẹn đến giải quyết, nếu bạn xuất trình được giấy tờ thì sẽ chỉ bị xử phạt về hành vi không mang theo giấy tờ với mức phạt từ 200.000 đồng đến 300.000 đồng.
2. Mức xử phạt đối với chủ phương tiện:
• Hành vi giao xe hoặc để cho người không có GPLX điều khiển xe tham gia giao thông: Phạt tiền từ 8.000.000 đồng đến 10.000.000 đồng đối với cá nhân là chủ xe.
• Như vậy, tổng mức phạt cho cả người lái và chủ xe trong trường hợp xe trên 125 cm3 có thể lên đến 14 - 18 triệu đồng, khớp với thông tin ""gần chục triệu"" mà bạn được báo.
3. Về việc tạm giữ phương tiện:
• Để ngăn chặn ngay hành vi vi phạm (điều khiển xe không có GPLX), người có thẩm quyền được phép tạm giữ phương tiện tối đa đến 07 ngày trước khi ra quyết định xử phạt.
4. Thông tin không có trong nguồn:
• Các nguồn tài liệu không có thông tin về việc ""có tiền hẳn nói chuyện"" hay các thủ tục xử lý không chính thức ngoài quy định nộp phạt hành chính vào ngân sách nhà nước.","Nghị định 168/2024/NĐ-CP: Điều 14 (Khoản 2, Điểm a); Điều 18 (Khoản 2, Điểm c; Khoản 5, Điểm a; Khoản 7, Điểm b); Điều 32 (Khoản 10); Điều 48 (Khoản 1, Điểm i; Khoản 3, Điểm a, b). Luật Trật tự, an toàn giao thông đường bộ 2024 (Luật số 36/2024/QH15): Điều 9 (Khoản 1); Điều 56 (Khoản 1).",168-2024-ND-CP:d14;168-2024-ND-CP:d18;168-2024-ND-CP:d32;168-2024-ND-CP:d48;36-2024-QH15:d56;36-2024-QH15:d9
467,xử phạt vi phạm hành chính giao thông,Dạ cho e hỏi là e láy xe gặp tai nạn và e k có bằng lái nhưng e chạy đúng và xe chính chủ thì phạt bao nhiu ạ ( cứu e),,,168-2024-ND-CP:d7;36-2024-QH15:d56;36-2024-QH15:d80
468,thủ tục hành chính giao thông,"M.n trong nhóm chia sẽ giúp em với ạ. Giờ em phải làm sao đây? 
Tết 2024 em có vi phạm giao thông về vựơt quá tốc độ ở tỉnh Đồng Nai, công an tịch thu bằng và đưa biên bản cho em, có kèm sđt bưu điện để đóng phạt ( vì em ở SG). Nhưng thời điểm đó em gặp khó khăn kinh tế do thất nghiệp, nên không đóng phạt đựơc. Trong năm đó đt em bị hư, mất luôn sdt bưu điện, và sdt. Tới hiện tại thì kinh tế em đã tốt hơn 1 chút, nên em muốn xin nộp phạt và lấy lại gplx, nhưng tra cứu thì không hiện thông tin nữa. Em rối quá, nhờ cả nhà giúp đỡ ạ","Dựa trên các nguồn thông tin được cung cấp, dưới đây là các quy định liên quan để giải quyết trường hợp của bạn:
• Cách thức giải quyết: Bạn cần liên hệ hoặc đến trực tiếp trụ sở của cơ quan Công an đã lập biên bản vi phạm (Công an tỉnh Đồng Nai) để giải quyết vụ việc theo nội dung ghi trong biên bản vi phạm hành chính.
• Hệ quả của việc chậm nộp phạt:
    ◦ Khi quá thời hạn hẹn giải quyết hoặc quá thời hạn thi hành quyết định xử phạt mà bạn chưa thực hiện, người có thẩm quyền sẽ gửi thông báo ngay cho cơ quan cấp giấy phép lái xe (GPLX).
    ◦ Cơ quan chức năng sẽ chưa giải quyết việc cấp, đổi, cấp lại GPLX đối với bạn cho đến khi bạn thực hiện xong yêu cầu của cơ quan có thẩm quyền về giải quyết vụ việc vi phạm.
• Về việc thu hồi GPLX: GPLX có thể bị thu hồi nếu đã quá thời hạn tạm giữ hoặc hết thời hiệu thi hành quyết định xử phạt vi phạm hành chính mà người vi phạm không đến nhận mà không có lý do chính đáng.
• Việc tra cứu thông tin: Các nguồn tài liệu này không cung cấp thông tin giải thích lý do cụ thể tại sao thông tin vi phạm của bạn không hiện thị khi tra cứu trực tuyến. Tuy nhiên, dữ liệu về xử lý vi phạm hành chính được quản lý, lưu trữ trên môi trường điện tử và sẽ được cập nhật trạng thái ngay sau khi bạn đã giải quyết vụ việc xong.","Luật Trật tự, an toàn giao thông đường bộ 2024 (Luật số 36/2024/QH15): Điều 62 (Khoản 4, Khoản 5, Điểm c). Nghị định 168/2024/NĐ-CP: Điều 47 (Khoản 11, Khoản 12); Điều 49; Điều 50 (Khoản 3); Điều 51 (Khoản 3). Nghị định 100/2019/NĐ-CP: Điều 80 (Khoản 12).",100-2019-ND-CP:d80;168-2024-ND-CP:d47;168-2024-ND-CP:d49;168-2024-ND-CP:d50;168-2024-ND-CP:d51;168-2024-ND-CP:d6;36-2024-QH15:d62
471,xử phạt vi phạm hành chính giao thông,Cho e hỏi e vi phạm giao thông (đi vào làn brt) xe máy điện không giấy tờ không gương không biển số bị ký biên bản r thì bị phạt bao nhiêu ạ.,"Dựa trên các nguồn thông tin được cung cấp, dưới đây là mức xử phạt đối với các hành vi vi phạm khi điều khiển xe máy điện (thuộc nhóm xe gắn máy) của bạn:
1. Mức phạt cụ thể cho từng hành vi:
• Đi vào làn đường dành riêng (làn BRT): Phạt tiền từ 600.000 đồng đến 800.000 đồng.
• Không có gương chiếu hậu bên trái hoặc có nhưng không có tác dụng: Phạt tiền từ 400.000 đồng đến 600.000 đồng.
• Không gắn biển số xe: Phạt tiền từ 4.000.000 đồng đến 6.000.000 đồng.
• Không có Giấy phép lái xe (GPLX): Phạt tiền từ 2.000.000 đồng đến 4.000.000 đồng.
• Không có Giấy đăng ký xe (áp dụng cho chủ xe đồng thời là người lái): Phạt tiền từ 4.000.000 đồng đến 6.000.000 đồng.
2. Các biện pháp ngăn chặn và nguyên tắc xử phạt:
• Xử phạt từng hành vi: Theo nguyên tắc, khi một cá nhân thực hiện nhiều hành vi vi phạm hành chính trong cùng một lần thì sẽ bị phạt tiền đối với từng hành vi vi phạm.
• Tạm giữ phương tiện: Để ngăn chặn ngay hành vi vi phạm (như không có GPLX hoặc không có giấy đăng ký xe), người có thẩm quyền được phép tạm giữ phương tiện tối đa đến 07 ngày trước khi ra quyết định xử phạt.","Nghị định 168/2024/NĐ-CP: Điều 5 (Khoản 2); Điều 7 (Khoản 3, Điểm d); Điều 14 (Khoản 1, Điểm a; Khoản 3, Điểm a); Điều 18 (Khoản 5, Điểm a); Điều 32 (Khoản 8, Điểm đ); Điều 47 (Khoản 3, Điểm a); Điều 48 (Khoản 1, Điểm i, l). Luật Trật tự, an toàn giao thông đường bộ 2024 (Luật số 36/2024/QH15): Điều 13 (Khoản 4). Nghị định 100/2019/NĐ-CP: Điều 3 (Khoản 1, Điểm d).",100-2019-ND-CP:d3;168-2024-ND-CP:d14;168-2024-ND-CP:d18;168-2024-ND-CP:d32;168-2024-ND-CP:d47;168-2024-ND-CP:d48;168-2024-ND-CP:d5;168-2024-ND-CP:d7;36-2024-QH15:d13
472,thủ tục hành chính giao thông,em bị phạt số tiền quá nhiều hơn giá trị xe giờ em quyết định bỏ xe nhưng em nghe nếu k đóng sẽ cộng lãi 0.05% ngày.Cái này là thiệt k dạ anh chị.Em cảm ơn,"Dựa trên các nguồn thông tin được cung cấp, dưới đây là giải đáp cho các băn khoăn của bạn:
• Về mức lãi 0,05%/ngày: Các tài liệu pháp lý được cung cấp không có thông tin quy định về việc cộng lãi suất hoặc tiền chậm nộp mức 0,05% mỗi ngày đối với tiền phạt vi phạm hành chính trong lĩnh vực giao thông đường bộ. [i]
• Hệ quả khi không nộp phạt (quyết định bỏ xe): Việc bỏ phương tiện không giúp người vi phạm tránh được các trách nhiệm pháp lý. Nếu bạn không chấp hành quyết định xử phạt, bạn sẽ gặp các trở ngại sau:
    ◦ Hạn chế về Giấy phép lái xe (GPLX): Cơ quan chức năng sẽ chưa giải quyết việc cấp mới, đổi hoặc cấp lại GPLX đối với người vi phạm khi người đó chưa thực hiện xong các yêu cầu của cơ quan có thẩm quyền về giải quyết vụ việc vi phạm hành chính.,
    ◦ Hạn chế về đăng ký và đăng kiểm xe: Thông tin về việc chưa chấp hành xử phạt sẽ được gửi cho cơ quan đăng kiểm và cơ quan đăng ký xe. Khi đó, phương tiện vi phạm sẽ chưa được giải quyết việc đăng kiểm, đăng ký cho đến khi bạn đã giải quyết xong vụ việc vi phạm,.
    ◦ Từ chối kiểm định: Cơ sở đăng kiểm có quyền từ chối kiểm định phương tiện khi chủ phương tiện chưa thực hiện xong yêu cầu của cơ quan nhà nước có thẩm quyền về giải quyết vụ việc vi phạm hành chính về trật tự, an toàn giao thông đường bộ.","Luật Trật tự, an toàn giao thông đường bộ 2024 (Luật số 36/2024/QH15): Điều 43 (Khoản 1 và Khoản 2, Điểm d); Điều 62 (Khoản 4). Nghị định 168/2024/NĐ-CP: Điều 47 (Khoản 11, Điểm a và b). Nghị định 100/2019/NĐ-CP: Điều 80 (Khoản 12).",100-2019-ND-CP:d80;168-2024-ND-CP:d47;36-2024-QH15:d43;36-2024-QH15:d62
473,xử phạt vi phạm hành chính giao thông,"anh em rành luật cho e hỏi, trước đó e vi phạm lỗi quá tốc độ mà chưa đóng phạt nên bị giam bằng trên vneid, xong sau e bị bắt lỗi nồng độ cồn kịch khung tiếp, thì bị phạt tổng bao nhiêu ạ? và có bị tính lỗi ko có bằng lái ko ạ","Dựa trên các nguồn thông tin được cung cấp, dưới đây là lời giải đáp cho trường hợp của bạn:
1. Về việc tính lỗi không có bằng lái (Giấy phép lái xe - GPLX): Trường hợp GPLX của bạn đang bị tạm giữ (giam) mà bạn vẫn tiếp tục điều khiển phương tiện tham gia giao thông, nếu đã quá thời hạn hẹn đến giải quyết ghi trong biên bản vi phạm hành chính trước đó, bạn sẽ bị xử phạt như hành vi không có GPLX.
2. Mức xử phạt cụ thể (tùy loại phương tiện): Do bạn không cung cấp loại xe đang điều khiển, mức phạt sẽ chia thành các trường hợp sau:
• Đối với xe mô tô (xe máy):
    ◦ Lỗi nồng độ cồn kịch khung (trên 0,4 mg/lít khí thở): Phạt tiền từ 8.000.000 đồng đến 10.000.000 đồng.
    ◦ Lỗi không có GPLX:
        ▪ Nếu xe dưới 125 cm3: Phạt tiền từ 2.000.000 đồng đến 4.000.000 đồng.
        ▪ Nếu xe trên 125 cm3: Phạt tiền từ 6.000.000 đồng đến 8.000.000 đồng.
• Đối với xe ô tô:
    ◦ Lỗi nồng độ cồn kịch khung (trên 0,4 mg/lít khí thở): Phạt tiền từ 30.000.000 đồng đến 40.000.000 đồng.
    ◦ Lỗi không có GPLX: Phạt tiền từ 18.000.000 đồng đến 20.000.000 đồng.
3. Tổng số tiền phạt: Theo nguyên tắc xử phạt, cá nhân thực hiện nhiều hành vi vi phạm hành chính thì bị phạt tiền đối với từng hành vi vi phạm. Vì vậy, tổng mức phạt của bạn sẽ là tổng cộng của:
• Tiền phạt lỗi nồng độ cồn.
• Tiền phạt lỗi không có bằng lái (do GPLX đang bị tạm giữ quá hạn).
• Ngoài ra, bạn vẫn phải hoàn thành nghĩa vụ nộp phạt cho lỗi vượt quá tốc độ trước đó để có thể nhận lại bằng gốc sau này.","Nghị định 168/2024/NĐ-CP: Điều 5 (Khoản 2); Điều 6 (Khoản 11, Điểm a); Điều 7 (Khoản 9, Điểm d); Điều 18 (Khoản 5, Điểm a; Khoản 7, Điểm b; Khoản 9, Điểm b); Điều 48 (Khoản 2).",168-2024-ND-CP:d18;168-2024-ND-CP:d48;168-2024-ND-CP:d5;168-2024-ND-CP:d6;168-2024-ND-CP:d7
474,thủ tục hành chính giao thông,Ai hiểu luật cho em hỏi với Lúc bị bắt khai tuổi giả h đi lấy xe đưa cccd có tuổi thật người ta có cho lấy xe ko ạ,"Dựa trên các nguồn thông tin được cung cấp, dưới đây là các quy định pháp luật liên quan đến hành vi khai tuổi giả khi bị xử lý vi phạm giao thông:
• Hành vi bị nghiêm cấm: Việc không khai báo, khai báo gian dối hoặc cung cấp thông tin, tài liệu không đúng sự thật để trốn tránh trách nhiệm khi bị phát hiện vi phạm pháp luật về trật tự, an toàn giao thông đường bộ là hành vi bị pháp luật nghiêm cấm.
• Mức xử phạt: Cá nhân có hành vi khai báo gian dối hoặc cung cấp thông tin không đúng sự thật nêu trên bị phạt tiền từ 30.000.000 đồng đến 32.000.000 đồng.
• Điều kiện nhận lại xe: Để được giải quyết các thủ tục liên quan đến phương tiện vi phạm (bao gồm việc lấy lại xe bị tạm giữ), bạn phải thực hiện xong các yêu cầu của cơ quan nhà nước có thẩm quyền về giải quyết vụ việc vi phạm hành chính.
• Hệ quả khi xuất trình CCCD thật: Khi bạn cung cấp CCCD có tuổi thật để làm thủ tục nhận xe, cơ quan chức năng có cơ sở để xác định hành vi khai báo gian dối trước đó và sẽ tiến hành xử phạt bổ sung về hành vi này theo quy định của pháp luật trước khi giải quyết việc trả xe,.","Luật Trật tự, an toàn giao thông đường bộ 2024 (Luật số 36/2024/QH15): Điều 9 (Khoản 25). Nghị định 168/2024/NĐ-CP: Điều 12 (Khoản 13); Điều 47 (Khoản 11, Điểm b).",168-2024-ND-CP:d12;168-2024-ND-CP:d47;36-2024-QH15:d9
476,thủ tục hành chính giao thông,"Mng cho em hỏi em mới thi đậu bằng C1 hôm 13/10 , mà trước đó tầm 5 tháng em có bị giam bằng A1 do quá tốc độ . Mng cho e hỏi là e bị như v thì có ảnh hưởng gì tới thời gian cấp bằng và cấp số gplx trên vneid k ạ ? E vẫn đc thi và đậu bằng C1 ngày 13/10","Việc bạn đang bị tạm giữ (giam) bằng lái xe A1 do vi phạm quá tốc độ sẽ ảnh hưởng trực tiếp đến việc cấp bằng lái xe C1 mới. Dưới đây là các thông tin cụ thể dựa trên quy định pháp luật:
• Về việc cấp bằng: Cơ quan chức năng sẽ chưa thực hiện việc cấp mới, đổi hoặc cấp lại Giấy phép lái xe (GPLX) đối với người vi phạm pháp luật về trật tự, an toàn giao thông đường bộ khi người đó chưa thực hiện xong các yêu cầu của cơ quan nhà nước có thẩm quyền về giải quyết vụ việc vi phạm hành chính,,.
• Về thời gian cấp bằng và hiển thị trên VNeID: Khi tra cứu dữ liệu, nếu hệ thống ghi nhận bạn có vi phạm chưa giải quyết, cơ quan thẩm quyền sẽ chưa giải quyết việc cấp GPLX C1 cho bạn. Do đó, thông tin về bằng C1 sẽ không được cập nhật và hiển thị trên ứng dụng VNeID cho đến khi vụ việc vi phạm của bằng A1 được xử lý xong,.
• Cập nhật trạng thái điện tử: Mọi thông tin về việc tạm giữ, tước quyền sử dụng giấy tờ hoặc điểm giấy phép lái xe đều được cập nhật trạng thái trên môi trường điện tử, bao gồm cả tài khoản định danh điện tử (VNeID),.
Vì vậy, để nhận được bằng C1 và hiển thị số bằng trên VNeID, bạn cần nhanh chóng hoàn thành nghĩa vụ nộp phạt và thực hiện các thủ tục giải quyết vi phạm đối với bằng lái xe A1.","Luật Trật tự, an toàn giao thông đường bộ 2024 (Luật số 36/2024/QH15): Điều 62 (Khoản 4). Nghị định 168/2024/NĐ-CP: Điều 5 (Khoản 7); Điều 47 (Khoản 11, Điểm b; Khoản 12); Điều 50 (Khoản 3, Điểm b). Nghị định 100/2019/NĐ-CP: Điều 80 (Khoản 12).",100-2019-ND-CP:d80;168-2024-ND-CP:d47;168-2024-ND-CP:d5;168-2024-ND-CP:d50;168-2024-ND-CP:d6;36-2024-QH15:d62
477,xử phạt vi phạm hành chính giao thông,"Dạ cho em hỏi em vừa bị bắt vì đi ngược chiều, anh CS bảo là đi ngc chiều bị phạt 5tr vs trừ điểm, rồi anh ấy có lấy BLX của em và ghi lại vào giấy nhớ rồi trả lại luôn, rồi bảo em về đi, như thế em có bị phạt không ạ, và em phải ktra xem mình có bị phạt không ở đâu ạ","Dựa trên các nguồn thông tin được cung cấp, dưới đây là giải đáp cho trường hợp của bạn:
• Về việc bạn có bị phạt hay không: Dù cảnh sát giao thông (CSGT) trả lại bằng lái xe và cho bạn đi, bạn vẫn có thể bị xử phạt. Khi CSGT ghi lại thông tin nhưng chưa dừng được phương tiện để xử lý ngay tại chỗ, cơ quan chức năng sẽ thực hiện quy trình xử phạt thông qua việc gửi thông báo vi phạm (thường gọi là phạt nguội).
• Mức phạt hành vi đi ngược chiều:
    ◦ Đối với ô tô: Phạt tiền từ 4.000.000 đồng đến 6.000.000 đồng và bị trừ 04 điểm trên Giấy phép lái xe (GPLX). (Nếu đi ngược chiều trên đường cao tốc, mức phạt từ 30.000.000 đồng đến 40.000.000 đồng và trừ 10 điểm GPLX).
    ◦ Đối với mô tô, xe gắn máy: Phạt tiền từ 4.000.000 đồng đến 6.000.000 đồng và bị trừ 02 điểm GPLX.
• Địa điểm tra cứu thông tin vi phạm: Bạn có thể kiểm tra xem mình có bị xử phạt hay không tại các địa chỉ sau:
    ◦ Trang thông tin điện tử của Cục Cảnh sát giao thông.
    ◦ Ứng dụng giao thông trên thiết bị di động do Bộ Công an quản lý.
    ◦ Cổng dịch vụ công (Quốc gia hoặc Bộ Công an).
    ◦ Tài khoản định danh điện tử (VNeID): Thông tin về việc trừ điểm hoặc trạng thái GPLX sẽ được cập nhật tại đây.","Nghị định 168/2024/NĐ-CP: ◦ Đối với ô tô: Điều 6 (Khoản 5, Điểm b; Khoản 9, Điểm d; Khoản 11, Điểm đ; Khoản 16, Điểm b; Khoản 16, Điểm d). ◦ Đối với mô tô: Điều 7 (Khoản 7, Điểm a; Khoản 13, Điểm a). ◦ Thủ tục & Tra cứu: Điều 5 (Khoản 7); Điều 47 (Khoản 8, Điểm a; Khoản 11; Khoản 12); Điều 50 (Khoản 3, Điểm b).",168-2024-ND-CP:d47;168-2024-ND-CP:d5;168-2024-ND-CP:d50;168-2024-ND-CP:d6;168-2024-ND-CP:d7
478,quyền và nghĩa vụ chủ phương tiện,Mn cho em hỏi. Em bán xe 70250 cho cửa hàng 2 năm rồi. Mà chưa có ai rút sang tên. Lỡ người mua mà vi phạm là toang luôn. Có cách nào ko mn. Em cám ơn,,,168-2024-ND-CP:d32;36-2024-QH15:d39;36-2024-QH15:d43
479,xử phạt vi phạm hành chính giao thông,"Dạ cho em hỏi em vừa bị bắt vì rẽ trái ngay biển báo cấm, CS bảo là bị phạt 700 nhưng không bị trừ điểm vneid, rồi CS có giữ BLX của em và gửi em 1 biên bản để em giữ, rồi bảo đến ngày hẹn tuần sau thì lên đội CSGT nộp phạt và lấy lại BLX. Khi về em tra trên DVC thì không thấy gì cả. Với em thắc mắc là mình lên nộp phạt trực tiếp ở địa chỉ đội CSGT đó được đúng không ạ hay phải ra ngân hàng hay khi bạc nhà nuớc đóng và em sau khi đóng xong em có được trả BLX liền không hay đợi nữa ạ",,,168-2024-ND-CP:d5;168-2024-ND-CP:d7;36-2024-QH15:d11
480,quy tắc giao thông đường bộ,"mọi người ơi cho e hỏi đi xe dưới 50cc (49) có cần bằng lái không ạ
mẹ e đọc được mấy bài bảo giờ ra đường xe nào cũng phải có bằng rồi gọi hỏi chỗ thi bằng là xe dưới 50cc có cần bằng không thì họ bảo có",,,36-2024-QH15:d34;36-2024-QH15:d56;36-2024-QH15:d57
481,thủ tục hành chính giao thông,"Em bị thổi nồng độ cồn xe máy bị tước bằng 23 tháng , vậy có được thi sát hạch bằng ô tô không ạ , em mấy tháng nữa thi rồi huhu","Dựa trên các nguồn thông tin được cung cấp, dưới đây là câu trả lời cho trường hợp của bạn:
Trong thời gian đang bị tước quyền sử dụng Giấy phép lái xe (GPLX) xe máy, bạn không được phép thực hiện thủ tục thi sát hạch để cấp mới GPLX ô tô.,
Cụ thể:
• Cấm làm thủ tục cấp mới: Pháp luật quy định trong thời gian bị tước quyền sử dụng giấy phép, chứng chỉ hành nghề, cá nhân không được làm thủ tục cấp mới, đổi, cấp lại giấy phép, chứng chỉ hành nghề đó.
• Hạn chế đối với người vi phạm: Cơ quan chức năng sẽ chưa cấp mới GPLX đối với người vi phạm pháp luật về trật tự, an toàn giao thông đường bộ khi người đó chưa thực hiện xong các yêu cầu của cơ quan nhà nước có thẩm quyền về giải quyết vụ việc vi phạm hành chính (bao gồm việc chấp hành xong thời gian bị tước bằng).
Do GPLX xe máy của bạn đang bị tước 23 tháng, bạn phải đợi cho đến khi hết thời hạn tước bằng và hoàn thành đầy đủ các quyết định xử phạt thì mới đủ điều kiện để làm thủ tục thi sát hạch và cấp GPLX ô tô mới.,
","Luật Trật tự, an toàn giao thông đường bộ 2024 (Luật số 36/2024/QH15): Điều 62 (Khoản 4). Nghị định 168/2024/NĐ-CP: Điều 5 (Khoản 5).",168-2024-ND-CP:d5;36-2024-QH15:d62
482,xử phạt vi phạm hành chính giao thông,"Chả là em đi xe máy điện và bị bắt lỗi điều khiển xe k biển số và điều khiển xe k có chứng nhận đăng kí xe. Nghe nói phạt nhiều lắm ạ, em đang muốn hỏi nếu em bỏ xe có sao k ạ? Có ng kêu CAGT có thông tin của mk rồi mk vi phạm thế này mà k lấy xe sau mk mua xe khác hoặc liên quan giấy tờ mua bán gì về sau rất khó có phải k ạ?","Dựa trên các nguồn thông tin được cung cấp, dưới đây là giải đáp cho trường hợp của bạn:
1. Mức xử phạt cụ thể (đối với xe máy điện):
• Lỗi điều khiển xe không gắn biển số: Phạt tiền từ 4.000.000 đồng đến 6.000.000 đồng. Đồng thời bị trừ 06 điểm trên Giấy phép lái xe (GPLX).
• Lỗi điều khiển xe không có Chứng nhận đăng ký xe: Phạt tiền từ 2.000.000 đồng đến 3.000.000 đồng. Đồng thời bị trừ 02 điểm trên GPLX.
• Lưu ý về tịch thu phương tiện: Nếu bạn không xuất trình được Chứng nhận đăng ký xe hoặc sử dụng chứng nhận không do cơ quan có thẩm quyền cấp, không đúng số khung, số máy... mà không chứng minh được nguồn gốc xuất xứ của phương tiện (không có giấy tờ, chứng nhận nguồn gốc xe, chứng nhận quyền sở hữu hợp pháp) thì sẽ bị tịch thu phương tiện.
2. Hệ quả của việc bỏ xe và không nộp phạt: Việc bỏ xe để trốn tránh trách nhiệm sẽ gây khó khăn lớn cho các thủ tục hành chính về sau:
• Cấm cấp mới và đổi GPLX: Cơ quan chức năng sẽ chưa cấp, đổi, cấp lại Giấy phép lái xe đối với người vi phạm khi người đó chưa thực hiện xong các yêu cầu của cơ quan nhà nước có thẩm quyền về giải quyết vụ việc vi phạm hành chính,.
• Cấm đăng ký xe mới: Nếu bạn có thông tin vi phạm chưa được giải quyết trên hệ thống, cơ quan đăng ký xe sẽ chưa giải quyết việc đăng ký phương tiện mới cho bạn.
• Cảnh báo trên hệ thống điện tử: Thông tin về người vi phạm và phương tiện vi phạm được cập nhật, chia sẻ giữa các cơ quan đăng kiểm, đăng ký xe và cấp GPLX để ngăn chặn việc thực hiện các thủ tục hành chính khi chưa hoàn thành nghĩa vụ nộp phạt,.","Nghị định 168/2024/NĐ-CP: Điều 14 (Khoản 2 Điểm a; Khoản 3 Điểm a; Khoản 5 Điểm b; Khoản 8); Điều 47 (Khoản 11 Điểm b; Khoản 12). Luật Trật tự, an toàn giao thông đường bộ 2024 (Luật số 36/2024/QH15): Điều 62 (Khoản 4).",168-2024-ND-CP:d14;168-2024-ND-CP:d47;36-2024-QH15:d62
483,xử phạt vi phạm hành chính giao thông,"mng ơi, em và bạn em lớp 12. Nó đi xe 110 và không đội mũ, em có đội mũ. Hôm nay xe hỏng em đi nhờ cùng nó, xog đến cổng trường em xuống, đi được 3 4 bước rồi thì công an bắt nó. Nó bảo lên đó công an hỏi cả tên vs tủoo của em thì em có bị sao không ạ","Dựa trên các nguồn thông tin được cung cấp, dưới đây là giải đáp cho trường hợp của bạn:
Trong trường hợp này, bạn không bị xử phạt hành chính và không phải chịu trách nhiệm pháp lý đối với các vi phạm của người bạn.
Lý do cụ thể:
• Về việc đội mũ bảo hiểm: Bạn đã chấp hành đúng quy định là có đội mũ bảo hiểm khi được chở trên xe mô tô. Theo pháp luật, chỉ những người được chở không đội mũ bảo hiểm hoặc cài quai không đúng quy cách mới bị xử phạt tiền từ 400.000 đồng đến 600.000 đồng. Lỗi không đội mũ bảo hiểm của bạn bạn là trách nhiệm cá nhân của người lái xe.
• Về việc bạn lái xe 110cc khi chưa đủ tuổi/không có bằng: Trách nhiệm xử phạt đối với hành vi điều khiển xe không đúng độ tuổi hoặc không có Giấy phép lái xe phù hợp thuộc về người điều khiển phương tiện (bạn của bạn) và chủ phương tiện (về hành vi giao xe cho người không đủ điều kiện). Pháp luật không có quy định xử phạt đối với người đi nhờ (hành khách) trong trường hợp này.
• Việc Công an hỏi thông tin: Cơ quan Công an hỏi tên và tuổi của bạn thường để ghi nhận tình tiết vào biên bản vi phạm của người bạn (ví dụ: xác nhận có chở người trên xe tại thời điểm vi phạm) hoặc để xác minh người bạn của bạn có thực hiện hành vi chở người hay không, không phải để xử phạt bạn.","Luật Trật tự, an toàn giao thông đường bộ 2024 (Luật số 36/2024/QH15): Điều 33 (Khoản 2). Nghị định 168/2024/NĐ-CP: Điều 7 (Khoản 2, Điểm i); Điều 12 (Khoản 5, Điểm b); Điều 18 (Khoản 4, Khoản 7); Điều 32 (Khoản 10, Khoản 14 Điểm i).",168-2024-ND-CP:d12;168-2024-ND-CP:d18;168-2024-ND-CP:d32;168-2024-ND-CP:d7;36-2024-QH15:d33
484,xử phạt vi phạm hành chính giao thông,"Mọi người cho hỏi mình bị bắt nồng độ cồn dưới 0,25 thì phạt bao nhiêu , trong biên bản hẹn 28/10 mà mình có thể đóng trước để lấy xe ra không ạ xe máy","Dựa trên các nguồn thông tin được cung cấp, dưới đây là giải đáp cho thắc mắc của bạn:
• Mức xử phạt nồng độ cồn (dưới 0,25 mg/l khí thở):
    ◦ Phạt tiền: Từ 2.000.000 đồng đến 3.000.000 đồng,.
    ◦ Hình thức xử phạt bổ sung: Bị tước quyền sử dụng Giấy phép lái xe từ 10 tháng đến 12 tháng,.
• Về việc tạm giữ xe: Phương tiện có thể bị tạm giữ đến 07 ngày để ngăn chặn ngay hành vi vi phạm hành chính,.
• Về việc đóng phạt trước hẹn để lấy xe:
    ◦ Để được giải quyết các thủ tục liên quan đến phương tiện (như nhận lại xe), bạn phải thực hiện xong các yêu cầu của cơ quan nhà nước có thẩm quyền về giải quyết vụ việc vi phạm hành chính (thông thường là nộp phạt theo quyết định xử phạt),.
    ◦ Thời hạn ghi trong biên bản là ngày hẹn để giải quyết vụ việc. Nếu bạn chưa thực hiện xong các yêu cầu (chưa nộp phạt) thì cơ quan chức năng chưa giải quyết việc trả xe hoặc các thủ tục hành chính khác,.
    ◦ Nguồn tài liệu không ghi cụ thể quy trình ""đóng trước"" so với ngày hẹn trên biên bản, nhưng khẳng định việc nhận lại xe chỉ được thực hiện sau khi đã hoàn thành các nghĩa vụ xử phạt,.","Nghị định 100/2019/NĐ-CP: Điều 6 (Khoản 6, Điểm c; Khoản 10, Điểm đ); Điều 82 (Khoản 1, Điểm b). Nghị định 168/2024/NĐ-CP: Điều 7 (Khoản 6, Điểm a); Điều 47 (Khoản 11); Điều 48 (Khoản 1, Điểm b). Luật Trật tự, an toàn giao thông đường bộ 2024 (Luật số 36/2024/QH15): Điều 43 (Khoản 2, Điểm d); Điều 62 (Khoản 4).",100-2019-ND-CP:d6;100-2019-ND-CP:d82;168-2024-ND-CP:d47;168-2024-ND-CP:d48;168-2024-ND-CP:d5;168-2024-ND-CP:d7;36-2024-QH15:d43;36-2024-QH15:d62
485,xử phạt vi phạm hành chính giao thông,ACE cho e hỏi tí xe máy chạy vào lane oto thì phạt bao nhiu vậy ạ. Cho mượn xe giờ lãnh đủ luôn. Thank ace nhìu.,"Hành vi điều khiển xe máy (xe mô tô, xe gắn máy) đi không đúng làn đường quy định (chạy vào làn đường dành cho xe ô tô) bị xử phạt theo các mức sau:
• Mức phạt tiền: Từ 600.000 đồng đến 800.000 đồng,.
• Trừ điểm Giấy phép lái xe (GPLX): Bị trừ 02 điểm trên hệ thống cơ sở dữ liệu.
• Trường hợp gây tai nạn giao thông: Nếu hành vi đi không đúng làn đường dẫn đến tai nạn giao thông, mức phạt tiền tăng lên từ 10.000.000 đồng đến 14.000.000 đồng và người điều khiển bị trừ 10 điểm trên GPLX,,.
Ngoài ra, về việc bạn cho mượn xe, nếu bạn giao xe cho người không đủ điều kiện điều khiển (như không có bằng lái phù hợp, đang bị tước bằng, hoặc có nồng độ cồn/ma túy...), bạn (chủ xe) sẽ bị xử phạt tiền từ 8.000.000 đồng đến 10.000.000 đồng.","Nghị định 168/2024/NĐ-CP: ◦ Điều 7: Khoản 3 (Điểm d); Khoản 10; Khoản 13 (Điểm a và Điểm d). ◦ Điều 32: Khoản 10. Luật Trật tự, an toàn giao thông đường bộ 2024: Điều 56 (Khoản 1).",168-2024-ND-CP:d32;168-2024-ND-CP:d7;36-2024-QH15:d56
487,xử phạt vi phạm hành chính giao thông,"Mọi người cho em hỏi em bị bắt không gplx và xe em mua củ lâu rồi không phải em đứng tên, nhưng lập biên bản thông tin là của em , nhưng phạt nặng quá em không đóng phạt có sao ạ","Việc bạn không thực hiện nghĩa vụ nộp phạt theo biên bản đã lập sẽ dẫn đến các hệ quả pháp lý sau:
• Hạn chế về Giấy phép lái xe (GPLX): Cơ quan chức năng sẽ chưa giải quyết việc cấp mới, đổi hoặc cấp lại GPLX đối với người vi phạm cho đến khi người đó thực hiện xong các yêu cầu về giải quyết vụ việc vi phạm hành chính (bao gồm nộp phạt).
• Hạn chế về đăng ký và đăng kiểm xe: Thông tin vi phạm sẽ được gửi đến cơ quan đăng kiểm và cơ quan đăng ký xe. Nếu bạn có thông tin vi phạm chưa được giải quyết trên hệ thống, bạn sẽ chưa được giải quyết việc đăng ký phương tiện mới hoặc đăng kiểm cho phương tiện vi phạm.
• Cập nhật trạng thái vi phạm trên môi trường điện tử: Thông tin vi phạm được cập nhật trên Trang thông tin điện tử của Cục Cảnh sát giao thông và có thể gửi qua tài khoản Cổng dịch vụ công hoặc ứng dụng định danh điện tử (VNeID).
• Trách nhiệm cá nhân: Dù xe không đứng tên bạn, nhưng biên bản được lập dựa trên thông tin cá nhân của bạn (người điều khiển), nên các chế tài và hạn chế hành chính nêu trên sẽ áp dụng trực tiếp đối với bạn.
• Chi phí phát sinh: Trường hợp phương tiện đang bị tạm giữ, bạn phải chịu mọi chi phí cho việc trông giữ phương tiện và chỉ được trả lại sau khi đã hoàn thành các nghĩa vụ xử phạt.","Luật Trật tự, an toàn giao thông đường bộ 2024 (Luật số 36/2024/QH15): Điều 43 (Khoản 2, Điểm d); Điều 62 (Khoản 4). Nghị định 168/2024/NĐ-CP: Điều 47 (Khoản 1; Khoản 8, Điểm a; Khoản 11, Điểm a và b; Khoản 12); Điều 48 (Khoản 4).",168-2024-ND-CP:d47;168-2024-ND-CP:d48;36-2024-QH15:d43;36-2024-QH15:d62
488,xử phạt vi phạm hành chính giao thông,Mọi người cho em hỏi em đỗ xe máy mua hoa quả và bị xử phạt. Mức phạt là 400k đến 600k . Vậy trường hợp của em bị phạt cụ thể là bao nhiêu ạ,"Dựa trên các nguồn thông tin được cung cấp, dưới đây là giải đáp cho trường hợp của bạn:
• Mức phạt tiền: Đối với hành vi điều khiển xe mô tô, xe gắn máy đỗ, để xe ở lòng đường, vỉa hè trái phép, mức phạt tiền là từ 400.000 đồng đến 600.000 đồng.
• Trừ điểm giấy phép lái xe: Hành vi vi phạm này không thuộc trường hợp bị trừ điểm giấy phép lái xe,.
• Về số tiền phạt cụ thể: Các nguồn thông tin được cung cấp không có đủ thông tin về quy tắc xác định mức tiền phạt cụ thể (như quy tắc tính mức trung bình của khung hình phạt) đối với hình thức phạt tiền. Các nguồn này chỉ quy định về việc tính mức trung bình cho thời hạn tước quyền sử dụng giấy phép hoặc đình chỉ hoạt động.","Nghị định 168/2024/NĐ-CP: Điều 7 (Khoản 2, Điểm d và Khoản 13). Nghị định 100/2019/NĐ-CP: Điều 81 (Khoản 2).",100-2019-ND-CP:d81;168-2024-ND-CP:d7;36-2024-QH15:d18
489,quyền và nghĩa vụ chủ phương tiện,"Bằng B2 của em sắp hết hạn . Nhưng em tra trên hệ thống vnetraffic có 1 xe máy cũ đứng tên em đã bán từ rất lâu hơn 10 năm ,  không còn giữ giấy tờ mua bán , đang dính phạt nồng độ cồn kịch khung , không xuất trình giấy tờ , lỗi giao xe cho người không đủ điều kiện . Vậy cho em hỏi giờ mình phải tự lên đóng phạt hay làm đơn trình bày mới đổi được giấy phép ô tô B2 lên C1 ạ . Em cảm ơn","Dựa trên các nguồn thông tin được cung cấp, dưới đây là giải đáp cho trường hợp của bạn:
• Trách nhiệm pháp lý của bạn: Vì bạn vẫn đứng tên trong chứng nhận đăng ký xe, bạn tiếp tục chịu trách nhiệm của chủ xe do chưa thực hiện thủ tục thu hồi đăng ký và biển số xe khi chuyển quyền sở hữu.
• Hạn chế việc đổi và nâng hạng bằng lái: Cơ quan chức năng sẽ chưa thực hiện việc cấp mới, đổi, hoặc nâng hạng Giấy phép lái xe (GPLX) (bao gồm từ B2 lên C1) đối với người vi phạm pháp luật về trật tự, an toàn giao thông khi người đó chưa thực hiện xong các yêu cầu của cơ quan nhà nước về giải quyết vụ việc vi phạm hành chính (chưa nộp phạt).
• Thủ tục giải trình: Khi có thông báo vi phạm, bạn có nghĩa vụ phải hợp tác với cơ quan chức năng để xác định người đã điều khiển xe thực hiện hành vi vi phạm. Bạn có quyền giải trình hoặc chứng minh mình không phải là người điều khiển phương tiện tại thời điểm đó.
• Hệ quả nếu không chứng minh được: Nếu bạn không thể chứng minh hoặc giải trình được mình không phải là người điều khiển, bạn (với tư cách là chủ xe) sẽ bị xử phạt theo quy định đối với các hành vi vi phạm đã phát hiện.
• Cách giải quyết: Bạn cần đến cơ quan Cảnh sát giao thông để giải quyết vụ việc vi phạm (giải trình hoặc nộp phạt). Chỉ sau khi bạn đã thực hiện xong các nghĩa vụ xử phạt, cơ quan chức năng mới gửi thông báo để bạn có thể tiếp tục làm thủ tục đổi hoặc nâng hạng GPLX.","Luật Trật tự, an toàn giao thông đường bộ 2024 (Luật số 36/2024/QH15): Điều 43 (Khoản 2, Điểm c); Điều 60 (Khoản 3, Điểm a); Điều 62 (Khoản 4). Nghị định 168/2024/NĐ-CP: Điều 47 (Khoản 8, Điểm b; Khoản 11, Điểm b; Khoản 12). Nghị định 100/2019/NĐ-CP: Điều 80 (Khoản 8, Điểm a).",100-2019-ND-CP:d80;168-2024-ND-CP:d47;36-2024-QH15:d43;36-2024-QH15:d60;36-2024-QH15:d62
490,quyền và nghĩa vụ chủ phương tiện,Em chào tất cả anh chị trong nhóm anh chị cho em hỏi chút với ạ hnay là thế này cháu em năm nay học lớp 12 sáng nay xe chaus hỏng và chaus hỏi mượn xe em em ko cho mượn nhưng chaus vẫn cố tình lấy xs đi và bị công an đội 10 ở Hà Nội bắt và lập biên bản hội hẹn 28 tháng này ra lấy em có cần phải đi thép để giải quyết ko ạ hay chỉ cần mẹ hoặc bố đi là đc ạ xe em chính chủ ạ,,,168-2024-ND-CP:d7;36-2024-QH15:d56;36-2024-QH15:d59
492,xử phạt vi phạm hành chính giao thông,"Dạ các bác cho em hỏi thăm ạ, năm ngoái em có vi phạm giao thông vì chở hàng cồng kềnh xe máy nên bị giam gplx, sau khi em chuyển nhà thì làm thất lạc biên bản thời gian gần đây mới tìm ra được, thì cho em hỏi là em lên nộp phạt để lấy lại gplx được không và sẽ bị phạt như thế nào ạ. Em cám ơn ạ","Dựa trên các nguồn thông tin được cung cấp, dưới đây là câu trả lời cho trường hợp của bạn:
Bạn có thể và cần phải lên nộp phạt để giải quyết vụ việc và lấy lại Giấy phép lái xe (GPLX). Việc nộp phạt muộn và thất lạc biên bản dẫn đến các hệ quả sau:
• Về mức xử phạt lỗi chở hàng cồng kềnh: Hành vi điều khiển xe máy xếp hàng hóa trên xe vượt quá giới hạn quy định (chở hàng cồng kềnh) bị phạt tiền từ 600.000 đồng đến 800.000 đồng.
• Hạn chế về thủ tục GPLX: Cơ quan chức năng sẽ chưa giải quyết việc cấp mới, đổi hoặc cấp lại GPLX đối với bạn cho đến khi bạn thực hiện xong việc nộp phạt theo quy định,.
• Nguy cơ bị thu hồi GPLX: GPLX bị thu hồi nếu đã quá thời hạn tạm giữ hoặc hết thời hiệu thi hành quyết định xử phạt vi phạm hành chính mà người vi phạm không đến nhận mà không có lý do chính đáng.
• Hệ quả khi tiếp tục điều khiển xe: Nếu đã quá thời hạn hẹn trong biên bản vi phạm mà bạn chưa thực hiện giải quyết nhưng vẫn tiếp tục điều khiển phương tiện tham gia giao thông, bạn sẽ bị xử phạt như hành vi không có giấy tờ.
• Thông báo trên hệ thống: Thông tin vi phạm của bạn đã được cập nhật trên hệ thống dữ liệu. Sau khi bạn đã giải quyết vụ việc (nộp phạt), người có thẩm quyền sẽ gửi thông báo để xóa cảnh báo trên hệ thống, khi đó bạn mới có thể thực hiện các thủ tục cấp đổi GPLX hoặc đăng ký xe.","Nghị định 168/2024/NĐ-CP: Điều 7 (Khoản 3 Điểm e); Điều 47 (Khoản 11 Điểm b và Khoản 11 Điểm c); Điều 48 (Khoản 2). Luật Trật tự, an toàn giao thông đường bộ 2024 (Luật số 36/2024/QH15): Điều 62 (Khoản 4 và Khoản 5 Điểm c).",168-2024-ND-CP:d47;168-2024-ND-CP:d48;168-2024-ND-CP:d7;36-2024-QH15:d62
493,thủ tục hành chính giao thông,Mọi người cho em hỏi em vừa bị trộm túi trong đó có giấy tờ gốc xe máy với bằng lái xe gồm đt tiền mặt thì. Cho em hỏi mất 2 thứ đó thì h mình có thể xin làm lại bằng lái xe ko ạcho e hỏi xíu là xe máy bị 141 bắt giữ xe trên phường thì tầm bao lâu dc trả xe ạ,"Dựa trên các nguồn thông tin được cung cấp, dưới đây là giải đáp cho trường hợp của bạn:
1. Về việc cấp lại Giấy phép lái xe (GPLX):
• Được phép cấp lại: Bạn có quyền được cấp lại GPLX trong trường hợp bị mất.
• Điều kiện hạn chế: Cơ quan chức năng sẽ chưa thực hiện việc cấp lại GPLX đối với người vi phạm pháp luật về trật tự, an toàn giao thông khi người đó chưa thực hiện xong các yêu cầu của cơ quan nhà nước có thẩm quyền về giải quyết vụ việc vi phạm hành chính (ví dụ: chưa nộp phạt lỗi đang bị 141 bắt giữ xe).
2. Về thời hạn tạm giữ xe máy:
• Thời hạn tối đa: Để ngăn chặn ngay hành vi vi phạm hành chính, người có thẩm quyền được phép tạm giữ phương tiện tối đa đến 07 ngày trước khi ra quyết định xử phạt.
• Thủ tục trả xe: Phương tiện vi phạm sẽ chưa được giải quyết trả lại cho đến khi cá nhân, tổ chức vi phạm thực hiện xong các yêu cầu của cơ quan nhà nước có thẩm quyền về giải quyết vụ việc vi phạm hành chính.
• Lưu ý về giấy tờ: Tại thời điểm kiểm tra, nếu bạn không xuất trình được Giấy phép lái xe và Chứng nhận đăng ký xe, bạn sẽ bị lập biên bản về hành vi không có giấy tờ và bị tạm giữ phương tiện theo quy định.","Luật Trật tự, an toàn giao thông đường bộ 2024 (Luật số 36/2024/QH15): Điều 43 (Khoản 2 Điểm d); Điều 62 (Khoản 2 Điểm a, Khoản 4). Nghị định 168/2024/NĐ-CP: Điều 47 (Khoản 11 Điểm b); Điều 48 (Khoản 1, Khoản 3 Điểm a).",168-2024-ND-CP:d47;168-2024-ND-CP:d48;36-2024-QH15:d43;36-2024-QH15:d62
494,xử phạt vi phạm hành chính giao thông,"Các bạn cho mình hỏi, mình cho bạn mượn xe bị bắt và phạt 3 lỗi là chạy quá tốc độ từ 5-10km, không có giấy phép lái xe, không có chứng nhận đăng ký xe (lỗi trên giấy ghi tên bạn ấy) thì chỉ cần bạn ấy lên nộp phạt là được lấy xe về hay em phải cùng lên ạ, có phải là phạt cả em vì lỗi giao xe cho người không đủ điều kiện lái xe (không có bằng lái xe) không ạ.","Dựa trên các nguồn thông tin được cung cấp, dưới đây là lời giải đáp cho các thắc mắc của bạn:
1. Về việc nộp phạt và nhận lại xe:
• Người mượn xe (người điều khiển) có thể đi nộp phạt thay: Pháp luật quy định trong trường hợp chủ xe không có mặt tại nơi xảy ra vi phạm, người điều khiển phương tiện được phép ký biên bản và được chấp hành quyết định xử phạt thay cho chủ phương tiện,.
• Điều kiện lấy xe về: Bạn (hoặc người mượn xe nộp thay) phải thực hiện xong các yêu cầu của cơ quan nhà nước có thẩm quyền về giải quyết vụ việc vi phạm hành chính (cụ thể là nộp đầy đủ các khoản tiền phạt ghi trong quyết định xử phạt) thì mới được giải quyết việc trả lại phương tiện,. Như vậy, bạn không nhất thiết phải cùng lên nếu bạn của bạn thực hiện việc nộp phạt thay.
2. Về việc xử phạt chủ xe (lỗi giao xe):
• Bạn sẽ bị xử phạt: Hành vi giao xe cơ giới cho người không đủ điều kiện (trường hợp này là không có Giấy phép lái xe) là hành vi bị nghiêm cấm.
• Mức phạt đối với chủ xe máy: Với lỗi giao xe cho người không có Giấy phép lái xe, chủ xe là cá nhân sẽ bị phạt tiền từ 800.000 đồng đến 2.000.000 đồng,.
• Trách nhiệm của chủ xe: Dù biên bản ghi tên bạn của bạn cho các lỗi điều khiển, nhưng cơ quan chức năng sẽ xác minh thông tin chủ xe trên hệ thống để ra quyết định xử phạt đối với bạn về lỗi giao xe,.","Luật Trật tự, an toàn giao thông đường bộ 2024: Điều 9 (Khoản 7). Nghị định 100/2019/NĐ-CP: Điều 30 (Khoản 5, Điểm đ); Điều 80 (Khoản 2). Nghị định 168/2024/NĐ-CP: Điều 32 (Khoản 10); Điều 47 (Khoản 2 và Khoản 11); Điều 48 (Khoản 4).",100-2019-ND-CP:d30;100-2019-ND-CP:d80;168-2024-ND-CP:d32;168-2024-ND-CP:d47;168-2024-ND-CP:d48;168-2024-ND-CP:d7;36-2024-QH15:d9
496,xử phạt vi phạm hành chính giao thông,cho em hỏi em có không may bị bắt xe với 2 lỗi là không mang theo giấy tờ xe và không bằng (xe không phải tên mình mà tên người trong gia đình) thì khi đi nộp phạt cần nộp bao nhiêu và có yêu cầu chủ xe đến không ạ,"Dựa vào các nguồn thông tin bạn cung cấp (đặc biệt là Nghị định 168/2024/NĐ-CP), dưới đây là câu trả lời cho trường hợp của bạn:
1. Mức phạt tiền
Vì bạn không nói rõ là xe máy hay xe ô tô, tôi xin cung cấp thông tin cho cả hai trường hợp phổ biến nhất (với giả định bạn là cá nhân):
Trường hợp xe mô tô (xe máy):
• Lỗi không có Giấy phép lái xe (GPLX): Phạt tiền từ 2.000.000 đồng đến 4.000.000 đồng (đối với xe dưới 125cm3) hoặc từ 6.000.000 đồng đến 8.000.000 đồng (đối với xe từ 125cm3 trở lên).
• Lỗi không mang theo Giấy đăng ký xe: Nếu bạn xuất trình được giấy tờ này trong thời hạn hẹn giải quyết vi phạm, bạn sẽ không bị xử phạt về hành vi này và chủ xe cũng không bị phạt. Nếu không xuất trình được, bạn sẽ bị xử phạt như lỗi không có Giấy đăng ký xe với mức phạt từ 2.000.000 đồng đến 3.000.000 đồng.
• Lỗi đối với chủ xe (người thân của bạn): Do giao xe cho người không có GPLX điều khiển, chủ xe sẽ bị phạt từ 8.000.000 đồng đến 10.000.000 đồng.
Trường hợp xe ô tô:
• Lỗi không có GPLX: Phạt tiền từ 18.000.000 đồng đến 20.000.000 đồng.
• Lỗi không mang theo Giấy đăng ký xe: Tương tự xe máy, nếu xuất trình được sau đó thì không bị phạt. Nếu không xuất trình được, mức phạt là từ 2.000.000 đồng đến 3.000.000 đồng.
• Lỗi đối với chủ xe: Phạt tiền từ 28.000.000 đồng đến 30.000.000 đồng vì lỗi giao xe cho người không có GPLX.
2. Yêu cầu chủ xe đến nộp phạt
• Về biên bản: Nếu chủ xe không có mặt tại nơi vi phạm, người có thẩm quyền sẽ lập biên bản vi phạm hành chính đối với chủ xe. Bạn (người điều khiển) phải ký vào biên bản với tư cách là người chứng kiến.
• Về việc tạm giữ xe: Do tại thời điểm kiểm tra bạn không xuất trình được giấy tờ, người có thẩm quyền sẽ tiến hành tạm giữ phương tiện theo quy định.
• Về việc nộp phạt: Vì có lỗi vi phạm riêng biệt dành cho chủ xe và xe đang bị tạm giữ, chủ xe cần phải có mặt để giải quyết các thủ tục liên quan đến việc xử phạt đối với chủ xe và nhận lại phương tiện sau khi đã hoàn thành nghĩa vụ nộp phạt.","Nghị định 168/2024/NĐ-CP: ◦ Mức phạt người điều khiển xe máy: Điều 18, Khoản 5, Điểm a; Khoản 7, Điểm a. ◦ Mức phạt người điều khiển ô tô: Điều 18, Khoản 9, Điểm a. ◦ Lỗi không có giấy đăng ký xe: Điều 13, Khoản 4, Điểm a (ô tô); Điều 14, Khoản 2, Điểm a (xe máy). ◦ Lỗi của chủ xe: Điều 32, Khoản 10 (xe máy); Điều 32, Khoản 14, Điểm i (ô tô). ◦ Thủ tục xử phạt và tạm giữ: Điều 47, Khoản 2; Điều 48, Khoản 3.",168-2024-ND-CP:d13;168-2024-ND-CP:d14;168-2024-ND-CP:d18;168-2024-ND-CP:d32;168-2024-ND-CP:d47;168-2024-ND-CP:d48
497,xử phạt vi phạm hành chính giao thông,"dạ cả nhà cho e hỏi chút ạ . em rẽ phải quên xi nhan bị bắt trong đường khu công nghiệp. đồng chí lập biên bản cho em k ghi rõ họ tên ạ. và lúc bảo e phải nộp phạt 700. đóng tại chỗ hay đóng cho kho bạc cũng giữ bằng lái xe. mà đồng chí cho e sdt của bưu điện ạ, cứ bắt e gọi rồi đóng cho bưu điện thì bưu điện sẽ gửi giấy về nhà cho ạ. giờ e làm sao lấy bằng lái vì e sắp đi xa ạ.","Dựa trên các nguồn thông tin được cung cấp, dưới đây là câu trả lời cho các vấn đề bạn thắc mắc:
• Mức phạt và hành vi vi phạm: Hành vi điều khiển xe mô tô chuyển hướng (rẽ) mà không có tín hiệu báo hướng rẽ bị phạt tiền từ 600.000 đồng đến 800.000 đồng. Mức phạt 700.000 đồng mà bạn đề cập là mức trung bình của khung hình phạt này.
• Việc tạm giữ bằng lái xe: Để bảo đảm việc thi hành quyết định xử phạt vi phạm hành chính, người có thẩm quyền xử phạt được phép tạm giữ giấy phép lái xe của người điều khiển phương tiện vi phạm.
• Nộp phạt và lấy lại bằng lái:
    ◦ Bạn có thể thực hiện thanh toán tiền phạt thông qua tài khoản giao thông và các phương thức thanh toán không dùng tiền mặt theo quy định.
    ◦ Thông báo về việc xử lý vi phạm có thể được gửi qua dịch vụ bưu chính hoặc phương thức điện tử.
    ◦ Sau khi bạn đã hoàn tất việc nộp phạt và giải quyết vụ việc theo quy định, cơ quan chức năng sẽ thực hiện các thủ tục tiếp theo để bạn nhận lại giấy tờ.
• Về việc cán bộ lập biên bản không ghi rõ họ tên: Nguồn thông tin được cung cấp không có quy định cụ thể về việc xử lý biên bản thiếu họ tên của người lập [Không đủ thông tin]. Tuy nhiên, bạn có quyền giải trình, khiếu nại hoặc khởi kiện đối với các hành vi hành chính liên quan đến quyền và lợi ích hợp pháp của mình.","Nghị định 168/2024/NĐ-CP: Điều 6, Điều 7 (Khoản 3a), Điều 47 (Khoản 11), Điều 48 (Khoản 2), Điều 50 (Khoản 3b). Nghị định 100/2019/NĐ-CP: Điều 81 (Khoản 2), Điều 82 (Khoản 2). Luật Đường bộ (35/2024/QH15): Điều 43 (Khoản 1, 2). Luật Trật tự, an toàn giao thông đường bộ (36/2024/QH15): Điều 72 (Khoản 1c).",100-2019-ND-CP:d43;100-2019-ND-CP:d81;100-2019-ND-CP:d82;168-2024-ND-CP:d47;168-2024-ND-CP:d48;168-2024-ND-CP:d50;168-2024-ND-CP:d6;168-2024-ND-CP:d7;36-2024-QH15:d72
499,giấy phép lái xe,"Em chào các bác ạ, bác nào am hiểu về luật giao thông cho em hỏi với. Em vi phạm giao thông trên tuyến QL37, tại thời điểm kiểm tra em không xuất trình được giấy tờ đăng kí xe, giấy phép lái xe vi phạm vào:- Điểm a, khoản 2 điều 14- Điểm a, khoản 5 điều 18vậy nếu đến cơ quan chức năng nơi tạm giữ phương tiện, em xuất trình được đầy đủ giấy tờ trên thì có được tính vào là không mang theo đăng kí và giấy phép lái xe không ạ? hay vẫn giữ nguyên mắc phạt cũ ạem cảm ơn các bác đã giải đáp thắc mắc ạ",,,168-2024-ND-CP:d14;168-2024-ND-CP:d18
500,xử phạt vi phạm giao thông,"Em chào anh chị ạ, anh chị hiểu luật giúp em đường đôi 3 làn như trong hình thì xe máy được đi làn nào ạ? Em đi chậm thì đi làn nào ạ. Có lần em đi chậm đi làn ngoài cùng bên phải bị CSGT phạt vì đi sai làn ạ, còn nếu đi làn giữa thì các phương tiện di chuyển rất nhanh và nguy hiểm ạ. Mong anh chị hiểu luật giúp em tham gia giao thông đúng luật ạ. Em cảm ơn rất nhiều",,,168-2024-ND-CP:d7;36-2024-QH15:d13
501,xử phạt vi phạm giao thông,Khá lâu rồi ban quản trị chưa lên bài về LGTĐB cho mọi người tham khảo.Hôm nay QTV sẽ lên chom mọi người 1 bài về vấn đề quay đầu xe ở phần đường dành cho người đi bộ qua đường. rất đơn giản nhưng không phải ai cũng biết Căn cứ vào luật giao thông đường bộ:Tại điều 15 luật gtđb có quy định : không được quay đầu xe ở phần đường dành cho người đi bộ qua đường.Vậy phần đường dành cho người đi bộ qua đường xác định ra sao ?,,,168-2024-ND-CP:d6;168-2024-ND-CP:d7;36-2024-QH15:d15
503,giấy phép lái xe,"Cho e hỏi E có mua xe máy điện dưới 50cc không cần bằng lái, cho con chạy đi học, nhưng e không bik rằng xe phải đủ tuổi 16 mới chạy đượcCon e 15 tuổi e đã giao xe cho bé đi học nay con e đi học bị cán bộ phạt hành chính cảnh cáo giam xeVậy cho e hỏi mức phạt cho người giao xe, cho người không đủ tuổi vậy là mức phạt bao nhiêu ạ?Vì xe là 50cc không cần bằng lái ạ",,,168-2024-ND-CP:d18;168-2024-ND-CP:d32;36-2024-QH15:d59
512,xử phạt vi phạm giao thông,"Hành vi báo chốt CSGT sẽ bị phạt từ 5-10tr đồng, vậy mà có cái app miễn phí này chuyên báo chốt, vi phạm nghiêm trọng luôn.Đây là cái app Wave, mình vô tình biết được trên app này có rất nhiều thành viên liên tục cập nhật các chốt. Cần nghiêm cấm tuyệt đối việc sử dụng những ứng dụng nước ngoài gây ảnh hưởng đến an ninh trật tự an toàn giao thông. Người dùng cũng cần tỉnh táo, không cài đặt, không sử dụng, không báo chốt tiếp tay cho việc vi phạm pháp luật.",,,168-2024-ND-CP:d12;36-2024-QH15:d9
521,xử phạt vi phạm giao thông,"E bị 1 biên bản đầu tháng 1/2023 lỗi ko mũ ko gương=>Tạm giữ bằng. Nhưng e chưa đi nộp phạtThứ7 ngày 3/6 2023. E vi phạm biên bản ko gương. Ko bằng( bằng đang bị giữ)=>tạm giữ xeĐến t2 e đi nộp phạt cho lầm vi phạm 1 liệu có bị phạt thêm do nộp phạt chậm koVà sau khi lấy đc bằng ra, có bằng xuất trình cho lần 2 thì có chuyển đc lỗi từ ""ko giấy phép""chuyển sang lỗi ""ko mang theo giấy phép"" đc ko. Mn tư vấn ạk",,,168-2024-ND-CP:d14;168-2024-ND-CP:d18;168-2024-ND-CP:d7
522,vi phạm tốc độ,Bị bắn tốc độ Bị Giam GPLX quá thời hạn chuộc 3 năm giấy phép láy xe có bị tiu hủy ko ạ mn rành luật cho em bt vs,,,168-2024-ND-CP:d48;168-2024-ND-CP:d6;36-2024-QH15:d62
525,vi phạm tốc độ,Xe của tôi BKS 29 c 22565 hôm nay 25/4/2025 đi đk bị báo phạt nguội tại yên phong bắc ninh ngày 3/8/2024 lỗi chạy quá tốc độ.nhưng tôi khẳng định xe của năm 2024 chưa một lần đi đến bắc ninh và ngày 3/8/2024 tôi vẫn có quyển nhật ký giao hàng đều ở hưng yên.tháng 10/2024 xe tôi vẫn đi đăng kiểm ở trạm hy 05 bình thường vậy mà sau 6 tháng đi đk lại bị báo lỗi.có khi nào xe khác nắp biển giả giống xe tôi không.cộng đồng giúp tôi các giải quyết với.,,,168-2024-ND-CP:d47;168-2024-ND-CP:d6;36-2024-QH15:d36
526,phạt nguội,Xin chào mọi người. Chúc tất cả mọi người trong Group có nhiều sức khoẻ. Mình có việc này muốn hỏi anh em chạy xe khu vực Hà Nội mong được anh em giải đáp. Hôm nay do đường đông mình thiếu chú ý quan sát. Khi đang đi trên đường P. Hoàng Đạo Thuý rẽ trái vào đường Đ. Lê Văn Lương hướng ra vành đai 2. Thì mình có ép sát lề trái. Và đi vào làn BRT như dưới hình. Đi được khoảng 10M thì mình nhận ra vạch kẻ đường và xi nhan ra làn bên phải. Liệu mình có bị phạt nguội ở vị trí nà,,,168-2024-ND-CP:d47;168-2024-ND-CP:d6;36-2024-QH15:d36
527,đăng kiểm,"Tự động giãn chu kỳ kiểm định, chủ xe đóng phí bảo trì đường bộ thế nào?Cục Đăng kiểm VN cho biết, chủ xe có thể đợi đến kỳ kiểm định tới, khi đến trung tâm đăng kiểm để khám xe, đơn vị đăng kiểm sẽ tiến hành truy thu số tiền phí bảo trì đường bộ chủ xe cần phải đóng trong 6 tháng được gia hạn thêm.Hoặc nếu sắp xếp được thời gian, chủ xe có thể chủ động đến đơn vị đăng kiểm để nộp phí bảo trì đường bộ cho khoảng thời gian được giãn kiểm định.",,,36-2024-QH15:d42;36-2024-QH15:d43
535,vượt đèn đỏ,Đèn báo rẽ trái ko báo mà chỉ có đèn xanh như này em rẽ trái theo làn đường rẽ trái liệu như này có bị phạt nguội đèn đỏ ko .đèn báo rẽ trái bị lỗi,,,168-2024-ND-CP:d6;168-2024-ND-CP:d7;36-2024-QH15:d11
537,xử phạt vi phạm giao thông,Ae nay ra đường có còn phải mang gplx và đăng kí xe khi đã tích hợp thông tin trên app nữa k ad..??,,,168-2024-ND-CP:d18;36-2024-QH15:d56
541,vượt đèn đỏ,Các bác cho em hỏi đèn đỏ mà 2 bánh trước qua vạch 2 bánh sau chưa qua hết vạch có bị tính lỗi k ạ em đàn bị csgt dừng báo lỗi vượt đèn đỏ khi 2 bánh trước qua vạch,,,168-2024-ND-CP:d7;36-2024-QH15:d11
547,tai nạn giao thông,"Đường Lương Định Của - TP. Thủ Đức.Sáng qua (23/5), tài xế xe mở cửa xe thiếu quan sát gây TN rồi còn yêu cầu anh xe ôm công nghệ bồi thường 3 củ nữa..theo mọi người ý sao ạ",,,168-2024-ND-CP:d6;36-2024-QH15:d19;36-2024-QH15:d80
550,phạt nguội,"Hnay em đi từ Văn Phú về Lê Trọng Tấn có đi nhầm vào làn brt mất 20m, liệu có bị phạt nguội không ạ, em thấy hoang mang quá",,,168-2024-ND-CP:d6;36-2024-QH15:d13
559,dừng đỗ xe,"Cả nhà cho em hỏi xíu ạ.Trường hợp tài xế chở khách đến nhà kế bên, nhưng lại dừng xe trước tiệm nhà mình, và đậu xe trong 5 phút.Em nói tài xế lùi xe lại đúng chỗ nhà kế bên, thì tài xế đó lại cự lại rằng ""Đường lộ, muốn đậu ở đâu cũng được. Em ko có quyền nói.""Sau đó em hù tài xế ""Vậy cứ đậu đó đi, em gọi công an đến"" thì tài xế mới chịu chạy xe đi..",,,168-2024-ND-CP:d6;36-2024-QH15:d18
573,xử phạt vi phạm giao thông,lỗi vượt phải với oto thì đúng nhưng áp dụng với xe máy thì như nào là chuẩn nhỉ. Mong các bác thông thái chỉ dẫn. ( theo em xe máy mặc định theo luật đi bên phải vào mép lề đường rồi mà )https://soha.vn/nguoi-tham-gia-giao-thong-chu-y-vuot-phai...,,,168-2024-ND-CP:d7;36-2024-QH15:d13;36-2024-QH15:d14
574,giấy phép lái xe,Bằng lái xe của bạn sắp hết hạn hoặc đã hết hạn trên 1 ngày? Phải chuẩn bị những gì? Có phải có mặt không?,,,168-2024-ND-CP:d18;36-2024-QH15:d62
575,vi phạm tốc độ,Mấy bác cho em hỏi Xe em qua trạm thu phí Trảng Bom có biển “hết tất cả các lệnh cấm “ là em chạy tốc độ là 71km/h,,,168-2024-ND-CP:d6;36-2024-QH15:d11;36-2024-QH15:d12
576,giấy phép lái xe,"vậy nếu đến cơ quan chức năng nơi tạm giữ phương tiện, em xuất trình được đầy đủ giấy tờ trên thì có được tính vào là không mang theo đăng kí và giấy phép lái xe không ạ? hay vẫn giữ nguyên mắc phạt cũ ạ",,,168-2024-ND-CP:d14;168-2024-ND-CP:d18
577,dừng đỗ xe,bác nào cho em hỏi ? đậu xe như thế này có vi phạm đậu đỗ sai quy định không ạ( đường này có bảng cấm ở đầu đường ) chỗ này là khoảng đất trống ko có bảng gì cả.,,,168-2024-ND-CP:d6;168-2024-ND-CP:d7;36-2024-QH15:d11;36-2024-QH15:d18
578,dừng đỗ xe,Anh em trong nhóm cho hỏi cam đoạn Nguyễn Thái Học giao Chu Văn An - Tôn Đức Thắng này có bắt lỗi dừng xe bên trái đường một chiều không ạ ?Em chót dừng xe ngay 68 Ngu,,,168-2024-ND-CP:d6;36-2024-QH15:d18
579,phạt nguội,Hôm nay do đường đông mình thiếu chú ý quan sát. Khi đang đi trên đường P. Hoàng Đạo Thuý rẽ trái vào đường Đ. Lê Văn Lương hướng ra vành đai 2. Thì mình có ép sát lề trái. Và đi vào làn BRT như dưới hình. Đi được khoảng 10M thì mình nhận ra vạch kẻ đường và xi nhan ra làn bên phải. Liệu mình có bị phạt nguội ở vị trí nà,,,168-2024-ND-CP:d6;36-2024-QH15:d13
580,xử phạt vi phạm giao thông,Các bác cho em hỏi xe em thay đèn như này bị vẫy lại và báo phạt 6tr có đúng ko ạ em k hiểu luật nên hỏi các bác ạ,,,168-2024-ND-CP:d13;168-2024-ND-CP:d14;36-2024-QH15:d35
581,phạt nguội,"Đi qua ngã tư không đèn đếm giây mà gặp cam phạt nguội, có bác nào từng ở tình huống 'tiến thoái lưỡng nan' này chưa ạ?",,,168-2024-ND-CP:d6;168-2024-ND-CP:d7;36-2024-QH15:d11
582,vượt đèn đỏ,Gây tai nạn rồi bỏ chạy thì các bác tính hộ mức phạt xem là bao nhiêu với.Xe khách vượt đèn đỏ gây tainạn rồi bỏ chạy tại nút giao Giải Phóng - Nguyễn Hữu Thọ.,,,168-2024-ND-CP:d6;36-2024-QH15:d11;36-2024-QH15:d80
583,vi phạm tốc độ,mấy bác cho e hỏi.e bị csgt xử phạt vì chạy quá tốc độ và bị tạm giữ bằng lái xe hạng a1 đến nay hơn 1năm rồi e chưa đóng phạt giờ có lấy lại bằng đc không???,,,168-2024-ND-CP:d5;168-2024-ND-CP:d7;36-2024-QH15:d62
585,vượt đèn đỏ,"cho em hỏi với em vừa bị công an bắt vì bị vượt đèn đỏ, cái đèn đỏ chỗ đó em không rõ nó hoạt động như thế nào nên vô tình vượt. Họ chụp thông tin căn cước, giấy tờ xe, bằng lái rồi bảo chờ thông báo đóng phạt trên vneid, em không được thấy biên bản hay phải ký gì. 3 ngày rồi em tra phạt nguội cũng chưa thấy thông báo, ko biết chờ tầm bao lâu vậy ạ",,,168-2024-ND-CP:d50;168-2024-ND-CP:d7;36-2024-QH15:d11
586,vi phạm tốc độ,mn cho e hỏi e có bị phạt quá tốc độ mấy chú công an bảo là đóng phạt online nhưng mà e làm mất biên bản xử phạt r và ko có số biên bản và thông tin để nộp phạt thì làm sao ạ và e bị khoá bằng trên VNeID ạ,,,168-2024-ND-CP:d5;168-2024-ND-CP:d50;168-2024-ND-CP:d7
587,xử phạt vi phạm giao thông,"Mn cho e hỏi e bị xử phạt vi phạm .do ở xã khi vực vi phạm , nên e gửi bưu điện biên bản vi phạm .hôm nay có người ở bưu điện nói mình phải chuyển khoản cho chị ý , thì chị ý mới nôp phạt và lấy ra và gửi về bưu điện mình. giấy quyết định sụ phạt thì ko có dấu của cơ quan công an.mọi người cho e lời khuyên ạ",,,168-2024-ND-CP:d47;36-2024-QH15:d72
588,vượt đèn đỏ,"hi mọi người ạ , mọi người cho em hỏi chỗ này nếu đèn đỏ thì em có dc rẽ phải không với ạ , e thấy chỗ rẽ trước đèn 1 tí mà vẫn sợ",,,168-2024-ND-CP:d6;168-2024-ND-CP:d7;36-2024-QH15:d11
589,vượt đèn đỏ,Các bác cho em hỏi em nhận dc quyết định xử lí phạt nguội xe vượt đèn đỏ(kèm hình ảnh). Nhưng thực tế là xe em quay đầu. Khi đó đèn xanh rẽ trái còn 3 giây em qua vạch,,,168-2024-ND-CP:d47;168-2024-ND-CP:d6;36-2024-QH15:d11;36-2024-QH15:d15
590,phạt nguội,Các bác cho em hỏi chút...khi vi phạm lỗi thì mất bao lâu mới có thông báo phạt nguội trên các ứng dụng phạt nguội và gửi giấy về nhà ạ,,,168-2024-ND-CP:d4;168-2024-ND-CP:d47;36-2024-QH15:d67
591,xử phạt vi phạm giao thông,"Trời mưa, xe chạy bình thường.Bùn bắn che kín biển – không phải tài xế che.Luật nói che biển phạt 22 triệu.Vậy lỗi này do người lái hay tain thiết kế xe?> CSGT xử lý thế nào cho đúng luật?> Hãng xe có giải pháp gì không ? Dân đang chờ câu trả lời.",,,168-2024-ND-CP:d13;36-2024-QH15:d36;36-2024-QH15:d9
592,ngược chiều,Các bác cho e hỏi e chạy như này có sai không ạ. Csgt nói e đi ngược chiều khi không có người điều khiển giao thông ạ. Tại huyện lẻ của tỉnh sơn la ạ. Xe trước không bắt xe sau không bắt mà bắt đúng xe e ạ.,,,168-2024-ND-CP:d7;36-2024-QH15:d9
595,đăng ký xe,Mọi người cho em hỏi xe em mua được 4-5 tháng nay rồi nhưng em chưa sang tên đổi chủ liệu bị vẫy có sao không ạ?,,,168-2024-ND-CP:d32;36-2024-QH15:d36
599,vượt đèn đỏ,"các bạn cho mình hỏi, khi đến giao lộ phía trước là hướng đi thẳng, bên phải có 02 tuyến đường được đi vào, khi có tín hiệu đèn đỏ xe không được đi thẳng nhưng dưới có mũi tên màu xanh cho rẽ phải. vậy xe ô tô có được rẽ phải vào cả 02 tuyến đường trên không? xin cảm ơn mọi người.",,,168-2024-ND-CP:d6;36-2024-QH15:d11
600,vượt đèn đỏ,Vạch mắc võng tại ngã tư khi đèn đỏ không có biển phụ hay đèn mũi tên xanh được rẽ phải thì có được rẽ phải không các bác . Theo luật giao thông đường bộ 2024 không thấy có quy định trong trường hợp này,,,168-2024-ND-CP:d6;36-2024-QH15:d11
601,nồng độ cồn,"các cao nhân cho mình hỏi. mức phạt nồng độ cồn lái xe ô tô, 0.57 là bao nhiêu tiền vậy?? cảm ơn",,,168-2024-ND-CP:d5;168-2024-ND-CP:d6;36-2024-QH15:d9
602,nồng độ cồn,Mn cho mình hỏi. Là mình bị thổi nồng độ cồn. 0.997 xe chính chủ.. mà mình ko đưa giấy tờ gì hết. Mình chỉ đọc tên ngày tháng năm sinh. Vậy tiền phạt bao nhiêu vậy ah. Và bỏ xe đc ko ah. Xin cảm ơn add duyệt bài với ah,,,168-2024-ND-CP:d48;168-2024-ND-CP:d5;168-2024-ND-CP:d7
603,nồng độ cồn,"Mọi người cho e hỏi bữa e bị công an bắt nồng độ cồn 0.356 , không Có bằng lái cavet xe ( bị mất) mới tích hợp lại .đã ký biên bản . Cho e hỏi nếu e bỏ xe luôn k đóng phạt thì có bị sao không và nếu bắt buộc phải đóng phạt là bao nhiêu ,e cảm ơn ạ",,,168-2024-ND-CP:d18;168-2024-ND-CP:d48;168-2024-ND-CP:d5;168-2024-ND-CP:d7
605,vi phạm tốc độ,E vào tra cứu trên phần mềm thì thấy thông báo bị lỗi tốc độ trên cao tốc Hà nội - Lào cai. Mà không biết thủ tục phải như thế nào để nộp phạt. Xin các Cụ thông thạo về việc này chỉ giáo cho E với.,,,168-2024-ND-CP:d47;168-2024-ND-CP:d6;36-2024-QH15:d25
606,thủ tục nộp phạt,"Lúc trưa nay em chỉ đi 2b đoạn ngã tư Láng Hạ đi Giảng Võ. Đang đi thì bị 1 thằng nó rẽ phải ép em. Em đành phải rẽ phải đi La Thành. Lúc hết cái phân cách cho xe rẽ phải thì em lại đi thẳng. Bị cạp nong quăng bắt lỗi là đi vào phần đường cho xe rẽ phải. Biết là sai cho nên em ký vào biên bản. Về sau em mới nghĩ lại là làm gì có biển phân làn đâu nhỉ. Nhưng khổ 1 cái là em lại ký biên bản rồi. Lỗi này thì chắc chỉ có mấy trăm thôi, em không tiếc. Nhưng mà muốn làm cho ra lẽ.",,,168-2024-ND-CP:d47;168-2024-ND-CP:d7;36-2024-QH15:d13
607,dừng đỗ xe,"Chào các bác. Chẳng là hôm nay em có việc đi từ cao tốc Pháp Vân rẽ sang đường đi ninh bình, đến trạm thu phí cao bồ ninh bình, đáng lẽ em rẽ phải ngay đầu trạm thu phí để rẽ về thị trấn Gôi Nam Định, tuy nhiên do mải nhìn google map, em đi quá đoạn rẽ mất gần 10 mét, em phải dừng xe trước đoàn vào trạm thu phí. Em có xuống xe xin mấy anh CSGT đang bắt xe gần đó để xin lùi vài mét, đè vạch xương cá để rẽ phải, các anh CSGT đồng ý. Bác nào có kinh nghiệm cho em hỏi với sự đồng ý của CSGT, em có b",,,168-2024-ND-CP:d6;36-2024-QH15:d18;36-2024-QH15:d25
608,vi phạm tốc độ,"Gửi các bác, con hỏi các bác, em check Kgo thì em bị dính 2 phạt nguội. 1 ở Hn em bị dính vượt đèn đỏ và 2 ở Quảng Bình em bị quá tốc độ. Các bác có kinh nghiệm cho em hỏi 2 lỗi này của em thì bao nhiêu tiền, có bị thu bằng không? Em có phải vào Quảng Bình ko hay em làm online được? Quy trình đóng phạt như thế nào ah? Em cảm ơn",,,168-2024-ND-CP:d47;168-2024-ND-CP:d5;168-2024-ND-CP:d6;36-2024-QH15:d11
609,vi phạm tốc độ,"Tình hình là em vừa được bưu điện gọi điện đến có thông báo của cảnh sát giao thông tỉnh Lạng Sơn. Em mở ra xem thì thấy có thông báo phạt nguội vi phạm tốc độ 55/50. Mà hôm đấy em lại cho mượn xe. Em muốn hỏi các cụ về nộp phạt online qua cổng dịch vụ công. Em đã google các kiểu rồi nhưng cái mà bưu điện gửi cho em nó chỉ là cái thông báo, chưa phải là quyết định xử phạt hay biên bản nên em có tìm trên cổng dịch vụ công đều không thấy có. Các cụ thông thái cho em hỏi là giờ em muốn nộp phạt onl",,,168-2024-ND-CP:d32;168-2024-ND-CP:d47;168-2024-ND-CP:d6
610,phạt nguội,"Chào các cụ, Mình ở HN, có mua 1 con xe cũ trong SG chuyển ra và đến nay vẫn để biển 51 chạy bình thường ở thủ đô. Hôm trước mình check lỗi phạt nguội thì thấy chủ cũ bị dính 1 lỗi trên web csgt.vn. Sau đó mình thử kiểm tra tiếp trên web đăng kiểm VN thì lại ko thấy thông báo vi phạm gì. Vậy xin hỏi lần đăng kiểm tiếp theo thì xe mình có đăng kiểm được ko hay phải xử lý xong lỗi vi phạm?",,,168-2024-ND-CP:d32;168-2024-ND-CP:d47;36-2024-QH15:d42
611,xử phạt vi phạm giao thông,"Các cụ am hiểu cho em hỏi đi PKL móc bô gặp 141, CSGT có bị phạt k ạ?",,,168-2024-ND-CP:d14;36-2024-QH15:d35
612,phạt nguội,"Em nghe nói là xe quá hạn đăng kiểm đi trên đường ở Hà Nội sẽ có camera ghi lại và phạt nguội gửi về nhà. Đúng không các cụ, mợ?",,,168-2024-ND-CP:d13;36-2024-QH15:d42;36-2024-QH15:d67
613,biển báo giao thông,Em đi xe thì chấp hành rất đúng các quy định. Nhưng em muốn hỏi các cụ cách nháy pha để hỏi xe đối diện xem có CSGT hay không. Bởi vì nhiều khi đi những đường không quen mà lại không nhìn rõ biển báo hay là vạch kẻ đường nên rất có thể bị vịn vào. Nếu mà biết đằng trước mình có CSGT thì mình sẽ chủ động hơn trong việc nhìn biển và vạch kẻ đường. Em cám ơn các cụ.,,,168-2024-ND-CP:d12;36-2024-QH15:d9
614,xử phạt vi phạm giao thông,"Đi 4b vào đường cấm 4b theo giờ, theo đúng QD thì bị lỗi gì? phạt bao nhiêu các cụ?",,,168-2024-ND-CP:d6;36-2024-QH15:d11
615,vi phạm tốc độ,"Các cụ thông thái cho em hỏi trường hợp này em bị bắt nạt hay mắc lỗi thật ạ. Sáng nay em về đón cu con ở quê lên để đi học. Em đi theo hướng cầu giẽ - pháp vân. Đường có 3 làn, em đi ko nhanh nên đi làn giữa. Đến chỗ nhập làn từ đường VĐ3 em bị công an chặn lại, họ bảo em đi thẳng chỉ được đi 1 làn bên trái, còn 2 làn kia dành cho phương tiện nhập làn, vậy có đúng ko ạ. Họ còn dọa em lỗi này tước bằng 6 tháng, nộp phạt 6-12 củ. Em không chạy quá tốc độ, ko đè vạch, ko vi phạm biển báo.",,,168-2024-ND-CP:d6;36-2024-QH15:d13
617,phạt nguội,"Chào các Cụ! Nhà cháu đen quá cuối năm dính quả phạt nguội đi vào làn BRT. Bây giờ gần đến hạn Đăng kiểm nên phải đi xử lý, đã ra được quyết định xử phạt nhưng bên công an chỉ cho số QĐ xử phạt và đường link để vào nộp phạt, nhà cháu cũng có tý tuổi nên mắt kém, tay chậm ko biết cách nộp online. Cụ nào đã từng nộp phạt online cho nhà cháu xin cái hướng dẫn được ko ạ?",,,168-2024-ND-CP:d47;168-2024-ND-CP:d6
618,đăng ký xe,"Em xin trình bày ạ. Ra tết em lấy lại chiếc xe ford đã qua sử dụng, về em đã ra chi cục thuế nộp thuế luôn nhưng do bận việc, do dịch em chưa đi nộp sang tên cái đăng ký. Sáng nay em ra nộp hồ sơ thì nhận được giấy hẹn lấy đăng ký sau 12 ngày cùng với lời dặn dò là khi đi lấy đăng ký thì chuẩn bị luôn 3tr nộp phạt do quá 30 ngày. Các cụ có tư vấn gì cho em ko ạ, em bị chậm có mấy ngày nên em cũng hơi tiếc ạ!!!",,,168-2024-ND-CP:d32;36-2024-QH15:d36
619,dừng đỗ xe,"Em mạn phép các cụ hỏi câu này, em thấy có một số trường hợp người điều khiển xe mô tô đỗ xe vào bên đường bỏ mũ bảo hiểm ra để gãi đầu hoặc nghe điện thoại thì bị CSGT ập đến bắt. Hay trường hợp khác, thằng cu em ngồi lên xe dựng trên vỉa hè rồi lùi xuống đường trước khi đội mũ bảo hiểm, thế là bị CSGT ập đến cho luôn quả biên bản. Vậy có nghĩa là mình phải đội mũ bảo hiểm trước khi mình ngồi trên xe, bất kể đang đỗ ở bên đường ạ?",,,168-2024-ND-CP:d7;36-2024-QH15:d18;36-2024-QH15:d9
620,đăng ký xe,"E vừa mua con xe cỏ để đi tết. Xe qua nhiều đời chủ rồi và e cũng chả có ý định sang tên đổi chủ làm gì, nhưng để đối phó với công an khi mình vi phạm luật chẳng hạn họ hỏi về vụ xe ko chính chủ thì mình cứ bảo xe đi mượn của bạn à các cụ. Xe e mua ở tỉnh khác ạ, mong các cụ mách hộ.",,,168-2024-ND-CP:d14;168-2024-ND-CP:d32;36-2024-QH15:d36
621,vi phạm tốc độ,"Một ngày xấu trời, em tò mò vào trang csgt.vn, nhập biển số xe mình vào thì thấy bị dính lỗi tốc độ 10-20km trên đường HN-BG, đoạn Km141+900 ở BN. Vi phạm 12/2025, xem lại lịch trình thì là hôm đấy e cho mượn xe, chú e đi bị dính tốc độ. Mấy hôm sau thì có giấy của CSGT gửi về nhà. Giờ em muốn hỏi quy trình đi nộp phạt nguội như thế nào ạ?",,,168-2024-ND-CP:d32;168-2024-ND-CP:d47;168-2024-ND-CP:d6
622,phạt nguội,Chả là mấy hôm trước có cài cái app ttdk để xếp lịch đi khám xe. Lúc cài có xuất hiện thêm mấy app tra cứu phạt nguội. Cháu có cài thử 1 app. Nhận thấy tra cứu nhanh hơn trên web. Các cụ cho hỏi mấy cái app đó nó có đáng tin cậy không?,,,168-2024-ND-CP:d47;36-2024-QH15:d67
623,phạt nguội,"Các bác cho e hỏi, em mới lấy con xe cũ thông qua showroom, vì lúc mua check ko kỹ nên ko biết được là xe đã dính phạt nguội. E đã làm thủ tục sang tên. Xe e 04/2024 đến hạn đăng kiểm. Chủ cũ e ko biết là ai, e ở Nghệ An mà thấy xe cũ đky ở Huế và dính phạt nguội ở Quảng Trị. Vậy nhờ các bác tư vấn giúp trường hợp này e nên xử lý ntn với ạ!",,,168-2024-ND-CP:d32;168-2024-ND-CP:d47
624,thủ tục nộp phạt,"Chào các cụ các mợ, Em có theo dõi mấy thớt về NĐ 100 và cũng có xem mấy video CSGT lập biên bản, trong đó có người 0.015 miligam/1 lít khí thở. Tuy nhiên em chưa thấy nội dung nào đề cập đến sai số của máy đo, nghĩa là máy báo bao nhiêu thì lập biên bản bấy nhiêu. Vậy các cụ cho em hỏi khi đo ra 0.015 miligam/1 lít khí thở, thì với sai số đến +-0.1 tại 2 mg/l thì con số 0.015 kia nên hiểu thế nào ạ?",,,168-2024-ND-CP:d6;36-2024-QH15:d67
625,dừng đỗ xe,"Em hỏi nhờ các bác hôm nay em bị công an xích trên đường phố Huế vì đỗ xe bên phải đón nhóc F1 nhà em đi học về, em đưa 200k các anh ko nhận bắt ghi biên bản phạt và yêu cầu hẹn sau 5 ngày xuống đội CSGT số 4 ở km5 Ngọc Hồi để làm việc. Muốn hỏi thủ tục xuống đấy làm việc như thế nào nhỉ, có phải chạy ra kho bạc nộp tiền hay nộp luôn dưới đó?",,,168-2024-ND-CP:d47;168-2024-ND-CP:d6;36-2024-QH15:d18
626,vi phạm tốc độ,Tình hình là em có mua lại 1 cái xe cũ. Check trên phạt nguội có thấy bị phạt tốc độ từ 2022 nhưng lần đăng kiểm gần nhất là gần cuối 2024. Giờ cũng sắp đến hạn đăng kiểm rồi. Không biết em có đi đăng kiểm được không nhỉ các cụ?,,,168-2024-ND-CP:d47;168-2024-ND-CP:d6;36-2024-QH15:d42
628,phạt nguội,"Chào các bác, Xe em đã bán tầm tháng 7/2024, xe đã công chứng mua bán và làm hồ sơ thu hồi biển số sang tên cho chủ xe mới bấm biển mới luôn rồi, vậy mà nay em đi đăng ký xe mới thì không được vì dính lỗi phạt nguội hồi tháng 5/2024. Các bác tư vấn giúp em cách xử lý với ạ.",,,168-2024-ND-CP:d32;168-2024-ND-CP:d47
629,vượt đèn đỏ,"Trên QL51 về SG, e đang đi lane sát con lươn đèn xanh, lane rẽ trái sát lane hỗn hợp là đang đèn đỏ, e đang đi lane có đèn xanh đi thẳng nhưng e lỡ rẽ trái vô khu công nghiệp, theo ae cho e hỏi: lỗi này bị dính phạt nguội là lỗi gì các ae?",,,168-2024-ND-CP:d6;36-2024-QH15:d11
630,giấy phép lái xe,"Lâu lâu em bịnh đột xuất, em có thắc mắc là phạt nguội mà lỗi giam bằng thì đâu có biết ai lái, đưa bằng cha nội ất ơ nào đó mấy năm mới đụng vô chiếc xe vô giam thế thì sao ta?",,,168-2024-ND-CP:d32;168-2024-ND-CP:d47;168-2024-ND-CP:d5
631,vi phạm tốc độ,Tình hình là mùng 1 Tết em bị chụp hình chạy quá tốc độ (68/50km) giờ giấy thông báo gửi về nhà bảo lên tận TP. Phan Thiết xử lý trong vòng 20 ngày. Em ở SG. Cho em hỏi nếu không giải quyết sau 20 ngày thì ngoài việc bị chuyển thông báo về bên đăng kiểm thì có bị phạt nặng hơn không? Phạt kiểu này ngoài đóng tiền ra có bị giam bằng không? Có cách nào đóng phạt online hoặc đi đóng phạt chỗ gần nhà không?,,,168-2024-ND-CP:d47;168-2024-ND-CP:d6
632,phạt nguội,"Chào các anh! Xe em bị dính phạt nguội thời điểm tháng 9/2022, có nhận được thông báo vi phạm gửi về đến nhà, em lên mạng tra lỗi online thì có thấy lỗi này. Đến giờ em vẫn chưa lên CSGT nhận QĐ xử phạt để đóng. Nhưng hôm nay sau đúng 1 năm, em lên mạng tra lại lần nữa thì thấy không còn lỗi phạt nguội nào. Xin hỏi các anh đã gặp trường hợp này chưa? Không biết như vậy có phải là mình được xoá lỗi sau 1 năm?",,,168-2024-ND-CP:d4;168-2024-ND-CP:d47
633,vượt đèn đỏ,"Xe em vượt đèn đỏ ở Vũng Tàu, có thông tin phạt nguội. Có bác nào đã đóng phạt online chưa và có bị giữ bằng lái không? Cảm ơn các bác.",,,168-2024-ND-CP:d47;168-2024-ND-CP:d5;168-2024-ND-CP:d6;36-2024-QH15:d11
634,vượt đèn đỏ,Chẳng là 1 giây lơ đễnh nên em bị cs vịn vì vượt đèn đỏ. Cảnh sát thu bằng 2 tháng. Các bác cho hỏi nếu để đến ngày hết hạn thu bằng đến nộp phạt thì có lấy được bằng luôn không hay bắt buộc phải đi 2 lần. Cám ơn các bác.,,,168-2024-ND-CP:d48;168-2024-ND-CP:d5;168-2024-ND-CP:d6;36-2024-QH15:d11
635,vượt đèn đỏ,"Lòng đường kẻ mũi tên đi thẳng và rẽ trái, tôi đi thẳng dừng đèn đỏ nhưng đèn đang xanh ở hướng rẽ trái. Vậy có bị phạt lỗi gì không các bác?",,,168-2024-ND-CP:d6;36-2024-QH15:d11
636,nồng độ cồn,"Xe em không lưu thông, mấy anh không có quyền kiểm tra. Em ngồi trên xe Honda chưa nổ máy thì bị cảnh sát dừng lại. Biên bản ghi: không GPLX, không GDKX, không bảo hiểm, không chấp hành kiểm tra nồng độ cồn. Vậy xe không lưu thông có bị kiểm tra không? Mức phạt là bao nhiêu? Cách khiếu nại như thế nào?",,,168-2024-ND-CP:d14;168-2024-ND-CP:d18;168-2024-ND-CP:d5;168-2024-ND-CP:d7;36-2024-QH15:d56
637,vượt đèn đỏ,"Vượt đèn đỏ để nhường đường xe ưu tiên có bị CSGT phạt nguội hay không? Khi camera giám sát giao thông ở khắp các giao lộ, nhiều người thắc mắc điều này.",,,168-2024-ND-CP:d6;36-2024-QH15:d11;36-2024-QH15:d27
638,dừng đỗ xe,Xin hỏi trường hợp ôtô đi đăng ký chưa có giấy tờ và biển số bị CSGT dừng xe có bị phạt không?,,,168-2024-ND-CP:d13;168-2024-ND-CP:d32;36-2024-QH15:d36
640,nồng độ cồn,Nồng độ cồn bao nhiêu thì bị phạt? Ăn thực phẩm lên men có bị phạt nồng độ không?,,,168-2024-ND-CP:d5;168-2024-ND-CP:d6;168-2024-ND-CP:d7;36-2024-QH15:d9
643,nồng độ cồn,"Không vi phạm, CSGT có được yêu cầu dừng xe đo nồng độ cồn không?",,,168-2024-ND-CP:d5;168-2024-ND-CP:d6;36-2024-QH15:d67;36-2024-QH15:d9
644,xử phạt vi phạm giao thông,"Yêu cầu CSGT chứng minh vi phạm mới đưa giấy tờ, đúng hay sai?",,,168-2024-ND-CP:d47;36-2024-QH15:d72
647,nồng độ cồn,Mất bao lâu để hết nồng độ cồn tránh bị phạt khi lái xe?,,,168-2024-ND-CP:d5;168-2024-ND-CP:d6;168-2024-ND-CP:d7;36-2024-QH15:d9
648,đăng ký xe,Xe máy không chính chủ thì có bị phạt hay không?,,,168-2024-ND-CP:d32;36-2024-QH15:d36
650,dừng đỗ xe,Dừng xe cách đường giao nhau bao nhiêu mét là vi phạm luật giao thông?,,,168-2024-ND-CP:d6;36-2024-QH15:d18
654,cao tốc,Ô tô chuyển làn không xi nhan trên đường cao tốc bị phạt bao nhiêu?,,,168-2024-ND-CP:d6;36-2024-QH15:d25
657,xử phạt vi phạm giao thông,Dán tem phản quang lên vành xe có vi phạm pháp luật không?,,,168-2024-ND-CP:d14;36-2024-QH15:d35
660,phạt nguội,Xe máy có bị phạt nguội không? Cách tra cứu phạt nguội trên csgt.vn như thế nào?,,,168-2024-ND-CP:d47;36-2024-QH15:d67
662,vi phạm tốc độ,Tốc độ tối đa của xe máy là bao nhiêu?,,,168-2024-ND-CP:d7;36-2024-QH15:d12
663,dừng đỗ xe,Ô tô đỗ xe bên trái đường 1 chiều phạt bao nhiêu tiền?,,,168-2024-ND-CP:d6;36-2024-QH15:d18
664,vi phạm tốc độ,Xe máy chạy quá tốc độ trên 20 km/h trừ bao nhiêu điểm bằng lái xe?,,,168-2024-ND-CP:d50;168-2024-ND-CP:d7;36-2024-QH15:d58
666,vi phạm tốc độ,Xe máy chạy quá tốc độ từ 10 km/h đến 20 km/h có bị trừ điểm bằng lái xe không?,,,168-2024-ND-CP:d50;168-2024-ND-CP:d7;36-2024-QH15:d58
667,đăng ký xe,Đi xe mượn có bị phạt không chính chủ 2026?,,,168-2024-ND-CP:d32;36-2024-QH15:d36
671,vượt đèn đỏ,Vượt đường ngang khi đèn đỏ bật sáng bị phạt bao nhiêu tiền?,,,168-2024-ND-CP:d6;168-2024-ND-CP:d7;36-2024-QH15:d11
672,phạt nguội,Tra cứu phạt nguội ô tô 2026 trên VNeTraffic thế nào?,,,168-2024-ND-CP:d47;36-2024-QH15:d67
673,dừng đỗ xe,Đỗ xe trên vỉa hè thế nào cho đúng? Đỗ xe có giới hạn thời gian không?,,,168-2024-ND-CP:d6;36-2024-QH15:d18
674,nồng độ cồn,Uống rượu đi bộ có bị phạt không 2026?,,,168-2024-ND-CP:d10;36-2024-QH15:d9
676,cao tốc,Đặt biển cảnh báo trên cao tốc như thế nào là đúng quy định?,,,168-2024-ND-CP:d6;36-2024-QH15:d25
682,vượt đèn đỏ,Đèn đỏ chữ thập có được đi không?,,,168-2024-ND-CP:d6;36-2024-QH15:d11
683,giấy phép lái xe,Bị trừ hết điểm giấy phép lái xe máy có được lái xe không?,,,168-2024-ND-CP:d18;168-2024-ND-CP:d50;36-2024-QH15:d58
688,dừng đỗ xe,Đỗ xe máy trên vỉa hè có bị phạt không 2026? Có được đỗ xe trên vỉa hè không?,,,168-2024-ND-CP:d7;36-2024-QH15:d18
691,xử phạt vi phạm giao thông,"Năm 2026, lỗi không bật đèn xi nhan khi chuyển hướng đối với xe gắn máy có mức phạt tiền bao nhiêu?",,,168-2024-ND-CP:d7;36-2024-QH15:d15
694,nồng độ cồn,Uống rượu đi xe đạp có bị phạt không 2026?,,,168-2024-ND-CP:d9;36-2024-QH15:d9
