STT,Category,Content,URL,Câu trả lời,Điều luật tham chiếu,Article_IDs
1,"Loại 6: Giải thể & Phá sản - Thủ tục, thanh toán nợ, tạm ngưng",cho mình hỏi mình nộp hồ sơ tạm ngừng kinh doanh hồ sơ đã nộp có + thông báo tạm ngừng + biên bản họp + quyết định tạm ngừng mà nhận được thông tin phản hồi cần bổ sung thêm tài liệu là cần bổ sung thêm tài liệu gì vậy mọi người,https://www.facebook.com/groups/1747996952767498/posts/1937765463790645/?__cft__[0]=AZZHMHHQdC-3JoMBhRYT2Om5rWO59J4LKKzhfUXOMnQbAUj3lKpiUHM9BS3KTA4WHuTY8D3mfiCIalTSRXUhin7RZikuW7lKGmdPnaxnEP0qGZzgZMiTdIDzQEdx0Psohd_g4ip6ahAeJPEBgmNvm5x53Ql4HhuktWmhcOYj8qB1prys5EUnz7z_oL-S0ShBti7S0zF_wJL1EdMex3LIHe5-&__tn__=%2CP-R,"Theo Điều 206 Luật Doanh nghiệp 2020, doanh nghiệp phải thông báo bằng văn bản cho Cơ quan đăng ký kinh doanh chậm nhất 03 ngày làm việc trước ngày tạm ngừng kinh doanh. Hồ sơ bạn đã nộp (Thông báo tạm ngừng + Biên bản họp + Quyết định tạm ngừng) về cơ bản là đầy đủ. Tuy nhiên, nếu bị yêu cầu bổ sung, có thể do: 1) Thông báo chưa đúng mẫu hoặc thiếu thông tin (thời gian tạm ngừng, lý do); 2) Biên bản họp thiếu chữ ký của các thành viên theo quy định điều lệ; 3) Quyết định thiếu chữ ký của người đại diện theo pháp luật hoặc không đúng thẩm quyền. Lưu ý: Trong thời gian tạm ngừng, theo khoản 3 Điều 206, doanh nghiệp vẫn phải nộp đủ số thuế, BHXH, BHYT, BHTN còn nợ và tiếp tục thanh toán các khoản nợ, hoàn thành hợp đồng đã ký (trừ khi có thỏa thuận khác).","Khoản 1 Điều 206 LDN 2020 - Thông báo tạm ngừng kinh doanh
Khoản 3 Điều 206 LDN 2020 - Nghĩa vụ trong thời gian tạm ngừng",59-2020-QH14:d206:k1;59-2020-QH14:d206:k3
2,"Loại 6: Giải thể & Phá sản - Thủ tục, thanh toán nợ, tạm ngưng","Nộp hồ sơ tạm ngừng kinh doanh có thông báo tạm ngừng, biên bản họp, quyết định tạm ngừng mà nhận được thông tin phản hồi cần bổ sung thêm tài liệu là cần bổ sung thêm tài liệu gì vậy mọi người?",https://www.facebook.com/groups/1747996952767498/posts/1937765463790645/,"Theo Điều 206 Luật Doanh nghiệp 2020 và Nghị định 01/2021, hồ sơ tạm ngừng kinh doanh cần đầy đủ: 1) Thông báo tạm ngừng kinh doanh (theo mẫu quy định); 2) Biên bản họp Hội đồng thành viên/HĐQT (nếu là công ty TNHH 2TV/CP); 3) Quyết định tạm ngừng của Hội đồng thành viên/HĐQT hoặc chủ sở hữu. Nếu bị yêu cầu bổ sung, có thể thiếu: a) Biên bản họp thiếu chữ ký đủ số thành viên theo quy định; b) Thông báo không đúng mẫu hoặc thiếu thông tin bắt buộc (thời gian tạm ngừng, lý do); c) Quyết định không có chữ ký của người đại diện theo pháp luật; d) Thiếu file đính kèm khi nộp online. Kiểm tra lại thông báo bổ sung từ Sở để biết cụ thể tài liệu cần bổ sung.","Điều 206 LDN 2020 - Tạm ngừng đình chỉ hoạt động chấm dứt kinh doanh
Nghị định 01/2021/NĐ-CP - Đăng ký doanh nghiệp",59-2020-QH14:d206
3,"Loại 3: Vốn điều lệ - Góp vốn, tăng/giảm vốn, vốn pháp định",Trường hợp đi vay để nộp đủ vốn điều lệ khi kiểm tra sau đó rút ra thì quy định xử lý như thế nào ạ?,https://www.facebook.com/groups/771779662967885/posts/4147392628739888/,"Theo Điều 16 khoản 5 Luật Doanh nghiệp 2020, hành vi 'kê khai khống vốn điều lệ, không góp đủ số vốn điều lệ như đã đăng ký' là hành vi bị nghiêm cấm. Việc vay tiền để góp vốn sau đó rút ra ngay được coi là kê khai khống vốn điều lệ. Hậu quả pháp lý: 1) Bị xử phạt vi phạm hành chính theo quy định của pháp luật; 2) Trách nhiệm liên đới: Theo Điều 47 khoản 4 (đối với công ty TNHH), thành viên chưa góp đủ vốn phải chịu trách nhiệm tương ứng với phần vốn cam kết góp về các nghĩa vụ tài chính phát sinh; 3) Có thể bị truy cứu trách nhiệm hình sự về tội lừa dối khách hàng nếu gây thiệt hại nghiêm trọng.","Điều 16 LDN 2020 - Các hành vi bị nghiêm cấm (khoản 5)
Điều 47 LDN 2020 - Góp vốn thành lập công ty",59-2020-QH14:d16:k5;59-2020-QH14:d47
4,"Loại 6: Giải thể & Phá sản - Thủ tục, thanh toán nợ, tạm ngưng","Cần đóng cty không hoạt động, cho hỏi thủ tục và chi phí như thế nào vậy ạ?",https://www.facebook.com/groups/771779662967885/posts/4128828233929661/,"Theo Điều 207-210 Luật Doanh nghiệp 2020 về giải thể doanh nghiệp, có 2 hình thức chấm dứt hoạt động: 1) GIẢI THỂ TỰ NGUYỆN (Điều 207): Nếu công ty bảo đảm thanh toán hết nợ. Trình tự: Thông qua nghị quyết giải thể → Gửi đến CQĐKKD và cơ quan thuế trong 07 ngày → Thanh toán nợ theo thứ tự (lương NLĐ > thuế > nợ khác) → Nộp hồ sơ giải thể trong 05 ngày sau khi thanh toán hết nợ. Chi phí: Miễn phí lệ phí nhà nước, nhưng có thể phát sinh phí dịch vụ nếu thuê bên thứ ba làm. 2) ĐÓNG CỬA DO BỊ THU HỒI GCNĐKDN (Điều 212): Nếu công ty không hoạt động quá 12 tháng và không thông báo. Hồ sơ giải thể: Thông báo giải thể + Báo cáo thanh lý tài sản. Lưu ý: Cần quyết toán thuế và xin xác nhận từ cơ quan thuế.","Điều 207 LDN 2020 - Các trường hợp và điều kiện giải thể
Điều 208 LDN 2020 - Trình tự thủ tục giải thể
Điều 210 LDN 2020 - Hồ sơ giải thể doanh nghiệp
Điều 212 LDN 2020 - Thu hồi Giấy CNĐKDN",59-2020-QH14:d207;59-2020-QH14:d208;59-2020-QH14:d210;59-2020-QH14:d212
5,"Loại 6: Giải thể & Phá sản - Thủ tục, thanh toán nợ, tạm ngưng",Công ty bị Sở thu hồi giấy phép do vi phạm pháp luật thì bây giờ cần làm gì để công ty có giấy phép hoạt động tiếp ạ?,https://www.facebook.com/groups/771779662967885/posts/4130960683716416/,"Theo Điều 212, 213 Luật Doanh nghiệp 2020 về thu hồi Giấy chứng nhận đăng ký doanh nghiệp, khi công ty bị thu hồi GCNĐKDN do vi phạm pháp luật thì: 1) Công ty KHÔNG thể tiếp tục hoạt động với GCNĐKDN cũ; 2) Sau khi bị thu hồi, công ty phải thực hiện thủ tục giải thể theo Điều 207-210; 3) Nếu muốn kinh doanh tiếp, phải thành lập doanh nghiệp MỚI với hồ sơ đăng ký mới. Lưu ý quan trọng: Theo Điều 17 khoản 2, người bị Tòa án cấm đảm nhiệm chức vụ, cấm hành nghề thì không được thành lập và quản lý doanh nghiệp. Nếu vi phạm thuộc loại bị xử lý hình sự hoặc cấm hoạt động, cần xem xét kỹ tình trạng pháp lý của người đại diện trước khi thành lập doanh nghiệp mới. Khuyến nghị: Tham vấn luật sư về hậu quả pháp lý cụ thể.","Điều 212 213 LDN 2020 - Thu hồi Giấy CNĐKDN
Điều 17 LDN 2020 - Quyền thành lập doanh nghiệp
Điều 207-210 LDN 2020 - Giải thể doanh nghiệp",59-2020-QH14:d212;59-2020-QH14:d17;59-2020-QH14:d207;59-2020-QH14:d208;59-2020-QH14:d209;59-2020-QH14:d210
6,"Loại 3: Vốn điều lệ - Góp vốn, tăng/giảm vốn, vốn pháp định",CTY CỔ PHẦN tăng vốn cũng phải nộp báo cáo tiến độ góp vốn à anh chị? Báo cáo tiến độ góp vốn này là sẽ ghi hết tất tần tật quá trình từ khi công ty thành lập chuyển nhượng ai hết à? Góp vốn lần nào góp lần đấy luôn có kéo dài đâu mà phải có báo cáo này nhỉ?,https://www.facebook.com/groups/771779662967885/posts/4127680854044399/,"Theo Điều 123 Luật Doanh nghiệp 2020 về góp vốn cổ phần và Nghị định 01/2021, khi công ty cổ phần tăng vốn điều lệ, cần nộp báo cáo tiến độ góp vốn trong một số trường hợp: 1) Nếu tăng vốn bằng phát hành cổ phần và cổ đông chưa thanh toán đủ ngay, phải báo cáo tiến độ góp vốn sau 90 ngày kể từ ngày được cấp GCNĐKDN; 2) Nội dung báo cáo tiến độ: Họ tên cổ đông, số cổ phần đã góp, loại tài sản góp, thời điểm góp; 3) Không cần ghi toàn bộ lịch sử từ khi thành lập, chỉ báo cáo cho đợt góp vốn tăng vốn lần này. Thực tế: Nếu cổ đông góp đủ vốn ngay tại thời điểm tăng vốn và có chứng từ thanh toán đầy đủ, một số Sở không yêu cầu báo cáo tiến độ riêng mà chấp nhận chứng từ góp vốn đính kèm hồ sơ tăng vốn.","Điều 123 LDN 2020 - Góp vốn cổ phần
Nghị định 01/2021/NĐ-CP - Đăng ký doanh nghiệp",59-2020-QH14:d123
7,"Loại 9: Chuyển nhượng vốn/cổ phần - Mua bán, thừa kế",Cho mình hỏi bên mình có mua lại công ty tnhh 2 thành viên vào năm 2022 đã hợp đồng chuyển nhượng và xong hết thủ tục đăng ký kinh doanh rồi ạ nhưng có 1 phát sinh là công ty này có nợ 1 bên khác 1 tỷ vào năm 2020 và đang thi hành án để trả nợ và khi mua bên công ty mình đã ký cam kết nếu có nợ trước thời gian công ty e mua thì công ty em có phải trả thay không ạ,https://www.facebook.com/groups/865594699069452/posts/911373037824951/?__cft__[0]=AZbGPXFd4Xjt2HQxw4-HgKDhyZCr7kfCMNv856gCXrastSoaxA1WizTiMcR9hz5E6vH138vfF2kCqE3xru8X4pOmug13WhBfs0KSQGnLfq_ZnMkMc3BJHnZRawp9N8SYaE6_5kQfAKNTkx4-UH5aUwACobL8fbnO1D26TiMlsTgL0bsxKmJjV7WEwqVs9Jdte7w&__tn__=%2CP-R,"Theo Luật Doanh nghiệp 2020, khi chuyển nhượng phần vốn góp/mua lại công ty, công ty vẫn là một pháp nhân độc lập và các khoản nợ của công ty thuộc nghĩa vụ của công ty đó, không phải của thành viên mới (Điều 50 khoản 1). Tuy nhiên, nếu bên bán (thành viên cũ) đã cam kết chịu trách nhiệm về các khoản nợ phát sinh trước thời điểm chuyển nhượng, thì bạn có thể yêu cầu bên bán thực hiện cam kết theo hợp đồng. Trong trường hợp thi hành án, cơ quan thi hành án sẽ thi hành đối với tài sản của công ty. Bạn nên: 1) Xem lại hợp đồng chuyển nhượng và các cam kết; 2) Liên hệ bên bán để yêu cầu thực hiện cam kết; 3) Nếu bên bán không thực hiện, công ty vẫn phải trả nợ từ tài sản của công ty.","Điều 50 LDN 2020 - Nghĩa vụ của thành viên Hội đồng thành viên
Điều 52 LDN 2020 - Chuyển nhượng phần vốn góp
Điều 46 LDN 2020 - Công ty TNHH 2 thành viên trở lên",59-2020-QH14:d50;59-2020-QH14:d52;59-2020-QH14:d46
8,"Loại 9: Chuyển nhượng vốn/cổ phần - Mua bán, định giá, thủ tục","Dạ mn tư vấn giúp mình trong trường hợp này với ạ:Năm 2024 mình có góp vốn vào công ty hợp danh căn nhà trị giá 1 tỷ đồng dưới hình thức thành viên góp vốn. Hiện tại, giá trị căn nhà lên 1,5 tỷ, mình muốn rút lại căn nhà có được không và được thực hiện bằng cách nào.",https://www.facebook.com/groups/865594699069452/posts/983966600565594/?__cft__[0]=AZb4Hreg8gb75mIm7f9DHWkaq3kUaaMkeckHfDgCMXDX0GOWQKxFRI43kamXttXfnTL6CdsF5bGDU6HVdZtt71AR1Nd53TYZBCE1oKn6LvxGzNt0-jYGffo1bQukHmMcH1TbI79ldfk1IpoCjA5ttUpuN9peK3pYjGu9xRFK2h5iTWqyZGqJg4NfXsLQkyiX3Gav1QJSI73bxP6uUqseQ3Mr&__tn__=%2CP-R,"Theo Điều 178 và 186 Luật Doanh nghiệp 2020 về công ty hợp danh: 1) Thành viên góp vốn không được rút vốn ra khỏi công ty dưới mọi hình thức, trừ khi chuyển nhượng phần vốn góp cho người khác theo Điều 186; 2) Thành viên góp vốn có thể chuyển nhượng phần vốn góp của mình cho thành viên khác hoặc người không phải thành viên với sự đồng ý của tất cả thành viên hợp danh. Vì căn nhà đã được định giá 1 tỷ khi góp vốn, nếu giá trị tăng lên 1,5 tỷ, bạn có thể: a) Chuyển nhượng phần vốn góp 1 tỷ cho người khác với giá thỏa thuận; b) Công ty mua lại phần vốn góp (nếu có quyết định của tất cả thành viên hợp danh). Bạn không thể trực tiếp rút căn nhà ra vì tài sản đã được định giá và góp vào công ty.","Điều 178 LDN 2020 - Quyền và nghĩa vụ của thành viên góp vốn
Điều 186 LDN 2020 - Chuyển nhượng phần vốn góp của thành viên góp vốn
Điều 180 LDN 2020 - Tài sản góp vốn",59-2020-QH14:d178;59-2020-QH14:d186;59-2020-QH14:d180
9,"Loại 6: Giải thể & Phá sản - Thủ tục, thanh toán nợ, tạm ngưng","Tại HN nộp hồ sơ giải thể công ty ở địa chỉ nào vậy các bác ?
Tại HN nộp hồ sơ giải thể công ty ở địa chỉ nào vậy các bác ?",https://www.facebook.com/groups/1747996952767498/posts/1948393609394497/?__cft__[0]=AZZpX3MLb8nZgjVHFeTMv-DRnrkvovB1l814_p3qWICR9M6k2K7IVgxIi7tXmF-pjy_YnF1SeZ8lMO8F_43l-qMFBtgb5v4UcNSRaKfICFpH0Wt77QMGVhP16iRVcmzUlk-ie0iQ_JkEAeg_3dvloU6gJ97tn6JpvHcR5hBo-mNS8EKuOkhPFFnx2pTmANnfGiFKeiSi0qT3vrIVEM0D3u0X&__tn__=%2CP-R,"Theo Luật Doanh nghiệp 2020, hồ sơ giải thể doanh nghiệp được gửi đến Cơ quan đăng ký kinh doanh. Tại Hà Nội, bạn nộp hồ sơ giải thể tại Phòng Đăng ký kinh doanh - Sở Kế hoạch và Đầu tư thành phố Hà Nội (địa chỉ: Tầng 15, Tháp B, Tòa nhà Sông Đà, Phạm Hùng, Nam Từ Liêm, Hà Nội) hoặc nộp trực tuyến qua Cổng thông tin quốc gia về đăng ký doanh nghiệp (dangkykinhdoanh.gov.vn). Trong thời hạn 07 ngày làm việc kể từ ngày thông qua nghị quyết/quyết định giải thể, phải gửi đến Cơ quan đăng ký kinh doanh và cơ quan thuế.","Điều 208 Luật Doanh nghiệp 2020 - Trình tự, thủ tục giải thể doanh nghiệp
Điều 210 Luật Doanh nghiệp 2020 - Hồ sơ giải thể doanh nghiệp",59-2020-QH14:d208;59-2020-QH14:d210
10,"Loại 6: Giải thể & Phá sản - Thủ tục, thanh toán nợ, tạm ngưng",Giờ làm tạm ngừng có được ko ạ ac?,https://www.facebook.com/groups/1747996952767498/posts/1948232969410561/?__cft__[0]=AZZ7b99d5-J404zDnvl2YB9Aohen6iA3v8BEeA1taRZIsEl0iILI9SbHwk-N7gs9R60-WX7-BGN4Atvihr5-iotXZVoa5KlAayFh4MPoABPqy8lHWBkZ57GvD4G3z9w9OEG-zdYpqN65-xd9dX_3yq88Ldn_Wix_kfpb8IPKy6EAaB3eWrCDRSpsCI5HCnsONp8&__tn__=%2CP-R,"Có thể làm tạm ngừng kinh doanh bất kỳ lúc nào. Theo Điều 206 Luật Doanh nghiệp 2020, doanh nghiệp phải thông báo bằng văn bản cho Cơ quan đăng ký kinh doanh chậm nhất là 03 ngày làm việc trước ngày tạm ngừng kinh doanh. Bạn có thể nộp hồ sơ trực tuyến qua Cổng thông tin quốc gia về đăng ký doanh nghiệp. Lưu ý: Trong thời gian tạm ngừng, doanh nghiệp vẫn phải nộp đủ số thuế còn nợ, bảo hiểm xã hội, bảo hiểm y tế, bảo hiểm thất nghiệp còn nợ; tiếp tục thanh toán các khoản nợ và hoàn thành việc thực hiện hợp đồng đã ký.","Điều 206 Luật Doanh nghiệp 2020 - Tạm ngừng, đình chỉ hoạt động, chấm dứt kinh doanh",59-2020-QH14:d206
11,"Loại 6: Giải thể & Phá sản - Thủ tục, thanh toán nợ, tạm ngưng","Sau khi nhận được thông báo giải thể ở sở kế hoạch có cần phải đến thuế xử lý gì nưaz không các bạn
Sau khi nhận được thông báo giải thể ở sở kế hoạch có cần phải đến thuế xử lý gì nưaz không các bạn",https://www.facebook.com/groups/1747996952767498/posts/1943961299837728/?__cft__[0]=AZazgskoH82oEQi2E8wIbliWIJtQ4hxZMPX8F1oS_NuGp4K7ZzdduV5R7HWTsgD34qKjMUuD6Y2hCGxP0e2Ub8S-uAb0FXNcBACPr2g3Ao0Azu3oy8Kt5FXzjlF_sGhJlRI-jvoZmWoza2MhJ1m09zxf50jBIpG7MTeIrvQ34vafLlOyKtlep3VNhvIrbzA3cA4&__tn__=%2CP-R,"Có, bạn cần hoàn tất nghĩa vụ thuế. Theo Điều 208 Luật Doanh nghiệp 2020, nghị quyết/quyết định giải thể phải được gửi đến cả Cơ quan đăng ký kinh doanh và cơ quan thuế. Các khoản nợ thuế được ưu tiên thanh toán sau khoản nợ lương và quyền lợi người lao động (khoản 5 Điều 208). Hồ sơ giải thể phải bao gồm báo cáo thanh lý tài sản, danh sách chủ nợ và số nợ đã thanh toán, bao gồm thanh toán hết các khoản nợ về thuế (Điều 210). Bạn cần làm thủ tục chấm dứt hiệu lực mã số thuế với cơ quan thuế.","Điều 208 Luật Doanh nghiệp 2020 - Trình tự, thủ tục giải thể doanh nghiệp (khoản 3, khoản 5)
Điều 210 Luật Doanh nghiệp 2020 - Hồ sơ giải thể doanh nghiệp",59-2020-QH14:d208;59-2020-QH14:d210
12,"Loại 6: Giải thể & Phá sản - Thủ tục, thanh toán nợ, tạm ngưng","Công ty e thành lập tháng 8/2025 nhưng chưa phát sinh doanh thu, hóa đơn, chi phí. Bây giờ muốn giải thể thì cần làm những bước nào và hồ sơ cần những gì ạ. Công ty e là công ty tnhh 2 thành viên ạ. E mới và yếu về thủ tục này nên mong nhận được tư vấn hỗ trợ từ ac ạ. E cảm ơn.",https://www.facebook.com/groups/1747996952767498/posts/1940619966838528/?__cft__[0]=AZZrWNCu05Q9nRW1Hr5XplX7x8m7OjaB-wR47ynF-dRdlV_zb_eIANao2cNWX7PB0BLiB2gyxNgBoBxJiB5UPoN7S3QOYsAOKKT0MhVQctgeWJM6k977mR_PQ6MIYmjk_SYxe4rk9AG6tD4cb26byl4MxfmwmP_YXf9EV4olgcak2VAsEa9Ny0utU5IfQIUiho4&__tn__=%2CP-R,"Với công ty TNHH 2 thành viên chưa phát sinh hoạt động, các bước giải thể theo Điều 208 Luật Doanh nghiệp 2020 gồm: 1) Hội đồng thành viên họp và thông qua nghị quyết giải thể (gồm: tên, địa chỉ công ty; lý do giải thể; thời hạn thanh lý; phương án xử lý nghĩa vụ với người lao động; chữ ký Chủ tịch HĐTV); 2) Trong 07 ngày làm việc gửi nghị quyết đến Cơ quan đăng ký kinh doanh, cơ quan thuế; 3) Hoàn tất nghĩa vụ thuế và xin xác nhận từ cơ quan thuế; 4) Gửi hồ sơ giải thể gồm: Thông báo giải thể và Báo cáo thanh lý tài sản đến Cơ quan đăng ký kinh doanh trong 05 ngày làm việc sau khi thanh toán hết nợ.","Điều 207 Luật Doanh nghiệp 2020 - Các trường hợp và điều kiện giải thể doanh nghiệp
Điều 208 Luật Doanh nghiệp 2020 - Trình tự, thủ tục giải thể doanh nghiệp
Điều 210 Luật Doanh nghiệp 2020 - Hồ sơ giải thể doanh nghiệp",59-2020-QH14:d207;59-2020-QH14:d208;59-2020-QH14:d210
13,"Loại 6: Giải thể & Phá sản - Thủ tục, thanh toán nợ, tạm ngưng",Công ty e thành lập 2023 nhưng chưa phát sinh DT gì cả. Bây giờ muốn giải thể cty. Ac cho e hỏi chút e cần làm những bước gì ạ. Em cảm ơn ạ,https://www.facebook.com/groups/1747996952767498/posts/1940008293566362/?__cft__[0]=AZZhySvNX4mbTQIwRZ3jL-8io8jR8fby-vMVSA5xUP2NmiuHtaX2RFibzc2gUbwa31ywVWusFkwUvOg8FdqBUAJQW2JCWbstCmYAr70EJpy4hT2SBu28g92t8fgqmXANHfAGyfescooxxEsJr7JvVT40tF1R4jo1-KJw3HDfwErtCRsLzMHlV1GNu-s6C7_LT5w&__tn__=%2CP-R,"Các bước giải thể theo Điều 208 Luật Doanh nghiệp 2020: 1) Thông qua nghị quyết/quyết định giải thể (nội dung: tên, địa chỉ công ty; lý do giải thể; thời hạn, thủ tục thanh lý; phương án xử lý nghĩa vụ từ hợp đồng lao động); 2) Trong 07 ngày làm việc gửi nghị quyết đến Cơ quan đăng ký kinh doanh, cơ quan thuế, người lao động, đăng trên Cổng thông tin quốc gia về đăng ký doanh nghiệp; 3) Thanh toán các khoản nợ theo thứ tự: nợ lương người lao động, nợ thuế, các khoản nợ khác; 4) Trong 05 ngày làm việc sau khi thanh toán hết nợ, gửi hồ sơ giải thể (Thông báo giải thể + Báo cáo thanh lý tài sản) đến Cơ quan đăng ký kinh doanh.","Điều 207 Luật Doanh nghiệp 2020 - Các trường hợp và điều kiện giải thể doanh nghiệp
Điều 208 Luật Doanh nghiệp 2020 - Trình tự, thủ tục giải thể doanh nghiệp
Điều 210 Luật Doanh nghiệp 2020 - Hồ sơ giải thể doanh nghiệp",59-2020-QH14:d207;59-2020-QH14:d208;59-2020-QH14:d210
14,"Loại 6: Giải thể & Phá sản - Thủ tục, thanh toán nợ, tạm ngưng",mọi người cho em hỏi chút là em làm hs tạm ngừng kd và đã nhận đc kết quả là xác nhận rồi. giờ em cần làm gì nữa ko ạ?,https://www.facebook.com/groups/1747996952767498/posts/1929678971265961/?__cft__[0]=AZaZmbtzGD1_hhCA4xOrwCZrhR-YhnqS9GzlCR5dJdLO3Ufw23bgMgxhxZ5_NJeE5gXJvY0a1v6ZnE5ZfCmK1TYqxNhmLiu_lCjP_F7Nqjx-av9dRSkzpvRo51X-OKW6k81lRP1wJvT8P7rLN3JxEYTN5m7n7lXqQlJoh4ExXXy5RNfllLVrVxOnPR42KaziObg&__tn__=%2CP-R,"Sau khi nhận được xác nhận tạm ngừng kinh doanh từ Cơ quan đăng ký kinh doanh, theo Điều 206 khoản 3 Luật Doanh nghiệp 2020, trong thời gian tạm ngừng bạn vẫn cần: 1) Nộp đủ số thuế còn nợ, bảo hiểm xã hội, bảo hiểm y tế, bảo hiểm thất nghiệp còn nợ; 2) Tiếp tục thanh toán các khoản nợ (trừ khi có thỏa thuận khác với chủ nợ); 3) Hoàn thành việc thực hiện hợp đồng đã ký với khách hàng và người lao động (trừ khi có thỏa thuận khác). Ngoài ra, bạn nên thông báo với cơ quan thuế về việc tạm ngừng để được hướng dẫn về nghĩa vụ kê khai thuế trong thời gian tạm ngừng.","Điều 206 Luật Doanh nghiệp 2020 - Tạm ngừng, đình chỉ hoạt động, chấm dứt kinh doanh (khoản 3)",59-2020-QH14:d206:k3
15,"Loại 6: Giải thể & Phá sản - Thủ tục, thanh toán nợ, tạm ngưng",Cả nhà mình ai làm giải thể trung tâm ngoại ngữ rồi cho mình hỏi nhờ với. Có cảm ơn ạ.,https://www.facebook.com/groups/1747996952767498/posts/1933793247521200/?__cft__[0]=AZYBJlzWdTbC_dOk0vhsIuFTkiDMb8wHz_kfFgNzNAgSK1oA_tr6R-LFX1YZyXt_28I-pJfCbFGiz_PGXyDgG9_VhmCPF3e_KiU59AO1-OQKAX_N0FNyRG6pPs8IRFqcsg6YnmsAf7VZ0tMZSWTnP1sMGbIyE9yZGVHJQIrtxnww0pq9S4NX8jCuhmVyD28e92o&__tn__=%2CP-R,"Việc giải thể trung tâm ngoại ngữ (nếu là loại hình doanh nghiệp) tuân theo quy định giải thể tại Điều 207, 208, 210 Luật Doanh nghiệp 2020. Tuy nhiên, do trung tâm ngoại ngữ thuộc lĩnh vực giáo dục có quy định đặc thù, theo Điều 3 Luật Doanh nghiệp 2020: 'Trường hợp luật khác có quy định đặc thù về việc thành lập, tổ chức quản lý, tổ chức lại, giải thể... thì áp dụng quy định của luật đó'. Do đó, bạn cần thực hiện thêm các thủ tục với cơ quan quản lý giáo dục (Sở Giáo dục và Đào tạo) về việc chấm dứt hoạt động giáo dục trước khi làm thủ tục giải thể doanh nghiệp.","Điều 3 Luật Doanh nghiệp 2020 - Áp dụng Luật Doanh nghiệp và luật khác
Điều 207, 208, 210 Luật Doanh nghiệp 2020 - Giải thể doanh nghiệp",59-2020-QH14:d3;59-2020-QH14:d207;59-2020-QH14:d208;59-2020-QH14:d210
16,"Loại 6: Giải thể & Phá sản - Thủ tục, thanh toán nợ, tạm ngưng","Ac cho e hỏi chút, công ty em đang tạm ngưng hoạt động nên ko định danh được. Ko có tài khoản vnied của công ty nên ko nộp hs tạm ngưng hoạt động trên trang dangkykinhdoanh được. Bây giờ có cách nào để làm tạm ngưng hoạt động dc ko ạ",https://www.facebook.com/groups/1747996952767498/posts/1928668604700331/?__cft__[0]=AZbOEm1q59zzopMWZSr9ZZUbQhhy1U_mzrWlrAWixsnjJWaq4nzs9X5h38VlbVxCHqgywDTqDkjEcMR4wS9qL_w6VK_F9wWqNHV8YLVpYiFtMYg_4JIJi4CZFQqW4EBssw4cwK-aMdDfBG-fAW58oWn6wBA7iw4tf-RsOdv314g7qRpmXkSXaFIMJr36_EmuXQc&__tn__=%2CP-R,"Theo Điều 206 Luật Doanh nghiệp 2020, doanh nghiệp phải thông báo bằng văn bản cho Cơ quan đăng ký kinh doanh chậm nhất 03 ngày làm việc trước ngày tạm ngừng. Trong trường hợp không thể nộp hồ sơ trực tuyến do chưa định danh, bạn có thể: 1) Nộp hồ sơ trực tiếp tại Phòng Đăng ký kinh doanh - Sở Kế hoạch và Đầu tư hoặc qua đường bưu điện; 2) Liên hệ Phòng Đăng ký kinh doanh để được hướng dẫn cụ thể về cách định danh doanh nghiệp hoặc ủy quyền người đại diện theo pháp luật thực hiện định danh. Hồ sơ bao gồm: Thông báo tạm ngừng kinh doanh và các giấy tờ kèm theo theo quy định.","Điều 206 Luật Doanh nghiệp 2020 - Tạm ngừng, đình chỉ hoạt động, chấm dứt kinh doanh (khoản 1)",59-2020-QH14:d206:k1
17,"Loại 6: Giải thể & Phá sản - Thủ tục, thanh toán nợ, tạm ngưng",Cho mình hỏi thủ tục tam ngừng doanh nghiệp mới nhất 2025 ạ!,https://www.facebook.com/groups/1747996952767498/posts/1904980853735773/?__cft__[0]=AZbRBpslJPeDD7NjDP6SBlXR9BsOK69Vleb12BJyk4vg_Lv9QUIEDDqH4geX1BniLFM9c-5cr5nESRYYz6OmiJRWSzehaAIPCJeqr3ntBQM5Djg4qh31Fbcalbe0sbmNmP7Imxj8F00_LqWr3ahdEVnVE4-UJteDVoSskD92wmeZ_GE3wKfnfkVeJEJ8ZB4kgE8xwvjCn3whMx06f7rAX_dt&__tn__=%2CP-R,"Thủ tục tạm ngừng kinh doanh theo Điều 206 Luật Doanh nghiệp 2020: 1) Doanh nghiệp thông báo bằng văn bản cho Cơ quan đăng ký kinh doanh chậm nhất 03 ngày làm việc trước ngày tạm ngừng; 2) Nộp hồ sơ trực tuyến qua Cổng thông tin quốc gia về đăng ký doanh nghiệp (dangkykinhdoanh.gov.vn) hoặc nộp trực tiếp tại Phòng Đăng ký kinh doanh - Sở KH&ĐT; 3) Hồ sơ gồm: Thông báo tạm ngừng kinh doanh (có chữ ký người đại diện theo pháp luật). Lưu ý: Trong thời gian tạm ngừng, doanh nghiệp vẫn phải nộp đủ thuế, BHXH, BHYT, BHTN còn nợ; tiếp tục thanh toán các khoản nợ và hoàn thành hợp đồng đã ký (trừ khi có thỏa thuận khác).","Điều 206 Luật Doanh nghiệp 2020 - Tạm ngừng, đình chỉ hoạt động, chấm dứt kinh doanh",59-2020-QH14:d206
18,"Loại 6: Giải thể & Phá sản - Thủ tục, thanh toán nợ, tạm ngưng",Em cần tư vấn giải thể doanh nghiệp tại Bắc Giang,https://www.facebook.com/groups/1747996952767498/posts/1921315285435663/?__cft__[0]=AZa2aBsThEAZqzFFPE3tO68TqwG-BKFF5Yh5bTHf4h1eAOAgSIWEvM6VDSjtCM_BpVoC_ofp77sQzWXIkvTEroueWvgDft-1MnxFYR4RQ-5CJi6yzk3QWnInn95KsRqFuByNfDOwVXDD_RHMRSKNr6n5Yrfhhq4WsuQwV3t5vvyF7xVEfYsEB8eR1cRYUOVraf6BSJlW7IgTX6ZGFXF1PeuW&__tn__=%2CP-R,"Giải thể doanh nghiệp tại Bắc Giang tuân theo Điều 207, 208, 210 Luật Doanh nghiệp 2020. Điều kiện giải thể (Điều 207): Doanh nghiệp chỉ được giải thể khi bảo đảm thanh toán hết các khoản nợ, nghĩa vụ tài sản khác và không trong quá trình giải quyết tranh chấp tại Tòa án/Trọng tài. Trình tự (Điều 208): 1) Thông qua nghị quyết giải thể; 2) Trong 07 ngày gửi đến Cơ quan đăng ký kinh doanh (Sở KH&ĐT Bắc Giang), cơ quan thuế, người lao động; 3) Thanh toán nợ theo thứ tự: lương NLĐ, nợ thuế, nợ khác; 4) Gửi hồ sơ giải thể trong 05 ngày sau khi thanh toán hết nợ. Hồ sơ (Điều 210): Thông báo giải thể + Báo cáo thanh lý tài sản.","Điều 207 Luật Doanh nghiệp 2020 - Các trường hợp và điều kiện giải thể doanh nghiệp
Điều 208 Luật Doanh nghiệp 2020 - Trình tự, thủ tục giải thể doanh nghiệp
Điều 210 Luật Doanh nghiệp 2020 - Hồ sơ giải thể doanh nghiệp",59-2020-QH14:d207;59-2020-QH14:d208;59-2020-QH14:d210
19,"Loại 6: Giải thể & Phá sản - Thủ tục, thanh toán nợ, tạm ngưng","Năm 2024 DN đã đăng ký thủ tục giải thể đóng MST tại tỉnh Quảng Nam , đã làm xong tất cả các bước thủ tục nhưng bên TT hành chính công chưa chuyển qua cơ quan thuế để đóng MST nay thuế đt xuống yêu cầu làm thủ tục đóng MST nhưng thực tế khi làm việc với TTHCC tỉnh Quảng Nam năm 2024 bảo DN mình đã xong các thủ tục. Hôm nay CQT đt cũng đã trao đổi thì bảo là lỗi do TTHCC bây giờ tôi phải liên hệ ai để được hỗ trợ việc này",https://www.facebook.com/groups/1747996952767498/posts/1921247722109086/?__cft__[0]=AZYJbX4FbBmQCNJl7ex4k1wa6NtD3REaxmUzBlAhr_PTkX0RkJB3Mb1SFKkd-3e7i7gjl1GhNvTGovV3JXDv6_hXsdhhHHv6RuzZ53lQKTVMB21XqAmBDE-69VSu2mVhzqWpFLLIew4Ox6qwxJQeGxlL56SX_-JAU67Sym1VQO9hjJhxsDUWuzK4-dJUrVhHyT0&__tn__=%2CP-R,"Theo Điều 208 khoản 3 Luật Doanh nghiệp 2020, nghị quyết/quyết định giải thể phải được gửi đến cả Cơ quan đăng ký kinh doanh và cơ quan thuế trong 07 ngày làm việc. Nếu TTHCC Quảng Nam đã xác nhận hoàn tất thủ tục nhưng chưa chuyển sang cơ quan thuế, bạn nên: 1) Liên hệ trực tiếp với Phòng Đăng ký kinh doanh - Sở KH&ĐT Quảng Nam để yêu cầu xác nhận và phối hợp chuyển hồ sơ; 2) Liên hệ với Chi cục Thuế quản lý để cung cấp bản sao hồ sơ giải thể đã nộp tại TTHCC; 3) Gửi văn bản khiếu nại đến TTHCC và Sở KH&ĐT Quảng Nam yêu cầu giải quyết. Theo Điều 210, hồ sơ giải thể cần có: Thông báo giải thể và Báo cáo thanh lý tài sản (bao gồm thanh toán hết các khoản nợ thuế). Bạn cần lưu giữ các chứng từ đã nộp hồ sơ tại TTHCC làm bằng chứng.","Điều 208 Luật Doanh nghiệp 2020 - Trình tự thủ tục giải thể doanh nghiệp (khoản 3 7)
Điều 210 Luật Doanh nghiệp 2020 - Hồ sơ giải thể doanh nghiệp",59-2020-QH14:d208;59-2020-QH14:d210
20,"Loại 6: Giải thể & Phá sản - Thủ tục, thanh toán nợ, tạm ngưng","Anh chị cho em hỏi chút, Em làm giải thể doanh nghiệp có giấy xác nhận của cơ quan thuế. giờ phải làm gì tiếp vậy ạ ?",https://www.facebook.com/groups/1747996952767498/posts/1915377569362768/?__cft__[0]=AZahctDS79rGwu2PtcG2XFOxdUG8mxrUkup-ooEtDsJmf8mXmjnGCWLSiuf8UmIwoZfXo9w3ZvSkzaZcj-WDOfU388gmxxOlDrd8uvHGRGd47_jkHaqBOXyzSEZF-XSbwMjuJaHFVzqNnzwiomxrAtSY3v6oKFzbwt89WPirBSMhkcCHbgID4PyeuTMiIBCv0fvGYw62nMFgp920Of_6B9x9&__tn__=%2CP-R,"Sau khi có giấy xác nhận của cơ quan thuế về việc hoàn tất nghĩa vụ thuế, theo Điều 208 khoản 7 Luật Doanh nghiệp 2020, bạn cần: 1) Gửi hồ sơ giải thể doanh nghiệp cho Cơ quan đăng ký kinh doanh (Sở KH&ĐT) trong thời hạn 05 ngày làm việc kể từ ngày thanh toán hết các khoản nợ của doanh nghiệp. 2) Hồ sơ giải thể theo Điều 210 gồm: a) Thông báo về giải thể doanh nghiệp; b) Báo cáo thanh lý tài sản doanh nghiệp; danh sách chủ nợ và số nợ đã thanh toán, gồm cả thanh toán hết các khoản nợ về thuế và nợ tiền đóng BHXH, BHYT, BHTN cho người lao động. 3) Sau khi nộp hồ sơ, Cơ quan đăng ký kinh doanh sẽ cập nhật tình trạng pháp lý của doanh nghiệp trên Cơ sở dữ liệu quốc gia về đăng ký doanh nghiệp trong 05 ngày làm việc kể từ ngày nhận hồ sơ giải thể.","Điều 208 Luật Doanh nghiệp 2020 - Trình tự thủ tục giải thể doanh nghiệp (khoản 7 8)
Điều 210 Luật Doanh nghiệp 2020 - Hồ sơ giải thể doanh nghiệp",59-2020-QH14:d208;59-2020-QH14:d210
21,"Loại 6: Giải thể & Phá sản - Thủ tục, thanh toán nợ, tạm ngưng","Xin chào A/C. Cho mình hỏi có ai đã có kinh nghiệm là hồ sơ giải thể tại Đội Thuế Q1 TPHCM chưa ạ?
HS giải thể của công ty mình được Phòng đăng ký kinh doanh TPHCM chấp thuận vào tháng 7.2025.
Đồng thời trước đó cũng gửi HS chấm dứt MST qua cho Thuế Q1.
Sau đó thì có cán bộ liên hệ qua email yêu cầu gửi thêm các thông tin như là QTTNND, báo cáo hóa đơn các năm từ lúc thành lập....
Đến nay mình email hỏi lại thì các bộ thuế báo là hồ sơ giải thể của công ty đã chuyển qua cho cán bộ khác xử lý (hiện chư có thông tin cán bộ nào). Khi có thông tin cán bộ tiếp nhận thì sẽ thông báo lại.
Tổng thời giản từ lúc nộp các hồ sơ là từ tháng 6 đến giờ gần hết tháng 10 nhưng vẫn chưa xong.
Không biết ai có kinh nghiệm làm vấn đề này ở Quận 1 TPHCM có thể chia sẻ cho mình biết là các bước tiếp theo sẽ thế nào và chơ thêm tầm bao lâu không ạ?",https://www.facebook.com/groups/1747996952767498/posts/1896990544534804/?__cft__[0]=AZZaDRTlPjocKtejyhEpdY6m99FzQQL683qijTNSdhNFDHAMoDp-StD911uou-PWaJa9UGMl_lSvATUArmwOLduPAgCAA7DgZsklKYsBImCBbn9Fr_iGRoXHUZfbJmCmLKRLMjp0C87hGjbmfXhaVHwmZsGxofUgD5TvEavpe9w-1Bu495LYLzT-H9yzGbFoGxQ&__tn__=%2CP-R,"Theo Điều 208 Luật Doanh nghiệp 2020, quy trình giải thể gồm nhiều bước và thời gian có thể kéo dài. Về kinh nghiệm tại Đội Thuế Q1 TPHCM: 1) Thời gian xử lý thường mất 3-6 tháng, đặc biệt nếu cần kiểm tra quyết toán thuế; 2) Theo Điều 208 khoản 8, sau thời hạn 180 ngày kể từ ngày nhận được nghị quyết giải thể mà không có phản đối, Cơ quan đăng ký kinh doanh sẽ cập nhật tình trạng pháp lý; 3) Bạn nên liên hệ trực tiếp Chi cục Thuế Quận 1 để hỏi thông tin cán bộ tiếp nhận hồ sơ; 4) Nếu quá thời hạn quy định, có thể gửi văn bản đề nghị giải quyết hoặc khiếu nại theo quy định. Lưu ý: Trong thời gian chờ, doanh nghiệp bị cấm các hoạt động theo Điều 211 như cất giấu tài sản, ký hợp đồng mới (trừ phục vụ giải thể), huy động vốn.","Điều 208 Luật Doanh nghiệp 2020 - Trình tự thủ tục giải thể doanh nghiệp (khoản 8)
Điều 211 Luật Doanh nghiệp 2020 - Các hoạt động bị cấm kể từ khi có quyết định giải thể",59-2020-QH14:d208:k8;59-2020-QH14:d211
22,"Loại 6: Giải thể & Phá sản - Thủ tục, thanh toán nợ, tạm ngưng","Dạ em xin mẫu làm Hồ sơ giải thể nộp Sở kế hoạch.
Ai có cho em xin với ạ",https://www.facebook.com/groups/1747996952767498/posts/1891238098443382/?__cft__[0]=AZbfbV1d_O7iJFkFKYTxuL1_2hPrfOsLaF47HHPNIawYlz5y8Rn-J1tHaauAiqSojyxlDqKqqh83oPHeg2pgUzurRSWqwb4gZSnTwg5xOc856FrD7TMUQCdkb3bY-dT9khMq-ogIVjqvo_oSCsJZf57AyfoNMFyOD1EPF7bIUfua8y6D1OuzI4gOvUW-BLffZh0&__tn__=%2CP-R,"Theo Điều 210 Luật Doanh nghiệp 2020, hồ sơ giải thể doanh nghiệp nộp Sở KH&ĐT bao gồm: 1) Thông báo về giải thể doanh nghiệp (theo mẫu quy định); 2) Báo cáo thanh lý tài sản doanh nghiệp; danh sách chủ nợ và số nợ đã thanh toán, gồm cả thanh toán hết các khoản nợ về thuế và nợ tiền đóng BHXH, BHYT, BHTN cho người lao động (nếu có). Trước đó, theo Điều 208, doanh nghiệp cần: a) Có nghị quyết/quyết định giải thể gồm: tên, địa chỉ công ty; lý do giải thể; thời hạn thanh lý; phương án xử lý nghĩa vụ từ hợp đồng lao động; chữ ký người có thẩm quyền; b) Gửi nghị quyết giải thể đến Sở KH&ĐT, cơ quan thuế trong 07 ngày làm việc. Bạn có thể tải mẫu hồ sơ trên Cổng thông tin quốc gia về đăng ký doanh nghiệp (dangkykinhdoanh.gov.vn).","Điều 208 Luật Doanh nghiệp 2020 - Trình tự thủ tục giải thể doanh nghiệp (khoản 1 3 7)
Điều 210 Luật Doanh nghiệp 2020 - Hồ sơ giải thể doanh nghiệp",59-2020-QH14:d208;59-2020-QH14:d210
23,"Loại 6: Giải thể & Phá sản - Thủ tục, thanh toán nợ, tạm ngưng","Có anh chị nào từng nộp hồ sơ giải thể Chi nhánh cho Công ty Luật chưa ạ, thủ tục các bước nộp sẽ bao gồm những gì ạ. Em cảm ơn ạ
Có anh chị nào từng nộp hồ sơ giải thể Chi nhánh cho Công ty Luật chưa ạ, thủ tục các bước nộp sẽ bao gồm những gì ạ. Em cảm ơn ạ",https://www.facebook.com/groups/1747996952767498/posts/1874678480099344/?__cft__[0]=AZaf5FX_yOst6IvNNY5JvcN8o9ZQJZmATFUFk-TiPuQn-sjFETyz9_Cmy7kvC9gthF1-PXgQ66wl4q3r6yr_Uj2WWk3L1GBo5oXOxGwjlDnxSpKeNulhtroBQiemekodNyMZ7dRBQ9B-z5gGwmqFEic4mRHRqGHxd4e1c9Ioee0daniiBMO_Yj7-LWjKfBJPCmE&__tn__=%2CP-R,"Theo Điều 213 Luật Doanh nghiệp 2020 về Chấm dứt hoạt động chi nhánh, văn phòng đại diện, địa điểm kinh doanh: 1) Chi nhánh được chấm dứt hoạt động theo quyết định của chính doanh nghiệp (Công ty Luật mẹ); 2) Người đại diện theo pháp luật của doanh nghiệp và người đứng đầu chi nhánh liên đới chịu trách nhiệm về tính trung thực và chính xác của hồ sơ chấm dứt hoạt động; 3) Doanh nghiệp có chi nhánh đã chấm dứt hoạt động phải chịu trách nhiệm thực hiện các hợp đồng, thanh toán các khoản nợ (gồm cả nợ thuế) của chi nhánh và giải quyết quyền lợi cho người lao động đã làm việc tại chi nhánh. Thủ tục gồm: a) Công ty Luật ra quyết định chấm dứt hoạt động chi nhánh; b) Hoàn tất nghĩa vụ thuế của chi nhánh với cơ quan thuế quản lý; c) Nộp hồ sơ chấm dứt hoạt động chi nhánh tại Sở KH&ĐT nơi chi nhánh đặt trụ sở.","Điều 213 Luật Doanh nghiệp 2020 - Chấm dứt hoạt động chi nhánh văn phòng đại diện địa điểm kinh doanh
Điều 44 Luật Doanh nghiệp 2020 - Chi nhánh văn phòng đại diện và địa điểm kinh doanh",59-2020-QH14:d213;59-2020-QH14:d44
24,"Loại 7: Thay đổi ĐKKD - Địa chỉ, tên, ngành nghề",Anh chị cho e xin video hướng dẫn thay đổi địa chỉ cho địa điểm kinh doanh với ạ?,https://www.facebook.com/groups/1747996952767498/posts/1849177509316108/?__cft__[0]=AZYQWQC-dyNNUFeJ9cQz5DtOX4cC7Ex2uZl92zvAotBKG1k6oBHDF82CUaxYddU47FNr0tsz0PzhjF7_i61OCNiZYsB9w1i0mWcidCihb_QVY30m6IHtkaiCFZw0zEeAuVPyPDJj942Xz-cZiMngRa-lWdKzDUFPcFcB4A3ptKt1VJEvlH-6KtntUIrd1IKO16E&__tn__=%2CP-R,"Theo Điều 45 khoản 4 Luật Doanh nghiệp 2020, doanh nghiệp chịu trách nhiệm đăng ký thay đổi nội dung Giấy chứng nhận đăng ký hoạt động chi nhánh, văn phòng đại diện trong thời hạn 10 ngày kể từ ngày có thay đổi. Đối với thay đổi địa chỉ địa điểm kinh doanh: 1) Theo Điều 45 khoản 5, trong thời hạn 10 ngày kể từ ngày quyết định địa điểm kinh doanh (mới), doanh nghiệp thông báo địa điểm kinh doanh đến Cơ quan đăng ký kinh doanh. 2) Thực hiện trên Cổng thông tin quốc gia về đăng ký doanh nghiệp (dangkykinhdoanh.gov.vn): Đăng nhập > Đăng ký thay đổi > Thay đổi thông tin đăng ký hoạt động địa điểm kinh doanh > Điền thông tin địa chỉ mới > Ký số và nộp hồ sơ. Hồ sơ gồm: Thông báo thay đổi nội dung đăng ký hoạt động địa điểm kinh doanh (theo mẫu quy định). Lưu ý: Nếu thay đổi địa chỉ sang quận/huyện khác, có thể cần thay đổi cơ quan thuế quản lý.","Điều 44 Luật Doanh nghiệp 2020 - Chi nhánh văn phòng đại diện và địa điểm kinh doanh
Điều 45 Luật Doanh nghiệp 2020 - Đăng ký hoạt động chi nhánh văn phòng đại diện thông báo địa điểm kinh doanh (khoản 4 5)",59-2020-QH14:d44;59-2020-QH14:d45
25,"Loại 6: Giải thể & Phá sản - Thủ tục, thanh toán nợ, tạm ngưng","Xin tư vấn giúp: cty đã nộp tạm ngừng hoạt động, nay đơn vị thuế gửi thông báo đến làm việc để hoàn tất thủ tục đóng Mã số thuế thì mình cần chuẩn bị các hồ sơ, giấy tờ gì ạ(Cty hoạt động hơn 1 năm, có khai báo và đóng thuế dầy đủ)",https://www.facebook.com/groups/1747996952767498/posts/1844233919810467/?__cft__[0]=AZbZGek5r3CHN7W1QS1BpqynwLrQQRzy0ZZWYqlao9CnWLbdqeirJ7n3uEDUInNdvsl2S0a2hin7KjgHG02-u2_tbFNG-Rgm6aFO-4OlXI5DOtoBo83NpDV70YyDKejy8PvXpp2BjrGy_Z2aDEtHBLmzuiBBNOTlm-xil8OgH3z1c2eILaCd6WACjHsF6_WVges&__tn__=%2CP-R,"Khi cơ quan thuế thông báo đến làm việc để hoàn tất thủ tục đóng Mã số thuế sau khi đã tạm ngừng kinh doanh, bạn cần chuẩn bị: 1) Theo Điều 206 khoản 3 LDN 2020, trong thời gian tạm ngừng, doanh nghiệp phải nộp đủ số thuế còn nợ; 2) Hồ sơ cần mang theo gồm: a) Giấy chứng nhận đăng ký doanh nghiệp (bản sao); b) Sổ sách kế toán, chứng từ, hóa đơn các năm hoạt động; c) Báo cáo tài chính các năm; d) Các tờ khai thuế đã nộp (GTGT, TNCN, TNDN); e) Chứng từ nộp thuế; f) Báo cáo tình hình sử dụng hóa đơn; g) Biên bản hủy hóa đơn (nếu còn hóa đơn chưa sử dụng). 3) Nếu công ty hoạt động hơn 1 năm và kê khai đầy đủ, cần chuẩn bị quyết toán thuế TNDN, TNCN và hoàn thành các nghĩa vụ còn lại. Sau khi hoàn tất với cơ quan thuế, bạn mới tiến hành giải thể tại Sở KH&ĐT.","Điều 206 Luật Doanh nghiệp 2020 - Tạm ngừng đình chỉ hoạt động chấm dứt kinh doanh (khoản 3)
Điều 208 Luật Doanh nghiệp 2020 - Trình tự thủ tục giải thể doanh nghiệp",59-2020-QH14:d206:k3;59-2020-QH14:d208
26,"Loại 6: Giải thể & Phá sản - Thủ tục, thanh toán nợ, tạm ngưng",Mình thành lập công ty nhưng cách đây 2 năm mình có báo ngừng dịch vụ nhưng cũng không biết nên không làm thủ tục giải thể bây giờ mình muốn làm thủ tục giải thể trong nhóm mình có ai nhận làm được thì inbox cho mình nhé xin cảm ơn,https://www.facebook.com/groups/1747996952767498/posts/1843282823238910/?__cft__[0]=AZZaifQ02Z7j1SBEDXjrXTF_iyMXwdHIcKJn9L5XxXqDOgoJ9dIa_JAzlbDThGjEIUgW_BjlIvpL-xkG0zitzYtcqs4xUaOwmppk3L-0v5gEwhNGZvAmpvXmqfzDDki7Lu2wxiNUPgAnjKRbza7ukEvHUTa1HVXuWYpRsJY8TtwlBaQCOaccgVEHEPSa4cqzmHA&__tn__=%2CP-R,"Theo Điều 207 khoản 1 điểm b Luật Doanh nghiệp 2020, doanh nghiệp có thể giải thể theo nghị quyết/quyết định của chủ doanh nghiệp. Trường hợp của bạn (báo ngừng dịch vụ 2 năm nhưng chưa giải thể), bạn cần thực hiện: 1) Theo Điều 207 khoản 2, doanh nghiệp chỉ được giải thể khi bảo đảm thanh toán hết các khoản nợ, nghĩa vụ tài sản và không trong quá trình giải quyết tranh chấp tại Tòa án/Trọng tài; 2) Thực hiện theo Điều 208: a) Ra nghị quyết/quyết định giải thể; b) Trong 07 ngày gửi đến Sở KH&ĐT, cơ quan thuế; c) Hoàn tất nghĩa vụ thuế (có thể phải nộp phạt chậm kê khai nếu trong 2 năm qua không kê khai); d) Thanh toán nợ theo thứ tự: lương NLĐ, nợ thuế, nợ khác; e) Trong 05 ngày sau khi thanh toán hết nợ, nộp hồ sơ giải thể. Lưu ý: Theo Điều 212, doanh nghiệp ngừng hoạt động 01 năm không thông báo có thể bị thu hồi Giấy ĐKDN.","Điều 207 Luật Doanh nghiệp 2020 - Các trường hợp và điều kiện giải thể doanh nghiệp
Điều 208 Luật Doanh nghiệp 2020 - Trình tự thủ tục giải thể doanh nghiệp
Điều 212 Luật Doanh nghiệp 2020 - Thu hồi Giấy chứng nhận đăng ký doanh nghiệp",59-2020-QH14:d207;59-2020-QH14:d208;59-2020-QH14:d212
27,"Loại 6: Giải thể & Phá sản - Thủ tục, thanh toán nợ, tạm ngưng","Dạ anh chị cho em hỏi , bên công ty em đã hoàn tất thủ tục giải thể công ty , hồ sơ giải thể cũng đã nộp. Công ty đã ngừng hoạt động và không phát sinh doanh thu . Và việc giải thể đều do bên công ty dịch vụ giải quyết .
1. Bây giờ muốn giải thể dứt điểm hoàn toàn thì phải đợi bao lâu nữa ?
2 . Hồ sơ giải thể treo thì có hệ lụy gì ?
Kính mong được các anh chị có kinh nghiệm giải đáp !",https://www.facebook.com/groups/1747996952767498/posts/1826444418256084/?__cft__[0]=AZa9J-UHTSirQYNtmO6--zJqr5GKM31Cnekml1tkuqOB9l_bBed-Uv57t53ej98MrOQ9udoAQ2mYIUxdBlzFK-_V6RhwJKRW4m79FK3C_JYXR3-Mu94XJgzCPCV9_G9O9kjugtFBw9kqhWNaNPV4Hdk1zrhx9W2nvR3AyvcZ8HXZuXoU0VUpYoiAcDM8roaJ4SIwJN3PPEWQsf9z-uRx3una&__tn__=%2CP-R,"Theo Điều 208 Luật Doanh nghiệp 2020: 1) Về thời gian giải thể dứt điểm: Theo khoản 8, sau thời hạn 180 ngày kể từ ngày Cơ quan đăng ký kinh doanh nhận được nghị quyết/quyết định giải thể mà không có phản đối của bên liên quan, hoặc trong 05 ngày làm việc kể từ ngày nhận hồ sơ giải thể đầy đủ, Cơ quan ĐKKD sẽ cập nhật tình trạng pháp lý trên Cơ sở dữ liệu quốc gia. 2) Hệ lụy của hồ sơ giải thể treo: a) Theo Điều 211, doanh nghiệp bị cấm: cất giấu tài sản, ký hợp đồng mới, cầm cố/thế chấp tài sản, huy động vốn; b) Theo Điều 210 khoản 3, nếu hồ sơ giải thể không chính xác, người quản lý phải liên đới chịu trách nhiệm thanh toán quyền lợi NLĐ, thuế, nợ khác và chịu trách nhiệm cá nhân trước pháp luật trong 05 năm kể từ ngày nộp hồ sơ. Bạn nên liên hệ Sở KH&ĐT và cơ quan thuế để xác định nguyên nhân hồ sơ bị treo và khắc phục.","Điều 208 Luật Doanh nghiệp 2020 - Trình tự thủ tục giải thể doanh nghiệp (khoản 8)
Điều 210 Luật Doanh nghiệp 2020 - Hồ sơ giải thể doanh nghiệp (khoản 3)
Điều 211 Luật Doanh nghiệp 2020 - Các hoạt động bị cấm kể từ khi có quyết định giải thể",59-2020-QH14:d208:k8;59-2020-QH14:d210:k3;59-2020-QH14:d211
28,"Loại 6: Giải thể & Phá sản - Thủ tục, thanh toán nợ, tạm ngưng","m đứng tên chi nhánh công ty cũ cách đây hơn 10 năm, giờ cty chính đó ko còn hoạt động và ngừng KD luôn lâu rồi mà không giải thể ( kiểu bỏ ngang ấy), m cũng nghỉ việc lâu rồi - mà tên mình vẫn còn trên giấy phép chi nhánh, giờ phải làm sao để giải quyết ah? nhờ tư vấn :((",https://www.facebook.com/groups/1747996952767498/posts/1823722748528251/?__cft__[0]=AZbNVnpPXgvsxmcczT4Ns7j8isB6wuV9YEdODjOA2yLh6XbVEh2X3lLyQdJSAI1_SyGpTunXbootkZvuPzQsgQSTlF3B9yQZo11XatQDKJ0QGWxqfsjby7M-jpx_KA9fuA-Nsii9aInz7KMme2Pd4yJiii2hv47ybeo16wxqczjTAkCUiFiZzPTdojoEVxFgYFqqHEb59x17NhU5VlakjQ73&__tn__=%2CP-R,"Theo Điều 44 Luật Doanh nghiệp 2020, chi nhánh là đơn vị phụ thuộc của doanh nghiệp. Trường hợp công ty chính bỏ ngang không giải thể mà bạn vẫn đứng tên trên giấy phép chi nhánh: 1) Nếu công ty chính bị thu hồi Giấy ĐKDN theo Điều 212 (ngừng hoạt động 01 năm không thông báo), chi nhánh cũng sẽ chấm dứt hoạt động; 2) Tuy nhiên, nếu chưa xử lý dứt điểm, theo Điều 213 khoản 2, người đứng đầu chi nhánh vẫn liên đới chịu trách nhiệm; 3) Để giải quyết, bạn nên: a) Kiểm tra tình trạng pháp lý của công ty chính trên Cổng thông tin quốc gia (dangkykinhdoanh.gov.vn); b) Nếu công ty chính vẫn còn tồn tại pháp lý, liên hệ chủ sở hữu/người đại diện công ty để làm thủ tục chấm dứt hoạt động chi nhánh hoặc thay đổi người đứng đầu chi nhánh; c) Nếu không liên hệ được, có thể làm đơn khiếu nại đến Sở KH&ĐT nơi chi nhánh đăng ký để được hướng dẫn xử lý.","Điều 44 Luật Doanh nghiệp 2020 - Chi nhánh văn phòng đại diện và địa điểm kinh doanh
Điều 212 Luật Doanh nghiệp 2020 - Thu hồi Giấy chứng nhận đăng ký doanh nghiệp
Điều 213 Luật Doanh nghiệp 2020 - Chấm dứt hoạt động chi nhánh văn phòng đại diện địa điểm kinh doanh (khoản 2)",59-2020-QH14:d44;59-2020-QH14:d212;59-2020-QH14:d213:k2
29,"Loại 1: Thành lập doanh nghiệp - Thủ tục, điều kiện, hồ sơ thành lập","Mọi người cho em hỏi là Phòng đăng ký kinh doanh TP.HCM nay còn cấp ERC bản giấy không ạ? hay chỉ còn cấp bản điện tử có ký chữ ký số thôi vậy anh, chị.",https://www.facebook.com/groups/thanhlapcongtygiare/posts/2262663440883762/?__cft__[0]=AZbPqcMtJj0RA-ZNjiMfdV5UOklOwQOdANeEo0Oyol1zxq5CPWp__Lnoug1zBEksdykb03Dcdod_jbQkw9AYForI_zTGMrJjKmvfJ5QxyCBNIUJtQP93VGk7qXyZaFEpqpqA9pmlId9jSeeYLSE174IHPLq8NJvf0Fjpg2OwgdO6xNputdp_TuDBxKQaIu6C19-NV6JfKHXD3vYAMfaLfCHp&__tn__=%2CP-R,"Theo Điều 4 khoản 15 Luật Doanh nghiệp 2020, Giấy chứng nhận đăng ký doanh nghiệp (ERC) có thể được cấp dưới dạng bản giấy hoặc bản điện tử. Hiện nay, nhiều Phòng ĐKKD đã chuyển sang cấp bản điện tử có chữ ký số. Tuy nhiên, doanh nghiệp vẫn có quyền yêu cầu cấp bản giấy theo quy định. Bạn nên liên hệ trực tiếp Phòng ĐKKD TP.HCM để được hướng dẫn cụ thể về hình thức cấp hiện hành.",Điều 4 khoản 15 Luật Doanh nghiệp 2020,59-2020-QH14:d4:k15
30,"Loại 3: Vốn điều lệ - Góp vốn, tăng/giảm vốn, vốn pháp định","Dạ mọi người cho em hỏi, công ty em là công ty cổ phần có 3 cổ đông sáng lập, sau này có 2 cổ đông sáng lập chuyển nhượng qua cho 2 người khác (hiện tại là 1 cổ đông sáng lập và 2 cổ đông mới). Vậy khi em làm tăng vốn điều lệ phải nộp danh sách cổ đông sau tăng vốn với danh sách chủ sở hữu hưởng lợi theo thông tin 3 cổ đông hiện tại đúng không ạ? Và em có phải nhập trên hệ thống phần danh sách cổ đông sáng lập do thay đổi vốn điều lệ không ạ. Em cảm ơn mọi người",https://www.facebook.com/groups/thanhlapcongtygiare/posts/2261177357699037/?__cft__[0]=AZaJKH8SYGyD2Nn4ofyTM5uVeZcLubEaeEhJyrXJwqvQIzZS1vr7PjgOGZTLJBm2KETwaGk7bqMlUNymxkJbyHiAgNPgwSQRvVlRwZ21iO-tr2mhG5a5HqWpfBxoU0hnrsQVJXvq45c95Bfbr-2aV3yGHKOgEaxS_V7Sf8vkbkTNaozswxGtAgA7CHXCoCPmASLnwnu8j91PTlMhIF5NMCgtlkGey0s7P66piBgdWDrEfg&__tn__=%2CP-R,"Theo Luật Doanh nghiệp 2020: 1) Khi tăng vốn điều lệ, bạn cần nộp danh sách cổ đông theo thông tin 3 cổ đông HIỆN TẠI (1 cổ đông sáng lập cũ + 2 cổ đông mới), không phải danh sách cổ đông sáng lập ban đầu. Theo Điều 4 khoản 4, cổ đông sáng lập là cổ đông ký tên trong danh sách cổ đông sáng lập khi thành lập công ty - tư cách này không thay đổi theo thời gian. 2) Khi làm thủ tục tăng vốn, bạn KHÔNG cần cập nhật danh sách cổ đông sáng lập vì danh sách này chỉ thay đổi khi có sự thay đổi về thông tin của cổ đông sáng lập gốc, không phải khi tăng vốn. 3) Việc nộp danh sách chủ sở hữu hưởng lợi theo thông tin 3 cổ đông hiện tại là đúng.","Điều 4 khoản 4 Luật Doanh nghiệp 2020
Điều 25 Luật Doanh nghiệp 2020
Điều 113 Luật Doanh nghiệp 2020
Điều 123 Luật Doanh nghiệp 2020",59-2020-QH14:d4:k4;59-2020-QH14:d25;59-2020-QH14:d113;59-2020-QH14:d123
31,"Loại 7: Thay đổi ĐKKD - Địa chỉ, tên, ngành nghề","Mình mới làm thay đổi kinh doanh 2 công ty tại TP. Hồ Chí Minh. 1 công ty kết quả trả về qua email có đính kèm giấy chứng nhận ĐKDN nhưng ko có dấu, 1 công ty thì chỉ có thông báo hồ sơ dc chấp thuận. Mình lên tải giấy trên cổng thông tin thì báo lỗi, trả phí rồi mà ko tải về được. Vậy cho mình hỏi còn cách nào khác để lấy được giấy chứng nhận ĐKDN ạ? Cám ơn mọi người rất nhiều",https://www.facebook.com/groups/thanhlapcongtygiare/posts/2261177001032406/?__cft__[0]=AZZkPvEEj8nq9xPC07hoCu_uOZEGyvFJfmZOnIG0R4TbBgnDVvtGWTrKplwDewcPA0sAOueaNnauOC-G8JMqXjwAzh7TED0SsXn-qgxp3yZrBBb5iWq80REafcOHZIGxgtdv670m19IZ8UMwPuzmjB8OfAGxaV-IVIm-M0m8DU6eCTs7fupMqrZboksY2YADxA-njIK8FX1WGHuHx6mx9McY&__tn__=%2CP-R,"Theo Điều 4 khoản 15 Luật Doanh nghiệp 2020, Giấy chứng nhận đăng ký doanh nghiệp có thể là bản giấy hoặc bản điện tử. Bản điện tử có chữ ký số có giá trị pháp lý tương đương bản giấy. Để lấy được giấy chứng nhận ĐKDN, bạn có thể: 1) Thử tải lại trên Cổng thông tin quốc gia về đăng ký doanh nghiệp vào thời điểm khác (có thể do lỗi hệ thống tạm thời); 2) Liên hệ trực tiếp Phòng Đăng ký kinh doanh TP.HCM để yêu cầu cấp lại hoặc hỗ trợ tải về; 3) Nộp đơn yêu cầu cấp bản giấy tại Phòng ĐKKD nếu cần thiết.","Điều 4 khoản 15 Luật Doanh nghiệp 2020
Điều 26 Luật Doanh nghiệp 2020",59-2020-QH14:d4:k15;59-2020-QH14:d26
32,"Loại 3: Vốn điều lệ - Góp vốn, tăng/giảm vốn, vốn pháp định","Mình cần giảm vốn công ty TNHH 2TV thành lập năm 2020, báo cáo tài chính là năm gần nhất phải không ạ?",https://www.facebook.com/groups/thanhlapcongtygiare/posts/2260793064404133/?__cft__[0]=AZbho_8uDcZbm6cMPOTpiAsn-INpXKxsJgwyQRNWApNlHhMmsi-lOoDKsHcKMuQ-sHj0U8KIoXea5CUeMvzBBAdNM9_CKTL_1_9lhVMAW_PPCvugH94t1F1TiZhq6bM_dIaP13A3evW6c2z_jIGwBcYrsA5NFtMACZA58z8Opj_TrWbLFmnuW8aRb8UZt0nQR4Ad15W7JxmBI4CPEGMOX4E1&__tn__=%2CP-R,"Đúng vậy. Theo Điều 68 khoản 5 Luật Doanh nghiệp 2020, khi giảm vốn điều lệ theo quy định tại điểm a và điểm b khoản 3 (hoàn trả phần vốn góp cho thành viên hoặc mua lại phần vốn góp), công ty phải nộp kèm theo thông báo giảm vốn BÁO CÁO TÀI CHÍNH GẦN NHẤT. Lưu ý: Công ty chỉ được giảm vốn bằng cách hoàn trả phần vốn góp nếu đã hoạt động kinh doanh liên tục từ 02 năm trở lên kể từ ngày đăng ký thành lập và bảo đảm thanh toán đủ các khoản nợ và nghĩa vụ tài sản khác sau khi hoàn trả cho thành viên.",Điều 68 Luật Doanh nghiệp 2020,59-2020-QH14:d68
33,"Loại 2: Loại hình doanh nghiệp - TNHH, Cổ phần, Hợp danh, DNTN","Cty mình chuyển đổi từ công ty tnhh 1tv sang 2tv tiếp nhận thành viên mới và tăng vốn thì thành phần hồ sơ đầy đủ gồm những gì ạ. Mong mọi người hướng dẫn giúp mình, xin cảm ơn.",https://www.facebook.com/groups/thanhlapcongtygiare/posts/2260541174429322/?__cft__[0]=AZb9RSGqiTFMhVo9iPQlu68XXYD0NNAqOnZptdwP7cO1sbNccR72slo8ULGd0xD4u1dTSYRtnZ2IanoVV2UxQ-1CK5a8rLg7tHBR6ayaFmnWiQUHWxVfRm5__mUYO9rLj9z2gxTUHnjTPEKEYq5zLJWLwGYRhY1z63aDzJXSdTREzLFBpmCW_Dt-kex_2aed6mzedoo8Py8mmIUNflf5dh9A&__tn__=%2CP-R,"Theo Điều 87 khoản 2 Luật Doanh nghiệp 2020, khi công ty TNHH 1TV tăng vốn bằng việc huy động thêm vốn góp của người khác, công ty phải tổ chức quản lý theo loại hình công ty TNHH 2TV trở lên. Thành phần hồ sơ gồm: 1) Thông báo thay đổi nội dung đăng ký doanh nghiệp (Mẫu số 08); 2) Quyết định của chủ sở hữu về việc tiếp nhận thành viên mới và tăng vốn điều lệ; 3) Điều lệ công ty sửa đổi, bổ sung; 4) Danh sách thành viên công ty (Mẫu số 6); 5) Hợp đồng chuyển nhượng hoặc các giấy tờ chứng minh việc góp vốn của thành viên mới; 6) Bản sao giấy tờ pháp lý của thành viên mới; 7) Văn bản ủy quyền (nếu không phải người đại diện theo pháp luật nộp hồ sơ). Công ty phải thông báo thay đổi trong thời hạn 10 ngày kể từ ngày hoàn thành việc thay đổi vốn điều lệ.","Điều 87 Luật Doanh nghiệp 2020
Điều 47 Luật Doanh nghiệp 2020
Điều 21 Luật Doanh nghiệp 2020",59-2020-QH14:d87;59-2020-QH14:d47;59-2020-QH14:d21
34,"Loại 3: Vốn điều lệ - Góp vốn, tăng/giảm vốn, vốn pháp định","A/c ơi cho em hỏi với ạ. Em đang làm thủ tục tăng vốn cho Công ty TNHH 1TV và đang mắc ở phần hồ sơ. Về giấy tờ chứng minh việc góp vốn thì em có thể dùng ""Giấy chứng nhận góp vốn"" được không hay phải là biên lai gửi tiền vào TK công ty ạ",https://www.facebook.com/groups/thanhlapcongtygiare/posts/2260494087767364/?__cft__[0]=AZa1D8vWMk8sGnX_RYbzo2YjwE6exnOXlblEs4XB_kc9GCGDnWEvq8skOz2WkeQ71IlH2vNsaWtcuWa2ltznecVRES0FuyWylCXkAlacw-ewbtOP11gxK2P3eoNtDbrBZ1r3ujKDz5PvfFnN_gQXkp1KgKlYA367TryVBFcJdOQblKdHAMeiNFrn6o0tuz2Yz2VGtWmxKpGcLh8UH7uXvXYd&__tn__=%2CP-R,"Theo Điều 34 và Điều 35 Luật Doanh nghiệp 2020, tài sản góp vốn có thể là tiền Đồng Việt Nam, ngoại tệ, vàng, quyền sử dụng đất, quyền sở hữu trí tuệ, và các tài sản khác có thể định giá được. Về chứng minh việc góp vốn: 1) Đối với tài sản không đăng ký quyền sở hữu (như tiền mặt), việc góp vốn phải được thực hiện bằng việc giao nhận có xác nhận bằng BIÊN BẢN GIAO NHẬN TÀI SẢN GÓP VỐN (Điều 35 khoản 1 điểm b). 2) Giấy chứng nhận góp vốn là văn bản công ty cấp cho thành viên sau khi góp vốn, KHÔNG phải là chứng từ chứng minh việc góp vốn. 3) Nếu góp bằng chuyển khoản, biên lai/sao kê ngân hàng là chứng từ phù hợp. Tóm lại: Bạn nên dùng Biên bản giao nhận tài sản góp vốn hoặc chứng từ chuyển khoản ngân hàng, không phải Giấy chứng nhận góp vốn.","Điều 34 Luật Doanh nghiệp 2020
Điều 35 Luật Doanh nghiệp 2020
Điều 87 Luật Doanh nghiệp 2020",59-2020-QH14:d34;59-2020-QH14:d35;59-2020-QH14:d87
35,"Loại 4: Người đại diện pháp luật - Điều kiện, thay đổi, trách nhiệm","Anh/chị ơi em muốn thay đổi CHS + NĐDPL cty tnhh 1tv và tăng vốn, hồ sơ làm 1 lần được k ạ, anh/chị tư vấn giúp, chi phí bn ạ",https://www.facebook.com/groups/thanhlapcongtygiare/posts/2259690867847686/?__cft__[0]=AZZacENIbKiYhWFX_-_Q3bqD8y_sE5SyaoJWn0VJkaKKEXdjx8TElQ_9mPHLF7PQfPxMSRj2Hho1NihSI-g6n79EcFCrBHyB02BbROOQCtGTTkLfVmYNvhyn58pB2PqmOUdYYyUc8Qb5AU9mz1o8TExInmHQy-ks5LIsFr3QgWkmXx-84O8XIyQRjfJ4bM89hOBXAKspQCaqs_rc5Zvzilea&__tn__=%2CP-R,"Có thể làm trong 1 hồ sơ. Theo Luật Doanh nghiệp 2020, bạn có thể nộp 1 hồ sơ thay đổi đồng thời nhiều nội dung gồm: thay đổi chủ sở hữu, thay đổi người đại diện theo pháp luật và tăng vốn điều lệ. Hồ sơ bao gồm: 1) Thông báo thay đổi nội dung đăng ký doanh nghiệp (ghi đầy đủ các nội dung thay đổi); 2) Quyết định của chủ sở hữu (cũ) về việc chuyển nhượng/tặng cho vốn góp, thay đổi NĐDPL, tăng vốn; 3) Hợp đồng chuyển nhượng/tặng cho phần vốn góp; 4) Bản sao giấy tờ pháp lý của chủ sở hữu mới và NĐDPL mới; 5) Điều lệ công ty sửa đổi. Lưu ý: Nếu thay đổi chủ sở hữu bằng huy động vốn từ người khác thì phải chuyển đổi sang TNHH 2TV (Điều 87).","Điều 12 Luật Doanh nghiệp 2020
Điều 87 Luật Doanh nghiệp 2020
Điều 77 Luật Doanh nghiệp 2020",59-2020-QH14:d12;59-2020-QH14:d87;59-2020-QH14:d77
36,"Loại 5: Hộ kinh doanh - Đăng ký, thay đổi, chuyển đổi HKD","Anh, chị cho em hỏi trường hợp chuyển đổi từ HKD thành Công ty TNHH MTV mà ở 2 quận khác nhau
thì cần những hs gì vậy ạ
Em cảm ơn ạ
Anh, chị cho em hỏi trường hợp chuyển đổi từ HKD thành Công ty TNHH MTV mà ở 2 quận khác nhau
thì cần những hs gì vậy ạ
Em cảm ơn ạ",https://www.facebook.com/groups/thanhlapcongtygiare/posts/2260328017783971/?__cft__[0]=AZZMbRgLpoMhiJxHdtQ1U4Do4Eh3rv91vg0mnbJu6yws65fh4TeLY0J1ItuznbtPH7GAf2CStgqZMURPj9ppium9B3oT0WabAKLHMELF5hJQEPP5COZ9BlVO_hTWBaFFAq0g9bPYLsHexeehbvVB8vNrdN8MCAHnvNCLEypdHr3tZffWRikf8POOVCySXUrFTjF6xy4Pj7t1ZLOwxoSO-egh&__tn__=%2CP-R,"Theo Luật Doanh nghiệp 2020, việc 'chuyển đổi' từ HKD sang công ty TNHH MTV thực chất là THÀNH LẬP MỚI công ty (vì HKD không phải doanh nghiệp theo Luật DN). Việc trụ sở ở 2 quận khác nhau không ảnh hưởng. Hồ sơ thành lập TNHH 1TV gồm (Điều 21): 1) Giấy đề nghị đăng ký doanh nghiệp; 2) Điều lệ công ty; 3) Bản sao giấy tờ pháp lý của chủ sở hữu (CCCD/CMND), người đại diện theo pháp luật. Nộp hồ sơ tại Phòng ĐKKD - Sở KH&ĐT tỉnh/thành phố nơi đặt trụ sở công ty mới. Sau khi có GCNĐKDN của công ty mới, bạn có thể làm thủ tục chấm dứt HKD tại quận cũ.","Điều 21 Luật Doanh nghiệp 2020
Điều 74 Luật Doanh nghiệp 2020
Điều 26 Luật Doanh nghiệp 2020",59-2020-QH14:d21;59-2020-QH14:d74;59-2020-QH14:d26
37,"Loại 3: Vốn điều lệ - Góp vốn, tăng/giảm vốn, vốn pháp định",E cần làm hồ sơ giảm vốn và thay đổi ttin ĐKKD. Anh/chị tư vấn và báo giá giúp em với nhé ạ,https://www.facebook.com/groups/thanhlapcongtygiare/posts/2260353577781415/?__cft__[0]=AZYmXrlopd7XYm8n2UkURPuoHAxDOAx2qzG446etR8rAH-RelmN5qJNAOs94MxRszDP6xqybYDkq59Wh3NAKSaoIuIOCV7j-spsphDtPy4rgNlGEpGeRQ2CIDiq7I06c5xywI5XCVfqQeoZ2j9Afc11gz2OgutLzYME3ACe-DF5wpZIMnoctVtrWHfvvxl3q930&__tn__=%2CP-R,"Theo Luật Doanh nghiệp 2020, có thể làm 1 hồ sơ thay đổi đồng thời giảm vốn và thay đổi thông tin ĐKKD. Điều kiện giảm vốn (Điều 68 cho TNHH 2TV, Điều 87 cho TNHH 1TV): 1) Đã hoạt động liên tục từ 02 năm trở lên; 2) Bảo đảm thanh toán đủ các khoản nợ và nghĩa vụ tài sản khác sau khi giảm vốn. Hồ sơ gồm: 1) Thông báo thay đổi nội dung ĐKDN; 2) Nghị quyết/Quyết định của HĐTV/Chủ sở hữu; 3) Biên bản họp HĐTV (nếu là TNHH 2TV); 4) Báo cáo tài chính gần nhất; 5) Cam kết thanh toán đủ các khoản nợ. Trong thời hạn 10 ngày kể từ ngày hoàn thành việc giảm vốn, phải thông báo cho Cơ quan ĐKKD.","Điều 68 Luật Doanh nghiệp 2020
Điều 87 Luật Doanh nghiệp 2020",59-2020-QH14:d68;59-2020-QH14:d87
38,"Loại 5: Hộ kinh doanh - Đăng ký, thay đổi, chuyển đổi HKD",Dạ anh chị cho em hỏi nhờ mình muốn chuyển hộ kinh doanh sang công ty TNHH 2 thành viên thì hồ sơ gồm những gì ạ. Em cảm ơn ạ.,https://www.facebook.com/groups/thanhlapcongtygiare/posts/2259606387856134/?__cft__[0]=AZbWErSpS9iRJkF5PtdVqEqvzCul76Ga4hAFkqWt5lxcQDbj0DygzHue2c73Fet3sP9C9iq4yWztCLnGI_vfDn4VwFoG-8h5YgSyGqP8z4zoNMZlPR3WVxy6GF6Htp_wWmyV9L-P-_Z-rDGxw2pP---MA60nHJc4zOgXyPsx3dPe1Uo6aXCiFrAlQJ_HFSPTAns0FyIn-2pGs7SVxYK1aYwS&__tn__=%2CP-R,"Theo Luật Doanh nghiệp 2020, việc 'chuyển đổi' từ HKD sang công ty TNHH 2TV thực chất là THÀNH LẬP MỚI công ty TNHH 2TV (vì HKD không phải doanh nghiệp). Hồ sơ thành lập công ty TNHH 2TV gồm (Điều 21): 1) Giấy đề nghị đăng ký doanh nghiệp; 2) Điều lệ công ty; 3) Danh sách thành viên (Mẫu số 6); 4) Bản sao giấy tờ pháp lý của các thành viên (cá nhân: CCCD/CMND; tổ chức: GCNĐKDN + văn bản cử người đại diện); 5) Bản sao giấy tờ pháp lý của người đại diện theo pháp luật. Sau khi có GCNĐKDN của công ty mới, bạn làm thủ tục chấm dứt HKD cũ tại UBND cấp quận/huyện.","Điều 21 Luật Doanh nghiệp 2020
Điều 46 Luật Doanh nghiệp 2020
Điều 25 Luật Doanh nghiệp 2020",59-2020-QH14:d21;59-2020-QH14:d46;59-2020-QH14:d25
39,"Loại 1: Thành lập doanh nghiệp - Thủ tục, điều kiện, hồ sơ thành lập","Cho em hỏi là giờ làm hs thành lập mới không cần nộp cccd của ng đại diện PL và ng đc uỷ quyền làm hs nữa phải không ạ?
Cho em hỏi là giờ làm hs thành lập mới không cần nộp cccd của ng đại diện PL và ng đc uỷ quyền làm hs nữa phải không ạ?",https://www.facebook.com/groups/thanhlapcongtygiare/posts/2259619591188147/?__cft__[0]=AZZqm_UnYuUxD3HljJ6Brp_ebRov2Dmq3dtwyzG-E1VhVxY5NJenqFfOiYYSjnezWc3HkGfo4I6gHpi4gjZQulXkQjgp_PCPxtagIOThLWmOXXT1WO_mpZo3scmtCm7Q8QY-fWqY995lmAYni8ux1Rpbn6S4t4LXVqGoHv7I3KIFt0BqojEgYfDHc7o7wNOFcso&__tn__=%2CP-R,"Theo Luật Doanh nghiệp 2020, khi thành lập công ty vẫn cần nộp giấy tờ pháp lý của cá nhân (bao gồm CCCD, CMND hoặc hộ chiếu) đối với người đại diện theo pháp luật và người được ủy quyền. Điều 4 khoản 16 quy định 'Giấy tờ pháp lý của cá nhân là một trong các loại giấy tờ sau đây: thẻ Căn cước công dân, Giấy chứng minh nhân dân, Hộ chiếu, giấy tờ chứng thực cá nhân hợp pháp khác'. Điều 21 (đối với công ty TNHH) và Điều 22 (đối với công ty CP) quy định hồ sơ đăng ký phải có bản sao giấy tờ pháp lý của cá nhân đối với người đại diện theo pháp luật.","Điều 4 khoản 16 Luật Doanh nghiệp 2020
Điều 21 Luật Doanh nghiệp 2020
Điều 22 Luật Doanh nghiệp 2020",59-2020-QH14:d4:k16;59-2020-QH14:d21;59-2020-QH14:d22
40,"Loại 10: Doanh nghiệp FDI - Vốn nước ngoài, tỷ lệ sở hữu","Cty 1TV nhà đầu tư nước ngoài, hiện đang trễ thời hạn góp vốn theo ERC. Cần tư vấn giúp thủ tục gia hạn góp vốn. Báo phí và thủ tục giúp.",https://www.facebook.com/groups/thanhlapcongtygiare/posts/2259590604524379/?__cft__[0]=AZakisQDd2jUx9eTxiRbqRQxJVnCUKu7ioUXNXf9-V17-ENkk6mVei6Ylg2Uv7x4FxonbqxoVd5RtrsyQ083fAMMdpqHDbnM0rsyXNK0jsO2DD1Dhs-o9znsiUl0LU2U2VkH_eeZUV7US0WVmP4-VGGPcrKg0mNeQPoHNQ0ExFO1yiaeeAkHXo9d4kWA2cm4Wdc&__tn__=%2CP-R,"Theo Điều 75 Luật Doanh nghiệp 2020, chủ sở hữu công ty TNHH một thành viên phải góp vốn trong thời hạn 90 ngày kể từ ngày được cấp Giấy chứng nhận đăng ký doanh nghiệp. Nếu không góp đủ vốn trong thời hạn này, theo Điều 87 khoản 3 điểm b, công ty phải đăng ký giảm vốn điều lệ bằng với số vốn thực góp trong thời hạn 30 ngày kể từ ngày cuối cùng phải góp đủ vốn. Luật Doanh nghiệp không quy định về việc 'gia hạn góp vốn' - trường hợp trễ hạn phải thực hiện thủ tục giảm vốn điều lệ.","Điều 75 Luật Doanh nghiệp 2020
Điều 87 khoản 3 Luật Doanh nghiệp 2020",59-2020-QH14:d75;59-2020-QH14:d87:k3
41,"Loại 9: Chuyển nhượng vốn/cổ phần - Mua bán, thừa kế","Mọi người cho em hỏi là trường hợp thay đổi chủ sỡ hữu công ty thì mẫu số 12 và giấy ủy quyền thì sẽ do chủ sỡ hữu mới ký hay chủ sỡ hữu cũ ký vậy ạ.
Nhờ anh/chị hướng dẫn giúp em. Em cảm ơn.",https://www.facebook.com/groups/thanhlapcongtygiare/posts/2258978927918880/?__cft__[0]=AZZVCWfAhvJM7qMTh4-vIXUI1_4A1PKYfnqMGs5Zo7CAvzQNcXcKqDT7vyd7FOXcHVdtrgJkQ_c_RTAuEnYLKoh6qq_yXgj4MIk11mQqAOAovLoZZdEbLxa9_jXvHJEoWCsQLNzs4JLJAnh3Us_rwIoMp2m9IEOs9h2iM1lY5rkv2vXxefOYlkn4pPhUZ3mfDo4XE8qKJcyMCAuSudNwzDtN&__tn__=%2CP-R,"Theo Luật Doanh nghiệp 2020, khi thay đổi chủ sở hữu công ty TNHH một thành viên (Điều 77, 78), việc ký các văn bản phụ thuộc vào hình thức chuyển nhượng. Thông báo thay đổi (Mẫu số 12) phải do người đại diện theo pháp luật của công ty ký. Nếu người đại diện pháp luật không thay đổi thì người đó ký; nếu có thay đổi người đại diện pháp luật đồng thời thì người đại diện pháp luật mới sẽ ký sau khi hoàn tất việc chuyển nhượng. Hợp đồng chuyển nhượng phải có chữ ký của cả chủ sở hữu cũ (bên bán) và chủ sở hữu mới (bên mua).","Điều 77 Luật Doanh nghiệp 2020
Điều 78 Luật Doanh nghiệp 2020
Điều 12 Luật Doanh nghiệp 2020",59-2020-QH14:d77;59-2020-QH14:d78;59-2020-QH14:d12
42,"Loại 9: Chuyển nhượng vốn/cổ phần - Mua bán, thừa kế","chào anh chị, em đang làm thủ tục chuyển nhượng vốn góp công ty 2tv, sở yêu cầu chứng từ thanh toán thì em cần cung cấp những gì ạ. mong anh chị giải đáp giúp",https://www.facebook.com/groups/thanhlapcongtygiare/posts/2258195667997206/?__cft__[0]=AZbtmp5-BERUkeyxOfk-suVpcCW7QhQWfiKqULiMByMy5zK1aIyclGfK_kZqIl1wLdJDbdzZ-DIEnf9ykFvR3N_BqOMqrGglmzd_dqNnU8AlFEaiFTXN7RT1ObpnK3VSie-lE-akGxd7vcs5nSKMORzjaGSoIbnzUP7OIyUC_Sx-hEmB8FtctvX32iaYt84ywmV3bOjokmz4XljunH_9nU5z&__tn__=%2CP-R,"Theo Điều 52 Luật Doanh nghiệp 2020 về chuyển nhượng phần vốn góp trong công ty TNHH hai thành viên trở lên, việc chuyển nhượng phải tuân thủ quy trình chào bán cho thành viên còn lại trước. Luật Doanh nghiệp không quy định cụ thể về chứng từ thanh toán khi chuyển nhượng vốn góp. Tuy nhiên, theo Điều 35 về chuyển quyền sở hữu tài sản góp vốn, cần có biên bản giao nhận tài sản. Chứng từ thanh toán có thể bao gồm: hợp đồng chuyển nhượng, ủy nhiệm chi/giấy báo nợ ngân hàng, hoặc biên bản xác nhận thanh toán giữa các bên.","Điều 52 Luật Doanh nghiệp 2020
Điều 35 Luật Doanh nghiệp 2020",59-2020-QH14:d52;59-2020-QH14:d35
43,"Loại 7: Thay đổi ĐKKD - Địa chỉ, tên, ngành nghề","cho e hỏi. công ty e mở bán thêm săm lốp, ắc quy, dầu nhớt thì mình đăng ký thêm mã ngành nào ạ?
cho e hỏi. công ty e mở bán thêm săm lốp, ắc quy, dầu nhớt thì mình đăng ký thêm mã ngành nào ạ?",https://www.facebook.com/groups/thanhlapcongtygiare/posts/2258171874666252/?__cft__[0]=AZZNE3oHVbj__P4CaOvI07MSAp9pSxfNT8gRmE7neggqwigcYac2uLegMvbeRDC4nf472ngfq2oGut5IOj8Ay3TQJGrEuI7Sl-VjtqNlJUHqX2xeddfOIKzxAn5_CaiAeiHhYlu7YaB6L1n1SFt9SieEgdysMhWYtk7q51QCY_TJvXDKZhS4JKIUfq2-vvFOvAlzimyc7auRdD7Bg-Nr9SaF&__tn__=%2CP-R,"Theo Điều 7 Luật Doanh nghiệp 2020, doanh nghiệp có quyền kinh doanh ngành, nghề mà luật không cấm. Điều 31 quy định doanh nghiệp phải thông báo thay đổi ngành nghề kinh doanh trong thời hạn 10 ngày kể từ ngày có thay đổi. Để bán săm lốp, ắc quy, dầu nhớt, công ty cần đăng ký bổ sung các mã ngành như: 4530 (Bán phụ tùng và các bộ phận phụ trợ của ô tô, xe máy), 4732 (Bán lẻ phụ tùng, bộ phận phụ trợ của ô tô), hoặc các mã ngành phù hợp theo hệ thống ngành kinh tế Việt Nam.","Điều 7 Luật Doanh nghiệp 2020
Điều 31 Luật Doanh nghiệp 2020",59-2020-QH14:d7;59-2020-QH14:d31
44,"Loại 6: Giải thể & Phá sản - Thủ tục, thanh toán nợ, tạm ngưng",Em làm tạm ngưng được Sở chấp nhận rồi mà tra trên web thuế thì vẫn đang hoạt động thì có cần làm thêm gì ko ạ,https://www.facebook.com/groups/thanhlapcongtygiare/posts/2258144998002273/?__cft__[0]=AZbSFvRm9u1HgG3e0mzRCncvuQ9RgSefO2FhpWxFhdCWumiBJL3Py5UoL3giioM5z4Kfq9P1RkXKaFXMxesP7LmqliU-8SjqhCRBuoO4Ye8tYbuSOiZkFeDmddp_mCrLqkRsi4CaS88rAnNhccpNviB6F3zkvmSxnbTJ66chMmBPm4bG5yURbpq_r0zR0HzWdi3CjKko70OE1uYwEF2h1XUe&__tn__=%2CP-R,"Theo Điều 206 Luật Doanh nghiệp 2020, doanh nghiệp phải thông báo tạm ngừng kinh doanh cho Cơ quan đăng ký kinh doanh chậm nhất 03 ngày làm việc trước ngày tạm ngừng. Việc thông tin trên web thuế chưa cập nhật có thể do độ trễ đồng bộ dữ liệu giữa Sở KHĐT và Cơ quan thuế. Thông thường, sau khi Sở KHĐT cập nhật, thông tin sẽ được đồng bộ sang hệ thống thuế. Doanh nghiệp có thể liên hệ Chi cục Thuế quản lý để kiểm tra và xác nhận tình trạng tạm ngừng.",Điều 206 Luật Doanh nghiệp 2020,59-2020-QH14:d206
45,"Loại 3: Vốn điều lệ - Góp vốn, tăng/giảm vốn, vốn pháp định","Anh/chị cho em hỏi xíu ạ.
Em đang làm hồ sơ giảm vốn điều lệ cty TNHH 2TV (hoàn trả 100% phần vốn cho thành viên theo tỷ lệ góp vốn), và thay thế thành viên khác.
Vậy em nộp chung 1 lần được không ạ, hay e phải làm giảm vốn trước xong rồi mới làm thay đổi thành viên góp vốn ạ.
Những mẫu hồ sơ e nộp gồm những hồ sơ này, anh/chị xem dùm e còn thiếu mẫu nào nữa không ạ.
1. Mẫu số 12- Thông báo thay đổi nội dung đkdn (Chỗ ""Thời điểm thay đổi vốn"" là điền ngày nào ạ?)
2. Biên bản họp HĐTV
3. Quyết định của HĐTV
4. Mẫu số 6- Danh sách thành viên
5. Mẫu số 10 - Danh sách chủ sở hữu hưởng lợi
6. Cam kết thanh toán nợ và nghĩa vụ tài sản.
7. Báo cáo tài chính
8. Giấy ủy quyền.",https://www.facebook.com/groups/thanhlapcongtygiare/posts/2256886664794773/?__cft__[0]=AZZMyFAPMD207C2siwgLIJSa3PkX6t0ECYTnU34hMRIzIwBOLtK8KxLigRgJj1vrOpLd1_d8CLOLv1HHV39lopS9MBrfoYWv2Nm3lw3-WyfFvo8lOjgdfnvzIPUrOrJQXlf7cxQPJoMVjdwea0HtM0wDhu2zDOTUoieXNucPCONPGcvvPtNjZojfPXqaGRWVGAc79zTOvM9TwWdo1qxYVKGN&__tn__=%2CP-R,"Theo Điều 68 Luật Doanh nghiệp 2020, công ty TNHH 2TV trở lên có thể giảm vốn điều lệ bằng cách hoàn trả một phần vốn góp cho thành viên theo tỷ lệ phần vốn góp nếu đã hoạt động liên tục từ 02 năm trở lên và bảo đảm thanh toán đủ các khoản nợ sau khi hoàn trả. Về thủ tục: Có thể nộp hồ sơ giảm vốn và thay đổi thành viên cùng một lần nếu cả hai thay đổi xảy ra đồng thời. 'Thời điểm thay đổi vốn' điền ngày HĐTV thông qua quyết định giảm vốn hoặc ngày hoàn trả vốn thực tế. Hồ sơ đã liệt kê cơ bản đầy đủ, cần bổ sung thêm bản sao CCCD của thành viên mới (nếu có).","Điều 68 Luật Doanh nghiệp 2020
Điều 52 Luật Doanh nghiệp 2020
Điều 31 Luật Doanh nghiệp 2020",59-2020-QH14:d68;59-2020-QH14:d52;59-2020-QH14:d31
46,"Loại 4: Người đại diện pháp luật - Điều kiện, thay đổi, trách nhiệm","Chào anh, chị!
E làm thay đổi người đại diện pháp luật cho CTY CP, thì doanh nghiệp có bắt buộc phải cập nhật liền các mã ngành bị tô xanh đỏ của mình không ạ? Và có phải khai mục chủ sở hữu hưởng lợi ko a",https://www.facebook.com/groups/thanhlapcongtygiare/posts/2255837201566386/?__cft__[0]=AZY8XMFB-UhBSagVys7h1Vni7ColI-WdY2msKTMQ1X_KRETK_dI3a54dbrIjzMAwCnOsbBh7igXRXaskrwWWGvetJr4MI64ehBzHHJIXys38MkmccDvotrlG-bLGVOfqkyvwUwXMReCOvFDZmj17vCPfpkQIgECT-dF3I7bU1k4WVgoQYhOKmtG_JrdwOOC5Hq8&__tn__=%2CP-R,"Theo Điều 12 và Điều 30 Luật Doanh nghiệp 2020, khi thay đổi người đại diện theo pháp luật, công ty cổ phần phải đăng ký thay đổi trong thời hạn 10 ngày kể từ ngày có thay đổi. Về mã ngành bị tô xanh đỏ: Luật Doanh nghiệp không bắt buộc phải cập nhật mã ngành khi chỉ thay đổi người đại diện pháp luật. Tuy nhiên, nếu hệ thống đăng ký yêu cầu cập nhật mã ngành theo Quyết định 27/2018/QĐ-TTg thì nên cập nhật để tránh bị từ chối hồ sơ. Về 'chủ sở hữu hưởng lợi': đây không phải quy định của Luật Doanh nghiệp mà thuộc Nghị định 116/2020/NĐ-CP.","Điều 12 Luật Doanh nghiệp 2020
Điều 30 Luật Doanh nghiệp 2020",59-2020-QH14:d12;59-2020-QH14:d30
47,"Loại 4: Người đại diện pháp luật - Điều kiện, thay đổi, trách nhiệm","Mn cho e hỏi, cty cổ phần có người đại diện pl bị tử vong, người này cũng là cổ đông của cty thì cần làm thủ tục thay đổi GPKD như thế nào ạ?",https://www.facebook.com/groups/thanhlapcongtygiare/posts/2255964098220363/?__cft__[0]=AZYRXlM5lQkSunH-i1yfm7cMr4s_bT7hW8gKc5vOkOy3ff48Bn3Pc_SGEmG0_k78wmwosQZTN2LzJ-hgaLiWWNtIZ6zvLeqTsw8VrWpQLCWXJYqlJ6JJ3DnJNBYsd5iIvnS9otaxbzS1klP2ddDrvQYbPPLupv8xv1Z_D-ZHwLEaG7G8h8nf78svQ56IC3e3_L3FE5_sh1YsSbcAY6E_VnSj&__tn__=%2CP-R,"Theo Luật Doanh nghiệp 2020, khi người đại diện theo pháp luật của công ty cổ phần tử vong, công ty cần thực hiện: 1) Về cổ phần: Theo Điều 127, người thừa kế theo di chúc hoặc theo pháp luật của cổ đông sẽ trở thành cổ đông công ty. 2) Về người đại diện theo pháp luật: Theo Điều 12, công ty phải bầu/bổ nhiệm người đại diện theo pháp luật mới thông qua Đại hội đồng cổ đông hoặc Hội đồng quản trị (tùy theo Điều lệ). 3) Thủ tục: Nộp hồ sơ đăng ký thay đổi người đại diện theo pháp luật trong thời hạn 10 ngày kể từ ngày có thay đổi (Điều 30).","Điều 12 Luật Doanh nghiệp 2020
Điều 30 Luật Doanh nghiệp 2020
Điều 127 Luật Doanh nghiệp 2020",59-2020-QH14:d12;59-2020-QH14:d30;59-2020-QH14:d127
48,"Loại 2: Loại hình doanh nghiệp - TNHH, Cổ phần, Hợp danh, DNTN","mình đang vướng điều lệ sửa đổi bổ sung hồ sơ chuyển đổi loại hình từ 1tv lên 2 tv, bạn nào có mình xin gửi phí ạ",https://www.facebook.com/groups/thanhlapcongtygiare/posts/2253299075153532/?__cft__[0]=AZbgsxlm_OAblax6QVDPeziZ1uGDujWgLvDyhmYAOIi3j93I-QevPuVib7bOUOz4jmaBZnIAM8sfp_j23ltuWi97hRuoNAi7qtsigf9uyKnhtuQ8c-OjJz1NCVcRPkT2IM32f7uWGS2PCtkbCNa9Y4x2fcXsGM1iSMOq4KXkBMgbcN3gPXSHGCjCs9i23Vv-4qVhcOYR39hHr4Q2D0pahBxr&__tn__=%2CP-R,"Theo Điều 26 Luật Doanh nghiệp 2020, Điều lệ công ty phải có các nội dung chủ yếu bao gồm: tên, địa chỉ, ngành nghề, vốn điều lệ, quyền nghĩa vụ của thành viên, cơ cấu tổ chức quản lý, v.v. Khi chuyển đổi từ công ty TNHH 1TV sang 2TV theo Điều 26 và quy định về chuyển đổi loại hình (Chương IX), Điều lệ sửa đổi cần bổ sung các nội dung về: danh sách thành viên, tỷ lệ phần vốn góp, quyền và nghĩa vụ của từng thành viên, cơ cấu Hội đồng thành viên, nguyên tắc phân chia lợi nhuận và xử lý lỗ.","Điều 26 Luật Doanh nghiệp 2020
Điều 46 Luật Doanh nghiệp 2020",59-2020-QH14:d26;59-2020-QH14:d46
49,"Loại 7: Thay đổi ĐKKD - Địa chỉ, tên, ngành nghề","Anh/chị cho em hỏi, ban đầu em nộp hồ sơ thông báo thay đổi ngành nghề, sau đó chuyên viên trả lại với lý do công ty chưa cập nhật địa chỉ của ng đại diện theo pháp luật mà phần thông báo thay đổi lại không có mục này thì có cách nào bổ sung thông tin này không hay em phải làm hồ sơ mới ạ?",https://www.facebook.com/groups/thanhlapcongtygiare/posts/2252519855231454/?__cft__[0]=AZZvtcS8RFodrA6TV5s3iErQlARpIUj7CchY_xy2JnGW9rkZemAEwuClYyrx-GSuaNswM48xJsrmhiqOhPqutq2-LizpU_Ol5_sGa6evcxncH3m9t6Cc887Tim4Gm49btbWul2KmLiFXAXqLqoParqazHerYUIISt3AhupMnkV-UI2MkBrOwXCFeXVAtff-gEumG6xPmTu7MTAUD_aWABzXH&__tn__=%2CP-R,"Theo Điều 30, 31 Luật Doanh nghiệp 2020, khi thông báo thay đổi ngành nghề kinh doanh, nếu cơ quan đăng ký yêu cầu cập nhật thông tin địa chỉ người đại diện theo pháp luật, doanh nghiệp có thể: 1) Nộp kèm thông báo thay đổi thông tin người đại diện theo pháp luật (Mẫu phụ lục II-1) cùng với hồ sơ thay đổi ngành nghề; hoặc 2) Nộp hồ sơ đăng ký thay đổi người đại diện theo pháp luật (cập nhật địa chỉ) trước, sau đó nộp hồ sơ thay đổi ngành nghề. Doanh nghiệp không cần làm lại toàn bộ hồ sơ mà chỉ cần bổ sung phần thông báo thay đổi địa chỉ NĐDPL.","Điều 30 Luật Doanh nghiệp 2020
Điều 31 Luật Doanh nghiệp 2020",59-2020-QH14:d30;59-2020-QH14:d31
50,"Loại 9: Chuyển nhượng vốn/cổ phần - Mua bán, thừa kế",dạ anh/ chị cho em hỏi công ty cổ phần thay đổi cổ đông thì mình làm hợp đồng chuyển nhượng nội bộ thì mình có cần thay đổi gì trên Sở không ạ,https://www.facebook.com/groups/thanhlapcongtygiare/posts/2252734015210038/?__cft__[0]=AZYzwqbR73x8rNExDam5DWCw_HnXEbPsuGVa4ya-rOEBTIUmQx8genB5QT8dJh5q0I_vwFvYZeCJ3TlpQwVbJ6Rz0V5KGbMduKXKxyMNJNnCrJF8dv2QlpSXV3hJX_6v1O1x6tJ80hAswMujLTLxEDJDCsWE5IGMrbXxrTtU6btU3P-g2ylhfTGfVkhA73ZNIVAFp_cHjotjlhX8m9tOb5qh&__tn__=%2CP-R,"Theo Điều 127 Luật Doanh nghiệp 2020, việc chuyển nhượng cổ phần trong công ty cổ phần được thực hiện tự do, trừ cổ phần phổ thông của cổ đông sáng lập bị hạn chế chuyển nhượng trong 3 năm đầu. Đối với chuyển nhượng nội bộ giữa các cổ đông với nhau, doanh nghiệp chỉ cần cập nhật sổ đăng ký cổ đông theo Điều 122. Tuy nhiên, nếu việc chuyển nhượng dẫn đến thay đổi danh sách cổ đông sở hữu từ 5% cổ phần trở lên hoặc thay đổi cổ đông sáng lập trong 3 năm đầu, doanh nghiệp phải thông báo đến cơ quan đăng ký kinh doanh theo Điều 30.","Điều 30 Luật Doanh nghiệp 2020
Điều 122 Luật Doanh nghiệp 2020
Điều 127 Luật Doanh nghiệp 2020",59-2020-QH14:d30;59-2020-QH14:d122;59-2020-QH14:d127
51,"Loại 10: Doanh nghiệp FDI - Vốn nước ngoài, tỷ lệ sở hữu","Dạ cả nhà cho em hỏi xíu về quy trình thay đổi giấy đầu tư và giấy doanh nghiệp ở HCM với ạ.
Khách em 100% vốn nước ngoài, có giấy đầu tư và giấy doanh nghiệp ạ. Khách đang tính tăng vốn thì mình nên làm quy trình nào sẽ ok và đúng hơn ạ
Phương án 1: Tăng vốn đầu tư trên giấy đầu tư, sau đó chuyển tiền đầu tư, cuối cùng là tăng vốn điều lệ trên giấy doanh nghiệp.
Phương án 2: Xin chuyển tiền đầu tư, tiến hành tăng vốn điều lệ giấy doanh nghiệp và cuối cùng mới đổi giấy đầu tư.
Phương án 2 này thì em từng bị ngân hàng bên khách từ chối vì họ cần có giấy phép mới cho chuyển tiền vào ạ, mà em hỏi quan điểm chuyên viên thì họ theo quan điểm phải có ""sự thay đổi về vốn"" rồi mới nộp hồ sơ thay đổi vốn điều lệ, tức là tiền vào rồi thì mới nộp hồ sơ thay đổi vốn điều lệ.
Nên em đang tính sẽ làm phương án 1 mà không biết có đúng hay bị ngược gì không ạ. Anh chị nào có kinh nghiệm chỉ em với, em cảm ơn nhiều ạ",https://www.facebook.com/groups/thanhlapcongtygiare/posts/2252777511872355/?__cft__[0]=AZbSvkbu6nst_6wZi72NcPSUn1M_0tALxdJwabcVIgO8uBnl-5qVQJo5sC9tVAZlFEHDGPiCJAiQqzTvqopb-_VjRZ0UbAPEvIlyVESIg0Al7Z2-PX4_wF0QNRe6CSRkLDORa5d4yBZGaNlPmkkZ3uu0iz8bqKsS8Qz47RiSjNWz3ldpOfz1OCnmogpu0JS4ilQ&__tn__=%2CP-R,"Theo Điều 87 Luật Doanh nghiệp 2020, công ty có thể tăng vốn điều lệ bằng cách chủ sở hữu công ty đầu tư thêm hoặc huy động thêm vốn góp. Đối với doanh nghiệp FDI, quy trình thường là: (1) điều chỉnh tăng vốn đầu tư trên Giấy chứng nhận đăng ký đầu tư trước; (2) sau đó chuyển tiền vốn theo giấy phép mới; (3) cuối cùng đăng ký thay đổi vốn điều lệ trên Giấy chứng nhận đăng ký doanh nghiệp theo Điều 30, 31. Thời hạn góp đủ vốn điều lệ đã tăng là 90 ngày kể từ ngày được cấp Giấy chứng nhận đăng ký doanh nghiệp (sửa đổi).","Điều 30 Luật Doanh nghiệp 2020
Điều 31 Luật Doanh nghiệp 2020
Điều 87 Luật Doanh nghiệp 2020",59-2020-QH14:d30;59-2020-QH14:d31;59-2020-QH14:d87
52,"Loại 1: Thành lập doanh nghiệp - Thủ tục, điều kiện, hồ sơ thành lập",Mình muốn làm giấy chứng nhận đăng kya doanh nghiệp bằng tiếng anh thì làm như thế nào ạ? Ai biết bật mí giúp mình với ạ.,https://www.facebook.com/groups/thanhlapcongtygiare/posts/2251919501958156/?__cft__[0]=AZaXEHijHkhATlC3WlHlBEHx4GrLpPnpEyYv0bHutsB-On0fwbgsxio2CC0FAPhovd0kSoxc8giNHyW3tCxA3yeCBlcfgKsV2eBhwwAT9NNjVdI4Vw37NltNPFz0z5_0z-kJFV7AaKn2ifkYVKYoFKLAkJGOt4aDy_iv0eW_zNO368iZL4djn9l1v_RMhDco8cE&__tn__=%2CP-R,"Theo Điều 28 Luật Doanh nghiệp 2020, Giấy chứng nhận đăng ký doanh nghiệp được cấp bằng tiếng Việt. Doanh nghiệp có nhu cầu sử dụng Giấy chứng nhận đăng ký doanh nghiệp bằng tiếng nước ngoài phải yêu cầu cơ quan đăng ký kinh doanh cấp bản sao Giấy chứng nhận đăng ký doanh nghiệp bằng tiếng nước ngoài. Bản sao này chỉ có giá trị tham khảo, không có giá trị pháp lý như bản tiếng Việt.",Điều 28 Luật Doanh nghiệp 2020,59-2020-QH14:d28
53,"Loại 6: Giải thể & Phá sản - Thủ tục, thanh toán nợ, tạm ngưng",Sáng nay nộp hs tạm nghỉ thì có được nghỉ từ ngày 1/1/2026 ko các bác,https://www.facebook.com/groups/thanhlapcongtygiare/posts/2251935335289906/?__cft__[0]=AZYcFYGSEEDRXMjiq5p4mnCKodRlFA5SSJjgAW3WP7QXdiJCSOvNOfap6E_x8cElN1yPz6vfW9nfQ07l6Qe3Uqp2HCtBrt1Z4a3asXGRnP9Lp6y0iOFHksMRd9RSSVWakMB2vAk-nF7grn0QzQnhNd3OPUb6lTIGPgP1E_UYDvKD05SUpJ-Rc29ZmD4hf-YYvXmKWhkcXfOwaEOaW_tcniww&__tn__=%2CP-R,"Theo Điều 206 Luật Doanh nghiệp 2020, doanh nghiệp phải thông báo bằng văn bản cho Cơ quan đăng ký kinh doanh chậm nhất 3 ngày làm việc trước ngày tạm ngừng kinh doanh. Thời điểm tạm ngừng kinh doanh ghi trong thông báo phải sau ngày gửi thông báo. Do đó, nếu nộp hồ sơ hôm nay (trước 1/1/2026) và ngày tạm ngừng ghi trong thông báo là 1/1/2026, thì vẫn được chấp nhận nếu đảm bảo đủ thời gian 3 ngày làm việc trước ngày tạm ngừng.",Điều 206 Luật Doanh nghiệp 2020,59-2020-QH14:d206
54,"Loại 7: Thay đổi ĐKKD - Địa chỉ, tên, ngành nghề","A/c cho e hỏi, muốn xóa thông tin kế toán trưởng trên hệ thống đăng ký kinh doanh, mà hệ thống bắt buộc ghi thông tin kế toán trưởng mới cho nộp hồ sơ thì phải làm sao khi công ty không có kế toán trưởng",https://www.facebook.com/groups/thanhlapcongtygiare/posts/2251911661958940/?__cft__[0]=AZZrd6MbAcce3aMSBt5e7YbYv_z6w5piB0AdVvC02OtgEVQeFTbeN2R53Y77iVWV0ZHDhSVJ4EWBPZwg9ZhBFH53aDbpspwLos65ysBRGvgCYDAr1WLd0j_cZtZVmzhcxWbxMEmxlzPzDId63s1IvXzewxu9RcuhMaa7Fp97IFRPXpxQW0tTvuxPn1_JnnmbyxFHHDm0Mroc3x7SHsJlylzn&__tn__=%2CP-R,"Theo Điều 30 Luật Doanh nghiệp 2020, doanh nghiệp phải thông báo đến cơ quan đăng ký kinh doanh khi có thay đổi nội dung đăng ký doanh nghiệp. Thông tin kế toán trưởng/người phụ trách kế toán là thông tin thông báo (không phải nội dung đăng ký bắt buộc). Công ty có thể thuê dịch vụ kế toán hoặc bố trí người phụ trách kế toán thay vì kế toán trưởng. Khi muốn xóa thông tin này, cần nộp thông báo thay đổi nội dung đăng ký doanh nghiệp ghi rõ việc không còn kế toán trưởng.",Điều 30 Luật Doanh nghiệp 2020,59-2020-QH14:d30
55,"Loại 1: Thành lập doanh nghiệp - Thủ tục, điều kiện, hồ sơ thành lập","Dạ anh chị cho em hỏi về vấn đề từ ngày 1/1/2026 phải ký số HS đăng ký DN bằng CKS cá nhân phải không ạ?
Dạ anh chị cho em hỏi về vấn đề từ ngày 1/1/2026 phải ký số HS đăng ký DN bằng CKS cá nhân phải không ạ?",https://www.facebook.com/groups/thanhlapcongtygiare/posts/2251761391973967/?__cft__[0]=AZb5XEMcpJOXEcuDT-YzTAqZJJ0FxA6yhfX60E_vYXIBr9Lfv6XeZ32MGLEscCS1m65ybLdxjVSkP6xCIsnfBpHlaL4yvYPo624b5UAI5AuOwCcz4H80pkf6-SC3YJjnjnCdhOEkkfwd4hTtEVjUR4AEAi55OCKl-bjDKe361G_tLKEoSpIf6SJndDhaXsE1gMDgw01ICoEcoRtsDVeQrjtt&__tn__=%2CP-R,"Theo Điều 27 Luật Doanh nghiệp 2020, hồ sơ đăng ký doanh nghiệp được nộp qua mạng điện tử phải có chữ ký số hoặc chữ ký điện tử của người có thẩm quyền ký. Việc sử dụng chữ ký số cá nhân thay vì chữ ký số tổ chức phụ thuộc vào quy định cụ thể của Nghị định hướng dẫn. Theo Nghị định 168/2024/NĐ-CP, từ ngày 1/1/2026, người ký hồ sơ đăng ký doanh nghiệp phải sử dụng chữ ký số cá nhân của mình để ký thay cho việc sử dụng tài khoản đăng ký kinh doanh.",Điều 27 Luật Doanh nghiệp 2020,59-2020-QH14:d27
56,"Loại 6: Giải thể & Phá sản - Thủ tục, thanh toán nợ, tạm ngưng",Anh chị có kinh nghiệm cho em hỏi: Hồ sơ tạm ngưng của em đã được chấp thuận từ 25/12 đến nay vô xem vẫn chưa đc trả kqua giấy xác nhận luôn (ko có bản demo gì luôn). Trong khi các cty em nộp sau đã có kết quả pdf mộc đỏ hết rồi. Trường hợp này mình phải tự liên hệ với Sở để lấy bản giấy hay họ tự gửi về ạ. E làm ở HCM,https://www.facebook.com/groups/thanhlapcongtygiare/posts/2251737301976376/?__cft__[0]=AZbaX6jsF_Mn5niK3EUGbqerKquyhgJ1cZ7wQaFFK0Rv6CO7UHekXkdssXR0GlJBDUiBMd8EV_aeUO4zQC5GtmSkMrEvV82iQuM9CxpUDlDo7n5eMR6Dh4emgGAVAhjoe5yooH6aRLGbB-YwWemGLA-I3zknOiNtxXf6Fbg2RYUvAGyoxaMsU37m1JHGMcn7HWUK9lW6yoJz1LTxeHLG3fqk&__tn__=%2CP-R,"Theo Điều 206 Luật Doanh nghiệp 2020, trong thời hạn 3 ngày làm việc kể từ ngày nhận được hồ sơ hợp lệ, Cơ quan đăng ký kinh doanh cấp Giấy xác nhận về việc doanh nghiệp đăng ký tạm ngừng kinh doanh. Nếu hồ sơ đã được chấp thuận nhưng chưa nhận được kết quả, doanh nghiệp có thể liên hệ trực tiếp với Sở Kế hoạch và Đầu tư hoặc tra cứu trên Cổng thông tin quốc gia về đăng ký doanh nghiệp để tải giấy xác nhận điện tử.",Điều 206 Luật Doanh nghiệp 2020,59-2020-QH14:d206
57,"Loại 6: Giải thể & Phá sản - Thủ tục, thanh toán nợ, tạm ngưng",Sở tài chính Hải Phòng có bắt buộc nộp cập nhật địa chỉ sau sáp nhập rồi mới nộp hồ sơ tạm ngưng không ạ. Em cảm ơn anh chi ạ.,https://www.facebook.com/groups/thanhlapcongtygiare/posts/2251276348689138/?__cft__[0]=AZZonfd2YrDk05jiXGD54eKUfP1Rtj_b2AjdBjt1vysdCZA-eb2eA6PjqVRdh9g8I_0dJeibKFCfb--jCB2iRt1Q8l1mmuInvV4SrUTvOcfSbLpFwc2p72-aUVumWltp11jtug3zXvW1oPDAXafUs1AHklJdBOWxU-9zqW3QhzLEYlRUXF-x9k2wGavSzTFaFtvcq0811qzRh0jEeZWLZdZ3&__tn__=%2CP-R,"Theo Điều 206 Luật Doanh nghiệp 2020, việc tạm ngừng kinh doanh không yêu cầu phải cập nhật địa chỉ trước. Tuy nhiên, theo Điều 31, khi địa chỉ trụ sở chính thay đổi do sáp nhập địa giới hành chính, doanh nghiệp phải thông báo thay đổi trong thời hạn quy định. Thực tế, một số Sở KHĐT/Sở TC yêu cầu cập nhật địa chỉ trước khi thực hiện các thủ tục khác để đảm bảo tính thống nhất của hồ sơ. Nên liên hệ trực tiếp với Sở để xác nhận yêu cầu cụ thể.","Điều 31 Luật Doanh nghiệp 2020
Điều 206 Luật Doanh nghiệp 2020",59-2020-QH14:d31;59-2020-QH14:d206
58,"Loại 7: Thay đổi ĐKKD - Địa chỉ, tên, ngành nghề",Các bác cho e hỏi cty mẹ có 25 ngành nhưng 20 ngành k thay đổi theo qđ 36. E thành lập địa điểm kinh doanh lấy 20 ngành đó thì vẫn được hay vẫn phải thay đổi cty mẹ trước ạ (cty mẹ e đã cập nhật địa chỉ địa giới r),https://www.facebook.com/groups/thanhlapcongtygiare/posts/2250544905428949/?__cft__[0]=AZYtZYlQRqY4VHaGeMlWDmW8dhw4Y8aWy0cuqXLUil7sXP45xJgBQIrRTnEWQlRICEf4Uns4Y9XkHhJBNva5hzaNAnN3hwz_cfWP2gWAWP9OFpoH6z5s7pH8Jq6LaVLYJlyFssxleKQrVwdqAurDny7GwWbt7Bq97C3JYxYYkROvcPsQcqbZnvyh7A-IqH0o9x42mRz0owtUfOTxygTw6xmj&__tn__=%2CP-R,"Theo Điều 44, 45 Luật Doanh nghiệp 2020, địa điểm kinh doanh là nơi doanh nghiệp tiến hành hoạt động kinh doanh cụ thể. Ngành nghề kinh doanh của địa điểm kinh doanh phải nằm trong phạm vi ngành nghề đã đăng ký của công ty mẹ. Nếu công ty mẹ có những ngành nghề chưa cập nhật theo quy định mới (QĐ 36), về nguyên tắc nên cập nhật ngành nghề của công ty mẹ trước để đảm bảo tính hợp lệ và thống nhất của hồ sơ.","Điều 44 Luật Doanh nghiệp 2020
Điều 45 Luật Doanh nghiệp 2020",59-2020-QH14:d44;59-2020-QH14:d45
59,"Loại 7: Thay đổi ĐKKD - Địa chỉ, tên, ngành nghề","Mọi người ơi cho mình hỏi, cty mình muốn đổi địa chỉ mới nhưng địa chỉ đó không có số nhà, mình có xin giấy xác nhận của ủy ban thì họ có trả giấy xác nhận là đất trồng cây lâu năm thì cty mình làm hồ sơ thay đổi địa chỉ trụ sở chính trên thửa đất đó được không nhỉ",https://www.facebook.com/groups/thanhlapcongtygiare/posts/2250302472119859/?__cft__[0]=AZYGR7nkvsKAfE1ENWF6V3omPM5GFotPt3t8mLtQ8qu5mdUa31cVXgv7WitlKfgYZVu2D_yrC9hwV6k4vXhWyLO40gbCSM00X82aasy6IaC1XGHsVm5TDNGnTLoELtzkevSqNHePkUFxfwnvop5fRkNTkCmAysrI-q5iJ0lePCSEFqWrbRp3YJ7MpCo_s9gIuf0&__tn__=%2CP-R,"Theo Điều 31 Luật Doanh nghiệp 2020, trụ sở chính của doanh nghiệp phải đặt trên lãnh thổ Việt Nam, là địa chỉ liên lạc của doanh nghiệp và được xác định theo địa giới hành chính. Việc đặt trụ sở trên đất trồng cây lâu năm có thể gặp vấn đề về mục đích sử dụng đất theo quy định pháp luật đất đai. Doanh nghiệp cần xem xét quy hoạch sử dụng đất và có thể cần xin chuyển đổi mục đích sử dụng đất hoặc tìm địa chỉ khác phù hợp.",Điều 31 Luật Doanh nghiệp 2020,59-2020-QH14:d31
60,"Loại 2: Loại hình doanh nghiệp - TNHH, Cổ phần, Hợp danh, DNTN","Cho em hỏi chuyển đổi từ công ty CP sang cty TNHH 2 Tv thủ tục v đủ chưa anh chị, hic em cảm ơn ạ
· 01. MẪU 03
· 02. QUYẾT ĐỊNH ĐẠI HỘI ĐỒNG CỔ ĐÔNG
· 03. BB HỌP ĐẠI HỘI ĐỒNG CỔ ĐÔNG
· 04. HĐ CHUYỂN NHƯỢNG CỔ PHẦN
· 05. GIẤY ỦY QUYỀN
· 06. MẪU SỐ 06
· 07. MẪU SỐ 10",https://www.facebook.com/groups/thanhlapcongtygiare/posts/2249753145508125/?__cft__[0]=AZZTPAi0RdSR6uesEPdl7kZdNi5wvakwpHdoCO3ena760iHCr_UHl3DjVx7VeP5xNIYyAUhkJHyx_k9XONGZP_jE391BpGBv6hucRq4OfJwAvQKW_oP51DjYmNCc6fLWH8xUv7qlu4FYcoWJdBixbYICoSyEByxEc9b12GbIC66YQptpuxg2o_1Zxyl6klRVoSwq14IOuFgTzT_LcT_ZOVBD&__tn__=%2CP-R,"Theo Điều 203 Luật Doanh nghiệp 2020, công ty cổ phần có thể chuyển đổi thành công ty TNHH hai thành viên trở lên. Hồ sơ chuyển đổi bao gồm: Giấy đề nghị đăng ký doanh nghiệp, Quyết định của Đại hội đồng cổ đông về việc chuyển đổi, Biên bản họp Đại hội đồng cổ đông, Điều lệ công ty chuyển đổi, Danh sách thành viên. Hợp đồng chuyển nhượng cổ phần cần thiết nếu có chuyển nhượng, và các giấy tờ chứng thực cá nhân của thành viên mới (nếu có).",Điều 203 Luật Doanh nghiệp 2020,59-2020-QH14:d203
61,"Loại 3: Vốn điều lệ - Góp vốn, tăng/giảm vốn, vốn pháp định","Góp vốn từ lợi nhuận sau thuế của công ty, hồ sơ bao gồm những gì ạ?",https://www.facebook.com/groups/thanhlapcongtygiare/posts/2249079665575473/?__cft__[0]=AZbp39YanLjgMOfgXFYJ7o7Ke0inHmp8rCkL_VbBktngoJ9avGGB3fe_wukT1l0vwl_DnbHaFcXq8gIGA1vZ7tDVez-CCxNDZ3JQqb87F68cRINNBG9d0oLR37yRAIwHFmvrN019pmz6m3Z2vL10eA4DTGuMUuDIpbjNdVX_mS9ROH_syy0h3lEawzrevN2TKD2LJiLf7ouFyMGBITgafRWT&__tn__=%2CP-R,"Theo Điều 35, 68 Luật Doanh nghiệp 2020, tài sản góp vốn có thể là tiền Việt Nam, ngoại tệ tự do chuyển đổi, vàng, quyền sử dụng đất, quyền sở hữu trí tuệ, công nghệ, bí quyết kỹ thuật và các tài sản khác có thể định giá được. Khi góp vốn bằng lợi nhuận sau thuế (được chuyển thành vốn góp), cần có: Quyết định của Hội đồng thành viên/chủ sở hữu về việc tăng vốn điều lệ, Biên bản họp, Hồ sơ đăng ký thay đổi vốn điều lệ theo Điều 30, 31.","Điều 30 Luật Doanh nghiệp 2020
Điều 31 Luật Doanh nghiệp 2020
Điều 35 Luật Doanh nghiệp 2020
Điều 68 Luật Doanh nghiệp 2020",59-2020-QH14:d30;59-2020-QH14:d31;59-2020-QH14:d35;59-2020-QH14:d68
62,"Loại 7: Thay đổi ĐKKD - Địa chỉ, tên, ngành nghề","Các anh chị cho em hỏi với ạ.
Em làm hồ sơ đổi địa chỉ cho DN theo địa chỉ sau sát nhập thì có phải tích vào phần Cập nhật địa chỉ nhân thông báo thuế luôn ko ạ? Và có phải nộp bổ sung danh sách CSH hưởng lợi ko ạ?
Em cảm ơn ạ.",https://www.facebook.com/groups/thanhlapcongtygiare/posts/2248757268941046/?__cft__[0]=AZboywQrWVWsmxl-rUmeZSCtxG0S25Ha-gai2it0M1XuUD0GoSbDba9NSDvedqnjylgExveyQ6YRUHbNVQkL7txsJjJ4xs_mKO4irlG9DUfKy3iEB0aQpSXS_jREnbcr-liCnXF2dFOO0OVOVB78sHPnNkbMnZ_bF9ZZjiPdW9SCcQDPrmBWiY2ORpc5tfGtkGM&__tn__=%2CP-R,"Theo Điều 31 Luật Doanh nghiệp 2020, khi thay đổi địa chỉ trụ sở chính do sáp nhập địa giới hành chính, doanh nghiệp phải đăng ký thay đổi nội dung đăng ký doanh nghiệp. Về việc cập nhật địa chỉ nhận thông báo thuế, nên tích chọn để đảm bảo thông tin thống nhất. Về danh sách chủ sở hữu hưởng lợi, đây là quy định của Nghị định 116/2020/NĐ-CP về phòng chống rửa tiền, không nằm trong Luật Doanh nghiệp 2020.",Điều 31 Luật Doanh nghiệp 2020,59-2020-QH14:d31
63,"Loại 2: Loại hình doanh nghiệp - TNHH, Cổ phần, Hợp danh, DNTN","Anh, chị cho em hỏi, em muốn chuyển đổi loại hình DN từ cty TNHH 2TV sang cty TNHH 1TV + thay đổi địa chỉ trụ sở, thành phần hồ sơ gồm:
- Giấy đề nghị DKDN - mẫu số 2
- Điều lệ cty
- Hợp đồng chuyển nhượng
- QĐ hội đồng thành viên",https://www.facebook.com/groups/thanhlapcongtygiare/posts/2247404972409609/?__cft__[0]=AZamxE-SykZqPGEkd-jDAL8cfVyU5xQejhWSS0gXP_8r-ThO8iVKl0KdluBMaQvZsMSoa5DJgbHjEBieS-ot6V0Gtv4OZJSV-tAmk9W_fe98xy_rO6NCk_o7urdn53ni4d6IeZldAo_0siueAMBbPGUHuPEuTG-veL9zUmdJfUSXVZWrZpdMBoEbifHGYP2m4cQNSHboUhlMvJqPrGga5a5E&__tn__=%2CP-R,"Theo Điều 203 và Điều 31 Luật Doanh nghiệp 2020, việc chuyển đổi công ty TNHH 2TV sang 1TV kết hợp thay đổi địa chỉ cần hồ sơ: Giấy đề nghị đăng ký doanh nghiệp, Quyết định của Hội đồng thành viên về việc chuyển đổi, Biên bản họp Hội đồng thành viên, Hợp đồng chuyển nhượng phần vốn góp, Điều lệ công ty chuyển đổi, và các giấy tờ chứng thực cá nhân của chủ sở hữu mới. Hồ sơ liệt kê cơ bản đã đủ, tuy nhiên cần bổ sung Biên bản họp HĐTV.","Điều 31 Luật Doanh nghiệp 2020
Điều 203 Luật Doanh nghiệp 2020",59-2020-QH14:d31;59-2020-QH14:d203
64,"Loại 7: Thay đổi ĐKKD - Địa chỉ, tên, ngành nghề","Dạ anh, chị cho cho em hỏi 1 vấn đề là em làm chấm dứt chi nhánh của công ty mà đăng ký kinh doanh của chi nhánh chưa cập nhật CMND của người đứng đầu lên CCCD thì có phải cập nhật lên trước không ạ. Em cảm ơn ạ",https://www.facebook.com/groups/thanhlapcongtygiare/posts/2248041649012608/?__cft__[0]=AZbQLvOgtZ7Di2zOI8_3xOfryb-Hp0XhgVjP2Z9olecsyKG4Aupwcrnzw6vM6C5ryxsRE5Se2RaILsB3BEh5x0jhGrYzq03t8HKKfGNf2rjuoLHIJT4Wwb9D6qPY1vFV2KIFwVG9THL8lPULcH3CniwEGVlRmlv9Cx8XW9-ByfWlGkGYkRAR4Sn_LjGUhD5LuP5V5IxxtgJOVjg8w-pjV3wm&__tn__=%2CP-R,"Theo Điều 45 Luật Doanh nghiệp 2020 về chấm dứt hoạt động chi nhánh, việc chấm dứt không yêu cầu bắt buộc phải cập nhật thông tin CCCD của người đứng đầu trước. Tuy nhiên, thực tế một số Sở có thể yêu cầu hồ sơ có thông tin cập nhật. Theo Điều 30, 31, doanh nghiệp có trách nhiệm cập nhật thông tin khi có thay đổi. Nên kiểm tra yêu cầu cụ thể của Sở KHĐT tại địa phương.","Điều 30 Luật Doanh nghiệp 2020
Điều 31 Luật Doanh nghiệp 2020
Điều 45 Luật Doanh nghiệp 2020",59-2020-QH14:d30;59-2020-QH14:d31;59-2020-QH14:d45
65,"Loại 6: Giải thể & Phá sản - Thủ tục, thanh toán nợ, tạm ngưng",Hồ sơ tạm ngừng của em trạng thái đang treo thì phải xử lý như nào để hết treo vậy ạ,https://www.facebook.com/groups/thanhlapcongtygiare/posts/2247424392407667/?__cft__[0]=AZZVPpmI_fjtLqvTNTGk6ZEKz84w4I4hZ1lP9tdflE4-aafKsMy1841Ui_zGIurYHwC_rUmUYUWTxufLkVdvv6YgZ98zGO-rTWiQ2tYcJqwIpxzAgdqx6WAqHhtIlMTDVbGSPJZJBWdcgKCZT_vgaV4FmPVbj0zNvFzDIopV-hS2Z1gsVzFrKLJjBC8RUt9AYh5n5XiJR4yAyPpX9wJzyylBOXXOcSfxOvk3qQ8zYX_Cug&__tn__=%2CP-R,"Theo Điều 206 Luật Doanh nghiệp 2020, hồ sơ tạm ngừng kinh doanh được xử lý trong vòng 3 ngày làm việc. Nếu hồ sơ bị 'treo' (chưa được xử lý), có thể do: hồ sơ chưa đầy đủ/hợp lệ, chờ bổ sung thông tin, hoặc do lỗi hệ thống. Doanh nghiệp nên: (1) Kiểm tra trạng thái chi tiết trên hệ thống, (2) Liên hệ hotline hoặc chuyên viên xử lý hồ sơ tại Sở KHĐT, (3) Nộp lại hồ sơ mới nếu cần thiết.",Điều 206 Luật Doanh nghiệp 2020,59-2020-QH14:d206
66,"Loại 6: Giải thể & Phá sản - Thủ tục, thanh toán nợ, tạm ngưng","Hi các anh chị,
Em đã đăng ký tạm ngừng hoạt động được rồi
Nhưng em chưa thể nhận kết quả bản điện tử qua email được
Các anh chị đã nhận bản điện tử rồi cho em xin hướng dẫn với ạ
Em cảm ơn nhà mình nhiều",https://www.facebook.com/groups/thanhlapcongtygiare/posts/2246571735826266/?__cft__[0]=AZYz2m0TFab7WLB-bCo_f9bVHQ0vYJKz2dwEjJ5nHapXlVW5N32jUq89xDy_I6KAjf_rVBgN9k2gC8uEBmbV74ZOvkmww2L_oUtNrtd8qQz1Pk5NjqXDFqZ0kvADxQ_Ah6f-OyqRhYsAzsnKZPBJTl5xSqj02AnDkOa1Nh3Fz1t1sizyqglBKexTONyS1q5ig-4&__tn__=%2CP-R,"Theo Điều 206 Luật Doanh nghiệp 2020, sau khi được chấp thuận tạm ngừng kinh doanh, Cơ quan đăng ký kinh doanh cấp Giấy xác nhận. Kết quả điện tử thường được gửi qua email đăng ký hoặc có thể tải trực tiếp từ Cổng thông tin quốc gia về đăng ký doanh nghiệp (dangkykinhdoanh.gov.vn) bằng cách đăng nhập tài khoản và vào mục 'Tra cứu kết quả' hoặc 'Hồ sơ của tôi'.",Điều 206 Luật Doanh nghiệp 2020,59-2020-QH14:d206
67,"Loại 6: Giải thể & Phá sản - Thủ tục, thanh toán nợ, tạm ngưng",Dạ tạm ngừng hoạt động công ty 2 thành viên hồ sơ cần biên bản họp hội đồng thành viên không ạ. Nhờ anh chị hỗ trợ giúp. Em cảm ơn ạ,https://www.facebook.com/groups/thanhlapcongtygiare/posts/2249691992180907/?__cft__[0]=AZY2A4jne3bqD3p2LnF-cavslFl9B3ibpFbkTXYmh3rxk_rcLmkiCHs7ncJ8xMwbIKoTtiprOgzymwRppdaZxj7VTaPeK2AsJEZslulFQmO6BmejHsqxrPg7TIBXmoydYAjPzc3vY-sQXl2XEIBZwAZ5-z3jQ9y_c7EH1GRHG0Xl5fXAglBE7BGuTKv9yECORyQuwMGxqw2_QeWu2aoPWhSh&__tn__=%2CP-R,"Theo Điều 59 và Điều 206 Luật Doanh nghiệp 2020, việc tạm ngừng kinh doanh thuộc thẩm quyền quyết định của Hội đồng thành viên trong công ty TNHH hai thành viên trở lên. Do đó, hồ sơ tạm ngừng cần bao gồm: (1) Thông báo tạm ngừng kinh doanh, (2) Quyết định của Hội đồng thành viên về việc tạm ngừng, (3) Biên bản họp Hội đồng thành viên. Biên bản họp HĐTV là cần thiết để chứng minh việc quyết định được thông qua hợp lệ.","Điều 59 Luật Doanh nghiệp 2020
Điều 206 Luật Doanh nghiệp 2020",59-2020-QH14:d59;59-2020-QH14:d206
68,"Loại 7: Thay đổi ĐKKD - Địa chỉ, tên, ngành nghề","Chào mọi người ạ, em đang làm đăng ký thay đổi ngành nghề kinh doanh, hiện bên em cần đăng ký mục sàn giao dịch bất động sản thì em sẽ note chi tiết ""sàn giao dịch bất động sản"" vào mã ngành 6829 - Hoạt động bất động sản khác trên cơ sở phí và hợp đồng có được không ạ? Hay sẽ note phần chi tiết ""sàn giao dịch bất động s",https://www.facebook.com/groups/thanhlapcongtygiare/posts/2249549662195140/?__cft__[0]=AZY5AIFioYz3shWGt1G-xfoFNi2GXRqzeaKj9AXpoRxkkEaw_o7uwRzsM_U0IWulneHvSt3-cypqYP_4IbM8eSjvpazPVresTJMbM82RpSlb_XrkHiX9K_VgO_u8JK1hm_O7mlDxbXXeR8X8n0HgUdelYXD3if7twrsZ5Ep76lcnANogk8l0KT4oLSfx0UnhdTkBrwveZFOViGVmhRbpjhTs&__tn__=%2CP-R,"Theo Điều 7, 29 Luật Doanh nghiệp 2020, doanh nghiệp có quyền tự do kinh doanh ngành, nghề mà pháp luật không cấm và phải đăng ký ngành, nghề kinh doanh. Ngành nghề kinh doanh được ghi theo Hệ thống ngành kinh tế Việt Nam và có thể ghi chi tiết ngành nghề trong phạm vi mã ngành cấp 4. Đối với sàn giao dịch bất động sản, có thể note vào mã ngành 6820 hoặc 6829 tùy theo hoạt động cụ thể. Nên tham khảo Quyết định 27/2018/QĐ-TTg về hệ thống ngành kinh tế Việt Nam.","Điều 7 Luật Doanh nghiệp 2020
Điều 29 Luật Doanh nghiệp 2020",59-2020-QH14:d7;59-2020-QH14:d29
69,"Loại 1: Thành lập doanh nghiệp - Thủ tục, điều kiện, hồ sơ thành lập","Mn ơi, mình muốn thành lập công ty, ngành nghề kinh doanh muốn cho cả mã ngành kho bãi (kho ở mảnh đất khác k có sổ hay giấy tờ) liệu có đăng ký đc k ạ, như thế thì thuế hay thị trường đi kiểm tra có sao không",https://www.facebook.com/groups/thanhlapcongtygiare/posts/2249550442195062/?__cft__[0]=AZZNK_1qe7aW5sU6rxwJtP19u1rzuztEuXtxSvjupSifzzgpp-4PFu4Jdur050By1ICQEziO4u0HBqsVzWwYx0EZ5iWf_b8BnJc4Jqcd7AQFPqHeEcfQeFlTTRgocI9ZI5ulDzcuSQRJJfpPEoteHUzI-hXlbM5zkZkUCdfyu-JfzU-8OHi5EhhCOhMbl5C-ljH6tMw2kUKLaa6QER6lvT_K&__tn__=%2CP-R,"Theo Điều 22, 29 Luật Doanh nghiệp 2020, doanh nghiệp có thể đăng ký bất kỳ ngành nghề nào pháp luật không cấm. Việc đăng ký ngành nghề kho bãi là được phép. Tuy nhiên, khi thực tế hoạt động kho bãi, doanh nghiệp cần có địa điểm kinh doanh hợp pháp (Điều 44, 45). Kho ở mảnh đất không có giấy tờ có thể gặp vấn đề khi cơ quan thuế hoặc quản lý thị trường kiểm tra tính hợp pháp của địa điểm kinh doanh thực tế.","Điều 22 Luật Doanh nghiệp 2020
Điều 29 Luật Doanh nghiệp 2020
Điều 44 Luật Doanh nghiệp 2020
Điều 45 Luật Doanh nghiệp 2020",59-2020-QH14:d22;59-2020-QH14:d29;59-2020-QH14:d44;59-2020-QH14:d45
70,"Loại 5: Hộ kinh doanh - Đăng ký, thay đổi, chuyển đổi HKD","Anh chị nào đã chuyển từ hộ lên cty cho e xin kinh nghiệm với. Có khó kg ạ. Dịch vụ ntn. E ở Bình Tân HCM
Anh chị nào đã chuyển từ hộ lên cty cho e xin kinh nghiệm với. Có khó kg ạ. Dịch vụ ntn. E ở Bình Tân HCM",https://www.facebook.com/groups/thanhlapcongtygiare/posts/2249569768859796/?__cft__[0]=AZY5Olb1M3yEh5lT8X1apExxIJJKqXmeMLl-eE-oWxsf2gi_ryrTPoaTJaHrkla-vjdmth5Hg-XHYn619EYq28ch-9jShNNX5U_TG6DIlK-aSYerNDtYx17Pi3kmAze_zLSJX5u1ZJeAVKXksRCRTISPbgo-XWBcIdC1hRSqsqiB5IgmbkgbdGjE82Pg75blGt7RfU1cxlS3S8It--E63HgH&__tn__=%2CP-R,"Theo Điều 199 Luật Doanh nghiệp 2020, hộ kinh doanh có thể chuyển đổi thành công ty TNHH, công ty cổ phần hoặc công ty hợp danh. Công ty chuyển đổi được kế thừa các quyền, nghĩa vụ của hộ kinh doanh. Hồ sơ cần chuẩn bị bao gồm: Giấy đề nghị đăng ký doanh nghiệp, bản cam kết hoàn tất thủ tục chấm dứt hộ kinh doanh, điều lệ công ty và các giấy tờ liên quan khác. Quy trình không phức tạp nếu hồ sơ đầy đủ.",Điều 205 Luật Doanh nghiệp 2020,59-2020-QH14:d205
71,"Loại 6: Giải thể & Phá sản - Thủ tục, thanh toán nợ, tạm ngưng","Công ty đang tạm ngưng hoạt động em muốn hđ trở lại và thay đổi đại diện thì có làm chung 1 lần được không ạ
Công ty đang tạm ngưng hoạt động em muốn hđ trở lại và thay đổi đại diện thì có làm chung 1 lần được không ạ",https://www.facebook.com/groups/thanhlapcongtygiare/posts/2249668205516619/?__cft__[0]=AZY8-zHfm8UQjzQARQR5fbXatcS0n-qkbNRwHsvMtG4HFYCJN7IYCkaMVHzZmsksv4nOQ4Xtfpf4NTrOvY-6mRQhKVkIOrhbcAr-c90DHaGGENl6gdEnJ7_ePNjrbLamnKop5CyKP3c0rEkOmbvgJhhgJkkM9rVPwPTSaQBgIqmeffwqgSL7VHjlFz0fvmlCVD6GLn6VVPm73CUUVcww398p&__tn__=%2CP-R,"Theo Điều 206 và Điều 30, 31 Luật Doanh nghiệp 2020, doanh nghiệp có thể kết hợp thủ tục hoạt động trở lại sau tạm ngừng với thay đổi người đại diện theo pháp luật trong cùng một hồ sơ. Hồ sơ cần bao gồm: (1) Thông báo tiếp tục kinh doanh trước thời hạn đã đăng ký, (2) Thông báo thay đổi người đại diện theo pháp luật, (3) Các giấy tờ kèm theo như quyết định, biên bản họp và giấy tờ chứng thực cá nhân của người đại diện mới.","Điều 30 Luật Doanh nghiệp 2020
Điều 31 Luật Doanh nghiệp 2020
Điều 206 Luật Doanh nghiệp 2020",59-2020-QH14:d30;59-2020-QH14:d31;59-2020-QH14:d206
72,"Loại 3: Vốn điều lệ - Góp vốn, tăng/giảm vốn, vốn pháp định","Vốn nhỏ thành lập CTY TNHH được không các bác. Em chủ yếu làm nhân công dv
Vốn nhỏ thành lập CTY TNHH được không các bác. Em chủ yếu làm nhân công dv",https://www.facebook.com/groups/thanhlapcongtygiare/posts/2248997638917009/?__cft__[0]=AZalYt_p_iGQDKIo2aSn9C4-YxCVR-VXZ-vuuYuYdacJdwdvy1nAu5IqGKrYBqMdprrC3MhBq-uyvNyP_ZCTqVjxovmyvXq7zAZuApBIPgpZNaMPaMt6oeIv2Ag4Ax-ZcTuvzNd958JVrzCAUK7FTUg72woDua7yHSJTs_6nAC0NXCRe948AKCBDzLJAKbjNe9n064KS2V1j-ibJw58QH_dh&__tn__=%2CP-R,"Theo Điều 46, 47 Luật Doanh nghiệp 2020, không có quy định về mức vốn điều lệ tối thiểu cho công ty TNHH (trừ một số ngành nghề kinh doanh có điều kiện yêu cầu vốn pháp định). Doanh nghiệp có thể đăng ký vốn điều lệ theo khả năng tài chính thực tế. Tuy nhiên, vốn điều lệ phải góp đủ trong vòng 90 ngày kể từ ngày được cấp Giấy chứng nhận đăng ký doanh nghiệp (Điều 47). Dịch vụ nhân công không yêu cầu vốn pháp định.","Điều 46 Luật Doanh nghiệp 2020
Điều 47 Luật Doanh nghiệp 2020",59-2020-QH14:d46;59-2020-QH14:d47
73,"Loại 3: Vốn điều lệ - Góp vốn, tăng/giảm vốn, vốn pháp định","Cho e hỏi ở Hà Nội tăng vốn điều lệ có cần chứng minh góp vốn k ạ
Cho e hỏi ở Hà Nội tăng vốn điều lệ có cần chứng minh góp vốn k ạ",https://www.facebook.com/groups/thanhlapcongtygiare/posts/2247462142403892/?__cft__[0]=AZZWjXl77WEOpAMqNpYBTF7kekL5Mz4Zq-UDmqNKm7PGxWtaX_3sm_6hLWTkPbT8OL8pZg370EuMHsmrP0xNiHJlCtX4BFWYPSudEhQFTPxIv2RFKXI_hsfznG8ihG_kTUkr07wXmr_H__D8Z64ZY_KQhYM_cGDvoYpDTXEHOPvWUbKabPZJSHlC0-plj4PW4isC6Pq4xzEfVjRDUL6_kY2L&__tn__=%2CP-R,"Theo Điều 68 và Điều 47 Luật Doanh nghiệp 2020, khi tăng vốn điều lệ, thành viên hoặc cổ đông có thể góp vốn bằng tiền hoặc tài sản khác. Việc thanh toán phần vốn góp phải được xác nhận bằng biên bản ghi nhận việc góp vốn. Tuy nhiên, Luật không bắt buộc phải chứng minh nguồn gốc tiền góp vốn khi đăng ký tăng vốn điều lệ. Hồ sơ đăng ký tăng vốn chỉ cần Thông báo thay đổi nội dung đăng ký doanh nghiệp và Quyết định/Biên bản họp về việc tăng vốn.","Điều 47 Luật Doanh nghiệp 2020
Điều 68 Luật Doanh nghiệp 2020",59-2020-QH14:d47;59-2020-QH14:d68
74,"Loại 2: Loại hình doanh nghiệp - TNHH, Cổ phần, Hợp danh, DNTN","Dạ anh chị cho em hỏi, em đang chuyển đổi loại hình từ công ty TNHH 2 TV thành công ty TNHH 1 TV + thay đổi địa chỉ doanh nghiệp thì mình chỉ cần điền Mẫu 2 thôi đúng không ạ?
Mình có cần thêm các hồ sơ gì khác không ạ?",https://www.facebook.com/groups/thanhlapcongtygiare/posts/2247357655747674/?__cft__[0]=AZYjAY7J4MSdH9JO5JQCbbncx7BWZADwA6AD2Yd9PA96PbMIhZ-kaebFLS5gGrjB6oIXo2JbeWzYydCDdaU2b27UKQBfwsEhKwicxy92WZ9LCdMzYtBKvBYOt5QC7GooT0NPJ4YbGHjGga_cnFnxd6wj1f-7tCNv2zJhjaZIaTDXcsRwfZPOI6gqJy7xcYsXZ-o&__tn__=%2CP-R,"Theo Điều 199 và Điều 206 Luật Doanh nghiệp 2020, khi chuyển đổi từ công ty TNHH 2 thành viên sang công ty TNHH 1 thành viên đồng thời thay đổi địa chỉ, cần nộp hồ sơ chuyển đổi loại hình doanh nghiệp gồm: (1) Giấy đề nghị đăng ký doanh nghiệp (Mẫu theo quy định); (2) Điều lệ công ty TNHH 1 thành viên; (3) Hợp đồng chuyển nhượng phần vốn góp hoặc các giấy tờ chứng minh việc hoàn tất chuyển nhượng; (4) Bản sao giấy tờ pháp lý cá nhân của chủ sở hữu mới. Thay đổi địa chỉ có thể ghi chung trong hồ sơ chuyển đổi.","Điều 52 khoản 3 Luật Doanh nghiệp 2020
Điều 31 Luật Doanh nghiệp 2020",59-2020-QH14:d52:k3;59-2020-QH14:d31
75,"Loại 7: Thay đổi ĐKKD - Địa chỉ, tên, ngành nghề",Anh chị cho e hỏi ạ. Em nộp hồ sơ thay đổi địa chỉ công ty. Nay nhận được thông báo từ chối hô sơ ( yêu cầu nộp lại hồ sơ chứ không được bổ sung). Nếu nộp lại có bị chậm nộp không ạ ( quá 10 ngày kể từ Quyết định thay đổi địa chỉ) . Ngày trên Quyết định là 9/12 ạ.,https://www.facebook.com/groups/thanhlapcongtygiare/posts/2246417365841703/?__cft__[0]=AZYFPawiPAveZRNZbKQG3rIRapq1ge_1lIdx7V3iSedB_wyV8dW-FVPMZF0z-hnS2rNhudYYyMPRB5DE_DPvag2hvwd8VazB3ZvuyHg8uv-C36HVU-NZgYckPpiV1yEHHymvXYbpvu4gxFdLFDEOeWFMzjFCRISOUvEMZrxJ5-v7ey70iCLpNw0lqNFb-gCL9FIEli0hgK_h8FqF-qW3K2oP&__tn__=%2CP-R,"Theo Điều 31 Luật Doanh nghiệp 2020, doanh nghiệp phải thông báo thay đổi nội dung đăng ký doanh nghiệp trong thời hạn 10 ngày kể từ ngày có thay đổi. Tuy nhiên, thời hạn này được tính từ ngày có quyết định thay đổi đến ngày nộp hồ sơ hợp lệ. Nếu hồ sơ bị từ chối và phải nộp lại, ngày nộp hồ sơ lần đầu vẫn được tính là ngày doanh nghiệp thực hiện thông báo, miễn là hồ sơ ban đầu được nộp trong thời hạn. Vì vậy, việc nộp lại hồ sơ sau khi bị từ chối không bị coi là chậm nộp nếu lần nộp đầu tiên trong thời hạn 10 ngày.",Điều 31 Luật Doanh nghiệp 2020,59-2020-QH14:d31
76,"Loại 3: Vốn điều lệ - Góp vốn, tăng/giảm vốn, vốn pháp định","Anh chị ơi, cho em hỏi chút ạ. Khi tăng vốn bằng hình thức chuyển khoản vào TK công ty( CSH chuyển tiền vào TK cty). Thì giấy tờ chứng minh góp đủ vốn khi làm hồ sơ tăng vốn điều lệ có thể là sao kê online có dấu điện tử của ngân hàng được không ạ? Hay là phải xin ngân hàng xác nhận bằng văn bản ạ? Hay còn cách nào khác không ạ? Em cảm ơn Anh, chị nhiều ạ!",https://www.facebook.com/groups/thanhlapcongtygiare/posts/2244973445986095/?__cft__[0]=AZY9al6eYk3dSBPELjTIo9EAvHl6ldfgvyYENMGPGsqzo8O94ycRedkh1YPUQ9YbFOZc1Sor18DsD68ZvX-axgwQ1HfanyTdNmQJd6ZI9PqhaaQb3sHP9qMLAPoToLJJzB5Lx00nRGbH0NF870-mZVN1Rt5MNyc1qVTWiu0WJuzD_vbHhclCPYJLpQeX3l48X_vawn_hI112144tALgSNRIB&__tn__=%2CP-R,"Theo Điều 47 và Điều 68 Luật Doanh nghiệp 2020, việc góp vốn vào công ty phải được xác nhận bằng biên bản góp vốn do công ty lập. Luật không quy định cụ thể về hình thức chứng từ chứng minh nguồn tiền góp vốn khi đăng ký tăng vốn điều lệ. Hồ sơ đăng ký tăng vốn chỉ yêu cầu Thông báo thay đổi và Quyết định/Biên bản họp về việc tăng vốn, không bắt buộc phải nộp chứng từ ngân hàng. Sao kê có chữ ký số của ngân hàng có giá trị pháp lý tương đương văn bản giấy theo quy định pháp luật về giao dịch điện tử.","Điều 47 Luật Doanh nghiệp 2020
Điều 68 Luật Doanh nghiệp 2020",59-2020-QH14:d47;59-2020-QH14:d68
77,"Loại 2: Loại hình doanh nghiệp - TNHH, Cổ phần, Hợp danh, DNTN","Dạ em đang chuyển đổi loại hình từ công ty TNHH 2 TV thành công ty TNHH 1 TV, trong Mẫu 2 em đã điền thông tin mã ngành mới theo Quyết định 36, vậy em có cần làm hồ sơ cập nhật mã ngành nữa không ạ ? (cần nộp thêm tbao thay đổi ngành nghề khi làm thủ tục chuyển đổi).",https://www.facebook.com/groups/thanhlapcongtygiare/posts/2243985129418260/?__cft__[0]=AZYNpasCVWzlHNWMaGyLvY6x73TJ6GpWDYPn7YO0QP1pAmdI3YTt5GcNXH4bHZqtU8MhMhqTkELCrEQO5exkBHBYuBrvpeyJPqjqnyra4TkAxPqcGRBv8PyPtmHurtvMUJGOjVtGu1HqblUWd4rJxu7c_Ii38o3GxPyk2Pq1ac7y_HtuTR34rT-HkjCt-SzbVGk&__tn__=%2CP-R,"Theo Điều 7 và Điều 199, 206 Luật Doanh nghiệp 2020, khi chuyển đổi loại hình doanh nghiệp, bạn có thể gộp việc cập nhật mã ngành nghề kinh doanh vào cùng hồ sơ chuyển đổi. Nếu trong Mẫu đăng ký đã điền đầy đủ thông tin mã ngành mới theo Quyết định 36, bạn không cần nộp thêm thông báo thay đổi ngành nghề riêng. Việc cập nhật mã ngành sẽ được thực hiện đồng thời khi cấp Giấy chứng nhận đăng ký doanh nghiệp mới cho loại hình công ty TNHH 1 thành viên.","Điều 52 khoản 3 Luật Doanh nghiệp 2020
Điều 31 Luật Doanh nghiệp 2020",59-2020-QH14:d52:k3;59-2020-QH14:d31
78,"Loại 7: Thay đổi ĐKKD - Địa chỉ, tên, ngành nghề","Em nhờ các anh chị tư vấn giúp em trường hợp em bổ sung ngành nghề kinh doanh nhưng hệ thống cứ báo là một số mã ngành đã đăng ký trước đây bị thay đổi/xoá theo quyết định 36/2025QĐ-Ttg thì em có phải đăng ký thông báo thay đổi mã ngành này không ạ và nếu đăng ký thay đỗi mã ngành cũ sang mã ngành mới thì sử dụng mẫu số mấy theo thông tư 68 về đăng ký kinh doanh ạ
Em cảm ơn ạ!",https://www.facebook.com/groups/thanhlapcongtygiare/posts/2241780002972106/?__cft__[0]=AZah2zOLazMjgJXofLunS0IKjZwp8kGYHIJv5-T-7s5scjDWdRSk-kqDE0mORlI3KNbKISPi8wHDnRrA40UMwS_tWswnKFPKj1TG3lT5CI4VSIcxFaPbiEVtHHmWyrvsmmJsN478PaMOQlfZIBA4cwuD_ALjSgweokIiLBybnHB2zkA1SfZI4fmF1XRwLVWSNGItz2r4-gkiUveiwBbcxD8F&__tn__=%2CP-R,"Theo Điều 7 và Điều 31 Luật Doanh nghiệp 2020, doanh nghiệp có quyền tự do kinh doanh trong những ngành, nghề mà pháp luật không cấm và phải thông báo thay đổi nội dung đăng ký doanh nghiệp khi có thay đổi. Khi mã ngành cũ bị thay đổi/xóa theo Quyết định 36, doanh nghiệp cần cập nhật sang mã ngành mới tương ứng. Việc này thực hiện bằng Thông báo thay đổi nội dung đăng ký doanh nghiệp theo quy định.","Điều 7 Luật Doanh nghiệp 2020
Điều 31 Luật Doanh nghiệp 2020",59-2020-QH14:d7;59-2020-QH14:d31
79,"Loại 3: Vốn điều lệ - Góp vốn, tăng/giảm vốn, vốn pháp định","Em chào các anh/chị ạ, em muốn hỏi 1 chút, mong mọi người giải đáp giúp em với
Công ty CP tăng vốn điều lệ thì nộp bản sao sổ đăng ký cổ đông là mình phải đi công chứng ạ anh chị, hay mình chỉ cần đánh là bản sao và in ký bth thôi ạ?",https://www.facebook.com/groups/thanhlapcongtygiare/posts/2240965096386930/?__cft__[0]=AZaLQSosGPKg0BXaX39f04eu0drt2ypPnYwwIYKxXQA_AHtnLExbUSDEJ7i7rYBKiaBj5exG55QmqvMrT3T9m4ZE7uVu1g3LqQmn-RwGeA40oocUOvCVNnnLfc1193mY_jBa558PL8lb6jRp5E_5R57KuYzY1eRw-6G5a_5pJ6mwOdd5MMw5zvAEvA_qqXGMXkc&__tn__=%2CP-R,"Theo Điều 122 và Điều 127 Luật Doanh nghiệp 2020, công ty cổ phần phải lập và lưu giữ sổ đăng ký cổ đông. Khi tăng vốn điều lệ, hồ sơ đăng ký thay đổi chỉ yêu cầu bản sao sổ đăng ký cổ đông, không bắt buộc phải công chứng. Bản sao do công ty tự đánh máy và ký xác nhận là đủ giá trị pháp lý để nộp hồ sơ đăng ký doanh nghiệp.","Điều 122 Luật Doanh nghiệp 2020
Điều 127 Luật Doanh nghiệp 2020",59-2020-QH14:d122;59-2020-QH14:d127
80,"Loại 2: Loại hình doanh nghiệp - TNHH, Cổ phần, Hợp danh, DNTN","Các bác cho em hỏi: sau khi chuyển đổi từ cty TNHH 1 thành viên sang CTy Cổ phần có cần ký lại toàn bộ hợp đồng cho CBCNV không ạ?
Các bác cho em hỏi: sau khi chuyển đổi từ cty TNHH 1 thành viên sang CTy Cổ phần có cần ký lại toàn bộ hợp đồng cho CBCNV không ạ?",https://www.facebook.com/groups/thanhlapcongtygiare/posts/2240927576390682/?__cft__[0]=AZb4uie3y4BFTQQzn2XjcEXnioXmI8-UtYrLE3aPgU9UPSR2yYlEvjSlwOD4MLoIOEY6kCZ54QDa_V-pRzQc1l1zL5qZCXUaNhVVA5944zabi8E7ApUYee_Enjr6l8aKfqHYqsF9zq9US3Qo0L-1947vkLd55AOEPGVPtJ-u3APNIFDK8Jp-gqcUJJhTwoU_Cq8bS6c2qtihQVv9x3G4rFqv&__tn__=%2CP-R,"Theo Điều 203 Luật Doanh nghiệp 2020, khi chuyển đổi từ công ty TNHH sang công ty cổ phần, công ty chuyển đổi đương nhiên kế thừa toàn bộ quyền, nghĩa vụ và lợi ích hợp pháp của công ty được chuyển đổi. Do đó, các hợp đồng lao động đã ký với CBCNV vẫn có hiệu lực và không cần ký lại. Tuy nhiên, cần làm phụ lục hợp đồng để cập nhật thông tin công ty mới (tên, mã số thuế).",Điều 203 Luật Doanh nghiệp 2020,59-2020-QH14:d203
81,"Loại 6: Giải thể & Phá sản - Thủ tục, thanh toán nợ, tạm ngưng","Mình đang làm huỷ MST mà giờ bắt sao kê tk cá nhân! muốn hủy giải thể. Để sang năm làm lại. Thì được ko ạ?
Mình đang làm huỷ MST mà giờ bắt sao kê tk cá nhân! muốn hủy giải thể. Để sang năm làm lại. Thì được ko ạ?",https://www.facebook.com/groups/thanhlapcongtygiare/posts/2243298116153628/?__cft__[0]=AZbtlYijkESssCrnPW910QvjCiM7O_XX6zey-z6Yd0XetKTXmGPg8i_5kIX_4bMI4rmZyZaCatRUMUSD_3sbNDzjHOuhDP71k0qZmuVy0-JIw1lDjGl4Xvp1EW-IBXO4pSOxpJhtQQznLwJ4vz08tQeYyfq8Omv2FVtsdot85HTx8c3BmhwbzUe8Zss5k4uao7E&__tn__=%2CP-R,"Theo Điều 207 và Điều 208 Luật Doanh nghiệp 2020, doanh nghiệp có thể hủy bỏ quyết định giải thể trước khi Cơ quan đăng ký kinh doanh cập nhật tình trạng pháp lý 'đã giải thể' trên Cơ sở dữ liệu quốc gia. Nếu hồ sơ giải thể đang trong quá trình xử lý và chưa hoàn tất, doanh nghiệp có thể gửi văn bản đề nghị hủy bỏ giải thể để tiếp tục hoạt động kinh doanh.","Điều 207 Luật Doanh nghiệp 2020
Điều 208 Luật Doanh nghiệp 2020",59-2020-QH14:d207;59-2020-QH14:d208
82,"Loại 3: Vốn điều lệ - Góp vốn, tăng/giảm vốn, vốn pháp định","Chào anh chị, em đang làm hồ sơ TL mới cho công ty cổ phần nhưng góp vốn vừa bằng tài sản vừa bằng tiền mặt. Trong đó tài sản góp vốn là máy móc dùng trong công trình xây dựng (như máy khoan, máy cắt...). Anh chị đi trước có kinh nghiệm cho em hỏi, em điền cột 11 (về loại tài sản,...) như thế nào ạ? Em cảm ơn mn",https://www.facebook.com/groups/thanhlapcongtygiare/posts/2243649729451800/?__cft__[0]=AZZTbvldoMa9LB1k-39byBLQ9wpB8t2BEbVKAi4-TyTDeXdj-Uz5-jmfOm4DG7X8b1Ulo2ysCKV9g5O_vCbvU-koHmWufx3I2jHlGIDZsiLC3AErpUU2_CZ9r9qGh29QfvH1zQ5CEw1XyARQ4pzCOkNsLZAEhcIFY7Sdfz3eujzg02I5kOtzRkareW1SZ22FF98&__tn__=%2CP-R,"Theo Điều 34 và Điều 35 Luật Doanh nghiệp 2020, tài sản góp vốn có thể là Đồng Việt Nam, ngoại tệ tự do chuyển đổi, vàng, quyền sử dụng đất, quyền sở hữu trí tuệ, công nghệ, bí quyết kỹ thuật, các tài sản khác có thể định giá được bằng Đồng Việt Nam. Đối với máy móc xây dựng, cột 11 ghi: 'Máy móc, thiết bị' và mô tả cụ thể (máy khoan, máy cắt...). Tài sản góp vốn phải được định giá và thể hiện thành Đồng Việt Nam.","Điều 34 Luật Doanh nghiệp 2020
Điều 35 Luật Doanh nghiệp 2020",59-2020-QH14:d34;59-2020-QH14:d35
83,"Loại 6: Giải thể & Phá sản - Thủ tục, thanh toán nợ, tạm ngưng","Công ty đang tạm ngừng có Thông báo thay đổi ngành, nghề kinh doanh được không ạ. E cảm ơn ạ",https://www.facebook.com/groups/thanhlapcongtygiare/posts/2242779182872188/?__cft__[0]=AZaQnE_ZxR0kP6tC4fFPZ9ZyU6k_7sZMSev34AWLatzCBbt2I7gsxmUs5dGx3Sn74PfOsD7XAtQ2waTN3R7X8-AJumF3FqVzNc-hzUsOgO0dzh5BUmZ2rDgXgrM4qJBNQX9xxxhX41SYbK8-uu3yfTwsiEXEXaDVRMp7HXBDjtPDUqmU5T0CThRoj01rkS-4fwg&__tn__=%2CP-R,"Theo Điều 206 Luật Doanh nghiệp 2020, trong thời gian tạm ngừng kinh doanh, doanh nghiệp vẫn có thể thực hiện một số thủ tục đăng ký doanh nghiệp như thay đổi ngành nghề kinh doanh. Điều 7 quy định doanh nghiệp có quyền tự do kinh doanh trong những ngành, nghề mà pháp luật không cấm. Do đó, công ty đang tạm ngừng vẫn có thể thông báo thay đổi ngành, nghề kinh doanh.","Điều 7 Luật Doanh nghiệp 2020
Điều 206 Luật Doanh nghiệp 2020",59-2020-QH14:d7;59-2020-QH14:d206
84,"Loại 3: Vốn điều lệ - Góp vốn, tăng/giảm vốn, vốn pháp định","Các anh chị cho em hỏi với ạ.
Công ty em là Công ty cổ phần thành lập tháng 5/2025, giờ muốn làm hồ sơ giảm vốn trước ngày 31/12/2025 thì có được ko ạ?
Vì Doanh nghiệp thành lập chưa đủ 2 năm mà cũng đã quá thời hạn góp vốn nên nếu muốn giảm vốn thì làm thế nào ạ?",https://www.facebook.com/groups/thanhlapcongtygiare/posts/2241664732983633/?__cft__[0]=AZb5jAPWDInx1fwDfV2hSRdwDcB_KSMpWr3rcrJ1C4xN3GT-FYzZx2280YjIXf-E9NEcx5N9jX_wHk4Gq_eNk0mlWIBl0MsotNOg5LFyfWofMiOglsqxANQg0syMPnst09ORyxrReB-mdr9J5qzWmRk4aW0YwZzaQjSVUr5n94dlESdxueDyYxZ8wO4OXXvUIlU&__tn__=%2CP-R,"Theo Điều 112 và Điều 68 Luật Doanh nghiệp 2020, công ty cổ phần có thể giảm vốn điều lệ trong các trường hợp: (1) Hoàn trả một phần vốn góp cho cổ đông theo tỷ lệ sở hữu cổ phần nếu công ty hoạt động liên tục từ 02 năm trở lên; (2) Công ty mua lại cổ phần đã bán; (3) Vốn điều lệ không được các cổ đông thanh toán đầy đủ trong thời hạn 90 ngày. Trường hợp cổ đông không góp đủ vốn trong thời hạn, công ty phải điều chỉnh giảm vốn điều lệ.","Điều 68 Luật Doanh nghiệp 2020
Điều 112 Luật Doanh nghiệp 2020",59-2020-QH14:d68;59-2020-QH14:d112
85,"Loại 7: Thay đổi ĐKKD - Địa chỉ, tên, ngành nghề",Bây giờ công ty muốn đăng ký mã ngành 6810 vì muốn cho thuê lại xưởng với văn phòng trống thì khi đăng khí cần bổ sung điều kiện gì không ạ.,https://www.facebook.com/groups/thanhlapcongtygiare/posts/2241837176299722/?__cft__[0]=AZYvm32SdKMzl5A6Gzm8igu-wGmc9ddjCCg-vN9LOqolHAVxhjhdMRkR75nW3aHNWD76DFZUjjeg0udLMHTi2mM-GPi18F8IZoV9HpaPAc0CqXCD4F3sOyeNva-i2W-WgPS6E_fuai2Qz9Ln0HpUNuZXAs0NnXUQDzff582Ch22OsK6-4pMY-t56d6mqQCYu0WI&__tn__=%2CP-R,"Theo Điều 7 Luật Doanh nghiệp 2020, doanh nghiệp có quyền tự do kinh doanh trong những ngành, nghề mà pháp luật không cấm. Mã ngành 6810 (Kinh doanh bất động sản, quyền sử dụng đất thuộc chủ sở hữu, chủ sử dụng hoặc đi thuê) là ngành nghề kinh doanh có điều kiện. Khi đăng ký mã ngành này để cho thuê lại xưởng, văn phòng, công ty cần đáp ứng điều kiện theo Luật Kinh doanh bất động sản nếu hoạt động này được thực hiện thường xuyên.",Điều 7 Luật Doanh nghiệp 2020,59-2020-QH14:d7
86,"Loại 6: Giải thể & Phá sản - Thủ tục, thanh toán nợ, tạm ngưng","công ty đang tạm ngưng có làm hồ sơ thay đổi chủ sở hữu , và người đại diện pháp luật được k các bác , hay phải mở ra mới làm được ,",https://www.facebook.com/groups/thanhlapcongtygiare/posts/2240950353055071/?__cft__[0]=AZbMz4e0TdkqAWbgRItk0_reBuRtmyklemnQ-WodZ6-7d_8kURm-ntQ8nEeUHvujRjbAwQm4st1nebpPAVZENkO-lAKGSdAqtrDKCUmfW4sEJPKKwwuH8TJHc9iYBc6afyGHmDDxU3noB9s7B0ETGdSR598_yPUmNblk9OwQ_n-hbn5rZ4lTbnmLEBj2KIRwlRx0UgzdSjAAmmd0__fyhnd2&__tn__=%2CP-R,"Theo Điều 206 Luật Doanh nghiệp 2020, trong thời gian tạm ngừng kinh doanh, doanh nghiệp vẫn có thể thực hiện các thủ tục đăng ký doanh nghiệp liên quan đến thay đổi chủ sở hữu và người đại diện theo pháp luật. Điều 12 quy định về người đại diện theo pháp luật, và Điều 52 quy định về chuyển nhượng phần vốn góp. Công ty không cần hoạt động trở lại để thực hiện các thay đổi này.","Điều 12 Luật Doanh nghiệp 2020
Điều 52 Luật Doanh nghiệp 2020
Điều 206 Luật Doanh nghiệp 2020",59-2020-QH14:d12;59-2020-QH14:d52;59-2020-QH14:d206
87,"Loại 5: Hộ kinh doanh - Đăng ký, thay đổi, chuyển đổi HKD","E đang đứng tên hộ kinh doanh có được góp cổ phần lập công ty 50% với 1 ng khác ko. Người kia đứng tên đại diện ạ. Duyệt giúp e với
E đang đứng tên hộ kinh doanh có được góp cổ phần lập công ty 50% với 1 ng khác ko. Người kia đứng tên đại diện ạ. Duyệt giúp e với",https://www.facebook.com/groups/thanhlapcongtygiare/posts/2241917156291724/?__cft__[0]=AZbllmpd0HBF_pPgwbzbOmz57M-azKWVK413D5x-bWuZ-gnqtxnk2WJrcI2AgLnOmlxWjxEGnqOEnphEod9ORezEcg6zFEa9gFlLiNybDvVvhCYwsXhnoAUvEDBXyTq7mXKbZtcVUhZPCkAo3b-41gSfl6LWrcGHnOkl0R8qgpEijDHinyGVtI1vwlQlYcwbnQYPOqV6-u0xNtMj4SK-DxBx&__tn__=%2CP-R,"Theo Điều 17 Luật Doanh nghiệp 2020, cá nhân có quyền thành lập, góp vốn, mua cổ phần, mua phần vốn góp vào công ty cổ phần, công ty TNHH, công ty hợp danh. Việc đứng tên hộ kinh doanh không ảnh hưởng đến quyền góp vốn thành lập công ty khác. Bạn hoàn toàn có thể góp vốn 50% để thành lập công ty cổ phần hoặc công ty TNHH 2 thành viên cùng người khác.",Điều 17 Luật Doanh nghiệp 2020,59-2020-QH14:d17
88,"Loại 6: Giải thể & Phá sản - Thủ tục, thanh toán nợ, tạm ngưng",Cho em hỏi em đã làm giải thể doanh nghiệp bước 2 được chấp nhận ở sở kế hoạch rồi thì có cần phải lấy giấy biên nhận hay thông báo gì về doanh nghiệp không ạ.,https://www.facebook.com/groups/thanhlapcongtygiare/posts/2238579339958839/?__cft__[0]=AZZot3OMkwVsxzoc9leNRpg_ja9_iVcAAaz-09guq9bZ7U6rt-XJp3oTX-a8RBSiYn9YINLdZ9oZHBm44eifu7eaGFdHIxTtond3YZ0NKSz1iv5bmS6cH_8bOPiBebJ6dAuDl8s-SnPJ0w9J7V5UA2OFWV6vK9-ox3VUsQCT4EgBs2zves2e6PpUHQAfQAFDtZM&__tn__=%2CP-R,"Theo Điều 208 Luật Doanh nghiệp 2020, khi hoàn tất thủ tục giải thể, Cơ quan đăng ký kinh doanh sẽ cập nhật tình trạng pháp lý 'đã giải thể' trên Cơ sở dữ liệu quốc gia về đăng ký doanh nghiệp. Doanh nghiệp không bắt buộc phải lấy giấy biên nhận hay thông báo bản giấy, vì kết quả được công bố trên Cổng thông tin quốc gia về đăng ký doanh nghiệp. Tuy nhiên, nếu cần bản giấy làm chứng từ, có thể đề nghị cấp.",Điều 208 Luật Doanh nghiệp 2020,59-2020-QH14:d208
89,"Loại 3: Vốn điều lệ - Góp vốn, tăng/giảm vốn, vốn pháp định","Dạ CTY TNHH 1TV cần tăng vốn điều lệ, theo Luật mới phải có giấy xác nhận góp vốn. A/C có file hay bản scan hình cho em xin với được kh ạ. Em cảm ơn A/C. Mong ad duyệt bài ạ",https://www.facebook.com/groups/thanhlapcongtygiare/posts/2238669593283147/?__cft__[0]=AZYq5JdHLAE2rqegXoMoxOvprM2fXiUb54rvZF5aI5E8GRtd0--nQxkNIR6ezWhMmP8KdNbq4efEkdlrDtqlfaCUy5JiGXTKxWS4EIRuS5KR1UvGXY4HtQP1ohLiG3_aKnbDjfMFolV5ewNlQ7y31_fjTEaX1hhmZ3pf3VQSi12Fh3F4tiEwt71NbWpS_iDvtPE4n40FoMaFjoaQjrg6DgZi&__tn__=%2CP-R,"Theo Điều 47 và Điều 68 Luật Doanh nghiệp 2020, khi tăng vốn điều lệ, thành viên/chủ sở hữu phải góp vốn và việc góp vốn được xác nhận bằng biên bản góp vốn. Hồ sơ đăng ký tăng vốn gồm: Thông báo thay đổi nội dung đăng ký doanh nghiệp và Quyết định của chủ sở hữu về việc tăng vốn. Giấy xác nhận góp vốn là văn bản nội bộ công ty, không bắt buộc nộp kèm hồ sơ nhưng phải lưu giữ tại trụ sở.","Điều 47 Luật Doanh nghiệp 2020
Điều 68 Luật Doanh nghiệp 2020",59-2020-QH14:d47;59-2020-QH14:d68
90,"Loại 8: Quản trị công ty - HĐQT, ĐHĐCĐ, cổ đông, điều lệ",Mọi người cho e hỏi mệnh giá ban đầu cty cp 100.000 giờ e lại tăng vốn sửa hết thành 10.000 thì có sao k ạ,https://www.facebook.com/groups/thanhlapcongtygiare/posts/2237750656708374/?__cft__[0]=AZZwdrCvyITlBe2M3wJzFWFi1EPeDXaokBc5BTrjHZsI_AA9Wf4qBJgg1xLjMUVZtoyD5E0FYeBdPqbnRe5lH13nnJ3hkw4UseNPHRNTOo7f3SP-4ebIEJpv946MXgSdDKOJ0mrAS-V983YYP24gK8sctxjxnkiWOy1EVaQ5k9I9ykDVX9qmBRcnBQDentQ6a7sq4uHkWCnt8do53bsidMO3&__tn__=%2CP-R,"Theo Điều 112 và Điều 113 Luật Doanh nghiệp 2020, mệnh giá cổ phần là giá trị danh nghĩa của cổ phần được ghi trong cổ phiếu và Điều lệ công ty. Công ty cổ phần có thể thay đổi mệnh giá cổ phần bằng cách chia tách cổ phần (split stock) từ 100.000đ thành 10.000đ. Khi đó, số lượng cổ phần tăng lên 10 lần nhưng tổng vốn điều lệ không đổi. Việc này cần được Đại hội đồng cổ đông thông qua và đăng ký thay đổi.","Điều 112 Luật Doanh nghiệp 2020
Điều 113 Luật Doanh nghiệp 2020",59-2020-QH14:d112;59-2020-QH14:d113
91,,"E chào anh/chị!! Cho e hỏi thủ tục chuyển từ CTY 1TV lên Cổ Phần thì thành phần hồ sơ gồm những mẫu nào ạ. Dạ và khi soạn hồ sơ cần lưu ý gì ko ạ
E cảm ơn anh/chị
E chào anh/chị!! Cho e hỏi thủ tục chuyển từ CTY 1TV lên Cổ Phần thì thành phần hồ sơ gồm những mẫu nào ạ. Dạ và khi soạn hồ sơ cần lưu ý gì ko ạ
E cảm ơn anh/chị",https://www.facebook.com/groups/thanhlapcongtygiare/posts/2237332426750197/?__cft__[0]=AZYIua9paC2eS2J7jPaPlumOkdcA8MzJXcOI3l2cdfbTueJKGJPSJAukT6VnsnPANXzEYavlgIMfqi_dHmrS4PLB7tFGTJprSQDURQXovCqVXmfJ_966g_if9RZW6EoQPHadvEWzoOESL5aSE6FHvrShH_xW3WIaaglnIT5T9w5pZhemvtWAvaqv2dKfUK-AFELIF53Xo8EmZemENrD79Yih&__tn__=%2CP-R,"Theo Điều 203 Luật Doanh nghiệp 2020, hồ sơ chuyển đổi từ công ty TNHH 1 thành viên sang công ty cổ phần gồm: (1) Giấy đề nghị đăng ký doanh nghiệp; (2) Điều lệ công ty cổ phần; (3) Quyết định của chủ sở hữu về việc chuyển đổi; (4) Danh sách cổ đông sáng lập; (5) Bản sao giấy tờ pháp lý cá nhân của cổ đông sáng lập. Lưu ý: phải có tối thiểu 3 cổ đông sáng lập, vốn điều lệ chia thành cổ phần.",Điều 203 Luật Doanh nghiệp 2020,59-2020-QH14:d203
92,"Loại 4: Người đại diện pháp luật - Điều kiện, thay đổi, trách nhiệm","Anh chị cho e hỏi cty 2tv e thay đổi đại diện pl ở HÀ NỘi đồng thời thay đổi thành viên cty thì: mẫu 12, ds thành viên, ds chủ sở hữu hưởng lợi ai là người ký. Đại diện pl cũ hay chủ tịch hđtv ký ạ",https://www.facebook.com/groups/thanhlapcongtygiare/posts/2235514250265348/?__cft__[0]=AZZgUXCu06-Z-IYBqyrLc_KaqKbB31nBnXhIeR_sxHTxff85dvbQuK8HmREZFkv_SE6rTPlr9EaoLd3-A362c1oE5PjjZrLFCU4I6Qg_rdlIpcDJ4x7z9BV2zo7t9fiweumLcHBs9ygILtYjph8mEGXUlivvFDuHjoqmtHU0QQavSYBqI-2mwevNDs1bfkTvZ_8op2FTICDVUkZgp7k2wq_l&__tn__=%2CP-R,"Theo Điều 12 và Điều 56 Luật Doanh nghiệp 2020, khi thay đổi người đại diện theo pháp luật đồng thời thay đổi thành viên công ty TNHH 2 thành viên, hồ sơ do người đại diện theo pháp luật MỚI ký. Tuy nhiên, Quyết định và Biên bản họp Hội đồng thành viên về việc thay đổi do Chủ tịch HĐTV ký. Các tài liệu liên quan đến thành viên mới do người đại diện pháp luật mới ký sau khi có hiệu lực.","Điều 12 Luật Doanh nghiệp 2020
Điều 56 Luật Doanh nghiệp 2020",59-2020-QH14:d12;59-2020-QH14:d56
93,"Loại 3: Vốn điều lệ - Góp vốn, tăng/giảm vốn, vốn pháp định",E tăng vốn cty cổ phần ở hà nội thì cần sổ cổ đông hay chứng nhận góp vốn . Chứng nhận góp vốn ghi số tiền góp thêm chứ k phải tổng vốn bao gồm vốn trước kia góp phải k ạ ?,https://www.facebook.com/groups/thanhlapcongtygiare/posts/2234037353746371/?__cft__[0]=AZYR1ZXhGtraVJRwwTqMvanIXM8hkuZBkoptuhw0J4FPVSD0vmjaN68jIBlM5LvRT2DLoLOr9pNgJV3BgBfFsEHT-eM88KFS86ukABllojQ36cVXK1I3zcfkMBaK7OquNYaRV3PfodW6oX00Cohk151cJ9TyUWLHU2FIRZX-Q82EXplakQoNnZX2WePp6dreziQCxEqHHBbU5LZK6a55Vf9v&__tn__=%2CP-R,"Theo Điều 122 và Điều 127 Luật Doanh nghiệp 2020, công ty cổ phần phải lập và lưu giữ sổ đăng ký cổ đông. Khi tăng vốn điều lệ, hồ sơ đăng ký cần bản sao sổ đăng ký cổ đông (gồm cả cổ đông mới nếu có). Chứng nhận góp vốn cấp cho từng cổ đông ghi số tiền góp thêm trong đợt tăng vốn đó, không phải tổng vốn. Sổ cổ đông sẽ phản ánh tổng số cổ phần của mỗi cổ đông sau khi tăng vốn.","Điều 122 Luật Doanh nghiệp 2020
Điều 127 Luật Doanh nghiệp 2020",59-2020-QH14:d122;59-2020-QH14:d127
94,"Loại 6: Giải thể & Phá sản - Thủ tục, thanh toán nợ, tạm ngưng","Anh chị cho em hỏi ở TPHCM trong Thông báo tạm ngừng có bắt buộc điền số điện thoại đin diện không ạ? Nếu đại diện là người nước ngoài thì không phải điền số định danh cá nhân phải không ạ?
Em cảm ơn anh chị!",https://www.facebook.com/groups/thanhlapcongtygiare/posts/2233296807153759/?__cft__[0]=AZb9aj8r2FgwJ1NqpxRjumU8FVdYxjzCLgXeq5viS64f5ZHICTCaC1F8aCPtYzNbCizcHs4PiFS549P3aMt1prqZFcxpUvnTadViYiAlSuBnLJDk0kxeUXxjjqPGu0fnXa53muJVG4-6jiNNuzKgT2JpubllDVk-PlkYsPH6fkhEJwrOXs3WkOqtsq56Qc_IeQeNmvy2fX9ZWe_cYHuuM7CO&__tn__=%2CP-R,"Theo Điều 206 Luật Doanh nghiệp 2020 và quy định về đăng ký doanh nghiệp, Thông báo tạm ngừng kinh doanh cần ghi đầy đủ thông tin người đại diện theo pháp luật. Đối với người Việt Nam, cần điền số định danh cá nhân. Đối với người nước ngoài làm đại diện pháp luật, điền số hộ chiếu thay vì số định danh cá nhân. Số điện thoại là thông tin liên hệ cần thiết để cơ quan đăng ký có thể liên hệ khi cần.",Điều 206 Luật Doanh nghiệp 2020,59-2020-QH14:d206
95,"Loại 6: Giải thể & Phá sản - Thủ tục, thanh toán nợ, tạm ngưng",dạ cho em hỏi có anh/ chị nào giải thể công ty có vốn đầu tư nước ngoài chưa ạ. Dạ cho em hỏi thủ tục giải thể trên Sở và Thuế có khác gì giải thể vốn trong nước không ạ.,https://www.facebook.com/groups/thanhlapcongtygiare/posts/2233137113836395/?__cft__[0]=AZYoy9KQCZa_sUdzTVZT-kljaycLq_F7WXZhTAw10Ffoqn8JxKHl-JCOdk8xiWCVqUzHc9839zd20KSQp0RZhmAghkHMFfA8UYto5WBYr8RWJIBLeHnwYZvgj6fS_RpVzCH8uOiMSz6XNlp2wpq-nNBKbFgS7RQKGnduvZyGHAjG-69LF4UT_DAyTvTYw0gBWkv0_bSP_Ye6JC0q11ZrUQdp&__tn__=%2CP-R,"Theo Điều 207 và Điều 208 Luật Doanh nghiệp 2020, thủ tục giải thể công ty có vốn đầu tư nước ngoài về cơ bản giống công ty trong nước: thông báo giải thể, thanh toán nợ, hoàn thành nghĩa vụ thuế. Tuy nhiên, doanh nghiệp FDI cần thêm thủ tục: chấm dứt hiệu lực Giấy chứng nhận đăng ký đầu tư (IRC) tại Sở Kế hoạch Đầu tư trước hoặc đồng thời với việc giải thể doanh nghiệp.","Điều 207 Luật Doanh nghiệp 2020
Điều 208 Luật Doanh nghiệp 2020",59-2020-QH14:d207;59-2020-QH14:d208
96,"Loại 7: Thay đổi ĐKKD - Địa chỉ, tên, ngành nghề",Anh chị cho em hỏi ngành nghề làm dịch vụ tư vấn visa và hộ chiếu thì mình chọn mã ngành nào?,https://www.facebook.com/groups/thanhlapcongtygiare/posts/2237026130114160/?__cft__[0]=AZZV4OFobmXZzit5joyroYNBxznCyPGrxDsdRwdxHTwYKwJObMkp031PpqA8vq82evKdc7DJbt7CnrVS5bsUni0O12rukkVZlo5esN4hTJiJd7BWE3gYeNFiWh8L8J8kHI7RdDdaE-2TA-qcbcz2jgRMpF8RWQ5I1D_UGkiO-OBrzmfI5vMgGORSNW8SrO9whzBBMXMMF42JsSBVQ5XiYduk&__tn__=%2CP-R,"Theo Điều 7 Luật Doanh nghiệp 2020, doanh nghiệp có quyền tự do kinh doanh trong những ngành, nghề mà pháp luật không cấm. Dịch vụ tư vấn visa và hộ chiếu có thể đăng ký mã ngành: 8299 - Hoạt động hỗ trợ kinh doanh khác chưa được phân vào đâu; hoặc 7490 - Hoạt động chuyên môn, khoa học và công nghệ khác chưa được phân vào đâu. Lưu ý: không được thực hiện dịch vụ làm visa/hộ chiếu thay cơ quan nhà nước.",Điều 7 Luật Doanh nghiệp 2020,59-2020-QH14:d7
97,"Loại 3: Vốn điều lệ - Góp vốn, tăng/giảm vốn, vốn pháp định","Em đang làm hồ sơ tăng vốn điều lệ cho công ty TNHH 1 thành viên từ 500tr lên 5 tỷ . Sau khi nộp hồ sơ thì em được thông báo yêu cầu bổ sung giấy tờ chứng minh việc góp vốn.
Anh/chị cho em hỏi là mình có bắt buộc phải xin xác nhận của ngân hàng hay không ạ? Hay là mình có thể sử dụng giấy chứng nhận góp vốn hoặc phiếu thu ạ?",https://www.facebook.com/groups/thanhlapcongtygiare/posts/2236277666855673/?__cft__[0]=AZZG91X0313vX5Nronde9z9-Mf3548SdhRCf1ernaOQZ3Hay0Xr0OKU81HVRUBZpgu0B1VlTaC7aJM56HjLYSBYs6ACtIesx1Cvw3odvpNAvIlMK5mpoyKgpzTbvR4sK6lbo4x3nuCJdXdN94w8Sq3XqwGFGGsoZ4FHe-0ZMLfmNTywm7990c2UwQR2k2kbhsHM&__tn__=%2CP-R,"Theo Điều 47 và Điều 68 Luật Doanh nghiệp 2020, việc góp vốn được xác nhận bằng biên bản ghi nhận việc góp vốn hoặc giấy chứng nhận góp vốn do công ty cấp. Luật không bắt buộc phải có xác nhận của ngân hàng. Tuy nhiên, một số Phòng ĐKKD có thể yêu cầu chứng từ bổ sung như sao kê ngân hàng hoặc phiếu thu khi tăng vốn lớn. Giấy chứng nhận góp vốn hoặc phiếu thu do công ty cấp có giá trị pháp lý để chứng minh việc góp vốn.","Điều 47 Luật Doanh nghiệp 2020
Điều 68 Luật Doanh nghiệp 2020",59-2020-QH14:d47;59-2020-QH14:d68
98,"Loại 7: Thay đổi ĐKKD - Địa chỉ, tên, ngành nghề","Công ty tư nhân có địa chỉ dkkd là nhà sếp nhưng thuê văn phòng ở chỗ khác, nay mình muốn đăng ký địa chỉ văn phòng này để thuế không bắt lỗi không hoạt động tại địa điểm thì mình làm mẫu nào ạ, mình hỏi sơ sơ bảo mẫu 17 rồi 19 của Tt 68. Có ai hướng dẫn giúp mình tý dc ko ạ. Mình cảm ơn",https://www.facebook.com/groups/thanhlapcongtygiare/posts/2235652886918151/?__cft__[0]=AZZnbKhIn8TJmTPGdOCxfmMpJtXhaR3xOt9gdg9s9BGeX6iUC7huezbUhHZGJ7CQLQyS8JNOJ6wZfdmLNjFD9d5oKtUKC3aBj3Ds30oJ-36jklJ9VqJaeVNFnj8_0v0wkT2ne9pxKWae3mAWmJPKrNHqWGo693f69l8wxp867l2Tx7Z3i43fWre7kt7qWLjUSUE&__tn__=%2CP-R,"Theo Điều 45 Luật Doanh nghiệp 2020, doanh nghiệp có thể đăng ký địa điểm kinh doanh ngoài trụ sở chính. Để đăng ký văn phòng thuê làm địa điểm kinh doanh, sử dụng Thông báo về việc đặt địa điểm kinh doanh. Địa điểm kinh doanh được cấp mã số riêng gắn với mã số doanh nghiệp. Như vậy doanh nghiệp có thể giữ trụ sở chính tại nhà và đăng ký địa điểm kinh doanh tại văn phòng thuê.",Điều 45 Luật Doanh nghiệp 2020,59-2020-QH14:d45
99,"Loại 6: Giải thể & Phá sản - Thủ tục, thanh toán nợ, tạm ngưng",Anh chi cho e hỏi ah. Cty đang tạm ngưng giờ làm tạm ngưng tiếp thấy đang trong tình trangj này. Vậy m có làm tn tiếp dc ko ah. Hay phải liên hệ thuế xác minh,https://www.facebook.com/groups/thanhlapcongtygiare/posts/2233858910430882/?__cft__[0]=AZYyjeZ4TsH6VXMd1AC0eyfnRCihptcicEaDQSnZRYS2U4Z-SjvDireWkAExKBaiP6zGfCOdfbBMHaRumDiIGVtzset35Rv1xdIwCJkcupmfcQt9ohqKpjuBcm0kJp5cZvCWSkBeHta3oMIppGfF7hiwswpjis9FXND5-ti1CWw2RxgKYBYMhefq82XfoTlBcVzS7-_JWURTvWD9y2ham3XVF-NcMLT3V753x6ZKF178_A&__tn__=%2CP-R,"Theo Điều 206 Luật Doanh nghiệp 2020, doanh nghiệp có thể tạm ngừng kinh doanh với thời hạn tối đa mỗi lần không quá 01 năm. Nếu công ty đang tạm ngừng muốn tiếp tục tạm ngừng, cần nộp Thông báo tạm ngừng kinh doanh mới trước khi hết thời hạn tạm ngừng hiện tại. Nếu hệ thống hiển thị trạng thái đặc biệt, có thể cần liên hệ cơ quan thuế để xác minh tình trạng nghĩa vụ thuế trước khi nộp hồ sơ.",Điều 206 Luật Doanh nghiệp 2020,59-2020-QH14:d206
100,"Loại 3: Vốn điều lệ - Góp vốn, tăng/giảm vốn, vốn pháp định","Anh/chị cho em hỏi, công ty cổ phần mới thành lập 3 ngày, mà 1 cổ đông thông báo không góp vốn nữa thì giờ em làm giảm vốn và chuyển đổi loại hình (2tv) do cổ đông không góp vốn theo cam kết và rút tên khỏi cty luôn được không ạ hay phải đợi 90 ngày ạ. (cty em ở Vũng Tàu ạ)
Ngoài ra thì cho e hỏi giảm vốn do cổ đông không góp đủ trong 90 ngày thì e có cần làm tờ khai thuế gì ngoài thuế môn bài không ạ.
Em cảm ơn ạ",https://www.facebook.com/groups/thanhlapcongtygiare/posts/2232776257205814/?__cft__[0]=AZaTMJtrWbGGQxc53fFgNgQtZyElrpsb47AI4nAiOiE4-ESBtdyc6yuo6abjpICbENZ_0LQZB14_2S7eqWs_MAYMN5aDHuZrJRlAW8UplPC8xZdVLZOFeKkxOk9QxvALDBuQ6OxHt6yEHHjyl2jsn_JaKj3AJYYjV4RfQsgqiPZhgRZ9yfqviqjbzkgxgl0_hFVGziDWHB9p5Uigv-KW3LwC&__tn__=%2CP-R,"Theo Điều 113 và Điều 112 Luật Doanh nghiệp 2020, cổ đông phải thanh toán đủ số cổ phần đăng ký mua trong thời hạn 90 ngày kể từ ngày cấp ĐKKD. Nếu cổ đông không góp đủ trong 90 ngày, công ty phải đăng ký điều chỉnh vốn điều lệ bằng mệnh giá số cổ phần đã thanh toán đủ. Tuy nhiên, nếu cổ đông thông báo không góp từ đầu, có thể làm thủ tục thay đổi cổ đông sáng lập và điều chỉnh vốn ngay. Nếu còn dưới 3 cổ đông, cần chuyển đổi sang TNHH.","Điều 112 Luật Doanh nghiệp 2020
Điều 113 Luật Doanh nghiệp 2020",59-2020-QH14:d112;59-2020-QH14:d113
101,"Loại 2: Loại hình doanh nghiệp - TNHH, Cổ phần, Hợp danh, DNTN","Dạ công ty em chuyển đổi từ TNHH 1 TV sang TNHH 2TV + Bổ sung ngành nghề. Vậy hồ sơ mình cần Quyết định của Hội đồng thành viên hay Quyết định của CSH vậy ạ.
Thanks all!!!",https://www.facebook.com/groups/thanhlapcongtygiare/posts/2232411363908970/?__cft__[0]=AZaTiFt4gRvejz6rIDyWTYPcsquOASRlwbyrBSq7ODGr4wQZPQ0l3ypQc5DMHytG_DYud5r79rD-zdPjK7S945yil-J_KKDaZx3vrNDrwBFFRaUpWYxO909KnFltdbF_h9I1opgWU5FX56QZSoqFQ8lnD9v2yMl3X9VLkhLLRQKNkoMHFinNu-_zULjAOaI7lksjwyoEXCYzIzmYN5_eSy--&__tn__=%2CP-R,"Theo Điều 199 Luật Doanh nghiệp 2020, khi chuyển đổi từ TNHH 1TV sang TNHH 2TV, hồ sơ cần có Quyết định của Chủ sở hữu (CSH) về việc chuyển đổi và tiếp nhận thành viên mới. Vì tại thời điểm ra quyết định, công ty vẫn là TNHH 1TV nên thẩm quyền quyết định thuộc về CSH, không phải HĐTV. Sau khi chuyển đổi thành công, công ty mới có HĐTV để ra các quyết định tiếp theo.",Điều 199 Luật Doanh nghiệp 2020,59-2020-QH14:d199
102,"Loại 2: Loại hình doanh nghiệp - TNHH, Cổ phần, Hợp danh, DNTN","Em chào các anh chị trong nhóm! Các anh chị cho em hỏi, trường hợp chuyển đổi loại hình doanh nghiệp có vốn đầu tư nước ngoài từ Công ty TNHH 2 thành viên trở lên sang Công ty cổ phần với tỷ lệ sở hữu cổ phần tương đương thì có cần đăng ký mua cổ phần với bên Sở không ạ. Rất mong anh chị giải đáp. Em cảm ơn mọi người!",https://www.facebook.com/groups/thanhlapcongtygiare/posts/2232540020562771/?__cft__[0]=AZYCUT01UlnmXflGRo-hLPWCugXTOeptDJu-_W9I0TYRQdoTPPI7ZOPyZdKXLw7ebsoCTgnlDIOG7OYZPpMzw-cz2qF7rvd1TGxR0jxMWJXK2GYj8nTmPSYQsYt5WFInucXZZzY6XAXLOCtStRuEIvJ0Qa0CLbOwPZ-2QuhnVPUx3n1fAyzsTqWttEZrG02PhB7kTTxIBX1BuNbRRzq57V69&__tn__=%2CP-R,"Theo Điều 199 và Điều 202 Luật Doanh nghiệp 2020, khi chuyển đổi từ TNHH 2TV sang công ty cổ phần với tỷ lệ sở hữu tương đương (chỉ thay đổi loại hình, không thay đổi cơ cấu sở hữu), thì phần vốn góp của các thành viên được chuyển thành cổ phần. Đây không phải là giao dịch mua bán cổ phần mới nên không cần đăng ký mua cổ phần. Tuy nhiên, đối với FDI cần điều chỉnh IRC theo loại hình mới.","Điều 199 Luật Doanh nghiệp 2020
Điều 202 Luật Doanh nghiệp 2020",59-2020-QH14:d199;59-2020-QH14:d202
103,"Loại 8: Quản trị công ty - HĐQT, ĐHĐCĐ, cổ đông, điều lệ","Anh chị ơi cho em hỏi xíu ạ. Em muốn thành lập công ty cổ phần, vốn điều lệ 02 tỷ. Doanh nghiệp muốn đưa thỏa thuận về thành lập Quỹ Cổ phần cho Người lao động (ESOP): Các Sáng lập viên thống nhất sẽ dành ra một quỹ ban đầu là 10% trên tổng số vốn chủ sở hữu (tính trên cơ sở pha loãng hoàn toàn) để thu hút và giữ chân nhân tài.-> đưa thỏa thuận trên vào điều lệ thì có được không ạ.
Em cảm ơn rất nhiều ạ!",https://www.facebook.com/groups/thanhlapcongtygiare/posts/2232515290565244/?__cft__[0]=AZZfG2MckK9XXNUZ28fCoFJOxK_9FxS4EZhPA6wrRtXokNyAX95lyeaGr8d0EaY3cAsgniVYBfrVAWxFWD4x26mRi7ZLLcP5-l_zcKQQaFNYIeoqeevAMSYe5QwRgtpbRtiUepcASs1oN6jwVwH17j4iZKibKs8y2_MWHvegLOTM13Zpe3IuXS8w69cH5aBBEp5aDVHXbz89LRMlRth7RpSg&__tn__=%2CP-R,"Theo Điều 24 và Điều 25 Luật Doanh nghiệp 2020, Điều lệ công ty có thể quy định các nội dung khác ngoài các nội dung bắt buộc, miễn không trái pháp luật. Việc đưa thỏa thuận về ESOP (Quỹ cổ phần cho người lao động) vào Điều lệ là hoàn toàn hợp pháp và phổ biến ở các startup. Điều lệ có thể quy định về tỷ lệ ESOP, điều kiện cấp, thời hạn vest, và các điều khoản liên quan khác.","Điều 24 Luật Doanh nghiệp 2020
Điều 25 Luật Doanh nghiệp 2020",59-2020-QH14:d24;59-2020-QH14:d25
104,"Loại 2: Loại hình doanh nghiệp - TNHH, Cổ phần, Hợp danh, DNTN","Dạ anh chị cho em hỏi với ạ, em chuẩn bị mở công ty cổ phần trong đó có cổ đông góp vốn là 1 công ty khác. Vậy lúc làm hồ sơ điền các thông tin của công ty góp vốn là theo địa chỉ cũ hay địa chỉ sau sáp nhập ạ (trên giấy phép của công ty góp vốn vẫn là địa chỉ cũ ạ). Mong anh chị giải đáp giúp em ạ, em cảm ơn nhiều.",https://www.facebook.com/groups/thanhlapcongtygiare/posts/2232510527232387/?__cft__[0]=AZY_0TSPuNK0hyZX7F8SYaU2Lkn-KECxu9Gdjoaj5WnlACgGxN5ytnDMVDm02c60W9EU4P7LhvXz0WlelhJAEojQ4JmNXhbODgViq3gEPYffWvxbA1Tztl1Cl4FLx9g-HdF5c7-qvEzY1pvMNbeEDmbNd8AeMzvRONueoJqm6-XBdo19j_X02JBXWJuzcsYR9PS4gYxlxjdO7qlRhjFn7qks&__tn__=%2CP-R,"Theo Điều 17 và Điều 111 Luật Doanh nghiệp 2020, tổ chức có thể là cổ đông sáng lập công ty cổ phần. Khi làm hồ sơ, thông tin của công ty góp vốn phải ghi theo Giấy chứng nhận ĐKDN hiện hành. Nếu ĐKKD của công ty góp vốn vẫn ghi địa chỉ cũ, thì điền địa chỉ cũ đó. Công ty góp vốn nên cập nhật địa chỉ mới trước, hoặc ghi chú địa chỉ đang chờ cập nhật theo quy định sáp nhập địa giới hành chính.","Điều 17 Luật Doanh nghiệp 2020
Điều 111 Luật Doanh nghiệp 2020",59-2020-QH14:d17;59-2020-QH14:d111
105,"Loại 7: Thay đổi ĐKKD - Địa chỉ, tên, ngành nghề","Em cần thay đổi tăng vốn điều lệ, bổ sung ngành nghề kinh doanh, lập địa chỉ kd mới ac nào làm đc ib e nhé, ở Hà Nội ạ
Em cần thay đổi tăng vốn điều lệ, bổ sung ngành nghề kinh doanh, lập địa chỉ kd mới ac nào làm đc ib e nhé, ở Hà Nội ạ",https://www.facebook.com/groups/thanhlapcongtygiare/posts/2231557977327642/?__cft__[0]=AZZRlkygxomJ9hrVd2DSZNdR3RyszBcpZrpoea2lhLV-X4p15_U7zUKuVVVp4SXaXmJdLavWJsViQF9NVuRDD-wPOdwJKraiZ_9vvt5WLFkf6hmjyjS7TT89d3KpK5wlwjSda7z5PSGlYoYnxTUZSQp_58gvqBGITmTyoExy3ROEocirJ7XKQRJz4p2KzG7uA_fUPOdCkL4Gf1AbqeH1vlNr&__tn__=%2CP-R,"Theo Luật Doanh nghiệp 2020: (1) Tăng vốn điều lệ: Công ty TNHH thực hiện theo Điều 68 (2TV) hoặc Điều 87 (1TV); (2) Bổ sung ngành nghề: theo Điều 7 về quyền kinh doanh ngành nghề mà pháp luật không cấm, cần đăng ký thay đổi theo Điều 28; (3) Lập địa điểm kinh doanh: theo Điều 44 về địa điểm kinh doanh của doanh nghiệp.","Điều 7 Luật Doanh nghiệp 2020
Điều 28 Luật Doanh nghiệp 2020
Điều 44 Luật Doanh nghiệp 2020
Điều 68 Luật Doanh nghiệp 2020
Điều 87 Luật Doanh nghiệp 2020",59-2020-QH14:d7;59-2020-QH14:d28;59-2020-QH14:d44;59-2020-QH14:d68;59-2020-QH14:d87
106,"Loại 2: Loại hình doanh nghiệp - TNHH, Cổ phần, Hợp danh, DNTN","Em cần làm thủ tục tách CTCP, anh chị nào làm được nhắn em ạ
Em cần làm thủ tục tách CTCP, anh chị nào làm được nhắn em ạ",https://www.facebook.com/groups/thanhlapcongtygiare/posts/2231736433976463/?__cft__[0]=AZZl5eyMxibzl4F3_Px19ic-FYuemqsZQdwcWHCrv4eUIfCYNqdy1cVLRmzXQWHVpH3IdtJAJmWtD2eXl-sqAvUlI_ICqSifEWYHia30RSs3paZ24NmY8BzvF-J6svvG7RoVEGIkXepPCpnce5IMniuhnLSH0_Xj0WJ__hNAug2Dt6L5MytEZ2rVq7iUcFQ3p6o&__tn__=%2CP-R,"Theo Điều 201 Luật Doanh nghiệp 2020 về tách công ty: Công ty cổ phần có thể tách bằng cách chuyển một phần tài sản, quyền, nghĩa vụ của công ty hiện có để thành lập một hoặc một số công ty cổ phần mới mà không chấm dứt tồn tại của công ty bị tách. Đại hội đồng cổ đông quyết định tách công ty theo quy định tại Điều 148.","Điều 201 Luật Doanh nghiệp 2020
Điều 148 Luật Doanh nghiệp 2020",59-2020-QH14:d201;59-2020-QH14:d148
107,"Loại 2: Loại hình doanh nghiệp - TNHH, Cổ phần, Hợp danh, DNTN",Mn cho m hỏi cty 1 thành viên hay 2 thành viên thì có lợi hơn nhỉ,https://www.facebook.com/groups/thanhlapcongtygiare/posts/2231562537327186/?__cft__[0]=AZaCF_G3DqKEbD2XELY5A09N3mVu2O7661s0IcFigXVL_HkSjRVc0T1n7N0ZEGsjo1nM3XlXMmDlo-ALLJuipSy3JPt_IsA9whLfIX5uvzki-vZLpflNkOBbGGDufBfUXWlFOapcZnwnfQY36XorUkr3I7-a5CxyQEFa2VcqeewFiZzUvpYr_kkV9vlZaWcUHr45vNxrFMGEXbBjj5L9rv9U&__tn__=%2CP-R,"Theo Luật Doanh nghiệp 2020: Công ty TNHH 1TV (Điều 74-86) do một cá nhân hoặc tổ chức làm chủ sở hữu, chịu trách nhiệm về các khoản nợ trong phạm vi vốn điều lệ. Công ty TNHH 2TV trở lên (Điều 46-73) có từ 2-50 thành viên, phân chia lợi nhuận theo tỷ lệ vốn góp. Công ty 1TV linh hoạt quyết định hơn nhưng không được phát hành cổ phần; công ty 2TV phù hợp khi cần huy động vốn từ nhiều người và chia sẻ rủi ro.","Điều 46 Luật Doanh nghiệp 2020
Điều 74 Luật Doanh nghiệp 2020",59-2020-QH14:d46;59-2020-QH14:d74
108,"Loại 6: Giải thể & Phá sản - Thủ tục, thanh toán nợ, tạm ngưng",Anh Chị cho em hỏi thăm làm hồ sơ tạm ngưng Cty 2 thành viên thì vẫn dùng mẫu II - 19 phải không ạ? Em cảm ơn rất nhiều ạ!,https://www.facebook.com/groups/thanhlapcongtygiare/posts/2230900710726702/?__cft__[0]=AZbNdjQKeMUMWBLiRBG5UTO7BPCjGCDun_xETJ9CoD4ELKPFrV2RzK-H2aH1B-5DLSasrAr35HfVgLEM2yxkIYosxotVds72qtM-jmkf4rWG3J5DWslzw9BspagiZjGnfbjHw_fQCu19PJR_HcI9lRwq5lY0BYhTOhIx0v9ZgIEztOSbsztllhdmQ2Jb8ePFB27ThzntoIt90w_wawjMvfyi&__tn__=%2CP-R,"Theo Điều 206 Luật Doanh nghiệp 2020, doanh nghiệp phải thông báo bằng văn bản cho Cơ quan đăng ký kinh doanh chậm nhất 03 ngày làm việc trước ngày tạm ngừng kinh doanh. Thời hạn tạm ngừng tối đa mỗi lần là 01 năm. Mẫu thông báo tạm ngừng kinh doanh được quy định tại Nghị định 01/2021/NĐ-CP.","Điều 206 Luật Doanh nghiệp 2020
Nghị định 01/2021/NĐ-CP",59-2020-QH14:d206
109,"Loại 1: Thành lập doanh nghiệp - Thủ tục, điều kiện, hồ sơ thành lập",Bây giờ nộp hồ sơ thành lập doanh nghiệp có bị yêu cầu đính kèm giấy tờ pháp lý về trụ sở nữa ko ạ. Chỗ em chưa có sổ hồng do chưa hoàn công được,https://www.facebook.com/groups/thanhlapcongtygiare/posts/2231038904046216/?__cft__[0]=AZaYprBYq3rzgeJdNVmyBf1EoNuTNL55mglPog7UiDKVvTc4DXPu3z6DrjMvyJ4nWKcFTcyhwVXUrlFSeghPvuDogxXuKwg3Q_P3rZaFwWxrkiDmLDbn3eAWgquPShkyIL7KEw-Cvm8Tuo2CW8Gtzby8UK4oeBqLTsubpDmCy_e313qINf01Rj96gPioiv9PZzlNxO5sgv522lSgcAE-Ofrw&__tn__=%2CP-R,"Theo Điều 27 và Điều 28 Luật Doanh nghiệp 2020, hồ sơ đăng ký thành lập doanh nghiệp không bắt buộc phải nộp kèm giấy tờ chứng minh quyền sở hữu/sử dụng trụ sở. Tuy nhiên, doanh nghiệp phải chịu trách nhiệm về tính hợp pháp của địa chỉ trụ sở đã đăng ký. Địa chỉ trụ sở phải xác định được, có số nhà/tên đường theo Điều 42 LDN 2020.","Điều 27 Luật Doanh nghiệp 2020
Điều 28 Luật Doanh nghiệp 2020
Điều 42 Luật Doanh nghiệp 2020",59-2020-QH14:d27;59-2020-QH14:d28;59-2020-QH14:d42
110,"Loại 3: Vốn điều lệ - Góp vốn, tăng/giảm vốn, vốn pháp định","Cho e hỏi thành lập công ty 2tv gồm 1 thành viên là cá nhân, 1 thành viên là tổ chức, thì tổ chức có góp vốn bằng tiền mặt được không hay phải chuyển khoản, cám ơn mn",https://www.facebook.com/groups/thanhlapcongtygiare/posts/2230982760718497/?__cft__[0]=AZasBxi4rNG_Yzh-QS8Q5pWRtO6C6NqYpO0Hhs2oZYviTPVkiewqzGhV4JJ59KLV2WjgJQn2Det_yCxkFdY9K9ycJRoXGK8iqBWaGZG-ZyEm98Imsdl1QAlzdOSwHXG-FFN66SkcI1Jw4Rm9pH_cf4_7RNpUnXxP2KpK95D95UAa2aL_0LNZ7Gop5D8HBZq6uUU1NT_PTyp9GdehLB6-HIFa&__tn__=%2CP-R,"Theo Điều 47 Luật Doanh nghiệp 2020 về góp vốn thành lập công ty TNHH, thành viên có thể góp vốn bằng Đồng Việt Nam, ngoại tệ tự do chuyển đổi, vàng, quyền sử dụng đất, quyền sở hữu trí tuệ, công nghệ, bí quyết kỹ thuật, tài sản khác. Với tổ chức góp vốn, theo quy định về kế toán và thuế, việc thanh toán trên 20 triệu đồng phải thực hiện qua ngân hàng để được ghi nhận chi phí hợp lệ.","Điều 47 Luật Doanh nghiệp 2020
Điều 34 Luật Doanh nghiệp 2020",59-2020-QH14:d47;59-2020-QH14:d34
111,"Loại 3: Vốn điều lệ - Góp vốn, tăng/giảm vốn, vốn pháp định",Em muốn nhờ anh/chị soạn giúp em mẫu giấy góp vốn bằng tiền mặt vào công ty( Đã từng ra được đkkd tăng vốn). Cho em xin giá luôn ạ. Cám ơn anh/chị đã quan tâm hỗ trợ ạ,https://www.facebook.com/groups/thanhlapcongtygiare/posts/2230851137398326/?__cft__[0]=AZamKcVOJsEiexxBjghLN9GdEqcK_DOC_WUI6eVvDu2YCzaZtOxIxVPCYBuXYNH66M3KBjJgWTobV5rgR3rCKVjefvImKKcttH5YPYPc119Jjtw7f1CsJDW1---2xL0s2J-upYGXqawmPyLr334Frc9WtGLSzChyWF8vgPNOrDnU5RqvBY90KvqG_35ubDV4PYvRVQ6YdXKfncAPCZYhacje&__tn__=%2CP-R,"Theo Điều 47 Luật Doanh nghiệp 2020, thành viên phải góp vốn cho công ty đủ và đúng loại tài sản đã cam kết khi đăng ký thành lập. Khi tăng vốn điều lệ (Điều 68), việc góp vốn phải được xác nhận bằng biên bản góp vốn/giấy xác nhận góp vốn theo quy định tại Điều 47. Biên bản phải ghi rõ họ tên người góp, loại tài sản, số tiền, thời điểm góp vốn.","Điều 47 Luật Doanh nghiệp 2020
Điều 68 Luật Doanh nghiệp 2020",59-2020-QH14:d47;59-2020-QH14:d68
112,"Loại 3: Vốn điều lệ - Góp vốn, tăng/giảm vốn, vốn pháp định","Cả nhà cho e hỏi chút, công ty e, cty tnhh mtv, chủ sở hữu là tổ chức, đc cấp giấy CNĐT t5/25, cấp ĐKKD t8/25, cam kết góp vốn trong vòng 90 ngày kể từ khi cấp giấy ĐKKD. Tuy nhiên là chưa góp được đồng nào, hiện giờ quá hạn do trục trặc định danh giám đốc người nước ngoài. Tiền ngân hàng vẫn treo, ngân hàng họ yêu cầu gia hạn góp vốn giấy CNĐT mới cho tiền về tài khoản. Vậy giờ công ty e cần làm những thủ tục gì để tiếp tục góp vốn. E thì đang nghĩ là chậm 90 ngày kể từ ngày cấp ĐKKD thì mình làm thay đổi nội dung ĐKKD giảm vốn điều lệ và nộp phạt thôi chứ ko thay đổi CNĐT. Nhờ các cao nhân giúp đỡ ạ. Em cảm ơn nhiều",https://www.facebook.com/groups/thanhlapcongtygiare/posts/2230832360733537/?__cft__[0]=AZbwn2VUeRusJeeGEiNafV7GDYcmTpZJu8P_6FKNr_yg7evfrEVza-ly_S2Pos3T9k7lvI4hOwN_D53B5YG_M3ssUzkijz1LHA-24u4Wo3EFDynH8uZoxpkRP9kLZrGFpBMN9yJ5UpgkvNdA1rn-dd0rT3p3ssZ59BVeJSw0euOlg21mI9brbmkfac8hjAi6SCNFYMXmzdWhj7FC4ayHgLMr&__tn__=%2CP-R,"Theo Điều 75 Luật Doanh nghiệp 2020, chủ sở hữu công ty TNHH 1TV phải góp vốn trong thời hạn 90 ngày kể từ ngày cấp Giấy CNĐKDN. Nếu không góp đủ, phải đăng ký giảm vốn điều lệ theo Điều 87. Đối với doanh nghiệp FDI, cần phối hợp thay đổi cả Giấy CNĐT (theo Luật Đầu tư) và Giấy CNĐKDN. Doanh nghiệp có thể bị xử phạt hành chính về vi phạm góp vốn theo quy định pháp luật.","Điều 75 Luật Doanh nghiệp 2020
Điều 87 Luật Doanh nghiệp 2020",59-2020-QH14:d75;59-2020-QH14:d87
113,"Loại 6: Giải thể & Phá sản - Thủ tục, thanh toán nợ, tạm ngưng",Các bác cho e hỏi e muốn giải thể cty thì giờ cần những thủ tục gì ạ . 1 năm nay e k hoạt động và cũng k báo cáo thuế,https://www.facebook.com/groups/thanhlapcongtygiare/posts/2230813454068761/?__cft__[0]=AZayPQqdPpIYAALcHtzHaUJZ4d2tZZP6NxoNpOHwK77tE9N85Qibh4Yzc8JkbYA4I2ZZ608JmN7ufU9aTv_GyFbsDNPEhnFOFp-sPh7NpvCE7jiNX6vH9KAoOHE-8Bh4vPHrm2txDfXnktuLhd-_DoGceRh9njBM5gzkGsEV7S-BbqUUxyS5i5p1zaQWG22e0VY&__tn__=%2CP-R,"Theo Điều 207, 208 Luật Doanh nghiệp 2020, giải thể doanh nghiệp gồm các bước: (1) Thông qua quyết định giải thể; (2) Thanh lý tài sản, thanh toán nợ theo thứ tự ưu tiên tại Điều 208; (3) Gửi hồ sơ giải thể đến Cơ quan ĐKKD trong 05 ngày. Trước đó cần hoàn tất nghĩa vụ thuế - quyết toán thuế các năm chưa báo cáo, nộp phạt chậm nộp báo cáo theo quy định của Luật Quản lý thuế.","Điều 207 Luật Doanh nghiệp 2020
Điều 208 Luật Doanh nghiệp 2020
Điều 209 Luật Doanh nghiệp 2020",59-2020-QH14:d207;59-2020-QH14:d208;59-2020-QH14:d209
114,"Loại 6: Giải thể & Phá sản - Thủ tục, thanh toán nợ, tạm ngưng",Mình cần tư vấn thủ tục hủy công ty ở dĩ an bình dương ạ. Xin tư vấn và hỗ trợ ạ,https://www.facebook.com/groups/thanhlapcongtygiare/posts/2230520357431404/?__cft__[0]=AZYkW7oQG026F1Ccw7QYQ2OJSMkYzfwazIL0h_Ba_-Dqdl4gsrPl7xzKGFm2nqsftuqSF7a5WDjE6dT2A0lx_Z5y0zGhXApzqcIem7G2jgaZnyf_Wn8NbW_8YVbt4ZwrO6VtDVpWlTbUiFckjlPNRhMkj-iXqdOdgr7ENECc5lFeDNgifY2jvTk6F9YRYnEGtYpPEjUX1MEKrB-MVem50egK&__tn__=%2CP-R,"Theo Điều 207 Luật Doanh nghiệp 2020, doanh nghiệp giải thể tự nguyện khi có quyết định của chủ sở hữu (TNHH 1TV), Hội đồng thành viên (TNHH 2TV) hoặc Đại hội đồng cổ đông (CTCP). Thủ tục gồm: quyết định giải thể, thanh lý tài sản, thanh toán nợ theo thứ tự tại Điều 208, hoàn tất nghĩa vụ thuế, nộp hồ sơ giải thể lên Cơ quan ĐKKD.","Điều 207 Luật Doanh nghiệp 2020
Điều 208 Luật Doanh nghiệp 2020",59-2020-QH14:d207;59-2020-QH14:d208
115,"Loại 4: Người đại diện pháp luật - Điều kiện, thay đổi, trách nhiệm","Anh chị cho e hỏi e để người đại diện pl là 1 người chủ tịch hội đồng thành viên trên dkkd. nhưng người ký các giấy tờ khác thì chủ tịch hội đồng thành viên ủy quyền cho giám đốc ký hợp đồng, ngân hàng ... thì có được không ạ vì e muốn như thế nên hỏi. e đang dự định thành lập doanh nghiệp để như thế",https://www.facebook.com/groups/thanhlapcongtygiare/posts/2230076037475836/?__cft__[0]=AZZgAkgyEJYuOx7WS2y1JEu8UtLqkFE9If4qK2jG6dvfiZrq-2enQTf7Tpzg0uiQxq1u0UQ3qLz3kQjz2q0BGFwv6ZCtYyyvoUNg9qlVODWrUWT2ru02WyPKx29MpYpNBonxaRsdNN_IjjTsqCi28OAHYbFUeNIZEek9lr1WmR6_OBG7C1sTPCCa0UgHZugyj3QZ08XBVbI9H9D6TSWuaeJp&__tn__=%2CP-R,"Theo Điều 12 Luật Doanh nghiệp 2020, người đại diện theo pháp luật có thể ủy quyền cho người khác thực hiện quyền và nghĩa vụ của mình. Chủ tịch HĐTV có thể đăng ký là người đại diện pháp luật và ủy quyền cho Giám đốc ký các văn bản, hợp đồng. Việc ủy quyền phải tuân thủ Điều lệ công ty và phù hợp với quy định tại Điều 55, 56 LDN 2020 về quyền của HĐTV và Giám đốc.","Điều 12 Luật Doanh nghiệp 2020
Điều 55 Luật Doanh nghiệp 2020
Điều 56 Luật Doanh nghiệp 2020",59-2020-QH14:d12;59-2020-QH14:d55;59-2020-QH14:d56
116,"Loại 6: Giải thể & Phá sản - Thủ tục, thanh toán nợ, tạm ngưng","Dạ các Anh Chị cho e hỏi với ạ, giải thể chi nhánh công ty cổ phần (hạch toán độc lập) thì làm theo HỒ SƠ GIẢI THỂ hay CHẤM DỨT HOẠT ĐỘNG vậy ạ? E đọc được thông tin là Nếu cty mẹ vẫn hoạt động bình thường thì Chi nhánh làm thủ tục CHẤM DỨT HOẠT ĐỘNG chứ không phải GIẢI THỂ thì có đúng không ạ?
Mong các Anh Chị giúp đỡ ạ!",https://www.facebook.com/groups/thanhlapcongtygiare/posts/2230462387437201/?__cft__[0]=AZZKdYHvnZxOeezdCGg8CWE_Jb0zRoFyK1oFEvUcfEWOSsOnKS_SR7Q79CF-wv0wD2MXwiQ69AGISTgBWjwbjVPZcOkb-pKsTllUPmsexrlOSz3wjhGqJRoz4tVdEHuMAdo47R9ow038HvVuOorpQfnU-3Paem2O8zSuytiYZ1tqfW6fBWtQepI4TJ3v5CMpsWQ&__tn__=%2CP-R,"Theo Điều 45 và Điều 213 Luật Doanh nghiệp 2020, chi nhánh là đơn vị phụ thuộc của doanh nghiệp, không có tư cách pháp nhân riêng. Khi doanh nghiệp (công ty mẹ) vẫn hoạt động mà chỉ muốn đóng chi nhánh, đúng là phải thực hiện thủ tục 'Chấm dứt hoạt động chi nhánh' theo Điều 213, không phải 'Giải thể'. Giải thể chỉ áp dụng cho pháp nhân doanh nghiệp theo Điều 207-210.","Điều 45 Luật Doanh nghiệp 2020
Điều 213 Luật Doanh nghiệp 2020
Điều 207 Luật Doanh nghiệp 2020",59-2020-QH14:d45;59-2020-QH14:d213;59-2020-QH14:d207
117,"Loại 6: Giải thể & Phá sản - Thủ tục, thanh toán nợ, tạm ngưng","Anh chị cho em hỏi, giải thể chi nhánh độc lập khác tỉnh, hồ sơ thuế và hồ sơ sở đều do công ty mẹ ký và đóng dấu đúng không ạ?
Em xin cám ơn.",https://www.facebook.com/groups/thanhlapcongtygiare/posts/2230456330771140/?__cft__[0]=AZZ1kM7VG_a8X8lhlhNqPS6o0cl6tYmkjQqi-Fd3iRodrBOcThdbOB32lHkbkmNclraKht1281-aBC2kAZzN2dkxr0expY-bLmIO-Z2rV-QHZCHidsu3rSnAN2a1RThHM8BukCQuoFxVzL2Qt0Gde96RFcMtpOVFyPNvp9r0Pm3Yxb0xxDC4R40jf4oeOLDUi2Y&__tn__=%2CP-R,"Theo Điều 45 và Điều 213 Luật Doanh nghiệp 2020, chi nhánh là đơn vị phụ thuộc của doanh nghiệp. Khi chấm dứt hoạt động chi nhánh khác tỉnh, quyết định chấm dứt do người đại diện pháp luật của công ty mẹ ký. Hồ sơ nộp tại Phòng ĐKKD nơi chi nhánh đặt trụ sở. Về thuế, chi nhánh hạch toán độc lập có MST riêng, cần hoàn tất quyết toán thuế tại cơ quan thuế quản lý chi nhánh trước khi nộp hồ sơ chấm dứt.","Điều 45 Luật Doanh nghiệp 2020
Điều 213 Luật Doanh nghiệp 2020",59-2020-QH14:d45;59-2020-QH14:d213
118,"Loại 8: Quản trị công ty - HĐQT, ĐHĐCĐ, cổ đông, điều lệ",Anh chị cho em hỏi em muốn biết được thông tin cổ đông hoặc các thành viên công ty em làm thế nào ạ! Anh chị hướng dẫn giúp em với ạ,https://www.facebook.com/groups/thanhlapcongtygiare/posts/2230182287465211/?__cft__[0]=AZZECdfxcxLDtRS41oZ8QTmB_fYTPfXzEdp0FzPQkVjdUuZeO4j2bkVFqddLTNwmqafWVLj7A2WLnCzzXUmwJYB-HHbqwaBQ4c7MCMeGNRjClY1ebUI8U5VyTmk0bkxfcG-Blu6ipiRNlTlXoj6bImiRLYcCyrOxeGXwmElJowbT9Ahl00WX0Rpo9D_hu_UYvpU&__tn__=%2CP-R,"Theo Luật Doanh nghiệp 2020: Với công ty TNHH, thông tin thành viên được lưu trong Sổ đăng ký thành viên theo Điều 48. Với công ty cổ phần, thông tin cổ đông được lưu trong Sổ đăng ký cổ đông theo Điều 122. Công ty phải lập và lưu giữ các sổ này tại trụ sở chính. Cổ đông/thành viên có quyền yêu cầu công ty cung cấp thông tin theo Điều 49, 115 LDN 2020.","Điều 48 Luật Doanh nghiệp 2020
Điều 49 Luật Doanh nghiệp 2020
Điều 115 Luật Doanh nghiệp 2020
Điều 122 Luật Doanh nghiệp 2020",59-2020-QH14:d48;59-2020-QH14:d49;59-2020-QH14:d115;59-2020-QH14:d122
119,"Loại 4: Người đại diện pháp luật - Điều kiện, thay đổi, trách nhiệm","Giám đốc cty cũ đã ngừng hoạt động chưa hoàn tất thủ tục đóng mã số thuế (ko nợ thuế). Có được đứng giám đốc cty mới không?
Bác nào biết tháo gỡ cái này giúp đỡ em với. Em cảm ơn nhiều ạ.
Cảm ơn ad đã duyệt bài.",https://www.facebook.com/groups/thanhlapcongtygiare/posts/2230281287455311/?__cft__[0]=AZYwBbpIWh5sRQcyqXaVSdfFC4DzqzId9-zHJyGXKGAPThT_YJBxuCL_pVtAbopQLgvWmxaNr--RSTuPWccigsIQQv3fWid6JPR1Z3sCPyKfL3-eRi2cGi2vNc4nZHl9MwBzJvSjyuE11j0n3o7Wbuww-w1DeIDF0KvSYWg0MlnAEZY-TamvUeL4BKqVN1VLz0eMeqfCSewWOlKMfMZNC4Ok&__tn__=%2CP-R,"Theo Điều 17 Luật Doanh nghiệp 2020 về quyền thành lập, góp vốn, mua cổ phần, mua phần vốn góp và quản lý doanh nghiệp: người đang là người đại diện theo pháp luật của doanh nghiệp bị tạm ngừng kinh doanh, bị thu hồi Giấy CNĐKDN hoặc bị giải thể vẫn có thể làm giám đốc công ty mới nếu không thuộc các trường hợp cấm tại khoản 2 Điều 17. Tuy nhiên, cần hoàn tất nghĩa vụ thuế của doanh nghiệp cũ.","Điều 17 Luật Doanh nghiệp 2020
Điều 12 Luật Doanh nghiệp 2020",59-2020-QH14:d17;59-2020-QH14:d12
120,"Loại 7: Thay đổi ĐKKD - Địa chỉ, tên, ngành nghề","Cần hỗ trợ bổ sung tên tiếng anh cho cty.
Cần hỗ trợ bổ sung tên tiếng anh cho cty.",https://www.facebook.com/groups/thanhlapcongtygiare/posts/2229468934203213/?__cft__[0]=AZYVR-r1xTPJQyM0Uo2E1PA3Aqr8uBL6BJI4FC_A607MmiN7RGs-Tv34n5gHkfMsI9bOOzzC_yF1cot7qpxp6WXLQCSzc6IhfAm9Skgwp8HzQGo23aRmleBgZXdxZa_ZzyURTxhFxSN95m_sLCmsGCbXaglCJ6leDbblJ_TNTVPVgMd_goDQJJ62yqkTJ6YscvmUnubSUbds7aVPMi24S-HG&__tn__=%2CP-R,"Theo Điều 37, 38 Luật Doanh nghiệp 2020 về tên doanh nghiệp, doanh nghiệp có quyền đăng ký tên bằng tiếng nước ngoài. Tên tiếng nước ngoài là tên được dịch từ tên tiếng Việt sang ngôn ngữ tương ứng, phải đảm bảo không trùng hoặc gây nhầm lẫn. Để bổ sung tên tiếng Anh, doanh nghiệp thực hiện thủ tục thay đổi nội dung đăng ký doanh nghiệp theo Điều 30 LDN 2020.","Điều 37 Luật Doanh nghiệp 2020
Điều 38 Luật Doanh nghiệp 2020
Điều 30 Luật Doanh nghiệp 2020",59-2020-QH14:d37;59-2020-QH14:d38;59-2020-QH14:d30
121,"Loại 7: Thay đổi ĐKKD - Địa chỉ, tên, ngành nghề","Mn cho e hỏi mở địa điểm kd mà ngành nghề chính cty mẹ bị xanh đỏ thì phải cập nhật ngành nghề cty mẹ trc phải k ạ
Mn cho e hỏi mở địa điểm kd mà ngành nghề chính cty mẹ bị xanh đỏ thì phải cập nhật ngành nghề cty mẹ trc phải k ạ",https://www.facebook.com/groups/thanhlapcongtygiare/posts/2228717240945049/?__cft__[0]=AZZRh2yhvApU-qPuGTNeBsgUIhwChyWY74rFo0nAVOwelPXLpFQcoSzQGVOS5bd3-57B8feA5NQK18J9KioX8IY9iVh9-NU-6UopEwHtYEiqGZm7qU4zydRiEVLPr1QO4516mWq_RGxK3k_boQsmoDZQkoJcLe7h_XEpcnxPkK1-nOkxMXEfxeZdeF5Rfmp6HfMkz5soafrTLdI04YQJZBDP&__tn__=%2CP-R,"Theo Điều 7 và Điều 44 Luật Doanh nghiệp 2020, địa điểm kinh doanh chỉ được hoạt động ngành nghề mà công ty đã đăng ký. Khi mã ngành của công ty mẹ bị 'xanh đỏ' (không còn phù hợp với hệ thống ngành nghề mới theo Quyết định 27/2018/QĐ-TTg hoặc Quyết định 36/2025/QĐ-TTg), công ty cần cập nhật ngành nghề cho công ty mẹ trước khi đăng ký địa điểm kinh doanh mới.","Điều 7 Luật Doanh nghiệp 2020
Điều 44 Luật Doanh nghiệp 2020
Điều 28 Luật Doanh nghiệp 2020",59-2020-QH14:d7;59-2020-QH14:d44;59-2020-QH14:d28
122,"Loại 7: Thay đổi ĐKKD - Địa chỉ, tên, ngành nghề",Mình muốn đăng ký thêm mã ngành và làm giảm vốn điều lệ công ty. Công ty mới thành lập 2 tháng đang trong thời gian góp vốn. Mình ở Hà Nội. Có ai hỗ trợ ko ạ,https://www.facebook.com/groups/thanhlapcongtygiare/posts/2228087421008031/?__cft__[0]=AZbJpZUPKB8GcZeeFv7zTw0DrTqi1BovvEKlnl2gIWK_mJONrgPjIdfWBDS4Cop4cXVADArT0GMUudW8ogS2DoAylPOMF7NjwtWdVr7AV1iUXP6iORgCuhE24AtcNDNjt39yVAA1H5p-4puPz40CdUyNJn3tsRxQlQL0UEdveJLNzAeW_AzKbvrvrq9EzbgFnLDTzXiVOr1zfFLtWikMrWKT&__tn__=%2CP-R,"Theo Luật Doanh nghiệp 2020: (1) Bổ sung mã ngành: theo Điều 7 và Điều 28 về thay đổi nội dung đăng ký; (2) Giảm vốn điều lệ trong thời gian góp vốn: theo Điều 47, 68, thành viên có 90 ngày để góp đủ vốn cam kết. Nếu không góp đủ, công ty phải đăng ký giảm vốn điều lệ tương ứng với phần vốn chưa góp. Có thể thực hiện cả hai thay đổi trong cùng một hồ sơ.","Điều 7 Luật Doanh nghiệp 2020
Điều 28 Luật Doanh nghiệp 2020
Điều 47 Luật Doanh nghiệp 2020
Điều 68 Luật Doanh nghiệp 2020",59-2020-QH14:d7;59-2020-QH14:d28;59-2020-QH14:d47;59-2020-QH14:d68
123,"Loại 7: Thay đổi ĐKKD - Địa chỉ, tên, ngành nghề","Dạ anh, chị cho em hỏi giờ em làm hồ sơ thay đổi nội dung đăng ký kinh doanh, ko có đụng tới ngành nghề, thì em có bắt buộc phải cập nhật ngành nghề luôn ko ạ",https://www.facebook.com/groups/thanhlapcongtygiare/posts/2227116374438469/?__cft__[0]=AZbZJTFhnJaNYLM6Gk4hfhjwrlWKg8kUZkRPqsC6KJ0gKLq9Ak5o5JTt0CA52rA8gfMkGXCPcoe2gstNOE0VnuGjRBajmSC_deJNQMBDW_hjpDkKsXB8RhjM8XYGwdZ3J_reMl8AXmEjJwQvA1rTU7qmb2LHNLXsjgahORwuoAB5kocsvhE4izOe5bAv9IDDIbpZ1LhqyfW_hXGwp2g06i3N&__tn__=%2CP-R,"Theo Điều 28, 30 Luật Doanh nghiệp 2020 về thay đổi nội dung đăng ký doanh nghiệp, không bắt buộc phải cập nhật ngành nghề khi làm các thay đổi khác không liên quan. Tuy nhiên, theo quy định chuyển tiếp khi có thay đổi hệ thống ngành nghề (như QĐ 36/2025/QĐ-TTg), Phòng ĐKKD có thể yêu cầu doanh nghiệp cập nhật đồng thời nếu mã ngành đã lỗi thời.","Điều 28 Luật Doanh nghiệp 2020
Điều 30 Luật Doanh nghiệp 2020",59-2020-QH14:d28;59-2020-QH14:d30
124,"Loại 9: Chuyển nhượng vốn/cổ phần - Mua bán, thừa kế","Dạ anh, chị cho em hỏi là công ty tnhh 2tv có 3tv góp vốn, nhưng giờ có 1tv muốn rút vốn ra khỏi công ty và ko chuyển nhượng cho ai hết thì hồ sơ mình làm sao ạ",https://www.facebook.com/groups/thanhlapcongtygiare/posts/2226300004520106/?__cft__[0]=AZbzjitUd3xjtXLNmJledRHZjis197ssOIP7a959GWO8J1zg7q6GAqPzyKOcNKxvzV-3coqVHBWNSSps3ZtWwXHCFwrpbzZC9g-3DasaOVryIAP9LPE4YyweuJHxnEzZvgc2lbeYgxI_o9aULOjfER1IWS5ouFudjmFsXjmd5IxmSnIvmGKUTPW6dpNx0rfzNcZI0dm5VwJVuAkCOValqFBp&__tn__=%2CP-R,"Theo Điều 51, 52 Luật Doanh nghiệp 2020, thành viên công ty TNHH 2TV trở lên có quyền yêu cầu công ty mua lại phần vốn góp nếu thuộc các trường hợp tại Điều 51, hoặc chuyển nhượng cho thành viên khác/người ngoài (Điều 52). Nếu không chuyển nhượng mà công ty mua lại, công ty phải giảm vốn điều lệ tương ứng theo Điều 68. Hồ sơ gồm: quyết định HĐTV, danh sách thành viên mới, thông báo thay đổi ĐKKD.","Điều 51 Luật Doanh nghiệp 2020
Điều 52 Luật Doanh nghiệp 2020
Điều 68 Luật Doanh nghiệp 2020",59-2020-QH14:d51;59-2020-QH14:d52;59-2020-QH14:d68
125,"Loại 6: Giải thể & Phá sản - Thủ tục, thanh toán nợ, tạm ngưng","Dạ anh/ chị cho em hỏi, công ty em mới thành lập Tháng 9/2025, mà do nội bộ lục đục nên giải thể công ty, công ty chưa ai góp vốn mà em nộp Thông báo giải thể rồi ạ, vậy cho em hỏi em có cần nộp hồ sơ giảm VĐL hay hồ sơ nào cam kết chưa góp vốn lên Sở không ạ",https://www.facebook.com/groups/thanhlapcongtygiare/posts/2226969341119839/?__cft__[0]=AZZxNktpjCFI2-ULZA5WZOtwZk-9camqqNYyuHC-umRzc61kWSl6ACPahpdI8C4wP660fst6e9sWjYy5jlDHE711zPH_9_NGKOGodms4q1cOX8pYbgnwYF2T4mjxrYWgE0Gk84vG0Jlrvd_ShUrE4vPl5X3zzqKsHS2EAIMlnNR42GnaifTc1flyCbZbo_W-R2rTYCbm3zDgwNbV46nJWjYi&__tn__=%2CP-R,"Theo Điều 207, 208 Luật Doanh nghiệp 2020 về giải thể, khi đã nộp thông báo giải thể, không cần làm thêm hồ sơ giảm vốn điều lệ riêng. Tuy nhiên, theo Điều 47, 68 về nghĩa vụ góp vốn, công ty cần lập biên bản xác nhận tình trạng góp vốn thực tế, ghi rõ các thành viên chưa góp vốn. Biên bản này nộp kèm hồ sơ giải thể để minh chứng công ty không có tài sản và nghĩa vụ cần thanh toán.","Điều 47 Luật Doanh nghiệp 2020
Điều 207 Luật Doanh nghiệp 2020
Điều 208 Luật Doanh nghiệp 2020",59-2020-QH14:d47;59-2020-QH14:d207;59-2020-QH14:d208
126,"Loại 7: Thay đổi ĐKKD - Địa chỉ, tên, ngành nghề","Cả nhà ơi cho mình hỏi , quy trình và mẫu chuyển công ty khác tỉnh ạ",https://www.facebook.com/groups/thanhlapcongtygiare/posts/2225871001229673/?__cft__[0]=AZbMcAG2a3CBJHEf1qVtQXublJvO7ZaVOkoMfgXLMeUQ1Fksk61bLLFJYsWPcqhZE2QhW0La6UJXk_mQxB66NWTbZCA3zPF_4nRlWUeJOWTkLRCVm6xlDU5NubDgIAqhpHom0WnZARViW0AFRkV_YVNj0ZUhW_Xvz-3PunNEA8IsKiAJmKvqEO17J8KwiZdzWmLCgPmAv0TGK3S-WOIAI7SZ&__tn__=%2CP-R,"Theo Điều 42 Luật Doanh nghiệp 2020 về thay đổi địa chỉ trụ sở chính, khi chuyển trụ sở khác tỉnh, doanh nghiệp phải: (1) Thông báo thay đổi tới Phòng ĐKKD nơi đặt trụ sở mới; (2) Phòng ĐKKD nơi mới cấp Giấy CNĐKDN mới và thông báo cho Phòng ĐKKD nơi cũ. Quy trình thực hiện theo Nghị định 01/2021/NĐ-CP, sử dụng mẫu thông báo thay đổi nội dung ĐKKD (Phụ lục II-1).","Điều 42 Luật Doanh nghiệp 2020
Nghị định 01/2021/NĐ-CP",59-2020-QH14:d42
127,"Loại 7: Thay đổi ĐKKD - Địa chỉ, tên, ngành nghề","Chào anh chị
Nhờ anh/chị tư vấn giúp em trường hợp
Thay đổi địa chỉ Địa điểm kinh doanh (không thay đổi ngành nghề) thì bắt buộc phải làm hồ sơ cập nhật ngành nghề (theo danh mục hành nghề mới) + địa chỉ công ty mẹ (theo địa bàn hành chính mới) trước không ạ.
Trường hợp người đứng đầu DDKD là người nước ngoài thì cần nộp thêm Hộ chiếu đã công chứng không ạ
Em cám ơn",https://www.facebook.com/groups/thanhlapcongtygiare/posts/2225735707909869/?__cft__[0]=AZZQx0sCj4FIvudn72eYRkGBBJjACegtGiICnWfSlTpSPRQhwFyJwOBn0ftbLTJ-QEt8OzoK6GM-GZt-jzQpZCmsd8Xp-VllRkd82UYEnKeMhbzQsS6tFDrSysItkRVbW5rIwgVL3u4Yby8FVWDFkc73XMiK6Mt1-FlI7Ewejuji1A-bSmXNyZG6Mrgq3YudX1nSbR25XrzDEgzCtmmjgfpL&__tn__=%2CP-R,"Theo Điều 44, 45 Luật Doanh nghiệp 2020 về địa điểm kinh doanh, khi thay đổi địa chỉ ĐĐKD, nếu ngành nghề công ty mẹ đã thay đổi theo hệ thống mã ngành mới thì cần cập nhật ngành nghề công ty mẹ trước. Đối với người đứng đầu ĐĐKD là người nước ngoài, cần nộp bản sao hộ chiếu hợp lệ (có thể yêu cầu công chứng tùy theo quy định của từng Sở KH&ĐT).","Điều 44 Luật Doanh nghiệp 2020
Điều 45 Luật Doanh nghiệp 2020",59-2020-QH14:d44;59-2020-QH14:d45
128,"Loại 7: Thay đổi ĐKKD - Địa chỉ, tên, ngành nghề","E chào cả nhà ạ!
Cả nhà cho e hỏi là trước đây bên e đăng ký mã ngành 2610: sản xuất linh kiện điện tử. Từ ngày 15/11/2025, mã ngành nghề theo QĐ số 36/2025 thì thay thành mã ngành 2619: sản xuất linh kiện điện tử khác.
Bây giờ bên e làm thay đổi nội dung ĐKDN, e muốn hỏi là trong mẫu số 12, e ghi bỏ mã 2610, thêm mã 2619 hay là ghi sửa đổi chi tiết ngành nghề ạ",https://www.facebook.com/groups/thanhlapcongtygiare/posts/2226133454536761/?__cft__[0]=AZYNJGM-pljoBWjPTOAIjk59VRNNTLT9Ah_Oq50FGpbL4qd8lRE_Kj-ot5OQvivVX2xCH_imCmFjcB96gnMIzEhPWdqacHyVTp7UZP8cFqiYCf1hHyXoLhBeXRDiIyaGPzeIvwC5aO8JmmsvPI3hjcz-48ktJKabGHo6Con_J48Nqa8KwvIRAOBc-4FTu_Nxf5j1A0pvo9Il_50MMbsPhw95&__tn__=%2CP-R,"Theo Điều 7, 28 Luật Doanh nghiệp 2020 về ngành nghề kinh doanh và thay đổi ĐKKD, khi chuyển đổi mã ngành theo hệ thống mới (QĐ 36/2025/QĐ-TTg), trong mẫu thông báo thay đổi, nên ghi rõ: Bỏ mã ngành cũ (2610) và Thêm mã ngành mới tương ứng (2619). Đây là cách thể hiện chính xác việc cập nhật theo hệ thống ngành nghề mới, không phải sửa đổi chi tiết.","Điều 7 Luật Doanh nghiệp 2020
Điều 28 Luật Doanh nghiệp 2020",59-2020-QH14:d7;59-2020-QH14:d28
129,"Loại 6: Giải thể & Phá sản - Thủ tục, thanh toán nợ, tạm ngưng","em chào anh/chị ạ
cho em hỏi khi nộp hồ sơ thông báo giải thể Bước 1 nhưng bị vướng hồ sơ thuế, thì có hủy quyết định giải thể đó được không ạ?
khi hồ sơ bước 1 đã được chấp thuận rồi ạ
em cảm ơn ạ",https://www.facebook.com/groups/thanhlapcongtygiare/posts/2226269841189789/?__cft__[0]=AZZ0V667bDDmDFxRt2EnV0D5vBV9Y4hY8_3ujrAsfcr_8yqmR6h5Gbasx0AEWOc0-bhZrhf-JDM5-5lTM9ffmVQV6Vz9R9d45Ng-cQrbsvy8ymeoTtDVRsFCBe2jzf3GaZcFjqlBkqfn0someTbCVA-hD_Pu8EkWqW2KO2zS1IYKyLe98hXC1sdvcwj6ORvLvMqFBDJhvZDkxnLUayElPAYX&__tn__=%2CP-R,"Theo Điều 207, 208 Luật Doanh nghiệp 2020, sau khi đã gửi quyết định giải thể đến Cơ quan ĐKKD, doanh nghiệp có thể hủy quyết định giải thể nếu chưa hoàn tất thủ tục giải thể. Doanh nghiệp cần gửi Thông báo hủy quyết định giải thể đến Cơ quan ĐKKD để chấm dứt trạng thái đang giải thể và tiếp tục hoạt động bình thường.","Điều 207 Luật Doanh nghiệp 2020
Điều 208 Luật Doanh nghiệp 2020",59-2020-QH14:d207;59-2020-QH14:d208
130,"Loại 9: Chuyển nhượng vốn/cổ phần - Mua bán, thừa kế","Mn cho mình hỏi hồ sơ chuyển nhượng cổ phần của công ty cổ phần gồm những gì ạ?
Mn cho mình hỏi hồ sơ chuyển nhượng cổ phần của công ty cổ phần gồm những gì ạ?",https://www.facebook.com/groups/thanhlapcongtygiare/posts/2224749941341779/?__cft__[0]=AZZnmAC7BLwOLrgovNoMAGor-LYu5l2YEuT7n-udl2dQwm0_JakrvrhlabLHtnXwUtMq-PLwiMN4KT9oczpsOCo_0tmdmWV585UFLE2HUJ9LkB4olvq3xhn9P5E7iYxpNKSCzAi5r07x8Cj9fUeoCEmWQNTAZLrm0na1YT0OLFCBPZm969sOVaR9DxEo5icC9HwumMAKhdXLi1pace55CQz2&__tn__=%2CP-R,"Theo Điều 127 Luật Doanh nghiệp 2020, chuyển nhượng cổ phần trong CTCP cần: (1) Hợp đồng chuyển nhượng cổ phần; (2) Biên bản xác nhận việc chuyển nhượng hoàn tất; (3) Ghi nhận vào sổ đăng ký cổ đông. Nếu cổ đông sáng lập chuyển nhượng trong 3 năm đầu, cần có sự chấp thuận của ĐHĐCĐ theo Điều 120. Việc chuyển nhượng chỉ có hiệu lực khi được ghi vào sổ đăng ký cổ đông.","Điều 127 Luật Doanh nghiệp 2020
Điều 120 Luật Doanh nghiệp 2020
Điều 122 Luật Doanh nghiệp 2020",59-2020-QH14:d127;59-2020-QH14:d120;59-2020-QH14:d122
131,"Loại 3: Vốn điều lệ - Góp vốn, tăng/giảm vốn, vốn pháp định",Dạ cho em xin phép nhờ anh chị hỗ trợ em trường hợp thành lập công ty TNHH 2TV mà có 1 người góp vốn bằng hàng hoá thì hồ sơ cần những thành phần nào ạ. Em cảm ơn anh chị,https://www.facebook.com/groups/thanhlapcongtygiare/posts/2225508621265911/?__cft__[0]=AZa4qlZxMDglu30St6SAfizEhYgyeS5GyuFhbA09ZnFf8atDGU9bBx4ebRcy8DZmBdyuxfz7LZ9ChtkcCsPrYW2XgSGGBKf2ZskU_2Nt2ZqJbb0Sk5jt4ujtGE_XvCa6PVk3TUsEk1EoNUAyyqAExdOiulqYmD1hcQODvqDIKVFuHGhEO9mEgl-aPs7zkGPZwHDIfnW0Wo0rn0-_6vMZAEhb&__tn__=%2CP-R,"Theo Điều 34, 35 Luật Doanh nghiệp 2020 về tài sản góp vốn, khi góp vốn bằng hàng hóa (tài sản), cần: (1) Biên bản định giá tài sản góp vốn do các thành viên nhất trí hoặc tổ chức thẩm định giá định giá; (2) Biên bản giao nhận tài sản góp vốn; (3) Chứng từ chuyển quyền sở hữu tài sản (nếu có). Hồ sơ thành lập công ty gồm các giấy tờ theo Điều 21 LDN và kèm theo biên bản định giá tài sản.","Điều 34 Luật Doanh nghiệp 2020
Điều 35 Luật Doanh nghiệp 2020
Điều 21 Luật Doanh nghiệp 2020",59-2020-QH14:d34;59-2020-QH14:d35;59-2020-QH14:d21
132,"Loại 7: Thay đổi ĐKKD - Địa chỉ, tên, ngành nghề",Có anh chị nào làm cập nhật ngành nghề theo QĐ36 chưa ạ. Cho em hỏi mình nên làm mục A hay mục B trong mẫu 12 và có cần kèm theo quyết định không ạ,https://www.facebook.com/groups/thanhlapcongtygiare/posts/2224685958014844/?__cft__[0]=AZZS14v2pmR_T0dvDZ2hGu3a1-I2m3VOj3hE33eSHz4BdWXdSm54d68UDd7Lx3Ys1mceKHFvXlCp32TplxIrNnX6UzEf-E-V_UQ-nRFpgNK_TzlOc6cF6HirCTxzqA-800MbikxBnBhnw35Ce5KGt5uLP4QBAYvXU223_jC6JbAQnRkzEcfotHYidqwOtrSxZqJWbBxn5eumiflu_-D9J5Ik&__tn__=%2CP-R,"Theo Điều 7, 28 Luật Doanh nghiệp 2020 về ngành nghề kinh doanh, khi cập nhật ngành nghề theo QĐ36/2025, nên sử dụng mục A (Đăng ký thay đổi thông tin) trong mẫu 12 nếu chỉ cập nhật mã ngành tương ứng. Nếu công ty là TNHH 2TV trở lên hoặc CTCP, cần kèm theo Nghị quyết/Quyết định của HĐTV/ĐHĐCĐ về việc thay đổi ngành nghề.","Điều 7 Luật Doanh nghiệp 2020
Điều 28 Luật Doanh nghiệp 2020",59-2020-QH14:d7;59-2020-QH14:d28
133,"Loại 9: Chuyển nhượng vốn/cổ phần - Mua bán, thừa kế","Chào anh/chị
Nhờ anh/chị tư vấn giúp em trường hợp:
Công ty TNHH nhiều thành viên, 1 thành viên góp vốn chuyển nhượng 1 ít phần góp của mình thêm cho 1 thành viên mới (từ CSH hưởng lợi thành không hưởng lợi). Không phát sinh tăng/giảm vốn công ty.
- Mẫu số 12: Ghi thông tin công ty và tại phần A- Đăng ký thay đổi thông tin, tại mục ĐĂNG KÝ THAY ĐỔI THÀNH VIÊN CÔNG TY TNHH + Trường hợp thay đổi thành viên Công ty TNHH (kê khai Dánh sách thành viên công ty theo mẫu số 6...) ghi chữ Gửi kèm
- Mẫu số 6: Danh sách thành viên (đủ thành viên nhưng cần chữ ký của 2 cá nhân có phần vốn góp thay đổi)
- Mẫu số 10: Danh sách CSH hưởng lợi
- Giấy ủy quyền
- Hợp đồng chuyển nhượng
Vậy hồ sơ của em như vậy đã đúng và đủ chưa ạ. Em cám ơn",https://www.facebook.com/groups/thanhlapcongtygiare/posts/2224913037992136/?__cft__[0]=AZZ17fjflzx1MQ_GX-JAFAg6vKJ9iD47L2Vzw5OoMWPpjFl1ziaoAv5BuJsTI4XZV06uZ4DsgmS1jLFBxFWW82UWeY2eT86xJ0gf7dxpe7ZStGZa_aUbIhnN5y2WZHHdb1GhlO0ZOyVBed_J4HdNadls1Xqje7a2rO2ivbTgyW0dfNKbSy1YZ1L_HNg4ubhnKkfE59PBlYja69CEYZ7uAVez&__tn__=%2CP-R,"Theo Điều 51, 52 Luật Doanh nghiệp 2020 về chuyển nhượng phần vốn góp trong công ty TNHH, hồ sơ cần bổ sung thêm: Biên bản họp HĐTV về việc chấp thuận chuyển nhượng (nếu Điều lệ quy định). Danh sách hồ sơ đã liệt kê là đúng. Lưu ý: theo Điều 52, thành viên phải chào bán cho các thành viên còn lại trước khi chuyển nhượng cho người ngoài (nếu có).","Điều 51 Luật Doanh nghiệp 2020
Điều 52 Luật Doanh nghiệp 2020",59-2020-QH14:d51;59-2020-QH14:d52
134,"Loại 2: Loại hình doanh nghiệp - TNHH, Cổ phần, Hợp danh, DNTN","A/c cho em hỏi, làm hồ sơ đổi loại hình công ty từ TNHH (1 thành viên) sang Cổ phần, tăng vốn và thêm 4 cổ đông (cho phần vốn tăng) cần những hồ sơ giấy tờ gì? Sếp em yêu cầu em (NV HCNS) làm việc này. Các bước thực hiện là gì ạ? Bên em không thuê ngoài ạ, sếp bảo tự làm mới ""lớn"" được ạ",https://www.facebook.com/groups/thanhlapcongtygiare/posts/2224751951341578/?__cft__[0]=AZYU_iCeihd2Lg6zgK5kpnZaQPjv7RhLGCwNcAHIHBJ65bhI1HSTz4RzUslGfE7FzFv5Tg76ygu9VcDy7LROdKIRY-VhcldUrVfYRR_ylpkilkqHYT8oykUzDp66ZGYU4KQ8GjRDMP-M406J8xwLSX3Xrs5OYDO6Rw_F0OKTYjTLbv_zOKaTk4t8evWrry_gkwDfr-NtMQ2GAQoMaPeGV-_q&__tn__=%2CP-R,"Theo Điều 202 Luật Doanh nghiệp 2020, chuyển đổi từ TNHH 1TV sang CTCP cần: (1) Quyết định của CSH về chuyển đổi; (2) Điều lệ công ty CP; (3) Danh sách cổ đông sáng lập và cổ đông là nhà đầu tư nước ngoài; (4) Giấy đề nghị ĐKDN; (5) Bản sao CCCD/CMND các cổ đông. Việc tăng vốn thực hiện đồng thời trong hồ sơ chuyển đổi, ghi nhận vốn điều lệ mới và danh sách cổ đông góp vốn.","Điều 202 Luật Doanh nghiệp 2020
Điều 111 Luật Doanh nghiệp 2020",59-2020-QH14:d202;59-2020-QH14:d111
135,"Loại 1: Thành lập doanh nghiệp - Thủ tục, điều kiện, hồ sơ thành lập","Em nộp hồ sơ thành lập mới Công ty Cổ phần và đã bị ra thông báo. Anh chị trong nhóm cho em hỏi là giờ em muốn chuyển đổi loại hình sang Công ty TNHH thì có nộp hồ sơ thành lập mới vào luôn được không ạ, hay phải chấm dứt thực hiện đối với hồ sơ cũ ạ?
Rất mong nhận được sự hướng dẫn của anh chị. Em cảm ơn mọi người ạ.",https://www.facebook.com/groups/thanhlapcongtygiare/posts/2224521748031265/?__cft__[0]=AZb4jmfR4rIefWwxUh3pq6JMZ9dHVQMt1l9itRxt28TEbKMlPvfhwfPGPzjz78To90DAmecGGMnOLsNyKtRE1yMwfJBMOVzWqtLHYNxDOgpcFult-Vj0Xud2_bkMOVwzOrEznrZ20JcD7v_v-qCenWTk8-G17QfRkF0o6V8yPKNTdEYpVhnImi17xdUx2vkyqRTtI20xNid9P6TOOM-WADqz&__tn__=%2CP-R,"Theo Điều 26, 27 Luật Doanh nghiệp 2020, nếu hồ sơ CTCP bị trả lại do không hợp lệ và chưa được cấp Giấy CNĐKDN, bạn có thể nộp hồ sơ thành lập mới với loại hình TNHH mà không cần chấm dứt hồ sơ cũ. Hồ sơ cũ bị trả lại được xem như không thành công, bạn có thể nộp hồ sơ mới hoàn toàn độc lập.","Điều 26 Luật Doanh nghiệp 2020
Điều 27 Luật Doanh nghiệp 2020",59-2020-QH14:d26;59-2020-QH14:d27
136,"Loại 1: Thành lập doanh nghiệp - Thủ tục, điều kiện, hồ sơ thành lập","Cả nhà cho e hỏi,sau khi mình đăng ký thành công và được chấp nhận hợp lệ thì bao lâu mình mới nhận được bản chính có chữ ký của phòng đăng ký kinh doanh ạ .( e nghe nói là ko có bản giấy ,bây giờ có bản điện tử ,vậy nhận bản điện tử đó như thế nào ạ )",https://www.facebook.com/groups/thanhlapcongtygiare/posts/2222258044924302/?__cft__[0]=AZZbcTHR4ATHpzEJ-n4PGk6lFb8449uIIhxOS7wx-isD14JBijjMKVMhv65Sbz6khi7YsS1gU84ot5ZUcGOuEJndPVrrzzzQY8WpD-QieSePPZJFl6OPdyv7ji2amzqs7gTeIo374coDAuYKv-Yc5gceD_uxvbVXPKAUm_IMn2NIRHh9rZOvw3LtiKEwotjFESjTZv0Oo4SavQ4zE6r-iPy_&__tn__=%2CP-R,"Theo Điều 28, 29 Luật Doanh nghiệp 2020, sau khi hồ sơ được chấp thuận, Giấy CNĐKDN được cấp dưới dạng bản điện tử có giá trị pháp lý tương đương bản giấy. Doanh nghiệp nhận Giấy CNĐKDN điện tử trên Cổng thông tin quốc gia về ĐKDN (dangkykinhdoanh.gov.vn) ngay khi được phê duyệt. Nếu cần bản giấy, có thể yêu cầu Phòng ĐKKD cấp bản sao có công chứng.","Điều 28 Luật Doanh nghiệp 2020
Điều 29 Luật Doanh nghiệp 2020",59-2020-QH14:d28;59-2020-QH14:d29
137,"Loại 7: Thay đổi ĐKKD - Địa chỉ, tên, ngành nghề","Mọi người cho em hỏi với ạ, theo quyết định 36/2025 về ngành, nghề kinh doanh thì có làm thay đổi một số ngành nghề của công ty em, giờ em thông báo thành lập địa điểm kinh doanh nhưng không áp những mà ngành, nghề của công ty, sử dụng các mã ngành nghề mới theo đúng qđ 36 và nộp hồ sơ thì bị trả. Yêu cầu phải cập nhật bổ sung mã ngành nghề của công ty mẹ theo qđ 36. Cho em hỏi là việc trả hồ sơ yêu cầu như thế có đúng không ạ, và căn cứ vào văn bản vậy ạ",https://www.facebook.com/groups/thanhlapcongtygiare/posts/2220806161736157/?__cft__[0]=AZZlfn7kckGaS3XYDWCn4xt2FbUDXRF9V0-dMVoFCxWauizjhDA9lE9Xcz-Htu7NwiB_ojrtAERHP3X-EwYewDcGBnTy_08JxJ29FwOPBh1FAhrouJiYtxWOCCoPeBa9Gdd6Zj15GEEbT33J1oopwhhEMLbcQiQcTZaUdWnJwkNlEFWKe_w5DfX5LTgCErH42_59c48X1r5M8bojwO_EtV1s&__tn__=%2CP-R,"Theo Điều 7, 44 Luật Doanh nghiệp 2020, địa điểm kinh doanh chỉ được hoạt động các ngành nghề đã đăng ký của công ty mẹ. Khi hệ thống mã ngành thay đổi theo QĐ36/2025, việc yêu cầu cập nhật ngành nghề công ty mẹ trước khi thành lập ĐĐKD là hợp lý, vì ĐĐKD phải hoạt động trong phạm vi ngành nghề của công ty mẹ. Căn cứ: Điều 44 LDN 2020 và QĐ36/2025/QĐ-TTg.","Điều 7 Luật Doanh nghiệp 2020
Điều 44 Luật Doanh nghiệp 2020",59-2020-QH14:d7;59-2020-QH14:d44
138,"Loại 6: Giải thể & Phá sản - Thủ tục, thanh toán nợ, tạm ngưng","Mọi người ai có kinh nghiệp cho em hỏi chút ạ. Công ty em đang giải thể đã hoàn thành xong bước 1 nộp hồ sơ trên phòng ĐKKD. Bước 2 chốt thuế thì bộ hồ sơ cần những gì ạ? Hiện tại em đang chuẩn bị:
1. VB đề nghị chấm dứt MST
2. Nghị quyết, biên bản họp
3. Tờ khai quyết toán thuế thu nhập doanh nghiệp (Theo mẫu số 03/TN",https://www.facebook.com/groups/thanhlapcongtygiare/posts/2221332071683566/?__cft__[0]=AZbFXKPHkJzA-an8r1vk3USmPvUIfPgxSWG-x7k6UChPPKrs7-yfax8UfbEf4fJDzBJP-poQ64QwiUuaq0b-ZA6mdHYWiGpbzNNPE6H-AvyYow2SGl7wJGicZrzNOBzwXqdBFZy_R9o6NArSqV1ALt3oMoGsYSWKbKH-2Wpbqp8_Sr658K68Rr1lcYlsRrjCDQS2NRkCY_2T0L4LzT54bOQ0&__tn__=%2CP-R,"Theo Điều 207, 208, 209 Luật Doanh nghiệp 2020, sau khi hoàn thành bước 1 (thông báo giải thể tại Cơ quan ĐKKD), bước 2 chốt thuế cần bổ sung thêm: Tờ khai quyết toán thuế GTGT, Báo cáo tài chính tại thời điểm giải thể, Biên bản kiểm tra quyết toán thuế (nếu có), Thông báo hủy hóa đơn. Hồ sơ đã chuẩn bị cơ bản đúng, cần bổ sung thêm các tờ khai thuế liên quan.","Điều 207 Luật Doanh nghiệp 2020
Điều 208 Luật Doanh nghiệp 2020
Điều 209 Luật Doanh nghiệp 2020",59-2020-QH14:d207;59-2020-QH14:d208;59-2020-QH14:d209
139,"Loại 3: Vốn điều lệ - Góp vốn, tăng/giảm vốn, vốn pháp định",Anh chị có biên bản họp và quyết định hạ vốn nộp Sở Tài chính vì không góp đủ của công ty cổ phần cho em xin mẫu với ạ. Em cám ơn mọi người ạ.,https://www.facebook.com/groups/thanhlapcongtygiare/posts/2221185391698234/?__cft__[0]=AZaCj8IlTF92Zvm6iOy0L99l5jMzNwd1ejUGbCwO9PkxhL5AbboQWl9qyQ1n2rnXzWUNRSl1OvYm40cW3GSZ-HmSpi7itt8u20LOuyBffL1YdP2GEVO92QFgfMc9pCOf1lGdtXXxUHxVLlsMZ1pqbzujhFfYJKNP3f8sxNUX9bZP6Y2w9pB0vvgngkP8qknMO6yYIwnU-z-grgpjWFZSMhQa&__tn__=%2CP-R,"Theo Điều 112, 113 Luật Doanh nghiệp 2020, CTCP giảm vốn điều lệ do cổ đông không góp đủ vốn cần: (1) Nghị quyết ĐHĐCĐ về việc giảm vốn; (2) Biên bản họp ĐHĐCĐ; (3) Quyết định của HĐQT (nếu được ủy quyền). Nội dung cần ghi rõ: vốn điều lệ sau giảm, số cổ phần đã đăng ký mua nhưng không thanh toán, danh sách cổ đông không hoàn thành nghĩa vụ góp vốn.","Điều 112 Luật Doanh nghiệp 2020
Điều 113 Luật Doanh nghiệp 2020",59-2020-QH14:d112;59-2020-QH14:d113
140,"Loại 2: Loại hình doanh nghiệp - TNHH, Cổ phần, Hợp danh, DNTN","Anh chị cho em hỏi, em cần đăng ký chuyển công ty TNHH 1 TV thành doanh nghiệp xã hội kèm theo đổi tên công ty và đổi chủ sở hữu, vậy có thể đăng ký thay đổi chung 1 lần được không hay cần đổi tên công ty và chủ sở hữu trước, sau đó mới đăng ký đổi thành doanh nghiệp xã hội ạ?",https://www.facebook.com/groups/thanhlapcongtygiare/posts/2225392974610809/?__cft__[0]=AZbl28-9CAPavf6t7nFYW1t5tGMMy7N63oa97ZjGc53W8g-R1sh4V2ZxkAbBYk_2ZwwWuDSfDZVuZOpm-isor5dO-n2KwztuxWAiPnMHTksL_JM3J88vGv1HiUWYpKQrKyg1_Wi8JQkEPTqZY_tlrKPJMs3ivursdGbBHP8xtA8-j52sJRglKlKGxE3qG3lY7GrCFMiUAyYBvi6kw-7sLxF9&__tn__=%2CP-R,"Theo Điều 10, 30, 37 Luật Doanh nghiệp 2020, có thể thực hiện đồng thời nhiều nội dung thay đổi trong một hồ sơ: đổi tên công ty, thay đổi chủ sở hữu, và đăng ký thành doanh nghiệp xã hội. Hồ sơ cần kèm Cam kết thực hiện mục tiêu xã hội, môi trường theo Điều 10 LDN 2020. Doanh nghiệp xã hội phải dành ít nhất 51% lợi nhuận hàng năm để tái đầu tư vào mục tiêu xã hội, môi trường.","Điều 10 Luật Doanh nghiệp 2020
Điều 30 Luật Doanh nghiệp 2020
Điều 37 Luật Doanh nghiệp 2020",59-2020-QH14:d10;59-2020-QH14:d30;59-2020-QH14:d37
141,"Loại 7: Thay đổi ĐKKD - Địa chỉ, tên, ngành nghề","Chào anh chị,
Công ty em muốn chuyển trụ sở chính từ Nghệ An ra Hà Nội thì em cần chuẩn bị gì để lên làm việc với cơ quan thuế, bây giờ chuyển luôn hay nên sang đầu năm sau thì hợp lý hơn ạ? Mong nhận được tư vấn từ anh chị",https://www.facebook.com/groups/thanhlapcongtygiare/posts/2225424597940980/?__cft__[0]=AZY_BFPASubHQWHrIBHSUC19StUDn6H4_QTq-sNvEtCupTNCWCn0mhZU-cNjNtg5q2IgUvzp1nFzG6Pvu3JNr3GIhgcVnQttJY-fWQ9eG1rdF_vaU0uYUBjXdE4fx4oYRFiykV9eIqgNzzFIX2hy-Cu--6z7rEzV3NY2dYJgp9b5HLPJigg0A7gIy_rRxcGJqV1tU-wGuLkyocLHUB5WqcFQ&__tn__=%2CP-R,"Theo Điều 42 Luật Doanh nghiệp 2020, khi chuyển trụ sở khác tỉnh cần: (1) Nộp hồ sơ thay đổi địa chỉ trụ sở tại Sở KH&ĐT nơi đến; (2) Làm thủ tục chuyển thuế: quyết toán thuế tại Cục Thuế nơi đi, đăng ký thuế tại Cục Thuế nơi đến. Về thời điểm, nên chuyển vào đầu năm để thuận tiện quyết toán thuế năm trước tại địa phương cũ, tránh phức tạp về hồ sơ thuế.","Điều 42 Luật Doanh nghiệp 2020
Điều 28 Luật Doanh nghiệp 2020",59-2020-QH14:d42;59-2020-QH14:d28
142,"Loại 1: Thành lập doanh nghiệp - Thủ tục, điều kiện, hồ sơ thành lập",Mình ở tỉnh đang tạm trú ở SG có mở cty TNHH được ko ạ,https://www.facebook.com/groups/thanhlapcongtygiare/posts/2225348351281938/?__cft__[0]=AZZTMffOOjoUedDvWWo1THyWWKK5czdLxZVq6Na_ZOffQf0x_BnwYBZ2UMI9P06WXoe89xSgAXp1wXRalL1IZMBhSLjS5F6Mfbj4wp75cQ6iXZ-kxj2EkBmA97PYfb_zXOOEJvatUC1aBKYaUU14qCyizb9Q3S0x_H9V1t-vzh0ZBN4_CMuDC_3rtBy0uGj3M5XaF6TFs1uhzGQBBuAomf3u&__tn__=%2CP-R,"Theo Điều 17, 18 Luật Doanh nghiệp 2020, công dân Việt Nam từ đủ 18 tuổi có đủ năng lực hành vi dân sự có quyền thành lập doanh nghiệp tại bất kỳ địa phương nào, không phụ thuộc vào nơi đăng ký hộ khẩu thường trú hay tạm trú. Bạn có thể mở công ty TNHH tại TP.HCM dù đang có hộ khẩu ở tỉnh khác.","Điều 17 Luật Doanh nghiệp 2020
Điều 18 Luật Doanh nghiệp 2020",59-2020-QH14:d17;59-2020-QH14:d18
143,"Loại 10: Doanh nghiệp FDI - Vốn nước ngoài, tỷ lệ sở hữu",Anh chị cho e hỏi Người Trung Quốc hộ chiếu E có nhận chuyển nhượng được phần vốn góp tại tp Hồ Chí Minh không ạ,https://www.facebook.com/groups/thanhlapcongtygiare/posts/2222389468244493/?__cft__[0]=AZZytnJCH8CPmncWxn6Zp-QYvwqrc1rCuG6ten_NhcMPDttzUEBKbhglD54QNk04u3oLzkTKyUJNhtk7XXUn-7jJvafFLWOolmP4mvCGga465cfpETNkyuaFQpIt2GjrrZDgyZvzoh_6H_BnJCxy3IZBTfFEVWZTTAgWwE9o0v8a12zqpg-VqnwsBIgdRFyOhJUkidcpUeyfWhIGFHzmTPUE&__tn__=%2CP-R,"Theo Điều 17, 51, 52 Luật Doanh nghiệp 2020 và Luật Đầu tư 2020, người nước ngoài (bao gồm công dân Trung Quốc) có thể nhận chuyển nhượng phần vốn góp tại Việt Nam. Tuy nhiên, khi nhà đầu tư nước ngoài nhận chuyển nhượng phần vốn làm tỷ lệ sở hữu vốn nước ngoài tăng trên 50%, cần thực hiện thủ tục đăng ký góp vốn, mua cổ phần theo quy định Luật Đầu tư.","Điều 17 Luật Doanh nghiệp 2020
Điều 51 Luật Doanh nghiệp 2020
Điều 52 Luật Doanh nghiệp 2020",59-2020-QH14:d17;59-2020-QH14:d51;59-2020-QH14:d52
144,"Loại 7: Thay đổi ĐKKD - Địa chỉ, tên, ngành nghề","Mọi người cho em hỏi với.
Em bị trả hồ sơ mà họ nói thêm cái này vào không biết là ngành nghề bị gì hay lí do gì mà bắt mình thêm nhỉ
Em cảm ơn rất nhiều nếu có ai giải đám được ạ
(- Không hoạt động trong lĩnh vực sản xuất, gia công, chế biến tại trụ sở; doanh nghiệp chỉ được hoạt động kinh doanh khi thực hiện đúng quy định pháp luật về đầu tư, đất đai, xây dựng, phòng cháy chữa cháy, bảo vệ môi trường và các quy định pháp luật khác có liên quan.
- Đối với ngành, nghề kinh doanh thuộc Danh mục ngành, nghề đầu tư kinh doanh có điều kiện được quy định tại Phụ lục IV của Luật Đầu tư, doanh nghiệp phải đáp ứng đủ điều kiện đầu tư kinh doanh khi kinh doanh ngành, nghề đầu tư kinh doanh có điều kiện và bảo đảm duy trì đủ điều kiện đó trong suốt quá trình hoạt động kinh doanh)",https://www.facebook.com/groups/thanhlapcongtygiare/posts/2221372168346223/?__cft__[0]=AZYVt7U9Pe7Dbu4cLfH7Ro2ELoMdpO4ig6umasRTSQhIuaoCVcbCzVUG1hIAfY03Hu3Awhh6gORWQin-6H8Tqk-vK31U0X3mRM4M7D8O64nATcZ_gIF7HY4mH69UZCpHQN9BvvfrEKIbPZ9hF3fVAxNchU5PH0vOF7OUQsuTarfc7-V6WJpd7iOT0Cx_wwWRNdgtWjiLo05jI3CnSwyYMD9V&__tn__=%2CP-R,"Theo Điều 7, 28 Luật Doanh nghiệp 2020, đây là các ghi chú tiêu chuẩn mà Cơ quan ĐKKD thêm vào Giấy CNĐKDN để nhắc nhở doanh nghiệp về trách nhiệm tuân thủ pháp luật. Đây không phải lý do trả hồ sơ mà là nội dung bổ sung trên Giấy CNĐKDN. Doanh nghiệp có ngành nghề kinh doanh có điều kiện phải đảm bảo đáp ứng điều kiện theo Phụ lục IV Luật Đầu tư khi hoạt động.","Điều 7 Luật Doanh nghiệp 2020
Điều 28 Luật Doanh nghiệp 2020",59-2020-QH14:d7;59-2020-QH14:d28
145,"Loại 7: Thay đổi ĐKKD - Địa chỉ, tên, ngành nghề",Mng ơi cty em muốn đổi địa chỉ trụ sở nhưng không muốn đổi địa chỉ nhận thông báo thuế. Em đã bấm vào trường thông tin thuế nhập địa chỉ cũ. Trường địa chỉ thì mới nhưng vẫn bị trả hs về giờ phải làm sao ạ. Lý do trả là em không được tick vào ô đề nghị cấp giấy ĐKKD nếu không thay đổi nội dung. Mà rõ ràng là có đổi địa chỉ trụ sở thì phải được cấp giấy mới chứ ạ,https://www.facebook.com/groups/thanhlapcongtygiare/posts/2221987428284697/?__cft__[0]=AZaUJrzddGLuXWKe0yD3cedL7pmTbzASdyi9Y0Bz7KeuxKaDGkengnB6THDp0h_Pq5uzojSD6rdjMnBgP2Me02LvQjCzabdO2CAYqXiBlOyX6SzYc40eYnGr72MdpvywbxVCNOufwYghXrFj6wttd45qjVU1JZd3e5NJkccqiFV5lilZO3Jxjo4i81m1w8qHcvJMAzvemqNc_kCy5ZeTwx9z&__tn__=%2CP-R,"Theo Điều 42, 28 Luật Doanh nghiệp 2020, khi thay đổi địa chỉ trụ sở phải tick vào ô đề nghị cấp Giấy CNĐKDN mới vì địa chỉ trụ sở là nội dung ghi trên Giấy CNĐKDN. Địa chỉ nhận thông báo thuế và địa chỉ trụ sở có thể khác nhau - địa chỉ nhận thông báo thuế thuộc phần thông tin thuế, không ảnh hưởng đến Giấy CNĐKDN. Cần tick đúng vào ô đề nghị cấp giấy mới.","Điều 42 Luật Doanh nghiệp 2020
Điều 28 Luật Doanh nghiệp 2020",59-2020-QH14:d42;59-2020-QH14:d28
146,"Loại 7: Thay đổi ĐKKD - Địa chỉ, tên, ngành nghề","Mn cho mình hỏi với: ngành nghề kinh doanh chính(4210) bị màu đỏ tức là xóa bỏ thì bây giờ mình phải làm sao ạ
Mn cho mình hỏi với: ngành nghề kinh doanh chính(4210) bị màu đỏ tức là xóa bỏ thì bây giờ mình phải làm sao ạ",https://www.facebook.com/groups/thanhlapcongtygiare/posts/2222072901609483/?__cft__[0]=AZbWfIF1qNzxmEnrJkYxRE28YVHJ8D3pcPPnMLqc1rgklYuIMdQX1UyAgrIcfW2JoTC-ORZn8eAdf1iujOoJT_FWJrs-xHFM1-i1Sw7LSvHL_0KmNbmm8HtrMtmY-ph7KCadlbSGR05AnJtzhzgXOFlSkZ6C9BlCTuu24G4093HYazhe5imSjEiA02_-qumhyTXK20Ot5pVKfuKdnPdRihA0&__tn__=%2CP-R,"Theo Điều 7, 28 Luật Doanh nghiệp 2020 về ngành nghề kinh doanh, khi mã ngành 4210 (Xây dựng công trình đường sắt và đường bộ) bị màu đỏ theo QĐ36/2025, nghĩa là mã này đã được thay đổi/chi tiết hóa sang mã mới. Doanh nghiệp cần nộp hồ sơ thay đổi ĐKKD để cập nhật sang mã ngành tương ứng mới (ví dụ: 4211, 4212, 4213 hoặc các mã chi tiết theo hoạt động thực tế).","Điều 7 Luật Doanh nghiệp 2020
Điều 28 Luật Doanh nghiệp 2020",59-2020-QH14:d7;59-2020-QH14:d28
147,"Loại 7: Thay đổi ĐKKD - Địa chỉ, tên, ngành nghề","cả nhà cho e hỏi loại hình cty 1tv đăng ký mã 6420 được ko ạ, cám ơn cả nhà",https://www.facebook.com/groups/thanhlapcongtygiare/posts/2221323241684449/?__cft__[0]=AZalu4_q-Hq4R_n42obDyIPUT4Vr5jMmvFHMjVd3_BDmA5_BANv1TQyX7J-jAAVowMjHf576vBhY2jLQQh86cI2oSqTfoPuqHX0p1oYZPziDUOyPUk5PbRljkW47GULaRVVG8OF1AwYFTEH3RiMbyUq9AaIcABMza6NjekGC04q921ttej_Y2e_Pt5L6zMzwpTNpfIJcFhoVQINkx3xOsKmn&__tn__=%2CP-R,"Theo Điều 7 Luật Doanh nghiệp 2020 về ngành nghề kinh doanh, mã ngành 6420 (Hoạt động của các công ty nắm giữ tài sản - holding company) là ngành nghề kinh doanh có điều kiện. Công ty TNHH 1TV có thể đăng ký mã ngành này, nhưng cần lưu ý đây là hoạt động nắm giữ cổ phần/vốn góp chi phối tại các công ty khác để kiểm soát hoạt động quản lý, không phải hoạt động đầu tư tài chính thông thường.",Điều 7 Luật Doanh nghiệp 2020,59-2020-QH14:d7
148,"Loại 7: Thay đổi ĐKKD - Địa chỉ, tên, ngành nghề",Dạ sếp em kêu em làm bổ sung ngành nghề kinh doanh mà em không rõ cái mục ngành nghề điền mã cấp 4 còn chi tiết là tìm ở đâu để ghi vào vậy các a/c. E xin phép ẩn danh sợ sếp chửi kém . Nhờ anh chị giúp em em cám ơn nhiều,https://www.facebook.com/groups/thanhlapcongtygiare/posts/2221256431691130/?__cft__[0]=AZYL1oGTTJt6tWYXSIGz8ui2UGgArOxDOQhebPtAdCRIiQoVxwXKq9mwboMGmpRDOyJs-9hw-yyj5Eohlo_U62WqlJOa7HrTXp83ItABggITpxoJjDURiytUkkbgDEeq3yxXl3MMzMHTHkSmmOqZzbePohQMRCIK6xljrXSq0QxgYgXqkiHHtKqp9RIebyn8aiXXwBRdpae-2vDh1rYVtvrp&__tn__=%2CP-R,"Theo Điều 7, 28 Luật Doanh nghiệp 2020 về ngành nghề kinh doanh, mã ngành cấp 4 tra cứu tại Hệ thống ngành kinh tế Việt Nam (theo QĐ 36/2025 hoặc tra trên dangkykinhdoanh.gov.vn). Phần chi tiết ngành nghề ghi mô tả cụ thể hoạt động kinh doanh của doanh nghiệp trong phạm vi mã ngành đã chọn. Ví dụ: Mã 4711 - Bán lẻ lương thực, thực phẩm, chi tiết: Bán lẻ gạo, thực phẩm khô, đồ uống...","Điều 7 Luật Doanh nghiệp 2020
Điều 28 Luật Doanh nghiệp 2020",59-2020-QH14:d7;59-2020-QH14:d28
149,"Loại 6: Giải thể & Phá sản - Thủ tục, thanh toán nợ, tạm ngưng",Cho em hỏi hồ sơ thông báo hoạt động lại trước hạn cần những gì ạ? Em cám ơn.,https://www.facebook.com/groups/thanhlapcongtygiare/posts/2220656215084485/?__cft__[0]=AZYhN4elQDnuowDbsjAnroJ8nqYXt7GcUKoPvW04GqukJN0T-DjMDKFf1Fil4J3x1wtXX7bNrxPAxWv3om1LHrPFaVgzG94nMOv85jnWtTfwLa2ULVBlojkmHo12DrA75MIVFK3kpnMP_SgKyXJURLt77G2cPZa9xzh_2dP7y7dCfngWPWpWIJkPzCnaBsnLY2djfK3TqkyPWCyubwcipePM&__tn__=%2CP-R,"Theo Điều 206 Luật Doanh nghiệp 2020, hồ sơ thông báo hoạt động lại trước thời hạn đã đăng ký tạm ngừng gồm: (1) Thông báo về việc tiếp tục kinh doanh trước thời hạn đã đăng ký; (2) Quyết định/Nghị quyết của chủ sở hữu/HĐTV/ĐHĐCĐ về việc tiếp tục kinh doanh. Doanh nghiệp cần gửi thông báo đến Cơ quan ĐKKD trước 03 ngày làm việc trước ngày tiếp tục hoạt động.",Điều 206 Luật Doanh nghiệp 2020,59-2020-QH14:d206
150,"Loại 3: Vốn điều lệ - Góp vốn, tăng/giảm vốn, vốn pháp định",Có ai có file giảm vốn do k góp đủ vốn điều lệ cty cổ phần không gửi cho mình có trả phí hồ sơ mẫu. Cty mình vẫn trong hạn 30 ngày kể từ khi k góp đủ vốn. Trường hợp này có bị phạt gì không,https://www.facebook.com/groups/thanhlapcongtygiare/posts/2220594925090614/?__cft__[0]=AZZJmmRIQ6Cds4-VjWeD4j-EGOtrpz2VibncEx566SkVSZRjcsVrFOdVA_0R8nZ6c8bv5aqWlaN_UvaAYuII0-fscGQ3VG-ms7aapKmaBOovTqj9xuTDxNnZwrDO2oO2iLExUpqlqdi6SDzqkARM38CPp2k765n773lTgDlGjWpkrvdqtnhjtH08tbYwjtZb5Rtm9N8zoF2phyoxq1Teg8b-&__tn__=%2CP-R,"Theo Điều 112, 113 Luật Doanh nghiệp 2020, nếu cổ đông không thanh toán đủ số cổ phần đã đăng ký mua trong 90 ngày, công ty phải đăng ký giảm vốn điều lệ trong 30 ngày kể từ ngày kết thúc thời hạn góp vốn. Nếu nộp trong 30 ngày thì không bị phạt. Quá 30 ngày có thể bị xử phạt hành chính theo quy định pháp luật về vi phạm trong lĩnh vực kế hoạch và đầu tư.","Điều 112 Luật Doanh nghiệp 2020
Điều 113 Luật Doanh nghiệp 2020",59-2020-QH14:d112;59-2020-QH14:d113
151,"Loại 7: Thay đổi ĐKKD - Địa chỉ, tên, ngành nghề","Mn cho minh hỏi, minh có 1 đia điêm sx, phân phối, buôn bán hg của cty, vây minh lập địa điêm cty dc ko, hay pai lập chi nhánh của cty
Mn cho minh hỏi, minh có 1 đia điêm sx, phân phối, buôn bán hg của cty, vây minh lập địa điêm cty dc ko, hay pai lập chi nhánh của cty",https://www.facebook.com/groups/thanhlapcongtygiare/posts/2219821198501320/?__cft__[0]=AZbep80ngFaGqsdlCrnVM6YkYK95I_qbwetoyDdpV45mnl1FgoHmm-5jV7yplAj8Off-NTGavpga3cBwh3uRVSsnxG92i4QRDmW2hcykd6_AJ2rlDugPpmiXhSJPssCieQGUEgLMy9Bx7ObkHVBct1n7B-0ODgm92swxLznyx81lGAeFp45IPAJZoBFBaPnEs9edGABFFHuw2VJNvwcWvLhf&__tn__=%2CP-R,"Theo Điều 44, 45 Luật Doanh nghiệp 2020: Chi nhánh có chức năng thực hiện toàn bộ hoặc một phần chức năng của công ty, kể cả đại diện theo ủy quyền. Địa điểm kinh doanh chỉ là nơi doanh nghiệp tiến hành hoạt động kinh doanh cụ thể. Với hoạt động sản xuất, phân phối, buôn bán, có thể lập địa điểm kinh doanh nếu không cần tư cách pháp nhân riêng, hoặc lập chi nhánh nếu muốn có con dấu và hoạt động độc lập hơn.","Điều 44 Luật Doanh nghiệp 2020
Điều 45 Luật Doanh nghiệp 2020",59-2020-QH14:d44;59-2020-QH14:d45
152,"Loại 7: Thay đổi ĐKKD - Địa chỉ, tên, ngành nghề","Dạ anh, chị cho em hỏi là em nộp hồ sơ thành lập địa điểm kinh doanh nhưng theo quyết định mới thì có một số mã ngành bị thay đổi và bỏ vậy giờ em phải thay đổi mã ngành của công ty mẹ trước hay sao ạ.",https://www.facebook.com/groups/thanhlapcongtygiare/posts/2219741401842633/?__cft__[0]=AZZtzeHc2_yauxZLD1Bh25neqgAHWY5YE_v3mYyYc0wOv-MmwEWcX2kj34CAtYelXMzJbACgwHPofvdPrLbRnvYa3ZoETqNHWkLGRBk-KysL6aRxiBVmKgwqQZC7TH38_pUm34qukLRXLPxFxFrvbzUVocOxaxlrkmMJW-PP4bpmlXD0r8ZVr-gQ_2MS4bYd8ge9Rz8gb14V0SY3sGSVitjh&__tn__=%2CP-R,"Theo Điều 7, 44 Luật Doanh nghiệp 2020, địa điểm kinh doanh chỉ được hoạt động các ngành nghề đã đăng ký của công ty mẹ. Khi mã ngành công ty mẹ bị thay đổi/bỏ theo QĐ36/2025, cần cập nhật ngành nghề công ty mẹ trước, sau đó mới thành lập địa điểm kinh doanh với các mã ngành mới tương ứng.","Điều 7 Luật Doanh nghiệp 2020
Điều 44 Luật Doanh nghiệp 2020",59-2020-QH14:d7;59-2020-QH14:d44
153,"Loại 7: Thay đổi ĐKKD - Địa chỉ, tên, ngành nghề","Chào anh, chị!
Cho em hỏi theo Quyết định số 36/2025 Hệ thống ngành nghề mới, thì doanh nghiệp có bắt buộc phải cập nhật liền các mã ngành bị tô xanh đỏ của mình không ạ?
Hay chỉ khi nào doanh nghiệp cần điều chỉnh gì thì sẽ làm luôn cùng lúc đó ah",https://www.facebook.com/groups/thanhlapcongtygiare/posts/2220386895111417/?__cft__[0]=AZYdToAJ6Yavn47e6zuohNK6xPyFZGEYuuRSUWqbKoE-kckIsXA8kzAovFx6Hit20u3vkFgMUfD3E1YBnBEYfydMNJdO62YCPxWlnJk9QPOgwRjp5aIJdgHrlyjrpVft3utbp8pP8LAzGMnIvG3_l7af5RMHaQeDWJ76287ihUBBSyJvPuIzP1FqHM8u50yz_qAtIIFfgTh2q7bYNYs3rCUJ&__tn__=%2CP-R,"Theo Điều 7, 28 Luật Doanh nghiệp 2020 và QĐ36/2025, doanh nghiệp KHÔNG bắt buộc phải cập nhật ngay các mã ngành bị tô xanh/đỏ. Doanh nghiệp có thể tiếp tục hoạt động với mã ngành cũ cho đến khi cần thay đổi nội dung ĐKKD khác thì cập nhật luôn. Tuy nhiên, một số Sở KH&ĐT có thể yêu cầu cập nhật khi doanh nghiệp thực hiện bất kỳ thay đổi ĐKKD nào.","Điều 7 Luật Doanh nghiệp 2020
Điều 28 Luật Doanh nghiệp 2020",59-2020-QH14:d7;59-2020-QH14:d28
154,"Loại 6: Giải thể & Phá sản - Thủ tục, thanh toán nợ, tạm ngưng","Dạ anh chị cho e hỏi xíu ạ .
CTy mới thành lập T5 phát sinh 1-2 tờ hóa đơn . Da nộp hs giai thể B1, thì lúc quyết toán tren thuế mất nhiu thời gian không ạ .",https://www.facebook.com/groups/thanhlapcongtygiare/posts/2219586295191477/?__cft__[0]=AZYHCTn5bZoQ_GKqyvY97lS027eCKrGFD1Tluc_hqsvwz90EYnHogUPnfWN52XS8vV_CcguSwsEeClyRVGI7W5GHeo_zhD4SS1bZs3RrTxKdQG2rzFnj7UAewk7vcuYDHTr3tFok3VJmVQw5A7px6NGeUJwxFFmR5rsGl_klo8nUAUgAETpkPGn5BCDGnZ1rXYyE9j1WdqV8vE7YZV5UFBPK&__tn__=%2CP-R,"Theo Điều 207, 208, 209 Luật Doanh nghiệp 2020, sau khi nộp hồ sơ giải thể bước 1 tại Cơ quan ĐKKD, doanh nghiệp cần làm thủ tục quyết toán thuế tại Cục Thuế. Với công ty mới thành lập, ít phát sinh hóa đơn, thời gian quyết toán thuế thường nhanh hơn (khoảng 15-30 ngày), phụ thuộc vào việc nộp đầy đủ hồ sơ và không có vấn đề về thuế.","Điều 207 Luật Doanh nghiệp 2020
Điều 208 Luật Doanh nghiệp 2020
Điều 209 Luật Doanh nghiệp 2020",59-2020-QH14:d207;59-2020-QH14:d208;59-2020-QH14:d209
155,"Loại 7: Thay đổi ĐKKD - Địa chỉ, tên, ngành nghề","Chào A/C cho e hỏi thành lập địa điểm kinh doanh có đc thêm mã ngành nghề khác cty mẹ ko ạ
Chào A/C cho e hỏi thành lập địa điểm kinh doanh có đc thêm mã ngành nghề khác cty mẹ ko ạ",https://www.facebook.com/groups/thanhlapcongtygiare/posts/2219443785205728/?__cft__[0]=AZYwAIGgUC4p959bZ-vvQFNIik6SHbLlWM0h-JiCGFIl5KBZiwYqQC_EzfYu1v52NhKE2HoLYDtvgpDYGYwrvHrh-sqp_aY4rbZGUctCJ21nIXHYG8azbB_UPWj8yCSJTjTbakTzWuiJ9TWTEhO8YLcOQtV1cJFLtNF1WZ6k6BLuoeVS_62ZGFM8BdU1JnWiitI&__tn__=%2CP-R,"Theo Điều 44 Luật Doanh nghiệp 2020, địa điểm kinh doanh KHÔNG được đăng ký ngành nghề khác với công ty mẹ. Địa điểm kinh doanh chỉ được hoạt động trong phạm vi ngành nghề đã đăng ký của doanh nghiệp. Nếu muốn kinh doanh ngành nghề mới, cần bổ sung ngành nghề cho công ty mẹ trước, sau đó địa điểm kinh doanh mới được hoạt động ngành nghề đó.",Điều 44 Luật Doanh nghiệp 2020,59-2020-QH14:d44
156,"Loại 7: Thay đổi ĐKKD - Địa chỉ, tên, ngành nghề",mọi người cho e hỏi dk thêm cơ sở của cty mà ko có số nhà .chỉ có số thửa của đất thì có làm dc ko ạ ? xin mọi người tư vấn giúp e ạ,https://www.facebook.com/groups/thanhlapcongtygiare/posts/2218894121927361/?__cft__[0]=AZYlTqZ2ephyt36YJYViWH3JQ0MRjSJtnrOfRtoEek9YByrBfX5x-eYLlRHFnUTGehZ1nKZIWBVJ-B-j2p0nY1F5OxhYQXAiVV8t__U5Z-cGJB9NIhqRAI_-y8vVa7ZaL92l-xlA8FmMKbdGcR1gkypC7yc1-TgHBxtp1qCExWwgSWPxyBMEQauxb9xLHCwcbHmK-F3kDqwaWan6WiO3bBV1&__tn__=%2CP-R,"Theo Điều 42, 44 Luật Doanh nghiệp 2020, địa chỉ trụ sở/địa điểm kinh doanh phải xác định được, có số nhà/tên đường hoặc địa chỉ hành chính xác định. Đối với khu vực chưa có số nhà, có thể ghi địa chỉ theo: số thửa đất, tờ bản đồ, ấp/thôn, xã/phường, quận/huyện, tỉnh/thành phố. Tuy nhiên, một số Sở KH&ĐT có thể yêu cầu địa chỉ có số nhà rõ ràng. Nên liên hệ Phòng ĐKKD địa phương để xác nhận.","Điều 42 Luật Doanh nghiệp 2020
Điều 44 Luật Doanh nghiệp 2020",59-2020-QH14:d42;59-2020-QH14:d44
157,"Loại 7: Thay đổi ĐKKD - Địa chỉ, tên, ngành nghề",Buôn bân thịt heo nhỏ lẻ thì đăng ký nghành nào vậy anh chị nhỉ,https://www.facebook.com/groups/thanhlapcongtygiare/posts/2218846415265465/?__cft__[0]=AZYYToZ6-lDLENichHcVRuMPgIqDX393qLU4pfFOVN7l4HqAudy1BTcSFJAzPH-Bs3ttpW9JqrOj07SRg7gDCAgCMbplp1MFRE6Bpc8noAslIsQ9IjAcxmHrcwokfbetMigVkkDmMlOCwCCHIYfmCd6xoGtVjYRmbdnx4vGmhBNSfb8V-idzxi6fYvdhj15KGc2BEvJ-GFuqbaa44Jji4RG6&__tn__=%2CP-R,"Theo Điều 7 Luật Doanh nghiệp 2020 về ngành nghề kinh doanh, buôn bán thịt heo nhỏ lẻ đăng ký mã ngành: 4723 - Bán lẻ thịt và các sản phẩm từ thịt trong cửa hàng chuyên doanh (theo QĐ36/2025). Nếu buôn bán sỉ thì dùng mã 4621 - Bán buôn nông, lâm sản nguyên liệu. Đây là ngành nghề kinh doanh có điều kiện về an toàn thực phẩm theo Luật An toàn thực phẩm.",Điều 7 Luật Doanh nghiệp 2020,59-2020-QH14:d7
158,"Loại 2: Loại hình doanh nghiệp - TNHH, Cổ phần, Hợp danh, DNTN","Dạ nhờ anh chị hỗ trợ giúp em trường hợp này ạ
Bên e, là Cty TNHH 1 thành viên, đang mong muốn làm thủ tục chuyển đổi loiaj hình doanh nghiệp => Chuyển thành Cty TNHH 2 thành viên trở lên, hình thức: huy động vốn góp của thành viên mới
Bên em đã nộp hồ sơ trên cổng điện tử nhưng bị từ chối vì thành phần hồ sơ không đầy đủ.
Nay nhờ anh chị đi trước hỗ trợ check giúp em xem thành phần như này đã đủ chưa, em follow theo Luật Doanh nghiệp năm 2020, Nghị định số 168/2025/NĐ-CP:
- Giấy đề nghị đăng ký doanh nghiệp Mẫu số 03
- Điều lệ công ty
- Danh sách thành viên Mẫu 06
- Danh sách chủ sở hữu hưởng lợi của doanh nghiệp Mẫu 10
- Quyết định của chủ sở hữu công ty về việc huy động thêm vốn góp
- Giấy đề nghị đăng ký thay đổi nội dung Giấy chứng nhận đăng ký doanh nghiệp/ Thông báo thay đổi nội dung đăng ký doanh nghiệp Mẫu 12
- Giấy xác nhận của ngân hàng về việc chuyển tiền vào tài khoản của doanh nghiệp
- Giấy tờ pháp lý của cá nhân đối với thành viên là cá nhân, người đại diện theo pháp luật
- Giấy ủy quyền nộp hồ sơ
Nhờ anh chị hỗ trợ giúp em chuẩn thị hồ sơ ạ.
Em cảm ơn",https://www.facebook.com/groups/thanhlapcongtygiare/posts/2218727508610689/?__cft__[0]=AZYBogl41FE0rQHQ2xK3mPKSi8kAVi1EGfDgXgMl4UWaaE0pnRgJbgZpS4VxJy0TF87QlbVW3QrsDVxXSdpfKVzG8u7LytzxsVs1bpGcAnJAtchvtmnGG2znd5Skt1OhR_oOjRiL9oZgT9dc2J7tOvj97vJqMznGywJGCyEbkCfxrrB2OcQGZD4QUf0Ie8GP6eWKStXb8zNubCe_NRNt0Raq&__tn__=%2CP-R,"Theo Điều 202 Luật Doanh nghiệp 2020 về chuyển đổi công ty TNHH một thành viên thành công ty TNHH hai thành viên trở lên, hồ sơ chuyển đổi bao gồm: (1) Giấy đề nghị đăng ký doanh nghiệp theo mẫu (Mẫu 03); (2) Điều lệ công ty chuyển đổi; (3) Danh sách thành viên; (4) Quyết định của chủ sở hữu về việc huy động thêm vốn góp từ thành viên mới. Lưu ý: Danh sách CSHHL (Mẫu 10) và Giấy xác nhận ngân hàng chuyển tiền không phải là thành phần hồ sơ bắt buộc theo quy định. Nên kiểm tra lại hồ sơ với cơ quan đăng ký kinh doanh về các mẫu cụ thể theo Nghị định 168/2025/NĐ-CP.",Điều 202 Luật Doanh nghiệp 2020,59-2020-QH14:d202
159,"Loại 7: Thay đổi ĐKKD - Địa chỉ, tên, ngành nghề","Mã ngành 7110, căn cứ Điều 7 Nghị định 168/2025/NĐ-CP ngày 30/6/2025 của Chính phủ về đăng ký doanh nghiệp, đề nghị doanh nghiệp viện dẫn văn bản pháp luật chuyên ngành và ngành, nghề kinh doanh được ghi theo ngành, nghề quy định tại các văn bản quy phạm pháp luật đó. Em làm hồ sơ thay đổi ngành
nghề bị thông báo như này, nhờ anh chị có kinh nghiệm hướng dẫn giúp ạ. Em cám ơn",https://www.facebook.com/groups/thanhlapcongtygiare/posts/2218604725289634/?__cft__[0]=AZa75hhASG5_h1-ORmZYPJm9spjWLOi4tTGJkOVAJXEgFGueYRVPzkso8jGPYsIHIeB7uVdLAScAuW7Q3E4QuNmoWIKToT8tfJ1ddJ7uNrE8umj_jHT19VWN4UCv4W0jdsQ0HTEHFfNVnAgDosZXuqyUGrMBN28LsOaESx5FhVGWOT_Yrn6_tfT3LPmKGt44yZSwDPZzXSJgtrbc3EGhIQCv&__tn__=%2CP-R,"Theo Điều 7 Luật Doanh nghiệp 2020 về ngành, nghề đầu tư kinh doanh, đối với mã ngành 7110 (hoạt động kiến trúc và tư vấn kỹ thuật có liên quan), đây là ngành nghề kinh doanh có điều kiện. Khi đăng ký, doanh nghiệp cần viện dẫn văn bản pháp luật chuyên ngành quy định cụ thể về điều kiện kinh doanh, ví dụ: Luật Xây dựng 2014 (sửa đổi 2020), Nghị định về quản lý hoạt động xây dựng. Cần ghi rõ ngành nghề theo đúng quy định tại văn bản pháp luật chuyên ngành, không chỉ ghi mã ngành VSIC.",Điều 7 Luật Doanh nghiệp 2020,59-2020-QH14:d7
160,"Loại 4: Người đại diện pháp luật - Điều kiện, thay đổi, trách nhiệm",Em làm giấy phép thành lập Công Ty mới nhưng khi ra giấy phép chức danh bị để trống thiếu Giám đốc. Giờ em làm hồ sơ bổ sung sao để có chức vụ Giám đốc giờ Anh/Chị/ Em,https://www.facebook.com/groups/thanhlapcongtygiare/posts/2218600378623402/?__cft__[0]=AZYRgcUBnhIMEEh2q951Y1gbl3GWhxhFEvzEYFxFjiW49hZiSBuB56PLX1s-dj3SrJRrfskE1BAIpV98JEY-6eYQsM4QqVL9g-75VPr7iyEy20BKYQrhUq4silwG91iLv5Ocd_yZexVrCa4pgowZtg1-Hzoh0YbHvr6Iu0MTACYmtVP22qVz3pUX_Pz_mgzRh2ZP4etRt2i-mVP5CR4lWmR9&__tn__=%2CP-R,"Theo Điều 12 Luật Doanh nghiệp 2020 về người đại diện theo pháp luật của doanh nghiệp, công ty phải có ít nhất một người đại diện theo pháp luật. Chức danh Giám đốc (hoặc Tổng giám đốc) là người điều hành hoạt động kinh doanh hằng ngày của công ty. Để bổ sung chức danh Giám đốc vào Giấy CNĐKDN, cần làm thủ tục thay đổi thông tin người đại diện theo pháp luật hoặc đăng ký bổ sung người đại diện theo pháp luật bằng cách nộp Thông báo thay đổi nội dung đăng ký doanh nghiệp (Mẫu 12) kèm quyết định bổ nhiệm Giám đốc của chủ sở hữu/HĐTV/ĐHĐCĐ.",Điều 12 Luật Doanh nghiệp 2020,59-2020-QH14:d12
161,"Loại 7: Thay đổi ĐKKD - Địa chỉ, tên, ngành nghề","hào anh chị, mình đang làm thay đổi doanh nghiệp, cập nhật lại ngành nghề của doanh nghiệp. Mình thực hiện như thế này có phải không:
Đối những ngành nghề bị xóa theo QĐ 36 thì mình cho vào mục bỏ ngành nghề của mẫu số 12
Đối những ngành nghề bị thay đổi thì mình cho vào Mục B, cập nhật - bổ sung thông tin của Mẫu 12.",https://www.facebook.com/groups/thanhlapcongtygiare/posts/2217253152091458/?__cft__[0]=AZbtJIBJWmouqnG9_2cio8PrKjHbpbXJxqBZ9S0LqjMRjDtO3Oij2ZUEUp1XL3FMDtoUBGE2dRvaizhjZQAW7eCVsFYXf_wAfp8xeAt2fV6gfsyLPUn0eRZ6G6NpHK8y0rL5YJ4S7ujpXnkSf6S4aYOKgn7pQxUTtOXqyUVVXpDJXG22kvZ9r2S3GWlTyufvO8kGYbmv_cI2eustHwVwsBrG&__tn__=%2CP-R,"Theo Điều 7 Luật Doanh nghiệp 2020 về ngành, nghề đầu tư kinh doanh, việc cập nhật ngành nghề theo hệ thống mã ngành mới (QĐ 36) cần thực hiện như sau: Đối với ngành nghề bị xóa (không còn trong hệ thống mới), ghi vào mục bỏ ngành nghề. Đối với ngành nghề bị thay đổi mã hoặc tên gọi, ghi vào Mục B - cập nhật/bổ sung thông tin của Mẫu 12. Cách thực hiện của bạn là đúng theo hướng dẫn.",Điều 7 Luật Doanh nghiệp 2020,59-2020-QH14:d7
162,"Loại 3: Vốn điều lệ - Góp vốn, tăng/giảm vốn, vốn pháp định","Anh chị cho em hỏi trường hợp công ty xin hạ vốn do không góp vốn đủ quá thời hạn quy định thì hồ sơ nộp lên giải trình và bị thanh tra xử phạt mất thời gian lâu không ạ? Anh chị làm hs này rồi cho em xin thêm hướng dẫn với ạ?
Anh chị cho em hỏi trường hợp công ty xin hạ vốn do không góp vốn đủ quá thời hạn quy định thì hồ sơ nộp lên giải trình và bị thanh tra xử phạt mất thời gian lâu không ạ? Anh chị làm hs này rồi cho em xin thêm hướng dẫn với ạ?",https://www.facebook.com/groups/thanhlapcongtygiare/posts/2218141155335991/?__cft__[0]=AZY1JDBckUnIEl5CzgaGwS2pbVLBj3tkKCZ_AHLmU8aDIlbZBg1STz3LeGbt8C7iiO62rUgbL3kgG0qQgUZBt_NKHu3YfCYL8DKPlvikHU92OyieNVkC4yYPIoS7T9pC06Emp87mo7oFDeRVxceUt36u5poEFXc4P68YTE9sitpZC_9l9NqrAbhApqhIq6IplUH5iD-j26mYBD4Ml8KW96LX&__tn__=%2CP-R,"Theo Điều 47 Luật Doanh nghiệp 2020 về nghĩa vụ góp vốn, nếu thành viên không góp đủ vốn đã cam kết trong thời hạn 90 ngày kể từ ngày được cấp Giấy CNĐKDN, công ty phải đăng ký thay đổi vốn điều lệ bằng giá trị số vốn thực góp. Thủ tục giảm vốn do không góp đủ: (1) Nộp Thông báo thay đổi nội dung ĐKDN về giảm vốn điều lệ; (2) Quyết định/Nghị quyết của HĐTV/CSH về việc điều chỉnh vốn; (3) Danh sách thành viên sau khi điều chỉnh. Việc xử phạt vi phạm hành chính về góp vốn không đúng thời hạn tùy thuộc vào cơ quan đăng ký kinh doanh và có thể mất từ 1-3 tháng.",Điều 47 Luật Doanh nghiệp 2020,59-2020-QH14:d47
163,"Loại 9: Chuyển nhượng vốn/cổ phần - Mua bán, thừa kế",Anh chị cho em hỏi công ty em vừa thay đổi CSH vừa thay đổi Người đại diện em cần nộp những mẫu gì ạ. e cảm ơn ạ,https://www.facebook.com/groups/thanhlapcongtygiare/posts/2217058448777595/?__cft__[0]=AZbHhHmWG4LxXXJ8jsLCPsYqMCdniyCp0LiggXgbl2a7lT0T2O5XvihpxSgvAEFzwtSEkF3MRGHYjFLt0MhNkpbAkpNm9Qa09f5Z1VGHkQ-I1z7gVtJ1o8hN1Yj_H_LZl9T8m8rvq5A1QkMMuNo1NpaDVVGMpjkSdMnb9WxCASrXZegushAyUykNrjqEGShUEzFdNg2MBZJNYDGXVRijVqgc&__tn__=%2CP-R,"Theo Điều 51, Điều 12 Luật Doanh nghiệp 2020, khi vừa thay đổi chủ sở hữu vừa thay đổi người đại diện theo pháp luật của công ty TNHH 1TV, cần nộp các giấy tờ: (1) Thông báo thay đổi nội dung đăng ký doanh nghiệp (Mẫu 12); (2) Quyết định của chủ sở hữu cũ về việc chuyển nhượng toàn bộ phần vốn góp; (3) Hợp đồng chuyển nhượng vốn góp; (4) Bản sao CCCD/CMND của chủ sở hữu mới và người đại diện theo pháp luật mới; (5) Điều lệ công ty sửa đổi (nếu có thay đổi). Có thể nộp đồng thời cả hai nội dung thay đổi trong cùng một bộ hồ sơ.","Điều 51 Luật Doanh nghiệp 2020
Điều 12 Luật Doanh nghiệp 2020",59-2020-QH14:d51;59-2020-QH14:d12
164,"Loại 1: Thành lập doanh nghiệp - Thủ tục, điều kiện, hồ sơ thành lập","Em chào anh chị ạ, em muốn hỏi về việc thành lập mới doanh nghiệp. Sắp tới 15/11/2026 Bảng hệ thống ngành kinh tế mới sẽ có hiệu lực, vậy những hồ sơ nộp từ trước ngày 15/11 nhưng chưa có kết quả thì có phải sửa đổi hồ sơ không ạ?
Em có tìm các văn bản quy định, hướng dẫn thì chưa thấy có ạ.
Em cảm ơn anh chị nhiều!",https://www.facebook.com/groups/thanhlapcongtygiare/posts/2216234595526647/?__cft__[0]=AZbrrltDK67ltVJyLt2yocOzXVWzzuLncyUlmGtk7scnhXijDIj-a2DiC1GnslF-FguA4XsZvjNNCdnIJdyjrMdQYZYJcI2idVh8q5y6cCRTjgChNlE4oV1jQQF1Up2dM7l_wQPqZApR54CDLEudMODBacZTSbhS7X33iCwb1o_xqpdYpgmlQM9-6wQ2r7on-lbdGgz88jtIoCPp2IxQGzsK&__tn__=%2CP-R,"Theo Điều 26, 27, 28, 29 Luật Doanh nghiệp 2020 về hồ sơ và trình tự đăng ký doanh nghiệp, thông thường khi có quy định mới về hệ thống ngành kinh tế, sẽ có văn bản hướng dẫn chuyển tiếp. Đối với hồ sơ nộp trước ngày quy định mới có hiệu lực nhưng chưa có kết quả, thường được xử lý theo nguyên tắc: hồ sơ đã tiếp nhận sẽ được giải quyết theo quy định cũ. Tuy nhiên, cần theo dõi văn bản hướng dẫn cụ thể của Bộ Kế hoạch và Đầu tư hoặc liên hệ trực tiếp cơ quan đăng ký kinh doanh để được hướng dẫn.","Điều 26 Luật Doanh nghiệp 2020
Điều 27 Luật Doanh nghiệp 2020
Điều 28 Luật Doanh nghiệp 2020
Điều 29 Luật Doanh nghiệp 2020",59-2020-QH14:d26;59-2020-QH14:d27;59-2020-QH14:d28;59-2020-QH14:d29
165,"Loại 6: Giải thể & Phá sản - Thủ tục, thanh toán nợ, tạm ngưng","Em muốn xin mẫu BBH Đại hội cổ đông về việc giải thể doanh nghiệp ạ
Em cảm ơn ạ
Em muốn xin mẫu BBH Đại hội cổ đông về việc giải thể doanh nghiệp ạ
Em cảm ơn ạ",https://www.facebook.com/groups/thanhlapcongtygiare/posts/2216277222189051/?__cft__[0]=AZZQ_eqYI2cJ0gveXUUBfQKUrVfqPq_n9Rb9uycuqa12R7JXDMkKSp6CMEAXaP1PnNKY0oU_JNRuN3XsfhH2s-aZy_1bMul4Lpovtv0W3dI49Rb-jFNt-RG71dA9q7z7Ps9rTM0FK-Z1JtX0zIJW3CAnKdJDkDs2pqOcQlKt2bY33BnHDv0pdmF4BHqV-Bg3LFwPaArH1BY_fv4YCKY9g0BK&__tn__=%2CP-R,"Theo Điều 207, 208 Luật Doanh nghiệp 2020 về giải thể doanh nghiệp, đối với công ty cổ phần, Biên bản họp Đại hội đồng cổ đông về việc giải thể cần có các nội dung: (1) Thời gian, địa điểm họp; (2) Danh sách cổ đông tham dự, số cổ phần sở hữu; (3) Nội dung thảo luận về việc giải thể công ty; (4) Kết quả biểu quyết thông qua quyết định giải thể (cần đạt tỷ lệ theo Điều 148 - ít nhất 65% tổng số phiếu biểu quyết của cổ đông dự họp tán thành); (5) Chữ ký của chủ tọa và thư ký cuộc họp.","Điều 207 Luật Doanh nghiệp 2020
Điều 208 Luật Doanh nghiệp 2020
Điều 148 Luật Doanh nghiệp 2020",59-2020-QH14:d207;59-2020-QH14:d208;59-2020-QH14:d148
166,"Loại 1: Thành lập doanh nghiệp - Thủ tục, điều kiện, hồ sơ thành lập","Anh chị cho em hỏi từ tháng 11 này thành lập doanh nghiệp ở HCM chỉ trả bản mềm thôi đúng không ạ. Em cảm ơn
Anh chị cho em hỏi từ tháng 11 này thành lập doanh nghiệp ở HCM chỉ trả bản mềm thôi đúng không ạ. Em cảm ơn",https://www.facebook.com/groups/thanhlapcongtygiare/posts/2216286698854770/?__cft__[0]=AZalH5w6cDSGVghMfegIiZU-_ogEW6KruOm55YAPtNJ62FPaTQGuwmPNw_NdFdC4IDb7D8L0xz7NgESwrSXCooqy_P8mQa4z7tlZw0DAk1dt02UZYwLoYWO1MgpXL_BxZJGCAl_SLwHWM_YDdhC24cmcuVPq17_xVGUcGkf8z1npuu1o-P47e40zp05IKRyWOB-s63fW568UQ3cfpQj6_A35&__tn__=%2CP-R,"Theo Điều 30 Luật Doanh nghiệp 2020 về cấp Giấy chứng nhận đăng ký doanh nghiệp, Giấy CNĐKDN được cấp dưới dạng bản điện tử có giá trị pháp lý tương đương bản giấy. Hiện nay nhiều địa phương, trong đó có TP.HCM, đã chuyển sang cấp Giấy CNĐKDN bản điện tử ký số thay vì bản giấy để thực hiện chuyển đổi số. Doanh nghiệp có thể yêu cầu cấp bản giấy nếu cần, tùy thuộc vào quy định cụ thể của Sở Kế hoạch và Đầu tư địa phương.",Điều 30 Luật Doanh nghiệp 2020,59-2020-QH14:d30
167,"Loại 1: Thành lập doanh nghiệp - Thủ tục, điều kiện, hồ sơ thành lập","Ac cho e hỏi, cty đã nhận đc kết quả thay đổi giấy phép dkkd và gửi file pdf về mail ngưng ko có chữ ký và dấu đỏ luôn, cho e hỏi bjo có còn gửi bản cứng ko ạ? Và làm sao để nhận bản có dấu đỏ và chữ ký ạ?",https://www.facebook.com/groups/thanhlapcongtygiare/posts/2216290232187750/?__cft__[0]=AZYNkQSuXZ0oybOTUwBkP-655_ZRIPNA-Cisuoyr8uN3GSoxTBpNeFO1yNH7BhIpywlmBMUUqA0CaLFA7VqcduVa-tzrIzyur98bE4LZN5NLcitriJY9Yd161I5M-UIdCeXyT8G30-OoAT6F3IRci4t7EQk51wQVZqinRKWH9CEUEZcTGlUWwdwAuLHz2UZt1T0btERdvCHGXOwoO07bg0Pc&__tn__=%2CP-R,"Theo Điều 30 Luật Doanh nghiệp 2020 về cấp Giấy chứng nhận đăng ký doanh nghiệp, hiện nay Giấy CNĐKDN bản điện tử ký số có giá trị pháp lý tương đương bản giấy có dấu đỏ. Để nhận bản Giấy CNĐKDN có chữ ký số của cơ quan đăng ký kinh doanh, cần tải file có định dạng PDF được ký số từ Cổng thông tin quốc gia về đăng ký doanh nghiệp. Nếu cần bản giấy có dấu đỏ, có thể liên hệ trực tiếp Phòng Đăng ký kinh doanh thuộc Sở KH&ĐT để yêu cầu cấp bản giấy (tùy quy định từng địa phương).",Điều 30 Luật Doanh nghiệp 2020,59-2020-QH14:d30
168,"Loại 3: Vốn điều lệ - Góp vốn, tăng/giảm vốn, vốn pháp định","Các anh/chị cho em hỏi em gặp tình huống như thế này ạ:
Em làm hồ tăng vốn cho Công ty TNHH 2TV trở lên.
File scan hồ sơ đính kèm thông tin chuẩn với thực tế đã góp, nhưng trong quá trình nhập trên hệ thống e bị nhập sai số vốn góp của một thành viên, tỷ lệ sở hữu vẫn đúng nhưng số vốn góp bị nhập sai số lẻ.
Tổng số vốn điều lệ của em vẫn được ghi nhận đúng, bây giờ bị sai phần danh sách thành viên góp vốn.
Em nên làm thủ tục gì để điều chỉnh trong trường hợp này ạ
Em xin cảm ơn!",https://www.facebook.com/groups/thanhlapcongtygiare/posts/2216296088853831/?__cft__[0]=AZbLHrnPIW1MG5vigF1L6aFBrxoEaeX5nmvnZtoUMJ0NNbanFC_BcdISib9TSO2V9SjfzOTMs9AWAoCm1ghkd5ATvS_R_6xqQkyTh-gVWyL7lxK1XdgPMhJ1BZdlubXTw3d34h14uRlCqxexUAguk18aLHkQFUA3zNKMaTvRIemYQoLaWIlds9f4xT74XglxWzoGtcO-GRt07B71j69yxVQI&__tn__=%2CP-R,"Theo Điều 46, 47 Luật Doanh nghiệp 2020 về vốn điều lệ và danh sách thành viên, trường hợp nhập sai số vốn góp của thành viên trên hệ thống (sai lỗi kỹ thuật), cần làm thủ tục cập nhật/sửa đổi thông tin đăng ký doanh nghiệp. Hồ sơ gồm: (1) Thông báo thay đổi nội dung đăng ký doanh nghiệp (Mẫu 12) - ghi rõ cập nhật/sửa đổi thông tin danh sách thành viên góp vốn; (2) Danh sách thành viên với số vốn góp chính xác; (3) Công văn giải trình lỗi nhập liệu. Đây là thủ tục cập nhật thông tin, không phải thay đổi nội dung ĐKDN.","Điều 46 Luật Doanh nghiệp 2020
Điều 47 Luật Doanh nghiệp 2020",59-2020-QH14:d46;59-2020-QH14:d47
169,"Loại 1: Thành lập doanh nghiệp - Thủ tục, điều kiện, hồ sơ thành lập","anh chị cho e hỏi với ạ , trang soạn thảo hồ sơ đky doanh nghiệp tại nhà sao bị mất tiêu trường đăng ký thành lập công ty rồi ạ . Anh chị nào có biểu mẫu thành lập cty cho e xin với ạ . Em cảm ơn",https://www.facebook.com/groups/thanhlapcongtygiare/posts/2216468725503234/?__cft__[0]=AZY953FCFMbF9I4FupBdVYTHUwlCHmNaDYT3Dfu1QMS8mdX801o2oEMfYjfDiJu-9z4_0vaz3fxubO91ugv-V87tFnP8ZApOrU8t_lmtXEINveuxkEJ7w2xDF-xxpZSGc9tp_8HOcJmmel_Sx0CADCcFxU0t27O30tWmsbemuNEy4HZgZmhkdMZ32z1IIXiUkNRCISBZ4dy-wLlOw5gK4d2x&__tn__=%2CP-R,"Theo Điều 26, 27, 28, 29 Luật Doanh nghiệp 2020 về hồ sơ đăng ký doanh nghiệp, các biểu mẫu đăng ký thành lập công ty được quy định tại phụ lục của Nghị định 168/2025/NĐ-CP về đăng ký doanh nghiệp. Các mẫu cơ bản gồm: Mẫu 01 (Giấy đề nghị ĐKDN cho CTTNHH 1TV), Mẫu 02 (cho CTTNHH 2TV trở lên), Mẫu 03 (cho CTCP), Mẫu 04 (cho công ty hợp danh), Mẫu 05 (cho DNTN). Ngoài ra còn cần Điều lệ công ty, Danh sách thành viên/cổ đông sáng lập. Có thể tải mẫu từ Cổng thông tin quốc gia về đăng ký doanh nghiệp hoặc website Sở KH&ĐT.","Điều 26 Luật Doanh nghiệp 2020
Điều 27 Luật Doanh nghiệp 2020
Điều 28 Luật Doanh nghiệp 2020
Điều 29 Luật Doanh nghiệp 2020",59-2020-QH14:d26;59-2020-QH14:d27;59-2020-QH14:d28;59-2020-QH14:d29
170,"Loại 1: Thành lập doanh nghiệp - Thủ tục, điều kiện, hồ sơ thành lập","Cho em hỏi, công ty cp lập công ty con là công ty tnhh mtv thì có cần văn bản ủy quyền cho người đại diện phần vốn góp không ạ? Vì người đại diện cho cả 2 công ty mẹ và con đều cùng là 1 người đại diện theo pháp luật ạ? Thành phần hs: Giấy đề nghị, ủy quyền, bản sao GCN DKKD, với quyết định của HĐQT cử người đại diện ph",https://www.facebook.com/groups/thanhlapcongtygiare/posts/2215134318970008/?__cft__[0]=AZYjLSq35uPZ2XaMue1EBDI1G792JVwAr8Ih8uwbjQ775dpIBlU0Dzb0pShjoPT_FJMWyBpaqJ4JUaG-riRSDxhIIEfZasoeIpFmKDD0hgqb_hkc8wj_VTUw71W9K2RrOpx499klaxCHKDJikaNy9LY2CW8u4SdfmOe6VCh-AsPBPqs1zDuJuKdxVSHz6XLJQjAPhURnvnqwfnq8OjJixpMm&__tn__=%2CP-R,"Theo Điều 45, 46, 79 Luật Doanh nghiệp 2020 về chủ sở hữu công ty TNHH một thành viên là tổ chức, khi công ty cổ phần lập công ty con là công ty TNHH MTV, cần có: (1) Quyết định của HĐQT (hoặc ĐHĐCĐ tùy mức vốn đầu tư) về việc thành lập công ty con; (2) Văn bản ủy quyền/cử người đại diện theo ủy quyền quản lý phần vốn góp tại công ty con. Dù người đại diện theo pháp luật của 2 công ty là một người, vẫn cần văn bản ủy quyền vì đây là quan hệ pháp lý giữa pháp nhân (công ty mẹ) và cá nhân được ủy quyền.","Điều 45 Luật Doanh nghiệp 2020
Điều 46 Luật Doanh nghiệp 2020
Điều 79 Luật Doanh nghiệp 2020",59-2020-QH14:d45;59-2020-QH14:d46;59-2020-QH14:d79
171,"Loại 2: Loại hình doanh nghiệp - TNHH, Cổ phần, Hợp danh, DNTN","Anh/chị ơi cho em hỏi. Em mới làm về bên những hồ sơ doanh nghiệp này nên không rành lắm. Em đang làm bộ hồ sơ chuyển đổi cty MTV sang 2TV
A chuyển nhượng toàn bộ vốn cho B,C
B,C góp vốn thêm nên tăng vốn điều lệ đồng thời thay đổi luôn cả địa chỉ trụ sở, tên cty, người đại diện thì hồ sơ em sắp nộp là như thế này có đầy đủ chưa ạ. Anh/chị xem qua thử giúp em với nha
Điều lệ cty TNHH 2TV
Giấy đề nghị mẫu số 3
Danh sách thành viên cty TNHH 2TV
Danh sách CSHHL
Hợp đồng chuyển nhượng vốn + biên bản thanh lý
Quyết định của CSH cũ
Ủy quyền",https://www.facebook.com/groups/thanhlapcongtygiare/posts/2215268488956591/?__cft__[0]=AZZ7MVOxlkR5h0W1mgUCRRueqewyiSOZEQyJ197SU9XZzGWM1ENHE9avP4_QvpVrITawd-KTu5IyLo-JS7waxsQ1Q9uAUuoDeONEpN3mNNe8TiXLwzLiKMce1dG9AKmuAUgx9O6hKLic_h0c0lcKbRxlX_encbOV4P1hZPNqR5_rhlBy51ZSS8djGcyz01_HlCShGx7N42cYtffAPyEVM9FG&__tn__=%2CP-R,"Theo Điều 202 Luật Doanh nghiệp 2020 về chuyển đổi công ty TNHH một thành viên thành công ty TNHH hai thành viên trở lên, hồ sơ của bạn cơ bản đầy đủ. Tuy nhiên cần lưu ý: (1) Sử dụng Giấy đề nghị ĐKDN Mẫu 03 (cho TNHH 2TV); (2) Cần có giấy tờ pháp lý (CCCD/CMND) của các thành viên mới B, C; (3) Nếu thay đổi địa chỉ trụ sở, cần có giấy tờ chứng minh quyền sử dụng địa điểm mới (hợp đồng thuê, sổ đỏ...); (4) Quyết định của CSH cũ về việc chuyển nhượng và chuyển đổi loại hình doanh nghiệp.",Điều 202 Luật Doanh nghiệp 2020,59-2020-QH14:d202
172,"Loại 7: Thay đổi ĐKKD - Địa chỉ, tên, ngành nghề",Mn ơi e nộp hồ sơ thành lập chi nhánh địa chỉ là số Thửa..số tờ bản đồ thì bị trả. Nhưng chỗ đó nằm trong kcn là đất nhà nước nên ko cấp số nhà. Mà e gọi chuyên viên mấy bữa nay rồi ko nghe máy. Giờ e phải làm sao mong mn chỉ giúp ạ,https://www.facebook.com/groups/thanhlapcongtygiare/posts/2214978302318943/?__cft__[0]=AZawfB_1X0H9PKrYFvnbKj3EgQWd7MadK1HUzXCYtl6ZWZBZHOdCChR32yBXfwkbZynbddZWV46s1thjujS-c3dGs3nBXpvqoAuRXDaRQmBlzpXzgXlVIJytRCsLonKUO6po-llMn1rPrevOwc74oLN33qLCESM2lz_WA_Xefpq1SEnMNH-blUkyKi5hrfAzsdPYfbZgUhLJqCWF-aNuBMXN&__tn__=%2CP-R,"Theo Điều 45 Luật Doanh nghiệp 2020 về chi nhánh và Điều 42 về địa chỉ trụ sở chính, địa chỉ chi nhánh phải có số nhà, tên đường hoặc xóm/thôn, xã/phường, quận/huyện, tỉnh/thành phố. Đối với địa điểm trong KCN chưa có số nhà, có thể: (1) Xin xác nhận địa chỉ từ Ban quản lý KCN hoặc UBND cấp xã/phường về địa điểm theo số thửa, tờ bản đồ; (2) Đính kèm hợp đồng thuê đất/nhà xưởng trong KCN có ghi rõ địa chỉ; (3) Liên hệ trực tiếp tại Phòng ĐKKD để được hướng dẫn cụ thể về cách ghi địa chỉ phù hợp.","Điều 45 Luật Doanh nghiệp 2020
Điều 42 Luật Doanh nghiệp 2020",59-2020-QH14:d45;59-2020-QH14:d42
173,"Loại 9: Chuyển nhượng vốn/cổ phần - Mua bán, thừa kế","Em chào anh chị. Em đang làm hồ sơ
chuyển đổi cổ phần cho người không phải cổ đông sáng lập công ty công ty cổ phần công ty mới thành lập đầu năm 2025. Em cần nộp những hồ sơ nộp những giấy tờ gì ạ. Nhờ anh chị chỉ giúp em với ạ",https://www.facebook.com/groups/thanhlapcongtygiare/posts/2215232242293549/?__cft__[0]=AZZ0dOX-sf_t2FESTtu66067odQnQWZ6GTi3gHAY9fMKq2ZvM0PFAJjn7T5IZYeQMpl_4k5uoeJ0OhrOPP9TVBoj6nVEEk9m9mjNSUZi249AgrrGGYKfBTWMZwwk5aE4ZN2bG_AwMZvsLSbr9lDcguXBSa40D-s2SR5iMPXD36x0QwJ0ZkoTotMcRN7ewSmLkTQ&__tn__=%2CP-R,"Theo Điều 120, 127 Luật Doanh nghiệp 2020 về chuyển nhượng cổ phần, đối với CTCP mới thành lập trong 3 năm đầu, cổ đông sáng lập chỉ được chuyển nhượng cổ phần phổ thông cho người không phải cổ đông sáng lập khi được sự chấp thuận của ĐHĐCĐ (khoản 3 Điều 120). Hồ sơ chuyển nhượng cổ phần cho người ngoài công ty gồm: (1) Hợp đồng chuyển nhượng cổ phần; (2) Biên bản họp/Nghị quyết ĐHĐCĐ chấp thuận việc chuyển nhượng; (3) Sổ đăng ký cổ đông cập nhật; (4) Giấy tờ pháp lý của bên nhận chuyển nhượng. Nếu người nhận chuyển nhượng sở hữu từ 5% vốn điều lệ trở lên, cần thông báo thay đổi cổ đông sở hữu từ 5% vốn điều lệ trở lên.","Điều 120 Luật Doanh nghiệp 2020
Điều 127 Luật Doanh nghiệp 2020",59-2020-QH14:d120;59-2020-QH14:d127
174,"Loại 4: Người đại diện pháp luật - Điều kiện, thay đổi, trách nhiệm","anh chị cho em hỏi, em làm hs thay đổi đại diện pháp luật cty tnhh 2 thành viên thì ai ký các giấy tờ sau ạ
giấy ủy quyền làm hs
quyết định thay đổi địa diện pháp luật
phần cuối chổ ký giấy thì em để chức danh là chủ tịch hội đồng thành viên đúng không ạ",https://www.facebook.com/groups/thanhlapcongtygiare/posts/2215108722305901/?__cft__[0]=AZYjr7bOCM0qr2_RU9q9Tv4Du0Zvu5CKjEG1DywreC3qEe6A9dnQl0eyYREZdlbsE2oq99W9f82ycHl4zy5132VaVm6Cx8ralE1J0PXrh43bLRquM2db7hPFc__vCaMhEBsupXnrgSR3kaBZQ0HnmX9XCkUeH5BASpdNWr8SDsd8pczR1dqN1YYO_xUWKFTJ6Cs&__tn__=%2CP-R,"Theo Điều 12, Điều 55 Luật Doanh nghiệp 2020 về người đại diện theo pháp luật và cơ cấu tổ chức công ty TNHH 2TV trở lên: (1) Giấy ủy quyền làm hồ sơ: do người đại diện theo pháp luật đương nhiệm ký (hoặc Chủ tịch HĐTV nếu ĐDPL đã từ nhiệm); (2) Quyết định thay đổi ĐDPL: do Chủ tịch Hội đồng thành viên ký trên cơ sở Nghị quyết/Biên bản họp HĐTV; (3) Phần ký tên cuối các giấy tờ: ghi chức danh ""Chủ tịch Hội đồng thành viên"" là đúng. Lưu ý: Thông báo thay đổi (Mẫu 12) cần người ĐDPL mới ký.","Điều 12 Luật Doanh nghiệp 2020
Điều 55 Luật Doanh nghiệp 2020",59-2020-QH14:d12;59-2020-QH14:d55
175,"Loại 1: Thành lập doanh nghiệp - Thủ tục, điều kiện, hồ sơ thành lập","Em phát hiện ra nộp sai địa chỉ khi đăng ký hồ sơ. Giờ em phải huỷ nộp lại hay em có sửa được hs ko ạ. Cứu em
Em phát hiện ra nộp sai địa chỉ khi đăng ký hồ sơ. Giờ em phải huỷ nộp lại hay em có sửa được hs ko ạ. Cứu em",https://www.facebook.com/groups/thanhlapcongtygiare/posts/2214240265726080/?__cft__[0]=AZanYGyiy_kP7TUKY3TO9Ob2EFG4sTcqq1kdniapF6ORLqRxXJqM-dxB0CRAZ20anQqy855oLV3H6AN2uubBn2xIgXMO0gyyauXs8btlVyjMFQRNN66ROm7WKTVBa-k0s2XINzeB9JL3gRIRGRdLjZ-V2PxwpLqW1VPM2eYT29OjDvQx7MBRF3QWMSk6YtF_VMV0R_VbuAdBCwvXHAnbei_x&__tn__=%2CP-R,"Theo quy trình đăng ký doanh nghiệp qua mạng theo Luật Doanh nghiệp 2020 và Nghị định 168/2025/NĐ-CP, nếu phát hiện nộp sai địa chỉ trước khi hồ sơ được duyệt: (1) Có thể rút/hủy hồ sơ đã nộp trên Cổng thông tin quốc gia về đăng ký doanh nghiệp và nộp lại hồ sơ mới với địa chỉ đúng; (2) Hoặc đợi cơ quan đăng ký kinh doanh trả hồ sơ yêu cầu bổ sung/sửa đổi, sau đó nộp bổ sung với địa chỉ đúng. Nên chủ động rút hồ sơ và nộp lại để tiết kiệm thời gian.","Điều 26 Luật Doanh nghiệp 2020
Điều 30 Luật Doanh nghiệp 2020",59-2020-QH14:d26;59-2020-QH14:d30
176,"Loại 6: Giải thể & Phá sản - Thủ tục, thanh toán nợ, tạm ngưng","Công ty mình thành lập 2019. Sau đó tạm ngưng tới giờ và mình ko biết hiên tại như thế nào. Chưa có phát sinh chứng từ.
Mình kiểm tra thì báo là Ko có hoạt động tại nơi đăng ký.
Giờ mình muốn cho hoạt động lại được ko ạ. Hay giải thể và lập giấy phép kinh doanh mới ạ.
Nhờ các bạn tư vấn giúp . Mình ở hcm.",https://www.facebook.com/groups/thanhlapcongtygiare/posts/2214454439037996/?__cft__[0]=AZaLc6paBC1kHlP8uVBxhRxPvqVQFgeQAmxnwfX8sDDnRILV-HWwunIxVigEsp4gNTHkpqT_GZP0HsweKqQ13JUH8tdO4ENShEFx8I7QXyFzNtD9chTWNppncaXCSiFngslK5LC6ehqI5CdUOi0pabNSj49eHcbJBYdHjV9V8TREVgUR4J8SZhE1vaw49d4HXyNLQ4Iyni3z7c7gOybQRrng&__tn__=%2CP-R,"Theo Điều 206, 207, 209 Luật Doanh nghiệp 2020 về tạm ngừng và giải thể doanh nghiệp: Nếu công ty bị đưa vào trạng thái ""không hoạt động tại nơi đăng ký"", cần kiểm tra trên Cổng thông tin quốc gia về đăng ký doanh nghiệp tình trạng pháp lý hiện tại. Có thể: (1) Nếu muốn hoạt động lại: làm thủ tục thông báo hoạt động trở lại theo Điều 206 và giải quyết các nghĩa vụ thuế còn tồn đọng; (2) Nếu muốn giải thể: làm thủ tục giải thể theo Điều 207-209 (quyết toán thuế, thanh lý nợ, nộp hồ sơ giải thể). Trường hợp chưa phát sinh chứng từ, thủ tục thường đơn giản hơn.","Điều 206 Luật Doanh nghiệp 2020
Điều 207 Luật Doanh nghiệp 2020
Điều 209 Luật Doanh nghiệp 2020",59-2020-QH14:d206;59-2020-QH14:d207;59-2020-QH14:d209
177,"Loại 1: Thành lập doanh nghiệp - Thủ tục, điều kiện, hồ sơ thành lập","Cho em hỏi ở Nhóm mình ai làm hồ sơ thành lập Doanh Nghiệp Xã Hội ở Hà Tĩnh không ạ.
Cho em hỏi ở Nhóm mình ai làm hồ sơ thành lập Doanh Nghiệp Xã Hội ở Hà Tĩnh không ạ.",https://www.facebook.com/groups/thanhlapcongtygiare/posts/2214363719047068/?__cft__[0]=AZb_ohYfRavhI6s1NZRUB4ZnGqstAYsIudxM7BsdxzOrmMJC7oBlContSl7c_X2eOUzCe1l5OPfb2rZ1Eme0w69VKZoE9Ko25f_O3PAyB6N8swyqLNUxuQ-PepvU5ZjokKkiuAMHqLdQt9UNOmNOZF6C8b0KEmc0WueXanIaMYSmfw0y-avRpAlo9jqjf_0MKBU6Q_s_OtcFYGkDfKoDeVlV&__tn__=%2CP-R,"Theo Điều 10 Luật Doanh nghiệp 2020 về doanh nghiệp xã hội, đây là loại hình doanh nghiệp đặc biệt với mục tiêu hoạt động vì lợi ích cộng đồng, xã hội, môi trường và phải sử dụng ít nhất 51% tổng lợi nhuận hằng năm để tái đầu tư thực hiện mục tiêu xã hội. Hồ sơ thành lập DNXH bao gồm: (1) Hồ sơ đăng ký doanh nghiệp theo loại hình đã chọn (TNHH, CP...); (2) Cam kết thực hiện mục tiêu xã hội, môi trường; (3) Quyết định của chủ sở hữu/HĐTV/ĐHĐCĐ về cam kết thực hiện mục tiêu xã hội.",Điều 10 Luật Doanh nghiệp 2020,59-2020-QH14:d10
178,"Loại 1: Thành lập doanh nghiệp - Thủ tục, điều kiện, hồ sơ thành lập","Em muốn thành lập công ty con, công ty mẹ là CTCP, muốn góp 100% vốn chủ sở hữu vào công ty con. Vậy hồ sơ cần những gì ạ?",https://www.facebook.com/groups/thanhlapcongtygiare/posts/2214210289062411/?__cft__[0]=AZYBOlybbGDIfZM6lQhVR7YpFb6dpyochu2r2_ttrV6kljCaimrwT5np3MIL-0bVXSSYokFOPtJ0ROOl9MFukUaPABEiD1ASaa1Sf73zvEoSCnYLVqKZq0dlJFSrp2fkHsIAkqqej1JPXqEyqZE1zczgo5gdsm9REBToc3Mze91xxJbiGMgJtsB8kOMPitVg2Nz4MQv_wQk7rJt0n4v-YskX&__tn__=%2CP-R,"Theo Điều 45, 46, 79 Luật Doanh nghiệp 2020 về công ty TNHH một thành viên do tổ chức làm chủ sở hữu, khi CTCP (công ty mẹ) góp 100% vốn thành lập công ty con (công ty TNHH 1TV), hồ sơ cần: (1) Giấy đề nghị đăng ký doanh nghiệp (Mẫu 01 cho TNHH 1TV); (2) Điều lệ công ty con; (3) Bản sao Giấy CNĐKDN của công ty mẹ; (4) Quyết định của HĐQT/ĐHĐCĐ công ty mẹ về việc thành lập công ty con; (5) Văn bản cử người đại diện theo ủy quyền quản lý phần vốn góp; (6) Giấy tờ pháp lý của người được cử làm người đại diện theo ủy quyền và người ĐDPL của công ty con.","Điều 45 Luật Doanh nghiệp 2020
Điều 46 Luật Doanh nghiệp 2020
Điều 79 Luật Doanh nghiệp 2020",59-2020-QH14:d45;59-2020-QH14:d46;59-2020-QH14:d79
179,"Loại 3: Vốn điều lệ - Góp vốn, tăng/giảm vốn, vốn pháp định","E công ty cổ phần muốn làm tăng vốn thì có cần xin xác nhận từ ngân hàng ko ạ
E công ty cổ phần muốn làm tăng vốn thì có cần xin xác nhận từ ngân hàng ko ạ",https://www.facebook.com/groups/thanhlapcongtygiare/posts/2214188652397908/?__cft__[0]=AZbpSCPQY1W9UVZh_c6zFATqDvy62fQqs0TFRNougigjN3G7MTvqA8_prNga4vtCs21Btr3D4FHXb5P001j8M56vv4IXMjff11l_wLUjXMBILdX6aymlV7LgUJ7wX8TbVTdh80_dtImkUUQNorQ-4iNa5EEENh0d_XeOXDQY5WMn7uKt-4aGCrDvV0ZEKg9fztrVXbwp30vdTLk1xpOOZTQW&__tn__=%2CP-R,"Theo Điều 111, 113 Luật Doanh nghiệp 2020 về tăng vốn điều lệ công ty cổ phần, việc tăng vốn có thể thực hiện qua: chào bán cổ phần cho cổ đông hiện hữu, chào bán riêng lẻ, chào bán ra công chúng, hoặc chuyển đổi trái phiếu/cổ phần ưu đãi. Hồ sơ đăng ký tăng vốn điều lệ CTCP theo quy định hiện hành KHÔNG bắt buộc phải có giấy xác nhận từ ngân hàng về việc góp vốn. Tuy nhiên, công ty cần có hồ sơ nội bộ ghi nhận việc góp vốn (biên bản góp vốn, chứng từ chuyển tiền...) để chứng minh khi cơ quan thuế kiểm tra.","Điều 111 Luật Doanh nghiệp 2020
Điều 113 Luật Doanh nghiệp 2020",59-2020-QH14:d111;59-2020-QH14:d113
180,"Loại 7: Thay đổi ĐKKD - Địa chỉ, tên, ngành nghề","Em chào anh, chị!
Anh, chị cho em hỏi nhờ một chút là hiện nay ở HCM có thể đăng ký địa chỉ trụ sở chính của Công ty là Thửa đất...., tờ bản đồ....., phường A, TP. Hồ Chí Minh không ạ?
Em cảm ơn!",https://www.facebook.com/groups/thanhlapcongtygiare/posts/2213521535797953/?__cft__[0]=AZb73T8aoVV3H8ufMeSnddn60Pvh3gBNI6TpvvYOeamj_PCcE_NL_UZmGp7LUsgeS8-rzCT51JVUKlXPLKMgPi9igUL5vb_r2rcdHlUM4wXWL4SjlDO51tb6ADoOLj4RbGPrfnHf6rCTnF5XpOiB8-JwYuJB5EQVl2UtmrMoTkcEu9fapWL_SkXmTyXDaue_r1I&__tn__=%2CP-R,"Theo Điều 42 Luật Doanh nghiệp 2020 về trụ sở chính của doanh nghiệp, địa chỉ trụ sở chính phải ở lãnh thổ Việt Nam và có địa chỉ xác định gồm số nhà, tên đường/ngõ/phố, hoặc xóm/thôn/ấp, xã/phường/thị trấn, quận/huyện, tỉnh/thành phố. Việc đăng ký địa chỉ theo số thửa đất, tờ bản đồ (không có số nhà) thường chỉ được chấp nhận ở một số địa phương và trong trường hợp đặc biệt (khu công nghiệp, vùng nông thôn chưa có số nhà). Tại HCM, nên liên hệ trực tiếp Sở KH&ĐT để được hướng dẫn cụ thể về trường hợp địa chỉ không có số nhà.",Điều 42 Luật Doanh nghiệp 2020,59-2020-QH14:d42
181,"Loại 3: Vốn điều lệ - Góp vốn, tăng/giảm vốn, vốn pháp định","Mọi người cho em hỏi: công ty tnhh 2 thành viên thì có thể vừa góp vốn bằng tiền mặt, vừa góp bằng chuyển khoản được không ạ. Và có cần biên bản hay gì k ạ. Em cảm ơn",https://www.facebook.com/groups/thanhlapcongtygiare/posts/2211824755967631/?__cft__[0]=AZady9h7xVQRHnLfgT4qlPHWUW_r49hwW5YHWSnwYYC4Vh2tVY2MMmE8WR0xOhfmW-zr8uz56lro5JM59d1YkBOTK3Df45vaZCmYzVsjnz3bnnXPOHZuxp54S1JNfobtZzlvhfeZJDRS3PvjKAJo6DixM7m39_WtiPTluUatHwbynIyT6JadRptNgZbln2J0Vo0&__tn__=%2CP-R,"Theo Điều 47 Luật Doanh nghiệp 2020 về thực hiện góp vốn thành lập công ty và góp vốn bổ sung, thành viên công ty TNHH 2TV trở lên có thể góp vốn bằng tiền mặt hoặc chuyển khoản, hoặc kết hợp cả hai hình thức. Luật không bắt buộc phương thức góp vốn cụ thể. Tuy nhiên, công ty cần lập biên bản góp vốn ghi nhận việc góp vốn của từng thành viên để làm căn cứ ghi nhận phần vốn góp và phục vụ kiểm tra của cơ quan thuế. Nên góp vốn qua tài khoản ngân hàng của công ty để có chứng từ rõ ràng.",Điều 47 Luật Doanh nghiệp 2020,59-2020-QH14:d47
182,"Loại 7: Thay đổi ĐKKD - Địa chỉ, tên, ngành nghề","Dạ e chào các anh/chị, hiện tại e có làm hồ sơ thay đổi địa chỉ trụ sở công ty sau sáp nhập mà cứ bị trả về mãi, có anh/chị nào làm thành công rồi hướng dẫn e với ạ. E cảm ơn nhiều ạ!",https://www.facebook.com/groups/thanhlapcongtygiare/posts/2212431135906993/?__cft__[0]=AZYp8QZlt_6yBDbDap0ZPQ3iBUlEyj23_3n42mzq9ANfPqSdUNf2PO2TwmrbDp7dExqgbxiQ24ryN6BgW3xSMQPrMkDlII4zHTtf5gw8th1AjD5z16qdKKv2t4qTiDPK0uGYhmuAyXaSDgMMagEapNXzi3R6Sh2H-_-Tk5xoKUU3Di2xpjiYH51gnCSGagmuWlA&__tn__=%2CP-R,"Theo Điều 195, 42 Luật Doanh nghiệp 2020 về sáp nhập doanh nghiệp và địa chỉ trụ sở chính, khi thay đổi địa chỉ trụ sở sau sáp nhập, hồ sơ cần bao gồm: (1) Thông báo thay đổi nội dung đăng ký doanh nghiệp (Mẫu 12) về việc thay đổi địa chỉ trụ sở; (2) Quyết định của HĐTV/ĐHĐCĐ về việc thay đổi địa chỉ; (3) Bản sao hợp đồng sáp nhập đã đăng ký (nếu chưa có trên hệ thống); (4) Giấy tờ chứng minh quyền sử dụng địa điểm mới. Lý do bị trả hồ sơ thường do: thiếu giấy tờ pháp lý về địa điểm, thông tin không khớp với hồ sơ sáp nhập, hoặc lỗi kỹ thuật khi nhập liệu.","Điều 195 Luật Doanh nghiệp 2020
Điều 42 Luật Doanh nghiệp 2020",59-2020-QH14:d195;59-2020-QH14:d42
183,"Loại 7: Thay đổi ĐKKD - Địa chỉ, tên, ngành nghề",mọi người cho em hỏi với ạ hồ sơ đóng địa điểm kinh doanh gồm những gì ạ,https://www.facebook.com/groups/thanhlapcongtygiare/posts/2210694759413964/?__cft__[0]=AZbCWwsabmKdEzNMHmemje4WVsk8hgkgo07DGPWC6UZrbHMJdpYV4tfn87SzKItsPqaJumIb62sP-i3QddyT_f5ONgXR4RQxPIEWGFp0UNEzu_a7EF9zAyS6O94lLP4eHIZPIL3LTkHqAEJrynWRLvCmnHlYZM7zbDpgLhdWTvylBSn9jXzbAfSfsX_syIGTHsU&__tn__=%2CP-R,"Theo Điều 44 Luật Doanh nghiệp 2020 về địa điểm kinh doanh, khi chấm dứt hoạt động địa điểm kinh doanh, doanh nghiệp cần nộp hồ sơ gồm: (1) Thông báo về việc chấm dứt hoạt động địa điểm kinh doanh (theo mẫu quy định); (2) Quyết định của chủ sở hữu/HĐTV/ĐHĐCĐ về việc chấm dứt hoạt động địa điểm kinh doanh (nếu Điều lệ quy định). Hồ sơ được nộp tại Phòng Đăng ký kinh doanh nơi đặt địa điểm kinh doanh trong thời hạn 10 ngày kể từ ngày quyết định chấm dứt hoạt động.",Điều 44 Luật Doanh nghiệp 2020,59-2020-QH14:d44
184,"Loại 7: Thay đổi ĐKKD - Địa chỉ, tên, ngành nghề","Dạ em vừa làm hồ sơ thành lập công ty mới nhưng trong quá trình soạn hồ sơ soạn nhầm phường, làm hồ sơ cập nhật lại địa chỉ thì phường mới ở khác cơ sở thuế ban đầu, chuyên viên bổ sung yêu cầu hoàn thành nghĩa vụ nếu, nhưng bên em chưa khai thuế ban đầu ở phường cũ, thì trường hợp này giải quyết như thế nào ạ. Anh/chị cho em xin ý kiến với ạ. Em chân thành cảm ơn ạ.",https://www.facebook.com/groups/thanhlapcongtygiare/posts/2209491792867594/?__cft__[0]=AZZvL9s2zxwwwgrbD_s7wRs_qyuXCnkdDNlFHHp4YFuJFlwZ8pK0X6qnMpqzBWo7J9YZrETW04VY1qB6JribT4r6O5TRbGPx1fAZUKYzOBXd2ybGaZdsBoajz8_RIBWyaVSpHVd3Ru-aruzC26htXD7rtS5eNFdQ38lggX5Cyoxqx46O6SeslE4HxPM6_xuGOuQ&__tn__=%2CP-R,"Theo Điều 42 Luật Doanh nghiệp 2020 về địa chỉ trụ sở chính, khi thay đổi địa chỉ sang địa bàn khác cơ quan thuế quản lý, doanh nghiệp cần hoàn thành nghĩa vụ thuế tại địa bàn cũ trước. Trong trường hợp công ty mới thành lập, chưa khai thuế ban đầu, cần: (1) Liên hệ Chi cục Thuế quản lý địa bàn cũ để xác nhận không có nghĩa vụ thuế phát sinh; (2) Lấy xác nhận này bổ sung vào hồ sơ thay đổi địa chỉ; (3) Hoặc làm thủ tục khai thuế ban đầu (khai không phát sinh) tại địa bàn cũ trước khi chuyển địa chỉ.",Điều 42 Luật Doanh nghiệp 2020,59-2020-QH14:d42
185,"Loại 9: Chuyển nhượng vốn/cổ phần - Mua bán, thừa kế",Cho em hỏi thủ tục chuyển nhượng cổ phần của công ty cổ phần thì có cần làm gì thay đổi trên trang đăng ký kinh doanh không ạ. Hay chỉ làm 1 bộ hồ sơ chuyển nhượng rồi gửi qua cơ quan thuế để nộp thuế thôi ạ.,https://www.facebook.com/groups/thanhlapcongtygiare/posts/2208764272940346/?__cft__[0]=AZbiaIjOw5qkn2wFfDHyQIswAUAWOulNsV_mBOQ5VptAMzYW7rPjUnTJDvyJbkKbMDNFtDBv3M0pijR1WHJu-vD_UT_4DPUpG-oqeMXALMASf-A8lzUqT_KCwF8smiUbggf8F7ypu0-Xi50tj3a2WjQdvk2WPv3bdtWJ7oE3yTTWaadbURV8ppWx1TukgcIPD1VZGWOQf-n168Er9abvMfN3&__tn__=%2CP-R,"Theo Điều 127 Luật Doanh nghiệp 2020 về chuyển nhượng cổ phần CTCP: (1) Việc chuyển nhượng cổ phần được ghi nhận trong sổ đăng ký cổ đông của công ty, không cần thông báo với cơ quan đăng ký kinh doanh trong hầu hết trường hợp; (2) CHỈ cần thông báo thay đổi với Phòng ĐKKD khi người nhận chuyển nhượng trở thành cổ đông sở hữu từ 5% vốn điều lệ trở lên (theo khoản 1 Điều 32); (3) Về thuế: cần kê khai thuế thu nhập cá nhân (nếu có lãi) với cơ quan thuế theo quy định. Vậy tùy tỷ lệ cổ phần chuyển nhượng mà có cần thông báo ĐKKD hay không.","Điều 127 Luật Doanh nghiệp 2020
Điều 32 Luật Doanh nghiệp 2020",59-2020-QH14:d127;59-2020-QH14:d32
186,"Loại 4: Người đại diện pháp luật - Điều kiện, thay đổi, trách nhiệm","Anh chị cho em hỏi Công ty đang nợ thuế thì có làm thủ tục thay đổi người đại diện được k ạ, em cảm ơn",https://www.facebook.com/groups/thanhlapcongtygiare/posts/2208749862941787/?__cft__[0]=AZYQ7donfHImMn8u2hZmKxkuM7fPaUNwO0Rz3WCG6U7LFi9U_80FgrJe4UryqkjZVPsSg_t_qvTaRAAea6ceVmj0x7XK4AkwTbKcBuVJkVQcqvX-LTPRKt_TOa-m4jBOFWaF6Zgrstzs3N7k0mWmg93CPiTP9KceqJ5R_8rogUfFTpVqg_inbZCOaMXC4mfvbfIk8rN3eDYBQR2-_YE5S7vI&__tn__=%2CP-R,"Theo Điều 12 Luật Doanh nghiệp 2020 về người đại diện theo pháp luật, việc thay đổi người đại diện theo pháp luật là thủ tục đăng ký doanh nghiệp, không phụ thuộc vào tình trạng nợ thuế của công ty. Vì vậy, công ty đang nợ thuế VẪN CÓ THỂ làm thủ tục thay đổi người đại diện theo pháp luật bình thường tại cơ quan đăng ký kinh doanh. Tuy nhiên, người đại diện mới cần lưu ý sẽ chịu trách nhiệm pháp lý về các nghĩa vụ của doanh nghiệp, bao gồm cả khoản nợ thuế còn tồn đọng.",Điều 12 Luật Doanh nghiệp 2020,59-2020-QH14:d12
187,"Loại 7: Thay đổi ĐKKD - Địa chỉ, tên, ngành nghề","A/c cho e hỏi là: em muốn đóng địa điểm kinh doanh thì có cần làm cập nhật địa chỉ sau sáp nhập trước rồi mới làm thủ tục chấm dứt hoạt động địa điểm không ạ.
Em cảm ơn các cao nhân ạ",https://www.facebook.com/groups/thanhlapcongtygiare/posts/2208720716278035/?__cft__[0]=AZacxjvfw4_6jF63iLjL_-pnORiDcbovhP2Nu8st4LDa5RfkVnuzAerLor8Q1b4mGwvYNovpcL39W_6gNodO7wWd9fi-WIg7usxKVWNGl_ISNND0Hty3zCnz1KcPbc93Tyw9L9XyKut10R3gNMfNydVjGC8eJURFMzDfRsx9GRj3cacdFY4NyY6vMz6oy91Y8Nsjt_koLV7dP8S-sJSpX2Vs&__tn__=%2CP-R,"Theo Điều 44, 195 Luật Doanh nghiệp 2020 về địa điểm kinh doanh và sáp nhập doanh nghiệp, nếu địa điểm kinh doanh thuộc công ty bị sáp nhập, thông thường cần cập nhật thông tin theo địa chỉ hành chính mới (sau sáp nhập đơn vị hành chính) trước khi làm thủ tục chấm dứt hoạt động. Lý do: hệ thống đăng ký doanh nghiệp cần thông tin chính xác để xử lý hồ sơ. Tuy nhiên, có thể hỏi trực tiếp Phòng ĐKKD về trường hợp cụ thể vì một số nơi cho phép làm đồng thời cả hai thủ tục.","Điều 44 Luật Doanh nghiệp 2020
Điều 195 Luật Doanh nghiệp 2020",59-2020-QH14:d44;59-2020-QH14:d195
188,"Loại 7: Thay đổi ĐKKD - Địa chỉ, tên, ngành nghề","Cho em hỏi: mở chi nhánh (độc lập hoặc phụ thuộc) thì cần chuẩn bị những giấy tờ gì ạ ?
Cho em hỏi: mở chi nhánh (độc lập hoặc phụ thuộc) thì cần chuẩn bị những giấy tờ gì ạ ?",https://www.facebook.com/groups/thanhlapcongtygiare/posts/2208777286272378/?__cft__[0]=AZaa5BoCuII88GtWN-Yk_yGBbWE_vbMRPOA2V7SHAp_UVyf20xJsYOzEyRQU_d1DUprNJSQqGyEI7AGnfsFALfZaAzKovRDGrbDDikaDBhAzKhFb_whyaEK3Lg1ZemLdob7-fEmmpaAo8gXB9PJZxWmPw4RjK1HWJxqjKxRG3QLMHdh2FJtuFMBkMzx8OHqF1RI&__tn__=%2CP-R,"Theo Điều 45 Luật Doanh nghiệp 2020 về chi nhánh, hồ sơ đăng ký hoạt động chi nhánh gồm: (1) Thông báo lập chi nhánh (theo mẫu quy định); (2) Quyết định của chủ sở hữu/HĐTV/ĐHĐCĐ về việc thành lập chi nhánh; (3) Bản sao quyết định bổ nhiệm người đứng đầu chi nhánh; (4) Bản sao giấy tờ pháp lý của người đứng đầu chi nhánh. Lưu ý: Chi nhánh là đơn vị phụ thuộc của doanh nghiệp, có nhiệm vụ thực hiện toàn bộ hoặc một phần chức năng của doanh nghiệp, kể cả chức năng đại diện theo ủy quyền.",Điều 45 Luật Doanh nghiệp 2020,59-2020-QH14:d45
189,"Loại 7: Thay đổi ĐKKD - Địa chỉ, tên, ngành nghề",Các anh chi cho em hỏi thay đổi tên công ty TNHH 2 thành viên : E làm hồ sơ: Giấy ủy quyền + Quyết định của hội đồng thành viên + Mẫu 12 ạ,https://www.facebook.com/groups/thanhlapcongtygiare/posts/2208062799677160/?__cft__[0]=AZZPRhnWUPZdjPtwvCaWKWlMoHKooNUqwX5ZRE4NgXjTW-jxImwoF94xMKRvPtXLCIFclT0fKkGNGCyodyXhmza3vPifqwYw7sLzi-HbVfDBSyAGpEuXvJNJwXnjH1vHuvNX7iqbRSZBx3pDY-P0rEZ0GPuploNFCINGu9A67k3_yrQ7gMPkgijbsC4LY11uPVH-UwkG4mWAS7h1QAwxWT_z&__tn__=%2CP-R,"Theo Điều 37, 38 Luật Doanh nghiệp 2020 về tên doanh nghiệp, hồ sơ thay đổi tên công ty TNHH 2TV của bạn cơ bản đầy đủ: (1) Thông báo thay đổi nội dung đăng ký doanh nghiệp (Mẫu 12); (2) Quyết định của Hội đồng thành viên về việc đổi tên công ty; (3) Biên bản họp HĐTV về việc đổi tên (nếu có); (4) Giấy ủy quyền cho người nộp hồ sơ (nếu không phải ĐDPL trực tiếp nộp). Lưu ý: Tên mới cần tuân thủ quy định tại Điều 37-41 về cách đặt tên, những điều cấm trong đặt tên doanh nghiệp.","Điều 37 Luật Doanh nghiệp 2020
Điều 38 Luật Doanh nghiệp 2020",59-2020-QH14:d37;59-2020-QH14:d38
190,"Loại 2: Loại hình doanh nghiệp - TNHH, Cổ phần, Hợp danh, DNTN","Dạ chào anh chị em đang muốn tư vấn thành lập doanh nghiệp hoạt động trong lĩnh vực tư vấn , đào tạo - sản phẩm giáo dục
- em đang muốn được tư vấn về loại hình doanh nghiệp phù hợp : cho hoạt động hiện tại và cho việc có thêm các nhà đầu tư và chuyển đổi thành công ty cổ phần
- tư vấn về việc thực hiện sổ sách kế toán nội bộ , kê khai thuế
Anh chị nào có kinh nghiệp trong việc thành lập doanh nghiệp và hỗ trợ cho các startup thì để lại thông tin em chủ động liên hệ ạ",https://www.facebook.com/groups/thanhlapcongtygiare/posts/2207396233077150/?__cft__[0]=AZYiXpLAImXOv4TGDFwshP0V6T8GtRHr-6Aa1KBZk2STDYKi4-TjKbiGoEXUgKE0dlhaLYA9-8IBgUFlLhCE3f7EoNgMZa3wF95oLfMFZ4G4SEjUtcKQdYytU0MWwSfcFs0_7-Ix_5x1AVilYVw1z-BNfhRwfVMmouwf-YpjOXcCeKDtDxLvNqCdRd7KKs38FdnzA8w2iLF94Q1WRMJ4Js9T&__tn__=%2CP-R,"Theo Điều 26-29 Luật Doanh nghiệp 2020, để thuận tiện cho việc huy động vốn từ nhà đầu tư và chuyển đổi thành công ty cổ phần sau này, nên cân nhắc: (1) Thành lập công ty TNHH 2TV trở lên - dễ dàng thêm thành viên mới, có thể chuyển đổi sang CTCP theo Điều 202; (2) Hoặc thành lập trực tiếp CTCP - linh hoạt trong huy động vốn qua phát hành cổ phần. CTCP phù hợp hơn cho startup có kế hoạch gọi vốn. Lưu ý: Lĩnh vực đào tạo có thể là ngành nghề kinh doanh có điều kiện (Điều 7).","Điều 26 Luật Doanh nghiệp 2020
Điều 27 Luật Doanh nghiệp 2020
Điều 28 Luật Doanh nghiệp 2020
Điều 29 Luật Doanh nghiệp 2020
Điều 202 Luật Doanh nghiệp 2020",59-2020-QH14:d26;59-2020-QH14:d27;59-2020-QH14:d28;59-2020-QH14:d29;59-2020-QH14:d202
191,"Loại 3: Vốn điều lệ - Góp vốn, tăng/giảm vốn, vốn pháp định","Cho e hỏi Trường hợp hs giảm vốn đối với cty bị tách 2tv thì chỉ cần bbh , quyết định,ms12 ,ds thành viên , chủ sở hữu hg lợi còn gì nữa k ạ",https://www.facebook.com/groups/thanhlapcongtygiare/posts/2206005443216229/?__cft__[0]=AZaCS3OJNBawX5xXQ6CneJ6FwLawfVD5JEt3mfARgVqdQatbrfNk97_XVXYVhwCrcZU3CczPGadGNTIYK_inw4kws5arDot1O3IcMqyGquhwGYchU68hZuqmchyMv-ud6Zsx8cyDkd9xUJGd97Ua28CKK6PiB3pOdt_TMgpvNEthYicV97jxPrUSTdt_DSp9lhamTW94OKVuTW_DDxoCvQwa&__tn__=%2CP-R,"Theo Điều 68, 193 Luật Doanh nghiệp 2020 về giảm vốn điều lệ và tách doanh nghiệp, hồ sơ giảm vốn công ty TNHH 2TV sau khi tách gồm: (1) Thông báo thay đổi nội dung ĐKDN (Mẫu 12); (2) Quyết định của HĐTV về việc giảm vốn điều lệ; (3) Biên bản họp HĐTV; (4) Danh sách thành viên sau khi giảm vốn; (5) Danh sách chủ sở hữu hưởng lợi. Ngoài ra có thể cần thêm: Hợp đồng tách/Nghị quyết tách đã đăng ký (nếu chưa có trong hồ sơ), Báo cáo tài chính/xác nhận hoàn thành nghĩa vụ nợ (nếu giảm vốn bằng hoàn trả cho thành viên).","Điều 68 Luật Doanh nghiệp 2020
Điều 193 Luật Doanh nghiệp 2020",59-2020-QH14:d68;59-2020-QH14:d193
192,"Loại 2: Loại hình doanh nghiệp - TNHH, Cổ phần, Hợp danh, DNTN",Công ty ở HCM- muốn chuyển đổi loại hình từ CP gồm 3 thành viên- sang công ty TNHH 1 TV. Tức là 2 ông cổ đông bán hết cổ phần cho ông ở lại. Báo giá và dịch vụ giúp mình nhé. Cảm ơn cả nhà!,https://www.facebook.com/groups/thanhlapcongtygiare/posts/2207053689778071/?__cft__[0]=AZYBZFq5Tmzqo8WPIZCAJfbwzNZKFOrjNpiY01DlvEmnoki_27bFNa_lK6ufwGLYwdzHYMgZuPMiOWQ6_eJftQQKentz4qiSRH_4hlAOAOlCLk5UTECTHB7ONbBSduh4VjVmErlVR9vSSCNVswSuR8TLMMkzOFLWZ87_I48g7rssYN9U0twkAa4-CS5e9kilzEFHvm1VmRvD6Mtn2X1TXEPw&__tn__=%2CP-R,"Theo Điều 203 Luật Doanh nghiệp 2020 về chuyển đổi công ty cổ phần thành công ty TNHH một thành viên, khi một cổ đông mua lại toàn bộ cổ phần của các cổ đông còn lại, công ty có thể chuyển đổi thành TNHH 1TV. Hồ sơ gồm: (1) Giấy đề nghị đăng ký doanh nghiệp (Mẫu 01 cho TNHH 1TV); (2) Điều lệ công ty chuyển đổi; (3) Hợp đồng chuyển nhượng cổ phần/Nghị quyết ĐHĐCĐ về việc chuyển đổi; (4) Danh sách chủ sở hữu hưởng lợi; (5) Giấy tờ pháp lý của chủ sở hữu mới.",Điều 203 Luật Doanh nghiệp 2020,59-2020-QH14:d203
193,"Loại 6: Giải thể & Phá sản - Thủ tục, thanh toán nợ, tạm ngưng",Công ty e đang tạm ngừng kinh doanh 1 năm giờ muốn tạm ngừng tiếp mà chưa thay đổi cmnd của GĐ sang cccd. Nhưng trên mẫu 27 em thấy bắt điền số định danh cá nhân thì em điền số nào ạ. Em cảm ơn,https://www.facebook.com/groups/thanhlapcongtygiare/posts/2206000646550042/?__cft__[0]=AZZwfRDCpnpLfuk6x6Fmp7GuDz0hQKXpBQkZyJ8MxaWc53bYOp-r1D6pMmU7t3UiwyRmOlo_f3ewS-44usAu80xLoTfv9iTOT-8GofymHFdw2dhmxyk8ykFKzqsLEHi2rG0cAlVmed4GrKjnYmiE5GYjSWaCU5VTM8zbGrdQXIHG9WWaEvFs5FqJUZI1nVd9_tksLiEZLrLcwKXyort5BeZu&__tn__=%2CP-R,"Theo Điều 206 Luật Doanh nghiệp 2020 về tạm ngừng kinh doanh, khi làm thủ tục tạm ngừng kinh doanh tiếp, nếu chưa cập nhật CCCD cho người đại diện theo pháp luật: (1) Số định danh cá nhân: điền số CCCD mới (12 số) vì đây là số định danh cá nhân theo quy định; (2) Tuy nhiên, nên làm thủ tục cập nhật thông tin ĐDPL (từ CMND sang CCCD) trước hoặc đồng thời với thủ tục tạm ngừng để đồng bộ thông tin trên hệ thống; (3) Hoặc liên hệ Phòng ĐKKD để được hướng dẫn cụ thể trong trường hợp thông tin trên hệ thống vẫn là CMND cũ.",Điều 206 Luật Doanh nghiệp 2020,59-2020-QH14:d206
194,"Loại 3: Vốn điều lệ - Góp vốn, tăng/giảm vốn, vốn pháp định","Mình muốn làm thủ tục tăng vốn điều lệ và bổ sung ngành nghề kdoanh, phí bn vậy mọi người",https://www.facebook.com/groups/thanhlapcongtygiare/posts/2206140753202698/?__cft__[0]=AZaCFMw10gut3DB4HRAPJrvykVeWyBfUJxhnaijgld4JuYin7JMH0ISss2GvuLwwb5wDTPGJd59Lq7XqstmG-CYqipXTIlad8x4Pf2rXBSCTvfZrgxK4JrmHT5U5BXifCjSDiTGwPY9Y7Ce4mYNlK2yXIOfTrQPJ0hUtYJ_0l5RGPtmFUVA41A62MIIxIzXpYoqH9JMSxByEJ_xt0eMsjajm&__tn__=%2CP-R,"Theo Điều 68 (tăng vốn TNHH), Điều 111-113 (tăng vốn CTCP) và Điều 7 (ngành nghề kinh doanh) Luật Doanh nghiệp 2020, có thể thực hiện đồng thời cả hai thủ tục tăng vốn và bổ sung ngành nghề trong một bộ hồ sơ. Hồ sơ gồm: (1) Thông báo thay đổi nội dung ĐKDN (Mẫu 12) ghi cả hai nội dung thay đổi; (2) Quyết định/Nghị quyết của CSH/HĐTV/ĐHĐCĐ về việc tăng vốn và bổ sung ngành nghề; (3) Biên bản họp (nếu có); (4) Danh sách thành viên/cổ đông sau khi tăng vốn (nếu có thay đổi). Lệ phí đăng ký thay đổi theo quy định của địa phương.","Điều 68 Luật Doanh nghiệp 2020
Điều 7 Luật Doanh nghiệp 2020",59-2020-QH14:d68;59-2020-QH14:d7
195,"Loại 4: Người đại diện pháp luật - Điều kiện, thay đổi, trách nhiệm",Ở thời điểm hiện tại đại diện pháp luật của công ty tnhh 2 thành viên thì có bắt buộc phải ký hợp đồng lao động hay không? mong được a/c tư vấn,https://www.facebook.com/groups/thanhlapcongtygiare/posts/2204106590072781/?__cft__[0]=AZagU-TEBGKu-FGRdY48neMsL56edkXvTF9DCYOqWddU3e5D_XKNYhCwiIYpAsgi3Ln8JZwCo88O0T0duzYJ15FCu_iuCujXbDkyQtqAS1GSCFfqM-ptC2CQvIgMXkr4c-Kop4wrupBGHuP4v80aMYJQMP0DOvxS-RqZMY45uSOqLw4hQ8Prv9hGxb2JM9k1_zkPtOTtpnpMyh0buiVv-0sJ&__tn__=%2CP-R,"Theo Điều 12 Luật Doanh nghiệp 2020 về người đại diện theo pháp luật, ĐDPL là cá nhân đại diện cho doanh nghiệp thực hiện các quyền và nghĩa vụ. Nếu ĐDPL đồng thời là thành viên góp vốn của công ty và giữ chức danh Giám đốc/Tổng Giám đốc, việc ký hợp đồng lao động là KHÔNG BẮT BUỘC vì đây là quan hệ quản lý nội bộ doanh nghiệp. Tuy nhiên, nếu ĐDPL là người được thuê ngoài (không phải thành viên góp vốn), thì cần có hợp đồng lao động hoặc hợp đồng thuê giám đốc theo quy định của Bộ luật Lao động.",Điều 12 Luật Doanh nghiệp 2020,59-2020-QH14:d12
196,"Loại 9: Chuyển nhượng vốn/cổ phần - Mua bán, thừa kế","Anh chị cho e hỏi công ty TNHH 2 thành viên gồm 4 thành viên góp vốn:
Hiện 1 thành viên chuyển 100% vốn góp của mình trong công ty cho 1 thành viên còn lại thì hồ sơ sẽ áp dụng theo quy định khoản 2 Điều 45 Nghị định 68 đúng không ạ?
Đồng thời em muốn đổi tên công ty có làm cùng trong một dịch vụ được không ạ?
Em cảm ơn!",https://www.facebook.com/groups/thanhlapcongtygiare/posts/2203813676768739/?__cft__[0]=AZazagNGD8pvr0A1bR5M5oS8RbCoe0E3K5yDfrlErTMVdoXNRN9DzvR31vVLXJ0GSSLbmsSWaP8eFENKgbhdCYbeUC-5quf--0i7rr2sz2b7ocmFXCy6ZMqX0VYEClv7rlVmL8OmYCT03pso5K866G-wPRedQH3u389KNw6D3-KU4zK3H7h7lZqsSax8OPJb77dQiuwD7e-wjeuCBtwYQnk3&__tn__=%2CP-R,"Theo Điều 51, 52 Luật Doanh nghiệp 2020 về chuyển nhượng phần vốn góp trong công ty TNHH 2TV trở lên, khi 1 thành viên chuyển 100% vốn góp cho thành viên khác (còn lại 3 thành viên), cần: (1) Thông báo thay đổi nội dung ĐKDN về thay đổi thành viên (Mẫu 12); (2) Hợp đồng chuyển nhượng phần vốn góp; (3) Danh sách thành viên sau chuyển nhượng. Có thể làm đồng thời với thủ tục đổi tên công ty (Điều 37, 38) trong cùng một bộ hồ sơ, ghi cả hai nội dung thay đổi vào Thông báo (Mẫu 12).","Điều 51 Luật Doanh nghiệp 2020
Điều 52 Luật Doanh nghiệp 2020
Điều 37 Luật Doanh nghiệp 2020",59-2020-QH14:d51;59-2020-QH14:d52;59-2020-QH14:d37
197,"Loại 7: Thay đổi ĐKKD - Địa chỉ, tên, ngành nghề","Cty em tnhh 1 tv - thành lập năm 2024 - nay muốn cập nhật thêm ngành nghề. Thì có cần gửi mẫu chủ sở hữu hưởng lợi không ạ. Mong anh chị giúp đỡ
Cty em tnhh 1 tv - thành lập năm 2024 - nay muốn cập nhật thêm ngành nghề. Thì có cần gửi mẫu chủ sở hữu hưởng lợi không ạ. Mong anh chị giúp đỡ",https://www.facebook.com/groups/thanhlapcongtygiare/posts/2203463763470397/?__cft__[0]=AZZwAh7fZjcvle9pQ64a_TcIQ89j9l-LO28Y2HAnGm4mV00hJD2KZvBc92vj6huVV96ExkF60tKpm3qFYACK4qKqX9fIgxC5jK1UndT974AklhUW_l4nuqbZsLAU4G7e2uBCBpd88niWVjMWPHFhTWByhrG9a5CmbTARK_ypjFXIYPmqxkxglayLLeQN5kVPQYHMSRsahSEcmQDGB2Uu5c1q&__tn__=%2CP-R,"Theo Điều 7 Luật Doanh nghiệp 2020 về ngành, nghề đầu tư kinh doanh, khi chỉ cập nhật/bổ sung ngành nghề kinh doanh, KHÔNG cần gửi lại mẫu chủ sở hữu hưởng lợi (Mẫu 10). Mẫu CSHHL chỉ bắt buộc nộp khi: thành lập doanh nghiệp, hoặc có thay đổi về thông tin chủ sở hữu hưởng lợi. Hồ sơ bổ sung ngành nghề chỉ cần: (1) Thông báo thay đổi nội dung đăng ký doanh nghiệp (Mẫu 12); (2) Quyết định của chủ sở hữu về việc bổ sung ngành nghề.",Điều 7 Luật Doanh nghiệp 2020,59-2020-QH14:d7
198,"Loại 3: Vốn điều lệ - Góp vốn, tăng/giảm vốn, vốn pháp định","Các bác cho em hỏi: công ty em là công ty tnhh 1tv, thành lập tháng 7, nhưng để vốn điều lệ thấp quá nên bị âm quỹ tiền mặt, bây giờ e làm thủ tục tăng vốn. Vậy cái thủ tục tăng vốn ấy có bị giới hạn số lần tăng k ạ",https://www.facebook.com/groups/thanhlapcongtygiare/posts/2203367496813357/?__cft__[0]=AZatBKrNoWW8NdiyDg5o4weo-5ZJQK6FGtXm4sDINgJb7f-IHGGwNh3XIjTYKoH7MOefQ1Eq6KTT8k0pPxhxDbRW9XJE4lZ8kcSSiLVjfYUm98H2-5o2zITDZpUz919ma25toFnfeoanx3CKXsC00BR3mzDMyt2tD33YBX3mTOx_mUVaBh3FW0VLgEwSHgsc10XAFPQ9sGwyHMMV24Rx6hk_&__tn__=%2CP-R,"Theo Điều 68 Luật Doanh nghiệp 2020 về tăng vốn điều lệ công ty TNHH một thành viên, KHÔNG có quy định giới hạn số lần tăng vốn điều lệ. Công ty có thể tăng vốn nhiều lần tùy theo nhu cầu kinh doanh và khả năng tài chính của chủ sở hữu. Mỗi lần tăng vốn cần làm thủ tục thông báo thay đổi nội dung ĐKDN. Tuy nhiên, nên cân nhắc tăng vốn một lần với mức phù hợp để tránh phải làm thủ tục nhiều lần.",Điều 68 Luật Doanh nghiệp 2020,59-2020-QH14:d68
199,"Loại 7: Thay đổi ĐKKD - Địa chỉ, tên, ngành nghề","Mọi người ơi cho em hỏi, ai đã thành lập địa điểm kinh doanh theo mẫu mới chưa ạ. Mẫu 34 khai như thế nào?
Ai biết hướng dẫn giúp em với ạ. Em cảm ơn mọi người.
Mọi người ơi cho em hỏi, ai đã thành lập địa điểm kinh doanh theo mẫu mới chưa ạ. Mẫu 34 khai như thế nào?
Ai biết hướng dẫn giúp em với ạ. Em cảm ơn mọi người.",https://www.facebook.com/groups/thanhlapcongtygiare/posts/2203264336823673/?__cft__[0]=AZZ9l1tw-ZyqQaMikKtVLktyiZ2rpjLYryD0fNznczBRE9HREXE8u-R7NwmVi12Yb2aBrBSgmH15K6ZKvftcp1Bl7diWbfvSr1LUh1yLm6C59swwQsDCy1WmcpsiARtdPMurG2zA1aPf_y89lvOXwtUFenL-q5ABKCjWL-gJYINW-AhDETQcxAuiBQy1RmvDGQ0&__tn__=%2CP-R,"Theo Điều 44 Luật Doanh nghiệp 2020 về địa điểm kinh doanh, Mẫu 34 (Thông báo lập địa điểm kinh doanh) theo Nghị định 168/2025/NĐ-CP cần điền các thông tin: (1) Tên doanh nghiệp, mã số doanh nghiệp; (2) Tên địa điểm kinh doanh; (3) Địa chỉ địa điểm kinh doanh; (4) Ngành, nghề kinh doanh tại địa điểm; (5) Họ tên, số CCCD/CMND của người đứng đầu địa điểm kinh doanh. Hồ sơ nộp tại Phòng ĐKKD nơi đặt địa điểm kinh doanh.",Điều 44 Luật Doanh nghiệp 2020,59-2020-QH14:d44
200,"Loại 2: Loại hình doanh nghiệp - TNHH, Cổ phần, Hợp danh, DNTN","Chào mọi người. Mình chuyển đổi loại hình doanh nghiệp, lúc trước mình chưa cập nhật địa chỉ trụ sở với NĐDPL nên sẵn hồ sơ này mình cập nhật luôn
Tuy nhiên, chuyên viên yêu cầu bỏ mẫu 12B, nếu như vậy thì giấy phép mới có hiển thị địa chỉ mới không hay còn địa chỉ cũ. Mình nộp ở Hải Phòng ạ",https://www.facebook.com/groups/thanhlapcongtygiare/posts/2202774270206013/?__cft__[0]=AZYvQoRVW7qlzgOJX47qE51FbvFxYpdRKcZK_SlSd0Z5NSFWVQVQ0oxrmq73kQPJynOBbvlqKQPLFYn-rB3_9ja6Gnu4DROEhqNf6YV4GewKdiyChmntLlC7ShRavssqWzdzaMiix0kZWjlJPo6VUS1iVZKjfk4Brucu91pS1719mGzqovSBDx6l0okIkRCDBNM7gZGYMUzZA9baWvR2o53i&__tn__=%2CP-R,"Theo Điều 199-203 Luật Doanh nghiệp 2020 về chuyển đổi loại hình doanh nghiệp, khi chuyển đổi loại hình đồng thời thay đổi địa chỉ trụ sở và NĐDPL, thông thường cần ghi tất cả nội dung thay đổi vào hồ sơ chuyển đổi. Nếu chuyên viên yêu cầu bỏ mẫu 12B (cập nhật thông tin), Giấy CNĐKDN mới sau chuyển đổi sẽ hiển thị địa chỉ theo hồ sơ chuyển đổi (Mẫu 03 - Giấy đề nghị ĐKDN). Nếu địa chỉ cũ, cần nộp thêm hồ sơ thay đổi địa chỉ sau khi chuyển đổi hoặc hỏi lại chuyên viên về cách ghi địa chỉ mới trong hồ sơ chuyển đổi.","Điều 199 Luật Doanh nghiệp 2020
Điều 202 Luật Doanh nghiệp 2020
Điều 203 Luật Doanh nghiệp 2020",59-2020-QH14:d199;59-2020-QH14:d202;59-2020-QH14:d203
201,,Mn cho em hỏi chút với ạ. Cty em mới thành lập giữa tháng 9 vừa rồi giờ muốn giảm vốn điều lệ có được k ạ. Cụ thể là Công Ty Cổ Phần nhứ,https://www.facebook.com/groups/thanhlapcongtygiare/posts/2202551863561587/?__cft__[0]=AZYThZBDgB5wPHYF937s64v3WGgtrplJ7HGI-sXtyrHJr85_2wpB1-2fF4kT4F8j6D_4yOloJyS32J4dPcKOqiL-UW7h-M1PemWHpAm19XNhamOuK1cg1O-HuhAGxGwZL5DC8HcWMqQQw2KR9vfYoUn2z5zRvcajZMYBPnYCpX69NtBZBAcQIhSXTo7mKCilQkYFe4lAL5YANGKSb9sxRlix&__tn__=%2CP-R,"Theo Điều 112 Luật Doanh nghiệp 2020 về giảm vốn điều lệ công ty cổ phần, CTCP được giảm vốn điều lệ trong các trường hợp: (a) Hoàn trả một phần vốn góp cho cổ đông theo tỷ lệ sở hữu, công ty đã hoạt động kinh doanh liên tục ít nhất 02 năm kể từ ngày ĐKDN và bảo đảm thanh toán đủ các khoản nợ sau khi hoàn trả; (b) Mua lại cổ phần đã bán theo yêu cầu cổ đông (Điều 132, 133); (c) Vốn điều lệ không được cổ đông thanh toán đầy đủ và đúng hạn. Công ty mới thành lập 2 tháng chỉ được giảm vốn theo trường hợp (c) nếu cổ đông không góp đủ.",Điều 112 Luật Doanh nghiệp 2020,59-2020-QH14:d112
202,"Loại 3: Vốn điều lệ - Góp vốn, tăng/giảm vốn, vốn pháp định","Em đang làm hồ sơ giảm vốn điều lệ cty TNHH 2TV (hoàn trả lại 1 phần vốn cho thành viên theo tỷ lệ góp vốn), anh chị cho em hỏi thành phần hồ sơ nộp gồm các hồ sơ sau đủ chưa ạ:
1. Mẫu số 12- Thông báo thay đổi nội dung đkdn (Chỗ ""Thời điểm thay đổi vốn"" là điền ngày nào ạ?)
2. Biên bản họp HĐTV
3. Quyết định của HĐTV",https://www.facebook.com/groups/thanhlapcongtygiare/posts/2202439996906107/?__cft__[0]=AZZj-itChh1IDsRAZzNiEHfv38C7k8Rnx8zHEtk2egKuL2P2fegHOe03OJ6968UpdcOnORNk9AK2LurKe1Hy303fMugjMI8tHMsQzlOSFtw0OoUXTOUdP3P5rAuP9JXCEsehUIOvZsP3XMy4ILxc27zX5B56m4hmWUzTZ3JjrFkffry0NrY7fkRbM5EmiT_OhzVimqeMQnDz1Gj9rf4_NeFX&__tn__=%2CP-R,"Theo Điều 68 Luật Doanh nghiệp 2020 về giảm vốn điều lệ công ty TNHH 2TV trở lên, hồ sơ của bạn cơ bản đầy đủ gồm: (1) Mẫu 12 - Thông báo thay đổi; (2) Biên bản họp HĐTV; (3) Quyết định của HĐTV. Về ""Thời điểm thay đổi vốn"": điền ngày HĐTV quyết định giảm vốn (ngày trên quyết định) hoặc ngày hoàn trả vốn cho thành viên. Ngoài ra cần thêm: Danh sách thành viên sau khi giảm vốn (nếu tỷ lệ vốn góp thay đổi). Lưu ý: Công ty phải hoạt động liên tục ít nhất 02 năm và đảm bảo thanh toán đủ các khoản nợ sau khi hoàn trả vốn.",Điều 68 Luật Doanh nghiệp 2020,59-2020-QH14:d68
203,"Loại 9: Chuyển nhượng vốn/cổ phần - Mua bán, thừa kế",Thay đổi 1 thành viên góp vốn ở công ty cổ phần (chuyển nhượng cho người khác ko trong HĐQT) có phải nộp hồ sơ lên sở không ạ? và hồ sơ cần những gì ạ? 30% cổ phần công ty ạ,https://www.facebook.com/groups/thanhlapcongtygiare/posts/2201178983698875/?__cft__[0]=AZYyfciGGGKUeUlGOKRazD0iS9FK5o1OiCS1TTTdcOhPzJ9RGIK04IOjSIuauV4jEGT41FTSSb2N5KJBIJ7YyIND-fL-7UTANGjHmw6s1czX2yciIu1WhROYTlv_eFtk8szr-yNEYet11UThK9a5RgtQ_kBkCibJHuQJVdpGslcFpOcuso8CzSbaWCn-u3t8qevTZCw_d7FU-NpeXQMeppwS&__tn__=%2CP-R,"Theo Điều 127, 32 Luật Doanh nghiệp 2020 về chuyển nhượng cổ phần và thông báo thay đổi thông tin cổ đông: Chuyển nhượng 30% cổ phần (trên 5%) cho người ngoài HĐQT CẦN nộp hồ sơ lên Sở thông báo thay đổi cổ đông sở hữu từ 5% vốn điều lệ trở lên. Hồ sơ gồm: (1) Thông báo thay đổi nội dung đăng ký doanh nghiệp; (2) Danh sách cổ đông là cá nhân nước ngoài, tổ chức nước ngoài (nếu có); (3) Danh sách cổ đông sở hữu từ 5% vốn điều lệ trở lên (sau chuyển nhượng). Ngoài ra công ty cần lưu nội bộ: hợp đồng chuyển nhượng, cập nhật sổ đăng ký cổ đông.","Điều 127 Luật Doanh nghiệp 2020
Điều 32 Luật Doanh nghiệp 2020",59-2020-QH14:d127;59-2020-QH14:d32
204,"Loại 1: Thành lập doanh nghiệp - Thủ tục, điều kiện, hồ sơ thành lập","MỌI NGƯỜI CHO EM HỎI TÝ Ở HÀ NỘI CÓ CẤP GIẤY ĐKKD NỮA KHÔNG HAY CHỈ BẢN ONLINE THÔI VẬY
MỌI NGƯỜI CHO EM HỎI TÝ Ở HÀ NỘI CÓ CẤP GIẤY ĐKKD NỮA KHÔNG HAY CHỈ BẢN ONLINE THÔI VẬY",https://www.facebook.com/groups/thanhlapcongtygiare/posts/2200418053774968/?__cft__[0]=AZbTiCnJZ6Aq0OJUubZdIkjDkGXLlQbuleRzBE72Ttgn80E3QjI2tymZXQdycfa4J0mLFyYRin43UQWvU1OI6baWi7XfhOU1iOTbXWQNS9PaLwLq8eJrALMhadgeXBMmZHObR-UkcJBqTpBdhRM_TOuOKu2r-wdY34gFV1PhlZyGbzogE1XeH9_2-dhaJK2VFGDkH_y-OFM_2ZgtcNzZ94j_&__tn__=%2CP-R,"Theo Điều 30 Luật Doanh nghiệp 2020, Sở ĐKKD vẫn cấp Giấy chứng nhận đăng ký doanh nghiệp bản giấy. Tuy nhiên, hiện nay nhiều địa phương đang ưu tiên cấp bản điện tử có giá trị pháp lý tương đương. Nếu muốn nhận bản giấy, bạn cần đăng ký dịch vụ bưu chính khi nộp hồ sơ hoặc liên hệ trực tiếp Sở ĐKKD để nhận.",Điều 30 Luật Doanh nghiệp 2020,59-2020-QH14:d30
205,"Loại 1: Thành lập doanh nghiệp - Thủ tục, điều kiện, hồ sơ thành lập","Ac cho em hỏi thành lập CTy TNHH 2TV hồ sơ e soạn như sau:
- Điều lệ
- Giấy đăng ký
- Danh sách thành viên
- Danh sách CSHHL
- Giấy uỷ quyền
Mình có cần thêm cccd chứng thực ko ạ?",https://www.facebook.com/groups/thanhlapcongtygiare/posts/2200243103792463/?__cft__[0]=AZZL55B3qm-gHArVT7WofH84yfaVLeJ-I43JIQufzSKBjrUce7JQohARHL1X4Ob2KVcZ8i6FDvHBMKjgFN_T7jyOmQ_LoCq_O3slFSLuxj7-ARejrc9uZ2jx2iNKlBrk3Z15oxlRBdqfQNaguzrht0SOLAgV0slHnaDAP5P3t1YNmXs-AePAz6Ece9R3NkBcXRSqV2jiVuZ6yxKg8z5UGZ3o&__tn__=%2CP-R,"Theo Điều 26, 27 Luật Doanh nghiệp 2020 về hồ sơ đăng ký thành lập công ty TNHH 2TV trở lên, hồ sơ bạn soạn cơ bản đã đầy đủ. Về CCCD, theo quy định hiện hành, không bắt buộc phải chứng thực CCCD khi nộp hồ sơ đăng ký doanh nghiệp trực tuyến. Bạn chỉ cần bản sao CCCD hoặc bản scan có chữ ký số xác nhận của người nộp hồ sơ là được chấp nhận.","Điều 26 Luật Doanh nghiệp 2020
Điều 27 Luật Doanh nghiệp 2020",59-2020-QH14:d26;59-2020-QH14:d27
206,"Loại 2: Loại hình doanh nghiệp - TNHH, Cổ phần, Hợp danh, DNTN","Anh/ chị cho em hỏi với ạ. Công ty TNHH 1 thành viên, chủ sở hữu cũ chuyển nhượng toàn bộ vốn góp cho 2 thành viên khác nên Công ty phải chuyển đổi loại hình doanh nghiệp sang Công ty TNHH 2 thành viên. Vậy người ký hồ sơ thì để Đại diện pháp luật cũ ký hay để đại diện pháp luật mới ký tên trên các hồ sơ ạ.",https://www.facebook.com/groups/thanhlapcongtygiare/posts/2199845397165567/?__cft__[0]=AZZ_TUKE_FITGkYmcQ3xnGdGcBu_tjfP6He987zZl-FRetw5xhNZkrcWWwzplzTZQ2Tla1m4NvLO_4UpCLBat7DPveySe2taRZQdaOB-ifNjRLPkR_G0VBbObY3gpm65OG7SLO5ntlReFA3H9ushfnuGeEvEKq4WC3yA6qcB8MvY3SJAcmZdF9-vBCkctfhu4dqT5MmW43eAtx6VYtzgOW4n&__tn__=%2CP-R,"Theo Điều 202 Luật Doanh nghiệp 2020 về chuyển đổi công ty TNHH 1TV thành công ty TNHH 2TV trở lên, người ký hồ sơ chuyển đổi là người đại diện theo pháp luật CŨ (chủ sở hữu cũ hoặc NĐDPL được chủ sở hữu cũ ủy quyền). Sau khi hồ sơ được chấp thuận và cấp ĐKKD mới, người đại diện theo pháp luật mới sẽ chính thức có thẩm quyền ký các văn bản của công ty.",Điều 202 Luật Doanh nghiệp 2020,59-2020-QH14:d202
207,Loại 11: Khác - Chưa phân loại,"Anh/chị cho em hỏi: Bên em đăng ký ngành bán buôn trái cây và chỉ đóng gói trái cây của mình, không nhận đóng cho người khác. Vậy có cần đăng ký thêm mã ngành nào không ạ?",https://www.facebook.com/groups/thanhlapcongtygiare/posts/2199747690508671/?__cft__[0]=AZaSIRpr8xm29Ea7FDZAqM0g3mPlY9SmCY8LY8u1ZPIZfwY-5GgZtZ7CzXXyFuOLbYekp5jG2yQrTYGXxDeP9XaNIUUP2yA-Iz0D5gCTg5EaGHxp7W1s1uO2fi7uLJyUlP7ZmJbhQsr_tFamHJPKSbIfsCoqKhrBEMaDCIiVqaq63A34noV7LPYFtT-g-KNtH-3bOYbTRYqN307VgADsI3XC&__tn__=%2CP-R,"Theo Điều 7 Luật Doanh nghiệp 2020 về ngành nghề kinh doanh, nếu bạn chỉ đóng gói trái cây của chính mình để bán buôn thì không cần đăng ký thêm mã ngành đóng gói. Hoạt động đóng gói sản phẩm của chính doanh nghiệp được coi là một phần của hoạt động bán buôn. Bạn chỉ cần đăng ký thêm mã ngành đóng gói (8292) nếu nhận đóng gói thuê cho bên thứ ba.",Điều 7 Luật Doanh nghiệp 2020,59-2020-QH14:d7
208,"Loại 7: Thay đổi ĐKKD - Địa chỉ, tên, ngành nghề","Em chào các a chị ạ. Anh chị ơi, cho em hỏi bên mình có ai xin được xác nhận địa chỉ chưa có số nhà để nộp dkkd ở bình dương, tp hcm k ạ?",https://www.facebook.com/groups/thanhlapcongtygiare/posts/2198151894001584/?__cft__[0]=AZZQqb-BiaITDuk85fLMiM0NsEc3_H3KoKOduJPryjPA6v37EQKn-fT8sHuYNlNe7ZyA87aQ7zZM2UNaOEydLKzljqel4URC9k6r_KxK_DVe8K_2n41PXJ6YC0K5XpGDamnizFEqORqOfgUSOM5O9I4w067J2rgnvxi8Y06XOXShwcim38TmvB1W8dbef3JFyO5ufFEYfDtn5VbGk8ce5ioR&__tn__=%2CP-R,"Theo Điều 42 Luật Doanh nghiệp 2020 về địa chỉ trụ sở chính, đối với địa chỉ chưa có số nhà, bạn cần xin xác nhận của UBND cấp xã/phường về địa chỉ thực tế. Giấy xác nhận này cần ghi rõ: tên đường/thôn/xóm, phường/xã, quận/huyện, tỉnh/thành phố và xác nhận địa chỉ đó tồn tại thực tế. Một số địa phương có thể yêu cầu bổ sung số thửa, tờ bản đồ từ Sổ đỏ hoặc hợp đồng thuê nhà.",Điều 42 Luật Doanh nghiệp 2020,59-2020-QH14:d42
209,"Loại 7: Thay đổi ĐKKD - Địa chỉ, tên, ngành nghề",Mọi người cho em hỏi em dùng usb công ty ký số vào bản pdf hồ sơ đăng ký thay đổi doanh nghiệp thì có được chấp nhận không ạ.,https://www.facebook.com/groups/thanhlapcongtygiare/posts/2198092367340870/?__cft__[0]=AZZs15-k6rdsA46E4RQA4O7gPu8YYcXRW2oTz9p0wZISdF-T0WHuI_2mCxIvwJT93O7e3cJuKo9vsl_U7LBm5Ug0IxYfvPmza_-1J1xACMWxm7XNuZtHGYmcHMcJm5wSqdJGWUDsuQ50EVe5do_7WYZEolLbfKJNV1TdavtzKsROvqsAQHcLC1vQk43TZ7DRc2QWEmQVFYM7fFiA5TLZ9XSl&__tn__=%2CP-R,"Theo Điều 30, 32 Luật Doanh nghiệp 2020 về đăng ký thay đổi nội dung đăng ký doanh nghiệp, khi nộp hồ sơ trực tuyến, bạn có thể sử dụng chữ ký số công ty (USB token) để ký vào file PDF hồ sơ. Chữ ký số công ty có giá trị pháp lý tương đương chữ ký tay và con dấu công ty theo quy định. Tuy nhiên, cần đảm bảo chữ ký số còn hiệu lực và được đăng ký đúng tên công ty.","Điều 30 Luật Doanh nghiệp 2020
Điều 32 Luật Doanh nghiệp 2020",59-2020-QH14:d30;59-2020-QH14:d32
210,"Loại 3: Vốn điều lệ - Góp vốn, tăng/giảm vốn, vốn pháp định","Ngoài giấy nộp tiền của ngân hàng ra còn giấy nào chứng minh đã hoàn tất việc góp vốn cty không ạ ?
Anh chị nào có mẫu cho e xin với.
E cảm ơn ad duyệt",https://www.facebook.com/groups/thanhlapcongtygiare/posts/2197936630689777/?__cft__[0]=AZZ4pujlSBZrBms5tqKFK691tVfw8nm-ViK3A00JdVQVvdUG-euKo-BovmykyN4ROTa46CBbLX3MBl6RtY74JOimEUdFXbWqUzkm-SvmAiGhb_lH3wFzhMgQ7wzlG-0Pesj46U-1I8fPeAUj9fk1Krrjrp_e6SGgPS-Z_rHGghfiLI1sRh7EC2gdunOAskpcHhCvmCExNzrlIfAXT7B7tDqo&__tn__=%2CP-R,"Theo Điều 47 Luật Doanh nghiệp 2020 về nghĩa vụ góp vốn, ngoài giấy nộp tiền của ngân hàng, các giấy tờ chứng minh góp vốn gồm: (1) Biên bản giao nhận vốn góp giữa thành viên và công ty; (2) Biên bản xác nhận hoàn tất việc góp vốn; (3) Giấy chứng nhận phần vốn góp do công ty cấp cho thành viên. Đối với góp vốn bằng tài sản, cần thêm biên bản định giá tài sản và chứng từ chuyển quyền sở hữu.",Điều 47 Luật Doanh nghiệp 2020,59-2020-QH14:d47
211,"Loại 7: Thay đổi ĐKKD - Địa chỉ, tên, ngành nghề","Công ty em muốn chấm dứt hoạt động của một địa điểm kinh doanh, do không còn nhu cầu thuê văn phòng đó nữa. Thì ngoài những giấy tờ sau còn cần nộp thêm gì không ạ:
• Mẫu số 28 (V/v chấm dứt hoạt động chi nhánh/VPĐD/ĐĐKD)
• Giấy ủy quyền cho cá nhân nộp
• CCCD sao y
• Hộ chiếu của NĐDPL sao y
Cám ơn anh chị đã giải đáp nhanh cho em ạ",https://www.facebook.com/groups/thanhlapcongtygiare/posts/2197099914106782/?__cft__[0]=AZaf9sc7DIYJYu8vNGxNhvVTrZ3rgWEwazQlvex2PwBEmmYSKqX1JFp2Aj7-dBFetJ4WnzjpsAE7w1gpdCJvZqgvsKMns0tDHZfkBuyUwvbDXqzNp7_MHTXAMCGPcjSiZYbLsx2kMlwDANAsnZ4NoFIzXFROlN_84HJ5pfdpszTvxCp-_2g0IOaXoZ9Jhl5Auc0-ZS4eyaCgmodA6EWKL-0q&__tn__=%2CP-R,"Theo Điều 44 Luật Doanh nghiệp 2020 về chấm dứt hoạt động địa điểm kinh doanh, hồ sơ bạn liệt kê đã cơ bản đầy đủ. Ngoài ra, nếu địa điểm kinh doanh có con dấu riêng thì cần thêm: quyết định hủy mẫu con dấu và trả con dấu cho cơ quan công an. Bạn cũng cần đảm bảo đã hoàn tất nghĩa vụ thuế tại địa điểm kinh doanh trước khi chấm dứt.",Điều 44 Luật Doanh nghiệp 2020,59-2020-QH14:d44
212,"Loại 4: Người đại diện pháp luật - Điều kiện, thay đổi, trách nhiệm","Em chào anh chị ạ, em nộp hồ sơ thay đổi người đại diện pháp luật cho công ty TNHH.
Công ty đó có chủ sở hữu cũng là người đại diện pháp luật hiện tại, vậy Giấy đề nghị thay đổi người đại diện PL và giấy ủy quyền thực hiện công việc sẽ do ai ký ạ.
Em đang để Chủ sở hữu ký thì bị từ chối ạ.
Em cám ơn ạ",https://www.facebook.com/groups/thanhlapcongtygiare/posts/2197039417446165/?__cft__[0]=AZbO2qveG31H4GB4zuoxPoZq1ET00DCSDl8j3jyCjwRRPhFzqW3F9iTDp_N9NhBgp-6L9c_Jo-Xn3HSFamsXlmjL2QG61nSk2IyaTaxinrq69Q6hVZucbJKRnGb2UPV_sIO-eLaYpRP5VVRslheU0i9FnsYCU3T02jGpCiAOT2b5Z4SseS328s9YYVqqzJH55nfsIHv03vi6IqAdEztHSCvM&__tn__=%2CP-R,"Theo Điều 12, 80 Luật Doanh nghiệp 2020 về thay đổi người đại diện theo pháp luật công ty TNHH 1TV, người ký hồ sơ phải là người đại diện theo pháp luật HIỆN TẠI (chính là CSH kiêm NĐDPL). Nếu bị từ chối, có thể do: (1) Thiếu chữ ký số của NĐDPL hiện tại; (2) Hồ sơ chưa đúng mẫu; (3) Cần bổ sung quyết định của CSH về việc thay đổi NĐDPL. Bạn nên kiểm tra lại lý do từ chối cụ thể.","Điều 12 Luật Doanh nghiệp 2020
Điều 80 Luật Doanh nghiệp 2020",59-2020-QH14:d12;59-2020-QH14:d80
213,"Loại 7: Thay đổi ĐKKD - Địa chỉ, tên, ngành nghề",Thủ tục đổi tên doanh nghiệp có khó không mấy anh chị? Chi phí ntn? Thời gian bao lâu ạ,https://www.facebook.com/groups/thanhlapcongtygiare/posts/2196458610837579/?__cft__[0]=AZbffyijWgNot1pm_U-oiiiU-RYTTXUHQfr9viyl9nLuxLINX8emVUolTM7SqSRtw3Qv3ePExlu2mU14I2suKc1t7Pw_M3xwBAi5OEG51yZi0eEdGVQ9LSlyA8C9mTvUyhcU0DFJvrfWoTOMcyKcCNbX4aJAv9Wm8MnOYsz3-TkX8I5jaRFwifS79_8f7HlgvR-UNtKZM7nOihbFZmtFAcVd&__tn__=%2CP-R,"Theo Điều 37, 38 Luật Doanh nghiệp 2020 về tên doanh nghiệp, thủ tục đổi tên khá đơn giản: (1) Chuẩn bị hồ sơ: Thông báo thay đổi (Mẫu 12), Quyết định/Biên bản họp về việc đổi tên, Điều lệ sửa đổi; (2) Nộp trực tuyến qua Cổng ĐKKD quốc gia; (3) Phí: miễn phí đăng ký. Tuy nhiên, tên mới phải không trùng hoặc gây nhầm lẫn với doanh nghiệp đã đăng ký.","Điều 37 Luật Doanh nghiệp 2020
Điều 38 Luật Doanh nghiệp 2020",59-2020-QH14:d37;59-2020-QH14:d38
214,Loại 11: Khác - Chưa phân loại,"em chào anh/chị
cho em hỏi công ty muốn đăng ký ngành nghề tổ chức sự kiện,
công ty sẽ ký hợp đồng với khách hàng sau đó thuê đơn vị khác làm và công ty sẽ xuất hóa đơn cho khách hàng, thì bên em đăng ký mã ngành nào ạ.
tổ chức sự kiện thì các hạng mục bao gồm sảnh đèn, hoa quả đồ ăn nước uống,... các hạng đầy đủ luôn ạ
thì sẽ đăng ký ngành nghề nào ạ
em cảm ơn ạ",https://www.facebook.com/groups/thanhlapcongtygiare/posts/2196335980849842/?__cft__[0]=AZaYagPqdaEmSYhkCVXM3Hfhfr3S_MOHuS6zf3Ow35yCr3cIY6r2LdZL_MGughH8_Esod8dqCawFx-t6EwthFj3lzaQeQke6DH_ws_nmy68MAd245MPk3JhbVSkSjBXK0nWtobrOfyigcBboaP9JBVBe79_e9IbuujAIsqKTLMb4uLA4IzfLh40sTxHODE9wASvnjLq1XqhogfvsWkIldMH0&__tn__=%2CP-R,"Theo Điều 7 Luật Doanh nghiệp 2020 về ngành nghề kinh doanh, với mô hình tổ chức sự kiện trọn gói, bạn nên đăng ký các mã ngành: (1) 8230 - Tổ chức giới thiệu và xúc tiến thương mại (chính); (2) 9000 - Hoạt động sáng tác, nghệ thuật, giải trí; (3) 5610 - Nhà hàng và dịch vụ ăn uống lưu động (nếu cung cấp đồ ăn); (4) 7310 - Quảng cáo (nếu có dịch vụ quảng cáo).",Điều 7 Luật Doanh nghiệp 2020,59-2020-QH14:d7
215,"Loại 4: Người đại diện pháp luật - Điều kiện, thay đổi, trách nhiệm","Anh chị cho em hỏi công ty cổ phần thay đổi người đại diện theo pháp luật đồng thời thông báo nội dụng đăng ký doanh nghiệp Anh chị xem giúp em thẩm quyền ký đúng không ạ
1.Mẫu 12 Giấy đề nghị thông báo thay đổi nội dung đăng ký doanh nghiệp : Do người đại diện theo pháp luật cũ ký
2.Mẫu 13 thay đổi người đại diện : Do",https://www.facebook.com/groups/thanhlapcongtygiare/posts/2195426904274083/?__cft__[0]=AZYcucOKuSkkHBQQxLQJDS5G4tvwdT5bDXLaotm45qVj31qN1XjZJcYKk9gLZwBjGFt72DeUoCXrKRjHZ2ddn-eBcFqGCSZ9fPIwrM5CxUnYSJ00qWlVN1fc4XtwhHr9OvV7ZNSbnZCghw4v1zE-EOjPvza3vggqtUTVE1YLt2MQRJiX3AE11qUN7niBTbSqQVxtoBDm3qVKOQFy1-0NAEsd&__tn__=%2CP-R,"Theo Điều 12, 155 Luật Doanh nghiệp 2020 về thay đổi NĐDPL công ty cổ phần, thẩm quyền ký đúng như sau: (1) Mẫu 12 - Do NĐDPL CŨ ký (đúng); (2) Mẫu 13 thay đổi NĐDPL - Cũng do NĐDPL CŨ ký; (3) Biên bản họp ĐHĐCĐ/HĐQT về thay đổi NĐDPL - do Chủ tọa và Thư ký ký; (4) Quyết định của ĐHĐCĐ/HĐQT - do Chủ tịch HĐQT ký. NĐDPL mới chỉ có thẩm quyền ký sau khi được cấp ĐKKD mới.","Điều 12 Luật Doanh nghiệp 2020
Điều 155 Luật Doanh nghiệp 2020",59-2020-QH14:d12;59-2020-QH14:d155
216,"Loại 6: Giải thể & Phá sản - Thủ tục, thanh toán nợ, tạm ngưng","Cho mình hỏi muốn tạm ngưng kinh doanh cần những mẫu nào ạ. Công ty tnhh 1tv và 2 tv ạ.
Cho mình hỏi muốn tạm ngưng kinh doanh cần những mẫu nào ạ. Công ty tnhh 1tv và 2 tv ạ.",https://www.facebook.com/groups/thanhlapcongtygiare/posts/2195933347556772/?__cft__[0]=AZZQxos6EXgOC7jgnGEgqalEwwMxqNsgsQ8OcSBl8rJvuVitoB1htI43n9V7kLNv8iM8mYSW5ZM9i16s04VuzHiOrQiJ7s8b7sgM_WsR0eC_Ha_fR4sLYIoibTdKVnNUBbJPZB_t09DKrKwv18tATCWUoNKGgWmwKizvQ-XSEyuAjDsQjiBVewHbUaKc84mWmyLMvnu2cuxWXGWvIhXOhML_&__tn__=%2CP-R,"Theo Điều 206 Luật Doanh nghiệp 2020 về tạm ngừng kinh doanh, hồ sơ cần chuẩn bị gồm: (1) Thông báo tạm ngừng kinh doanh (Mẫu 22); (2) Với TNHH 1TV: Quyết định của Chủ sở hữu; (3) Với TNHH 2TV: Biên bản họp HĐTV và Quyết định của HĐTV. Thời gian tạm ngừng mỗi lần không quá 1 năm, có thể gia hạn nhưng tổng không quá 2 năm liên tiếp. Nộp trước ít nhất 3 ngày làm việc trước ngày tạm ngừng.",Điều 206 Luật Doanh nghiệp 2020,59-2020-QH14:d206
217,"Loại 3: Vốn điều lệ - Góp vốn, tăng/giảm vốn, vốn pháp định","Mn cho e hỏi góp vốn bằng tài sản (ô tô) thì cần nộp giấy tờ gì ạ
Mn cho e hỏi góp vốn bằng tài sản (ô tô) thì cần nộp giấy tờ gì ạ",https://www.facebook.com/groups/thanhlapcongtygiare/posts/2194656177684489/?__cft__[0]=AZa7WTZPH377O8L9OnK4MCYUh4kXKUkierd6-nLJQEBMJDrWzunqnjtOey6yWLMkA_MEeMQtbXQhhh-kyhG20nBDePmStChtfCEQK5U9Vs0oT-L26ParuB6ZSDNb3LerT0470qUzG4BwzcATGzhyJxnnxQeo2Sy9W2ljBwwI3IAk1Nr2g_MaZOLIz5pXKIiL-KFpfOOrisPXGxYBznm3ffzj,"Theo Điều 34, 35, 47 Luật Doanh nghiệp 2020 về góp vốn bằng tài sản, khi góp vốn bằng ô tô cần: (1) Biên bản định giá tài sản góp vốn (do các thành viên/cổ đông hoặc tổ chức thẩm định giá độc lập lập); (2) Biên bản giao nhận tài sản góp vốn; (3) Giấy đăng ký xe (đăng ký đổi tên chủ sở hữu sang công ty); (4) Hợp đồng góp vốn bằng tài sản. Nếu góp khi thành lập, các giấy tờ này cần hoàn tất trong 90 ngày kể từ ngày được cấp ĐKKD.","Điều 34 Luật Doanh nghiệp 2020
Điều 35 Luật Doanh nghiệp 2020
Điều 47 Luật Doanh nghiệp 2020",59-2020-QH14:d34;59-2020-QH14:d35;59-2020-QH14:d47
218,"Loại 4: Người đại diện pháp luật - Điều kiện, thay đổi, trách nhiệm",cả nhà cho e hỏi chút cty e kinh doanh về dịch vụ dẫn tour du lịch. vốn điều lệ 1 tỷ. cá nhân sn 2005 đứng đại diện pháp luật có hợp lý k ạ.,https://www.facebook.com/groups/thanhlapcongtygiare/posts/2195475000935940/?__cft__[0]=AZbhPBBZqvTZwZu0qoLIE2KVQYTwI1t8yfTEg0wDUpdLwgFDYpXjIfNsrva1JPyPwYhF8HePpgwQ44uEpIfWX3ylxvR6yoK4pKj6mx6EYDi-XK6nZyBRVXe0HCotQEyosMvZqVjDt7uYCDvC1UDWF04LjbviXVINP1a1nNPy1nXsCvjRdL_HhH3Ro8eGXLXHpM-iQXypaqWE-tNnh8VMuYqV&__tn__=%2CP-R,"Theo Điều 12, 13 Luật Doanh nghiệp 2020 về người đại diện theo pháp luật, NĐDPL phải đủ 18 tuổi và có đầy đủ năng lực hành vi dân sự. Sinh năm 2005 tức là năm 2024 mới 19 tuổi (đủ điều kiện). Tuy nhiên, với ngành du lịch lữ hành, cần lưu ý thêm điều kiện về người phụ trách kinh doanh dịch vụ lữ hành theo Luật Du lịch (phải có ít nhất 3 năm kinh nghiệm trong ngành). NĐDPL trẻ tuổi là hợp pháp nhưng cần đảm bảo có người phụ trách đủ điều kiện.","Điều 12 Luật Doanh nghiệp 2020
Điều 13 Luật Doanh nghiệp 2020",59-2020-QH14:d12;59-2020-QH14:d13
219,"Loại 6: Giải thể & Phá sản - Thủ tục, thanh toán nợ, tạm ngưng","Mình thành lập công ty 8 năm nay nhưng cty k hdong k đóng thuế, giờ muốn đóng cty thủ tục thế nào có bị phạt k?
Mình thành lập công ty 8 năm nay nhưng cty k hdong k đóng thuế, giờ muốn đóng cty thủ tục thế nào có bị phạt k?",https://www.facebook.com/groups/thanhlapcongtygiare/posts/2194760814340692/?__cft__[0]=AZY3fmPs2PEsVny9G1aJdZpfVxcm_21VQgMiB47XbHMcAr-XFvHNO_iGSYJk8wY232l6CHihiD8HHwppqJ9Mz4e0AZAL5JAym9D2kBexSXR3a4cki0MTPpxpeT-Gl4NtJ-l89v96eH47AyTQm9T2VSomPPUBB3H92qUuzGfyaPJUXPT65PmWfVFy8Y9AXfomb46AjRGUfkbgIy9ZenlEmJ6L&__tn__=%2CP-R,"Theo Điều 207, 208, 209 Luật Doanh nghiệp 2020 về giải thể doanh nghiệp, để giải thể công ty không hoạt động 8 năm, bạn cần: (1) Quyết toán thuế với cơ quan thuế - sẽ bị phạt vi phạm hành chính về không kê khai, không nộp báo cáo thuế; (2) Hoàn tất nghĩa vụ với các bên liên quan; (3) Nộp hồ sơ giải thể tại Sở ĐKKD. Mức phạt phụ thuộc vào số năm vi phạm và loại vi phạm cụ thể. Nên liên hệ cơ quan thuế để xác định mức phạt cụ thể trước.","Điều 207 Luật Doanh nghiệp 2020
Điều 208 Luật Doanh nghiệp 2020
Điều 209 Luật Doanh nghiệp 2020",59-2020-QH14:d207;59-2020-QH14:d208;59-2020-QH14:d209
220,"Loại 2: Loại hình doanh nghiệp - TNHH, Cổ phần, Hợp danh, DNTN","Mọi người cho e hỏi là e muốn chuyển đổi từ cty 1tv thành cty 2tv, thành viên mới sẽ góp thêm vốn bằng tài sản thì cần làm mấy bộ hồ sơ và thành phần hồ sơ như thế nào ạ. Em cảm ơn
Mọi người cho e hỏi là e muốn chuyển đổi từ cty 1tv thành cty 2tv, thành viên mới sẽ góp thêm vốn bằng tài sản thì cần làm mấy bộ hồ sơ và thành phần hồ sơ như thế nào ạ. Em cảm ơn",https://www.facebook.com/groups/thanhlapcongtygiare/posts/2194384814378292/?__cft__[0]=AZZ7JKNYC_2z8q2C8qO8_1vWU2ekCyy9ZkUOUaLnvTbXwc5ze5_cC405XsQGri6wkAECnfalPUW7M0qUA4wAOCMB05yl7p6JaeuDDK-8DX1dCs-7tUCjDO-9kCLD_CjqpXw4aWQuh4zMZr6Kpvrdwi6cq5CVnCxWBSjrJGpIOqll0TivoeYRNvBQC4N159xDKEynfCh2uyNNB3EBNHiwvBGU&__tn__=%2CP-R,"Theo Điều 202, 34, 35 Luật Doanh nghiệp 2020 về chuyển đổi TNHH 1TV thành TNHH 2TV với góp vốn bằng tài sản, chỉ cần 1 bộ hồ sơ gồm: (1) Giấy đề nghị đăng ký DN (Mẫu); (2) Điều lệ công ty mới; (3) Danh sách thành viên; (4) Bản sao CCCD thành viên mới; (5) Hợp đồng chuyển nhượng/góp vốn; (6) Biên bản định giá tài sản góp vốn (phải được các thành viên nhất trí hoặc tổ chức định giá độc lập thực hiện); (7) Văn bản chứng minh quyền sở hữu tài sản.","Điều 202 Luật Doanh nghiệp 2020
Điều 34 Luật Doanh nghiệp 2020
Điều 35 Luật Doanh nghiệp 2020",59-2020-QH14:d202;59-2020-QH14:d34;59-2020-QH14:d35
221,"Loại 6: Giải thể & Phá sản - Thủ tục, thanh toán nợ, tạm ngưng",Mọi người cho em hỏi giấy ủy quyền cho người đại diện thực hiện nộp hồ sơ giải thể chi nhánh sẽ do người đại diện pháp luật công ty ký hay người đứng đầu chi nhánh ký ạ?,https://www.facebook.com/groups/thanhlapcongtygiare/posts/2194370301046410/?__cft__[0]=AZYhI7ze4YTdfr00RzN0EBaJ9sNqU4cKiSw6HMXGWfqDRJhH_o8oq9RWGgk4OuEORbNaa3xkCzSAZ0AjmkUUDmQUEut19zGWloMVTLrHVBh6HbmlSaJsj4BXZi45NsfIQGeWR0zhLi7zZ3qEPeF_SugYaGOUArlLVEkDzEnoaUL4BJgH2uyLGxpICkjHtlFuOT3YWN8-PkUGjqk6bYVkJzwE&__tn__=%2CP-R,"Theo Điều 45 Luật Doanh nghiệp 2020 về chi nhánh, giấy ủy quyền nộp hồ sơ chấm dứt hoạt động chi nhánh phải do NGƯỜI ĐẠI DIỆN THEO PHÁP LUẬT CỦA CÔNG TY ký, không phải người đứng đầu chi nhánh. Lý do: Chi nhánh không có tư cách pháp nhân độc lập, mọi quyết định liên quan đến chi nhánh đều phải do công ty mẹ (thông qua NĐDPL) quyết định và thực hiện.",Điều 45 Luật Doanh nghiệp 2020,59-2020-QH14:d45
222,"Loại 4: Người đại diện pháp luật - Điều kiện, thay đổi, trách nhiệm","Thay đổi người đại diện pl cty cổ phần thì ds chủ sở hữu hg lợi người đại diên pl mới hay cũ ký. E thấy thông báo bổ sung chỉ ghi người đại diệp pl. Trường hợp đổi đại diện pl ủy quyền ai ký (chủ tịch, đại diện pl cũ mới ?). Hồ sơ e ở hồ chí minh",https://www.facebook.com/groups/thanhlapcongtygiare/posts/2192970251186415/?__cft__[0]=AZZTmWvrSmAF1Xu0mXSHZvtYYS1xirIAtSs1xNuTBT9nzt4rtteR5JMk2oWOdUFRHPDJQjBVtPThZbW0B-IdNgF9AtJWtXWbjv_I6Fg8_vBz23QEl3z6XCEitv5wK9OuHFaQ2XqdRqd-qiIXRNMc031ebS3zwHsYtw_IUuBO9cYN-F9In63cZ5UIXoXoGsJMiscuKvc0-JBzECfPMA--0_3E&__tn__=%2CP-R,"Theo Điều 12, 155 Luật Doanh nghiệp 2020 về thay đổi NĐDPL công ty cổ phần: (1) DS Chủ sở hữu hưởng lợi - do NĐDPL CŨ ký vì đây là thời điểm trước khi thay đổi có hiệu lực; (2) Giấy ủy quyền nộp hồ sơ - do NĐDPL CŨ ký; (3) Thông báo thay đổi NĐDPL - do NĐDPL CŨ ký. Chủ tịch HĐQT ký trên Biên bản họp và Quyết định của HĐQT/ĐHĐCĐ. NĐDPL mới chỉ có thẩm quyền sau khi hồ sơ được chấp thuận.","Điều 12 Luật Doanh nghiệp 2020
Điều 155 Luật Doanh nghiệp 2020",59-2020-QH14:d12;59-2020-QH14:d155
223,"Loại 9: Chuyển nhượng vốn/cổ phần - Mua bán, thừa kế","Cho e hỏi ah. Cty cổ phần có thay đổi cổ đông sáng lập chuyển nhượng thoái hoá vốn. Vậy e cập nhật lại thông tin cổ đông mới và địa chỉ do thay đổi địa giới các cổ đông cũ trên khối dữ liệu và nhập ở mẫu 12 b đúng ko ah
E cảm ơn",https://www.facebook.com/groups/thanhlapcongtygiare/posts/2193855674431206/?__cft__[0]=AZYA7nMrgXOfC4dvplh_OduGX6TUz48ZU06JmSZg7T9o4rnFIiUkFWRO0FilXiRiABsLiMjYxDkt82CnWgQnODOA7gKVLJacz4l4EJSqhAHObJOSeHl_j9-AhMVswo1HtX7hn9OYrfHcy15hq7msYV2YBN2VHmLmcdrs_fnAwtrZjmINnL3dkiYMdfuVtv0wcXP-lTrum6MS_GCcq2dIcy_l&__tn__=%2CP-R,"Theo Điều 127, 32 Luật Doanh nghiệp 2020 về chuyển nhượng cổ phần CTCP, khi thay đổi cổ đông sáng lập: (1) Dùng Mẫu 12b để cập nhật thông tin cổ đông trong khối dữ liệu - đúng; (2) Cần bổ sung: Thông báo thay đổi thông tin cổ đông sáng lập, Hợp đồng chuyển nhượng cổ phần, Biên bản họp ĐHĐCĐ (nếu cổ đông sáng lập chuyển nhượng trong 3 năm đầu); (3) Nếu cổ đông mới sở hữu từ 5% vốn trở lên, cần thông báo bổ sung theo Điều 32.","Điều 127 Luật Doanh nghiệp 2020
Điều 32 Luật Doanh nghiệp 2020",59-2020-QH14:d127;59-2020-QH14:d32
224,"Loại 3: Vốn điều lệ - Góp vốn, tăng/giảm vốn, vốn pháp định","Chào mn, công ty TNHH MTV A có chủ sở hữu là cty nước ngoài B (cũng TNHH MTV). Bây giờ em cần làm thủ tục tăng vốn do CSH góp vốn thêm thì em đang vướng mắc 1 số nd:
Bảng kê DS CSH hưởng lợi điền cá nhân CSH công ty nước ngoài B đúng ko ạ
Văn bản Quyết định CSH cũng do CSH công ty nước ngoài B ký và đóng dấu cty B phải ko ạ
Mong được anh chị giải đáp, em cảm ơn ạ",https://www.facebook.com/groups/thanhlapcongtygiare/posts/2193659584450815/?__cft__[0]=AZaGYhqaQ6BXxaOulepk5L7Cd1QFt4D2LMZ53bTi3KtZysG9A69NywXnkdovLNisDpCBpzMLC83__2DZ9WVZ5tB65uBqWxowz0pYJgGSrkmTYwvvaJhjNBRGdQUmITkA003YZ7tyoT383wmMMPv14Tgf6YkoWUvXiNHyjTx8vpE7Ay-RSct-cvtLQ5-VjbGt5l6OU2LpAb5MTGje260JszbY&__tn__=%2CP-R,"Theo Điều 68, 79 Luật Doanh nghiệp 2020 về tăng vốn công ty TNHH MTV do tổ chức làm CSH: (1) Bảng kê DS CSH hưởng lợi - phải kê khai đến cá nhân cuối cùng sở hữu trên 10% vốn của công ty B (xuyên suốt chuỗi sở hữu), không chỉ điền CSH trực tiếp của B; (2) Quyết định CSH - do người đại diện theo ủy quyền của công ty B ký và đóng dấu công ty B (đúng). Cần kèm theo giấy ủy quyền từ công ty B.","Điều 68 Luật Doanh nghiệp 2020
Điều 79 Luật Doanh nghiệp 2020",59-2020-QH14:d68;59-2020-QH14:d79
225,"Loại 6: Giải thể & Phá sản - Thủ tục, thanh toán nợ, tạm ngưng",Em chào anh chị anh chị cho em hỏi tạm ngưng chi nhánh có cần quyết định của chủ sở hữu ( công ty TNHH) không ạ em cảm ơn ạ,https://www.facebook.com/groups/thanhlapcongtygiare/posts/2193538791129561/?__cft__[0]=AZYMZ3Vc8LIJO4gVzlfBL3MYOS_Uv5EqzAquGxrJ7ZsWd4CRgOxTFXbK4DqaW_A1hHuOv4RtIKlQXFGDasiu6ysrU2Pzh9-ERyRqzD8N0du2gFV7hjnpoR00RfIrcnwp6OXGCGLWphkFW-Jojp3iha-RqoCHujv-c6jbn1wZOfeUjx0khmQW7CtpUFYYbyrhV7JQ6fyEjPfP-wu2G8u7V_IZ&__tn__=%2CP-R,"Theo Điều 45, 206 Luật Doanh nghiệp 2020, tạm ngừng hoạt động chi nhánh công ty TNHH CẦN có quyết định của chủ sở hữu (với TNHH 1TV) hoặc quyết định của HĐTV (với TNHH 2TV trở lên). Vì chi nhánh không có tư cách pháp nhân độc lập, mọi quyết định về hoạt động/tạm ngừng chi nhánh đều thuộc thẩm quyền của công ty mẹ. Hồ sơ gồm: Thông báo tạm ngừng + Quyết định của CSH/HĐTV + Giấy ủy quyền (nếu có).","Điều 45 Luật Doanh nghiệp 2020
Điều 206 Luật Doanh nghiệp 2020",59-2020-QH14:d45;59-2020-QH14:d206
226,"Loại 7: Thay đổi ĐKKD - Địa chỉ, tên, ngành nghề","Dạ anh chị cho e hỏi, e đang làm thủ tục cấp lại GPKD do có thay đổi địa chỉ.
Vậy sau khi cấp thành công, thì em cần làm gì tiếp theo ạ. ( Ví dụ như có làm Thông báo để ban hành nội bộ và Khách hàng không, nếu có thì theo mẫu nào, có cần đổi con dấu công ty liền luôn không...)
Nhờ anh chị hỗ trợ giải đáp giúp em với nhé
Em cảm ơn cả nhà ạ",https://www.facebook.com/groups/thanhlapcongtygiare/posts/2193656434451130/?__cft__[0]=AZbwQMjsp9TOrwf4yLddMsrztNmNspo267A0lktE6pXtQAYMlVPL_wvB_7VI4-5TYkOy4756Fsxo8zio-mlmiFjTKUSSVviIN3GJdS1wRHkEReHH-D-o9Ryg0pcZFt_vl1UE_L5h3YEU_QkhKFds_v-R2P_j4lZt5VXVYIyG2ksVvjjRM8pMSGM0jhAKpsbC45jjqfuEbbRJnObrw1J4souQ&__tn__=%2CP-R,"Theo Điều 42, 43 Luật Doanh nghiệp 2020 về thay đổi địa chỉ trụ sở, sau khi được cấp ĐKKD mới: (1) Về con dấu: Theo LDN 2020, con dấu không bắt buộc phải có địa chỉ nên không cần đổi con dấu; (2) Cập nhật với cơ quan thuế về địa chỉ mới; (3) Thông báo cho ngân hàng, đối tác, khách hàng - đây là việc nội bộ, không có mẫu bắt buộc, công ty tự soạn văn bản thông báo; (4) Cập nhật hóa đơn nếu đang sử dụng hóa đơn giấy có in địa chỉ.","Điều 42 Luật Doanh nghiệp 2020
Điều 43 Luật Doanh nghiệp 2020",59-2020-QH14:d42;59-2020-QH14:d43
227,"Loại 9: Chuyển nhượng vốn/cổ phần - Mua bán, thừa kế","Chào anh/chị
Mình muốn hỏi nếu như A chuyển nhượng phần vốn góp cho B (để công ty 1tv thành 2tv, giữ nguyên vốn điều lệ) thì B phải chuyển tiền cho A hay phải chuyển vào tài khoản công ty vậy ạ. Nếu như sử dụng tiền mặt thì sẽ thực hiện như thế nào
Mong nhận được sự giải đáp từ các thành viên trong nhóm. Em xin cảm ơn",https://www.facebook.com/groups/thanhlapcongtygiare/posts/2192612334555540/?__cft__[0]=AZZ4DDKP7jn0HJwW_gs5l8m4BN_84bODvcf8Q6dVFPkq6etYA8s3lGq_alzo_HHL75duqtZyU-_InsvhgLXUz4a-BTqfOMaIt-Mdhwf-fSKdMe49wwHIaSDS06-SVRVAIMKyS7pbMXN5mj6BhnMej9p5620hQSIUzrf69UgDhbfTzIj3v3bvV1P_CkY31rIGuK23phoKpZ968e_eGCxS8KH_&__tn__=%2CP-R,"Theo Điều 51, 52 Luật Doanh nghiệp 2020 về chuyển nhượng phần vốn góp, khi A chuyển nhượng cho B: B phải chuyển tiền CHO A (người chuyển nhượng), KHÔNG phải chuyển vào tài khoản công ty. Đây là giao dịch giữa 2 cá nhân, công ty không liên quan đến dòng tiền này. Nếu dùng tiền mặt: lập Hợp đồng chuyển nhượng + Biên bản giao nhận tiền có ký tên cả 2 bên. Tuy nhiên, nên chuyển khoản để có chứng từ rõ ràng cho mục đích thuế TNCN.","Điều 51 Luật Doanh nghiệp 2020
Điều 52 Luật Doanh nghiệp 2020",59-2020-QH14:d51;59-2020-QH14:d52
228,"Loại 7: Thay đổi ĐKKD - Địa chỉ, tên, ngành nghề","Cho e hỏi nếu thay đổi địa điểm đăng ký doanh vs đổi tên doanh nghiệp mã số thuế có đổi k mọi người nhỉ
Cho e hỏi nếu thay đổi địa điểm đăng ký doanh vs đổi tên doanh nghiệp mã số thuế có đổi k mọi người nhỉ",https://www.facebook.com/groups/thanhlapcongtygiare/posts/2192599634556810/?__cft__[0]=AZYEJAH7db0SW0d_YieYwLO31AzppaPqkNJOkNq0vKT6y9-0Xb0wBWpd84pNLI9QfA6jQh5ibKV7bzqEg3lfgR6HtcqL2XDwyskvV6RZsfVGCz3tkIMBmbvDWSvxcKsCHSnYfoDwW73NKvJheVaqhXmAOccER1ZxeD5fcwsCpulLkaKnidl9EqQ0_Dkqx8y59eVoJclSpIrxXFk8wtdEs-ZR&__tn__=%2CP-R,"Theo Điều 37, 42, 29 Luật Doanh nghiệp 2020, mã số thuế (cũng là mã số doanh nghiệp) KHÔNG thay đổi khi thay đổi địa chỉ hoặc đổi tên doanh nghiệp. Mã số doanh nghiệp được cấp 1 lần duy nhất khi thành lập và không thay đổi trong suốt quá trình hoạt động của doanh nghiệp. Chỉ có số Giấy CNĐKDN mới thay đổi (lần đăng ký thứ mấy), còn mã số vẫn giữ nguyên.","Điều 29 Luật Doanh nghiệp 2020
Điều 37 Luật Doanh nghiệp 2020
Điều 42 Luật Doanh nghiệp 2020",59-2020-QH14:d29;59-2020-QH14:d37;59-2020-QH14:d42
229,"Loại 1: Thành lập doanh nghiệp - Thủ tục, điều kiện, hồ sơ thành lập","chào anh/chị ạ
cho e hỏi, e đã nhận được giấy ĐKKD file mềm rồi nhưng vào mục bố cáo tìm không thấy ạ
anh/chị giải đáp giúp e với ạ",https://www.facebook.com/groups/thanhlapcongtygiare/posts/2190970991386341/?__cft__[0]=AZYQpvZMAPVM1rduXREYpkamNbmlzEhKt9OmDw2AUVCgacBlMtN63j_Oq2-6CpIJYiKZskOWXhAEmwOElQ_BoUgBD0db4tSsd8efCrgHhYa5G3VgtSWLY551peRyxE235tuv_KM1tQX3pzcYJU489jQLyJwGBuvI4eHTXYXC8w6HJmbWvNf0TeEv-iN1cDnmz29LbVSxRr6XeqP5YF5lz5TR&__tn__=%2CP-R,"Theo Điều 30, 32 Luật Doanh nghiệp 2020 về công bố thông tin đăng ký doanh nghiệp, thông tin doanh nghiệp mới được cấp ĐKKD sẽ được đăng tải trên Cổng thông tin quốc gia về ĐKDN. Tuy nhiên, việc cập nhật có thể mất 1-3 ngày làm việc sau khi cấp ĐKKD. Bạn nên kiểm tra lại sau vài ngày tại https://dangkykinhdoanh.gov.vn/vn/Pages/Trang-chu.aspx mục ""Tra cứu thông tin DN"". Nếu vẫn không thấy, liên hệ Sở ĐKKD để được hỗ trợ.","Điều 30 Luật Doanh nghiệp 2020
Điều 32 Luật Doanh nghiệp 2020",59-2020-QH14:d30;59-2020-QH14:d32
230,"Loại 2: Loại hình doanh nghiệp - TNHH, Cổ phần, Hợp danh, DNTN","Em chào anh/chị/các bạn, em đang chuẩn bị nộp hồ sơ chuyển đổi Công ty TNHH 2TV sang Công ty Cổ phần B (CTCP B) ở TP.HCM. Công ty sau chuyển đổi sẽ có 8 cổ đông, trong đó có 1 cổ đông là Công ty A sở hữu từ 25% cổ phần và có tăng vốn điều lệ. Thành phần hồ sơ như sau:
Giấy đề nghị đăng ký CTCP
Điều lệ CTCP
Danh sách cổ đông
Danh sách CSH hưởng lợi (mẫu số 7)
Danh sách xác định CSH hưởng lợi (mẫu số 11)
Văn bản ủy quyền cho người đại diện theo ủy quyền
Hợp đồng chuyển nhượng
GPKD Công ty A
Giấy ủy quyền
- Cho em hỏi:
(i) Thành phần hồ sơ như trên là oke chưa ạ?
(ii) Trường hợp các cổ đông còn lại chỉ nhận chuyển nhượng; công ty A vừa nhận chuyển nhượng vừa góp thêm vốn mới thì chỉ cần thêm giấy tờ chứng minh việc góp vốn của Công ty A thôi đúng không ạ?
(iii) Ông X vừa là người đại diện theo pl vừa lại người đại diện phần vốn góp của Công ty A tại CTCP B, vậy ông X có được đồng thời ký vào Bên ủy quyền và Bên nhận ủy quyền trong Văn bản ủy quyền cho người đại diện không ạ?
Rất mong được các anh/chị/bạn giải đáp ạ, em cảm ơn nhiều",https://www.facebook.com/groups/thanhlapcongtygiare/posts/2190849764731797/?__cft__[0]=AZZwdbfiP_uy042C_fqrlGhw7gK36e89Lbb3THTgQDiO9s4bcFflqrPeZuVxynC2xNCmj_9zWUaEK978WgThl4RmHb-6AqyyCY-I5yTuNDkQeyGlgYgDsjU4ewaeXTmg9ZQSomdUibQgEBggohruk8iXyC9s8MxDnzV5xZYLA4_4EJk4MoLyMDTGqvMucUDAlphPBhmRuX7DoOpEI7fi_AcT&__tn__=%2CP-R,"Theo Điều 203 Luật Doanh nghiệp 2020 về chuyển đổi TNHH 2TV sang CTCP: (i) Hồ sơ cơ bản đầy đủ, cần bổ sung: Biên bản họp HĐTV về việc chuyển đổi, Quyết định của HĐTV; (ii) Đúng - với Cty A góp thêm vốn mới, cần thêm giấy tờ chứng minh góp vốn (chuyển khoản/biên bản giao nhận); (iii) Về việc ông X ký 2 bên: theo nguyên tắc, không nên để 1 người ký cả 2 bên ủy quyền. Nên để người khác có thẩm quyền của Cty A ký bên ủy quyền.",Điều 203 Luật Doanh nghiệp 2020,59-2020-QH14:d203
231,"Loại 7: Thay đổi ĐKKD - Địa chỉ, tên, ngành nghề",Dạ cho em hỏi chi nhánh và địa điểm kinh doanh đặt cùng 1 địa chỉ được không ạ.,https://www.facebook.com/groups/thanhlapcongtygiare/posts/2190819304734843/?__cft__[0]=AZYcPJDVSYXXnlS3ZmTH00-4TzvaBOAIeUu5BuTXgkuZb1qM2A0XDgZABLXTX5ESs482Wv37BM59GKPXJq5t6tni636S-smPM8y5u_PlZJv8VFdHYO3dNdDCFfriOe9XaM9y274h2tslLbWMT-eGztKqICEsbQg7OnWZr5kkw9Xy5HTFpYCe1o0t-nwFBemv9i3ez-D38-LWuoIo2qOsq0dJ&__tn__=%2CP-R,"Theo Điều 44, 45 Luật Doanh nghiệp 2020, chi nhánh và địa điểm kinh doanh CÓ THỂ đặt cùng 1 địa chỉ. Luật không cấm việc này. Chi nhánh là đơn vị phụ thuộc của công ty, có thể thực hiện toàn bộ hoặc một phần chức năng của công ty; còn địa điểm kinh doanh là nơi thực hiện hoạt động kinh doanh cụ thể. Tuy nhiên, cần lưu ý mỗi đơn vị phải có mã số riêng và quản lý thuế độc lập.","Điều 44 Luật Doanh nghiệp 2020
Điều 45 Luật Doanh nghiệp 2020",59-2020-QH14:d44;59-2020-QH14:d45
232,"Loại 1: Thành lập doanh nghiệp - Thủ tục, điều kiện, hồ sơ thành lập","E ở HN, nhận được giấy DKKD nhưng chỉ có chữ ký và tên người ký mà ko có dấu ạ. Phải chờ dấu hay là không có dấu vậy anh chị
E ở HN, nhận được giấy DKKD nhưng chỉ có chữ ký và tên người ký mà ko có dấu ạ. Phải chờ dấu hay là không có dấu vậy anh chị",https://www.facebook.com/groups/thanhlapcongtygiare/posts/2190285721454868/?__cft__[0]=AZbgOgUkkramq7xSQRkMb_TxiNTtA-3Wc8htrXhukpCvb2ErYm_NTMSAV0VhgK_6VZREFTj-7-w962IPQT4uvI82WspF88VLC_BqQ6FbZc8XCAwp97BAZsjmtcV-46_VIUGT6L5xDNXXxPzCb40ljTuwLdfhO_y000pqp6b2T_3ZixH2wnVVRWerNBMshZAxjj7dxaY7GSPgxGnYD_4wBZyY&__tn__=%2CP-R,"Theo Điều 30 Luật Doanh nghiệp 2020, Giấy CNĐKDN điện tử được ký bằng chữ ký số của cơ quan ĐKKD nên KHÔNG CÓ DẤU ĐỎ. Đây là bản điện tử có giá trị pháp lý tương đương bản giấy có dấu đỏ. Nếu bạn cần bản giấy có dấu đỏ, cần đăng ký nhận qua bưu điện hoặc đến trực tiếp Sở ĐKKD để nhận. Tuy nhiên, nhiều địa phương (bao gồm Hà Nội) đang ưu tiên cấp bản điện tử.",Điều 30 Luật Doanh nghiệp 2020,59-2020-QH14:d30
233,"Loại 9: Chuyển nhượng vốn/cổ phần - Mua bán, thừa kế","Mọi người cho em hỏi, cổ đông chuyển nhượng cổ phần thì có cần làm thủ tục trên Sở Tài chính không ạ?
Hồ sơ gồm gì ạ",https://www.facebook.com/groups/thanhlapcongtygiare/posts/2189169878233119/?__cft__[0]=AZbG9Q7ggXxNJsapcxBxI256VR0IluspIs22-0D-HBu7--g71sl1zrijXnGXXDfQn96pIAoutvksW5sRHkuNyB80tZmko-q2xoee-XoeNCNBvtf74O3orIJsFeckj3rIse6D9_Xq929rgCCqkgyaD9u-EpvHqicTpQyXpOuBWsnqRy6BaGJ4M_7RA-uU_7hP0xujgzKXMC0MJkQyWTUgFN2u&__tn__=%2CP-R,"Theo Điều 127, 32 Luật Doanh nghiệp 2020, chuyển nhượng cổ phần CTCP thông thường KHÔNG cần làm thủ tục tại Sở ĐKKD (Sở KHĐT, không phải Sở Tài chính). Tuy nhiên, cần thông báo nếu: (1) Cổ đông sáng lập chuyển nhượng trong 3 năm đầu; (2) Cổ đông sau chuyển nhượng sở hữu từ 5% vốn trở lên (Điều 32). Hồ sơ gồm: Thông báo thay đổi cổ đông, Hợp đồng chuyển nhượng, Biên bản họp ĐHĐCĐ (nếu cần). Việc kê khai thuế TNCN từ chuyển nhượng thực hiện tại cơ quan Thuế.","Điều 127 Luật Doanh nghiệp 2020
Điều 32 Luật Doanh nghiệp 2020",59-2020-QH14:d127;59-2020-QH14:d32
234,"Loại 6: Giải thể & Phá sản - Thủ tục, thanh toán nợ, tạm ngưng",Anh chị cho em hỏi em làm tạm ngưng chi nhánh công ty trong HCM thì có cần cập nhật địa chỉ công ty mẹ ở Hà Nội hay cập nhật địa chỉ chi nhánh Hồ Chí Minh trước khi tạm ngưng chi nhánh trong Hồ Chí Minh không ạ. Em cảm ơn ạ,https://www.facebook.com/groups/thanhlapcongtygiare/posts/2189144294902344/?__cft__[0]=AZZ1JIlSJszXci7_RAKVCXCg2c3sd_tWtzjwlrcUB3wQ5m00WzmjrLpEoWxvvEMWy9SVOJxIKOGxzLz9aBryzjLE0OBV-lg6wknHUR7SxnDYwQbJet0ZqO5NXBgLJSswIgAQGQCiMU6H8avIF9qfSXzIWYroElNVVnINHBa4NskfvELG3oRYV69deyLCZIIr_ojIYays6e6IxKOMkN790Plu&__tn__=%2CP-R,"Theo Điều 45, 206 Luật Doanh nghiệp 2020, khi tạm ngưng chi nhánh tại HCM: (1) KHÔNG bắt buộc phải cập nhật địa chỉ công ty mẹ ở HN trước; (2) Nếu địa chỉ chi nhánh HCM có thay đổi do sáp nhập địa giới hành chính, nên cập nhật trước hoặc ghi chú trong hồ sơ. Thủ tục tạm ngưng chi nhánh nộp tại Sở ĐKKD nơi chi nhánh đặt trụ sở (HCM), không phải nơi công ty mẹ (HN). Hồ sơ cần: Thông báo tạm ngưng + Quyết định của CSH/HĐTV.","Điều 45 Luật Doanh nghiệp 2020
Điều 206 Luật Doanh nghiệp 2020",59-2020-QH14:d45;59-2020-QH14:d206
235,"Loại 4: Người đại diện pháp luật - Điều kiện, thay đổi, trách nhiệm","Mọi người cho em hỏi công ty e 1 tv giờ muốn thêm 2 người đại diện pháp luật nữa thì hồ sơ em phải soạn mẫu 13 như thế nào ạ. Là liệt kê 2 người đại diện pháp luật mới trên mẫu 13 hay nêu cả 3 người ạ.
Ai làm về trường hợp này chỉ giúp em với ạ",https://www.facebook.com/groups/thanhlapcongtygiare/posts/2189109204905853/?__cft__[0]=AZYZ1kPb7UQr9YVb0e5zOW9nTlK7M1OY-HTdU8Hv7j-t7_hsmhb1kg78chIQmVxx9lZouA9rJdpnpacbd2xqYJFMK9DWtQOmwvZf24cWtKWXk-d7v8Jt5J5AlErO3Qorn4Q2yEOqiGbuwrzDZcWjhfoFcwevIY8pYdAfnJLViRO_QgYPuqCz2RZHNajBFengUelwjVDWaPDmDq6phKo9YY3P&__tn__=%2CP-R,"Theo Điều 79 Luật Doanh nghiệp 2020, công ty TNHH một thành viên có thể có nhiều người đại diện theo pháp luật và điều lệ công ty quy định số lượng, chức danh quản lý và quyền, nghĩa vụ của người đại diện theo pháp luật. Khi thêm người đại diện theo pháp luật, doanh nghiệp cần nộp hồ sơ thay đổi nội dung đăng ký doanh nghiệp, trong đó Mẫu 13 (Thông báo thay đổi người đại diện theo pháp luật) phải liệt kê đầy đủ tất cả người đại diện theo pháp luật của công ty sau khi thay đổi, bao gồm cả người cũ và người mới thêm.","Điều 79 Luật Doanh nghiệp 2020
Điều 12 Luật Doanh nghiệp 2020",59-2020-QH14:d79;59-2020-QH14:d12
236,"Loại 7: Thay đổi ĐKKD - Địa chỉ, tên, ngành nghề","chào mọi người
mình muốn thay đổi vị trí trụ sở chính công ty thì phải làm như thế nào ạ
mong admin duyệt ạ",https://www.facebook.com/groups/thanhlapcongtygiare/posts/2189995284817245/?__cft__[0]=AZbL2Pnd-0icjTmRjHNUjY17YxQBkJTLWW77V7M2_lKLDhUIZrzIZx3CguYzUeWJ07s5U4Snybo9papBMRAu2WXCSWkQO0TMcTIjlOgDhU2qQm3Nur6eVvBx-zyJ07dHNbWO7Vb7qCzsUks0tMK7F0xygWv9tXO2rIHjunSLX5dUHGuYlJVYSbuZXU-Kj86h6GuHMwLCZd1h1clA01QYF5nw&__tn__=%2CP-R,"Theo Điều 31 Luật Doanh nghiệp 2020, khi thay đổi địa chỉ trụ sở chính, doanh nghiệp phải thực hiện đăng ký thay đổi nội dung đăng ký doanh nghiệp trong thời hạn 10 ngày kể từ ngày có thay đổi. Hồ sơ bao gồm: Thông báo thay đổi nội dung đăng ký doanh nghiệp (Mẫu theo quy định) và Quyết định của chủ sở hữu/Hội đồng thành viên/HĐQT về việc thay đổi trụ sở. Nếu chuyển trụ sở khác quận/huyện hoặc tỉnh/thành phố thì cần thực hiện thủ tục chuyển địa điểm theo quy định.","Điều 31 Luật Doanh nghiệp 2020
Điều 42 Luật Doanh nghiệp 2020",59-2020-QH14:d31;59-2020-QH14:d42
237,"Loại 3: Vốn điều lệ - Góp vốn, tăng/giảm vốn, vốn pháp định","mọi ng cho em hỏi, công ty TNHH 2TV, 100% vốn nước ngoài, thành lập cuối năm 2024, đã góp đủ vốn điều lệ. Bây giờ cty e muốn làm giảm vốn điều lệ có được không ạ",https://www.facebook.com/groups/thanhlapcongtygiare/posts/2188914961591944/?__cft__[0]=AZbY3WgHu_HTFmJ1u_AyiKplDq0IlKMNMMQurld7AT6ZkS8OlDBuRmrWGXd6y25pBUQycp5EaF4SRlR46RPGxrkaDma626p9-Fc_NGIyvXYKG34TYaYIRxPHC8JOC0c4uiual86JpSSLl9jsCP-pPOMJH7PAKrA1M_6JWk_DcKzBjP2g9KSChbFgw8GBiPQjDd0DAlYsLSt-YtgwrnN26eqL&__tn__=%2CP-R,"Theo Điều 68 Luật Doanh nghiệp 2020, công ty TNHH 2 thành viên trở lên có thể giảm vốn điều lệ trong các trường hợp: (1) Hoàn trả một phần vốn góp cho thành viên theo tỷ lệ phần vốn góp sau khi đã hoạt động kinh doanh liên tục từ 02 năm trở lên kể từ ngày đăng ký thành lập và bảo đảm thanh toán đủ các khoản nợ và nghĩa vụ tài sản khác sau khi hoàn trả; (2) Mua lại phần vốn góp của thành viên; (3) Vốn điều lệ không được các thành viên thanh toán đầy đủ và đúng hạn. Với trường hợp đã góp đủ vốn, công ty chỉ được giảm vốn theo trường hợp (1) nếu đã hoạt động đủ 2 năm.",Điều 68 Luật Doanh nghiệp 2020,59-2020-QH14:d68
238,"Loại 1: Thành lập doanh nghiệp - Thủ tục, điều kiện, hồ sơ thành lập","chào mọi người!!!
sau khi đăng ký thành lập công ty thành công, thì mình cần làm gì tiếp theo ạ, mong mọi người chỉ bảo
mong admin duyệt bài ạ.",https://www.facebook.com/groups/thanhlapcongtygiare/posts/2188274468322660/?__cft__[0]=AZbuzQNJl90Xa5FQUDOs0e2MwrBWkJIe2kOKTi7RHhz1pmX1BemXTM16euQCs1FovfxZqNYl8Ucz_nEEHd7G7hWxzMiieGFreVOCpBl-jumIX12V2I-sxwBq4e1Q2FDatbMHQn4YZikhH5Xm252eYH3mva-mPNzBoEye82ovijxrIYW-PSgmo0DAytkHmIofYr4iP74D0dVytn_q-SKwi6Ht&__tn__=%2CP-R,"Theo Điều 26-30 Luật Doanh nghiệp 2020, sau khi được cấp Giấy CNĐKDN, doanh nghiệp cần thực hiện: (1) Góp đủ vốn điều lệ trong 90 ngày; (2) Khắc con dấu (nếu cần) và thông báo mẫu dấu; (3) Đăng ký kê khai thuế ban đầu tại cơ quan thuế; (4) Mở tài khoản ngân hàng; (5) Đăng ký sử dụng hóa đơn điện tử; (6) Mua chữ ký số; (7) Đăng ký tham gia BHXH cho người lao động (nếu có); (8) Treo biển hiệu tại trụ sở theo quy định.","Điều 26 Luật Doanh nghiệp 2020
Điều 30 Luật Doanh nghiệp 2020
Điều 47 Luật Doanh nghiệp 2020",59-2020-QH14:d26;59-2020-QH14:d30;59-2020-QH14:d47
239,"Loại 7: Thay đổi ĐKKD - Địa chỉ, tên, ngành nghề","Mọi người cho em hỏi về việc Đăng ký mới địa điểm kinh doanh với ạ. Bên em nộp hồ sơ và có mail phản hồi chấp thuận vào ngày 24/9, nhưng đến nay e vẫn chưa nhận được Chứng nhận ĐKKD bản giấy qua đường bưu điện. Hay là bây giờ họ bỏ bản giấy ĐKKD địa điểm kinh doanh rồi ạ?",https://www.facebook.com/groups/thanhlapcongtygiare/posts/2188260991657341/?__cft__[0]=AZZME7msOZHNLJOoAdyvMEw07z9URSMsvB62Hu7fg-k7CkTkhhbYCknXYJ5RvL8ZbVZeA23iDocyO0I6_vn7NJlxmrWZh1GOGeFjssJ-K1KYEC8QQWKqmpSj5r083RdZrBUXFTDGiiySh-RWWSHpv1C56f6HuHZJZdTQj62AZ3LcOO3VoLvvksGx2hcJSQbvH5k&__tn__=%2CP-R,"Theo Điều 31 và Điều 45 Luật Doanh nghiệp 2020, địa điểm kinh doanh là nơi doanh nghiệp tiến hành hoạt động kinh doanh cụ thể. Khi đăng ký địa điểm kinh doanh, doanh nghiệp sẽ được cấp Giấy chứng nhận đăng ký địa điểm kinh doanh. Việc cấp bản giấy hay bản điện tử phụ thuộc vào quy định của từng Phòng Đăng ký kinh doanh. Doanh nghiệp có thể liên hệ trực tiếp với Phòng ĐKKD hoặc đăng ký nhận kết quả qua bưu điện theo quy định của từng địa phương.","Điều 31 Luật Doanh nghiệp 2020
Điều 45 Luật Doanh nghiệp 2020",59-2020-QH14:d31;59-2020-QH14:d45
240,"Loại 3: Vốn điều lệ - Góp vốn, tăng/giảm vốn, vốn pháp định",Em đang làm hồ sơ giảm vốn cho cty TNHH 2 thành viên nhưng bị chuyên viên bắt về báo cáo tài chính. Anh/ chị cho em xin kinh nghiệm giảm vốn cty 2 thành viên với ạ. Em cảm ơn.,https://www.facebook.com/groups/thanhlapcongtygiare/posts/2190244054792368/?__cft__[0]=AZZSFwJX0dcszcNJgYpCHA7jNlD7KhlNn8gGd3fR8klaBC0JZgDUfuPrkxU58GQwcGmQF8ycBGgTY65-mfKECMe35ugcyVWrbyGj-ytiRJ2CbwOXjramncukaMXycYUK5N1r6dNpO79E3HODLBnhdECan-ts6FwJCmUGDSxsa0CzJOmHC8i0Wbtfnk3fVqqMoBlR6HI0Soe0Rp0uC47Kk-97&__tn__=%2CP-R,"Theo Điều 68 Luật Doanh nghiệp 2020, công ty TNHH 2 thành viên trở lên được giảm vốn điều lệ trong các trường hợp: (1) Hoàn trả vốn góp sau khi hoạt động liên tục từ 02 năm trở lên và đảm bảo thanh toán đủ các khoản nợ; (2) Mua lại phần vốn góp của thành viên theo Điều 51; (3) Vốn điều lệ không được thanh toán đầy đủ và đúng hạn theo Điều 47. Việc yêu cầu báo cáo tài chính là để chứng minh công ty đảm bảo khả năng thanh toán nợ sau khi giảm vốn. Hồ sơ cần bao gồm: Thông báo giảm vốn, Biên bản họp HĐTV, Quyết định giảm vốn, Danh sách thành viên sau giảm vốn, và chứng từ chứng minh.","Điều 68 Luật Doanh nghiệp 2020
Điều 47 Luật Doanh nghiệp 2020
Điều 51 Luật Doanh nghiệp 2020",59-2020-QH14:d68;59-2020-QH14:d47;59-2020-QH14:d51
241,"Loại 7: Thay đổi ĐKKD - Địa chỉ, tên, ngành nghề","Mọi người cho em hỏi: cty tnhh 2 tv có thể thay đổi địa chỉ, đại diện PL, thành viên góp vốn 1 lần được không ạ. Với hồ sơ là đại diện PL cũ ký hay Đại diện PL mới ký nhỉ. E chưa biết. Mong cả nhà giúp đỡ ạ.",https://www.facebook.com/groups/thanhlapcongtygiare/posts/2189438711539569/?__cft__[0]=AZakM69z1UV2qCMfpz_EkhjnU0BhC4CJs-EOYyPi3Y6C9C9s3Wp8ck0c66QDtEBS8Dhc-0NIUX4FORJFKSBYMQdHYH4tJ9cEbwSMJfFIzMTF9RnXmGKmmY_LfcIdlhyb_-aL42fiCugrReCN27G4q05XHljN5ctDongXDqLt0LkaJ9JzsKoeOMbHUfenbxSJ04Jzg9pLek-wCQobS3aB9J4m&__tn__=%2CP-R,"Theo Điều 31 Luật Doanh nghiệp 2020, doanh nghiệp có thể thay đổi nhiều nội dung đăng ký doanh nghiệp trong cùng một hồ sơ. Với công ty TNHH 2TV, khi thay đổi địa chỉ, người ĐDPL và thành viên góp vốn cùng lúc, hồ sơ cần có: Thông báo thay đổi (Mẫu), Biên bản họp HĐTV, Quyết định của HĐTV, Danh sách thành viên mới. Về thẩm quyền ký: Người ĐDPL cũ ký các văn bản liên quan đến việc thay đổi người ĐDPL, còn các nội dung khác do người có thẩm quyền theo điều lệ ký (thường là Chủ tịch HĐTV).","Điều 31 Luật Doanh nghiệp 2020
Điều 55 Luật Doanh nghiệp 2020
Điều 12 Luật Doanh nghiệp 2020",59-2020-QH14:d31;59-2020-QH14:d55;59-2020-QH14:d12
242,"Loại 9: Chuyển nhượng vốn/cổ phần - Mua bán, thừa kế","Mọi người cho e hỏi là có thể thay đổi chủ sở hữu và người đại diện pháp luật công ty tnhh 1 thành viên vào chung 1 lần được không ạ
Mọi người cho e hỏi là có thể thay đổi chủ sở hữu và người đại diện pháp luật công ty tnhh 1 thành viên vào chung 1 lần được không ạ",https://www.facebook.com/groups/thanhlapcongtygiare/posts/2188338304982943/?__cft__[0]=AZacrhs8adW3qxzp6JzOlkLEk_kpHfnVQjoNkuL4KllH47TuMRjK_H-50w54mVLq_e4_sPE9Cyg13yrzJoDfPrYzl6cSkNHdXdfV4QStSvN0FCu-VLGbSYT1y-erYK7JeDHrxT_OUudRdFqn9VQGyAiKDVzIW2Rs9qleXw7q_3ItzCQ4W6-xYchhPqaiT6wp6dLsmx5UNklUNQF3Y4CeSXGF&__tn__=%2CP-R,"Theo Điều 31 Luật Doanh nghiệp 2020, doanh nghiệp có thể thay đổi nhiều nội dung đăng ký doanh nghiệp trong cùng một hồ sơ. Với công ty TNHH 1TV, việc thay đổi chủ sở hữu và người ĐDPL có thể thực hiện cùng lúc. Khi thay đổi chủ sở hữu, cần có Hợp đồng chuyển nhượng vốn góp hoặc văn bản xác nhận việc chuyển nhượng theo Điều 76 LDN 2020. Hồ sơ bao gồm: Thông báo thay đổi, Quyết định của chủ sở hữu cũ về việc chuyển nhượng, Hợp đồng chuyển nhượng, Điều lệ công ty sửa đổi.","Điều 31 Luật Doanh nghiệp 2020
Điều 76 Luật Doanh nghiệp 2020
Điều 79 Luật Doanh nghiệp 2020",59-2020-QH14:d31;59-2020-QH14:d76;59-2020-QH14:d79
243,"Loại 9: Chuyển nhượng vốn/cổ phần - Mua bán, thừa kế","Các bác cho em hỏi, Cty tnhh 2 tv, ông A chuyển nhượng vốn cho ông B (không làm tăng vốn điều lệ - chuyển nhượng ngang giá); thì giữa ông A và B cần làm thủ tục gì để chứng minh đã thanh toán đầy đủ; ông A và B giao dịch tiền mặt có được không ạ
Ông A có phải đi kê khai thuế TNCN không các Bác",https://www.facebook.com/groups/thanhlapcongtygiare/posts/2187725558377551/?__cft__[0]=AZaKKm2sOvgKqdJBCwviE6Hx8HC-qUt6tyFxHMT2d-iiUWNjYCasZXkG1AnR1bg5ucwJv4iGZPJ39tvcxuulof6z9zpNLdUApu19stivldcCSWW5MYp0Zw4mTInnnqAmbVj-5Tbg5FH-yLyWqOmiZ-xe9lW1i7Ru7oFGed6XQByYgcpojwqzwgliBsIZ8tixK0749sJQ-rZDTN0MHYioH7vQ&__tn__=%2CP-R,"Theo Điều 52 Luật Doanh nghiệp 2020, thành viên công ty TNHH 2TV trở lên có quyền chuyển nhượng một phần hoặc toàn bộ phần vốn góp của mình cho người khác. Việc chuyển nhượng cần lập Hợp đồng chuyển nhượng vốn góp, trong đó ghi rõ giá chuyển nhượng và phương thức thanh toán. Để chứng minh đã thanh toán, các bên cần có: Biên bản giao nhận tiền (nếu tiền mặt) hoặc chứng từ chuyển khoản (nếu qua ngân hàng). Giao dịch tiền mặt được phép nhưng cần có biên bản xác nhận. Về thuế TNCN, người chuyển nhượng phải kê khai và nộp thuế TNCN từ chuyển nhượng vốn (thuộc quy định thuế, không phải LDN).","Điều 52 Luật Doanh nghiệp 2020
Điều 53 Luật Doanh nghiệp 2020",59-2020-QH14:d52;59-2020-QH14:d53
244,"Loại 10: Doanh nghiệp FDI - Vốn nước ngoài, tỷ lệ sở hữu","Tìm người làm hồ sơ chuyển chủ sở hữu từ người việt nam sang 2 người nước ngoài , từ Cty 1 thành viên sang 2 thành viên , Ib giá luôn ạ",https://www.facebook.com/groups/thanhlapcongtygiare/posts/2187394461743994/?__cft__[0]=AZZ1YQVDDdzZUzgsNJJr0XOCP3UqTG88RZbswWH2WGTY4Cnru3mu7LShBb99RbC1NqZUe45GybDldpJ7T-lyrmbpjaEGMQzgaMfwUzBQ0ngI1amuoJ1rtdA8DuclCL1Ka4oM0DXaglA8upaIFs_n8fLQhL54Vqu2o5yhyXqkOtvHhhmd3w8kSge9lTGF6oqclQiXjISQmMAq1SVIrrC3l2Wo&__tn__=%2CP-R,"Theo Điều 76 và Điều 77 Luật Doanh nghiệp 2020, công ty TNHH 1TV có thể chuyển đổi thành công ty TNHH 2TV trở lên khi chủ sở hữu chuyển nhượng hoặc tặng cho một phần vốn góp cho người khác, hoặc huy động thêm vốn góp của người khác. Khi chuyển cho người nước ngoài, cần lưu ý các điều kiện về ngành nghề kinh doanh có điều kiện với nhà đầu tư nước ngoài theo Luật Đầu tư. Hồ sơ gồm: Thông báo thay đổi, Hợp đồng chuyển nhượng, Danh sách thành viên mới, Điều lệ công ty sửa đổi, và có thể cần xin Giấy chứng nhận đăng ký đầu tư nếu thuộc trường hợp phải đăng ký.","Điều 76 Luật Doanh nghiệp 2020
Điều 77 Luật Doanh nghiệp 2020",59-2020-QH14:d76;59-2020-QH14:d77
245,"Loại 2: Loại hình doanh nghiệp - TNHH, Cổ phần, Hợp danh, DNTN","Mọi người cho e hỏi chút thành lập công ty cổ phần mà có 2 công ty TNHH góp vốn vào và 2 cá nhân góp vốn vào thì có được không ạ.
- Và phải làm 2 làm văn bản uỷ quyền thông tin về đại diện tổ chức là 2 công ty góp vốn vào cho 1 cá nhân làm người đại diện pháp luật phải không ạ???",https://www.facebook.com/groups/thanhlapcongtygiare/posts/2188098928340214/?__cft__[0]=AZZSJraXKuc6lVsoBD8a_mVe2GNHDqhB8J--XUutFImybRbxaF1OssLrXY9d6Q6wxruOfzRTaXSeDrqmEU-cVPN7-yLK4REez136G6kREDMEzwzTlLIwp7bdKRgo-WHinymEVjqxPtOdOhYOrsGl1Mn2JwkcwXb7E0fVVn5jvY-95i7LVp24QG4JaPYEBrh4bIRsQymHlFCRmGkcEAbtJqaD&__tn__=%2CP-R,"Theo Điều 111 Luật Doanh nghiệp 2020, công ty cổ phần có cổ đông có thể là tổ chức hoặc cá nhân, số lượng cổ đông tối thiểu là 03 và không hạn chế số lượng tối đa. Do đó, việc thành lập công ty cổ phần với 2 công ty TNHH và 2 cá nhân làm cổ đông sáng lập là hoàn toàn hợp pháp (đủ 4 cổ đông). Với cổ đông là tổ chức, theo Điều 137 LDN 2020, tổ chức phải cử người đại diện theo ủy quyền để thực hiện quyền và nghĩa vụ của cổ đông. Cần làm văn bản ủy quyền cho mỗi công ty TNHH, cử người đại diện của tổ chức đó.","Điều 111 Luật Doanh nghiệp 2020
Điều 137 Luật Doanh nghiệp 2020",59-2020-QH14:d111;59-2020-QH14:d137
246,"Loại 3: Vốn điều lệ - Góp vốn, tăng/giảm vốn, vốn pháp định","Các ac trong nhóm cho em hỏi: em mới thành lập công ty tnhh 2 thành viên ngày 1/8, lúc đăng ký vốn điều lệ là 10 tỷ, nhưng đến nay mới nộp vào tài khoản được 1 tỷ. Vậy số vốn còn lại thì sẽ xử lý ntn ạ, có bắt buộc phải góp đủ luôn k ạ hay phải làm thủ tục giảm vốn điều lệ ạ. Em cảm ơn mọi người",https://www.facebook.com/groups/thanhlapcongtygiare/posts/2186552065161567/?__cft__[0]=AZYv4QX2W7PLY5H6i2CO6qUhAfR7w_QKt8b23Y9GCslAT5FsS4rrs0kV0P0dmM1Us0VKEve079bda_RkzNnHQdjKlD23qAAiMc10fcKxs2Ez_cc6MNnF7A_ipG_hx9qylfkaw5OcwNkjV-yiHVwU-CFlxjuCOSLeRBEjS35hENONtzAy3Zqj4NEqSO4iP9BeONMdA4Lhmb9wNxXF9FVqMaw6&__tn__=%2CP-R,"Theo Điều 47, 68 Luật Doanh nghiệp 2020, thành viên công ty TNHH 2TV phải góp vốn đầy đủ trong 90 ngày kể từ ngày được cấp ĐKKD. Nếu không góp đủ trong thời hạn: (1) Thành viên chưa góp đủ phải chịu trách nhiệm tương ứng với phần vốn đã cam kết; (2) Công ty PHẢI đăng ký thay đổi (giảm) vốn điều lệ bằng với số vốn thực góp trong 30 ngày kể từ ngày hết thời hạn 90 ngày. Nếu đã quá hạn 90 ngày và chưa góp đủ, bạn cần làm thủ tục giảm vốn điều lệ về 1 tỷ (số vốn thực góp).","Điều 47 Luật Doanh nghiệp 2020
Điều 68 Luật Doanh nghiệp 2020",59-2020-QH14:d47;59-2020-QH14:d68
247,"Loại 7: Thay đổi ĐKKD - Địa chỉ, tên, ngành nghề",Em muốn cập nhật địa chỉ hành chính mới cho ĐỊA ĐIỂM KINH DOANH. Nhưng lại ko biết Mst của địa điểm kinh doanh hoặc mã số nội bộ. Để nhập lên trang đăng ký dn. Em phải tìm mã này ở đâu ạ? Nhờ mng chỉ giúp,https://www.facebook.com/groups/thanhlapcongtygiare/posts/2183510722132368/?__cft__[0]=AZbzM6PwHe_9-Vb7PtK9gC7HmqjQ06GK7sLj3NL3I4cp3bYr8zcqyJBbsRBm4NPpfVImWGs6HE_45iEV9rfNAy2Lw4B2gzKKh249AfMcKzASd3ao19OtC0NB7Bx5_O-HC1F1fj2aVGb9_zt0FBFYM3EadPxXqJMQqzVEQsdhWnu6Xb6DzeAKFQ1kTCaTX2Z0x9Do7LFBNGxtfap_zSs44dw_&__tn__=%2CP-R,"Theo Điều 44, 45 Luật Doanh nghiệp 2020, địa điểm kinh doanh được cấp mã số riêng. Để tìm mã số địa điểm kinh doanh, bạn có thể: (1) Tra cứu trên Cổng thông tin quốc gia về đăng ký doanh nghiệp (dangkykinhdoanh.gov.vn) theo MST công ty mẹ; (2) Xem Giấy chứng nhận đăng ký hoạt động địa điểm kinh doanh đã được cấp; (3) Liên hệ Phòng ĐKKD nơi công ty đặt trụ sở. Mã số địa điểm kinh doanh thường là MST công ty + số thứ tự (ví dụ: 0123456789-001).","Điều 44 Luật Doanh nghiệp 2020
Điều 45 Luật Doanh nghiệp 2020",59-2020-QH14:d44;59-2020-QH14:d45
248,"Loại 7: Thay đổi ĐKKD - Địa chỉ, tên, ngành nghề","Chào các ace nhóm mình cho em hỏi? em đang nộp thông báo thay đổi địa chỉ theo địa giới hành chính xong Lần 1 được cấp lại ĐKKD rồi nhưng trong đkkd chỉ thay đổi địa chỉ nhận TB thuế, địa chỉ trụ sở chính, địa chỉ của Giám đốc, nhưng địa chỉ của chủ sở hữu hưởng lợi có 2 ng thì lại ko đổi, em làm tiếp hồ sơ thay đổi địa chỉ của csh hưởng lợi thì lần 3 rồi vẫn bị sai và nhận đc thông báo điều chỉnh như sau ""Phòng Đăng ký kinh doanh đề nghị Quý Doanh nghiệp những nội dung cần sửa đổi, bổ sung trong hồ sơ và lý do sửa đổi, bổ sung như sau: Hồ sơ doanh nghiệp nộp lại chưa hợp lệ, đề nghị doanh nghiệp chỉ nộp trong hồ sơ 01 Giấy đề nghị hợp lệ và kê khai chính xác thẩm quyền ký là người đại diện theo pháp luật. Doanh nghiệp lưu ý: Khi thực hiện sửa đổi, bổ sung hồ sơ đăng ký qua Cổng thông tin quốc gia về đăng ký doanh nghiệp, đề nghị doanh nghiệp thực hiện các bước sau: - Bước 1: Sửa đổi hồ sơ bản giấy theo hướng dẫn; - Bước 2: Nhập lại thống nhất các thông tin trên Cổng thông tin đăng ký doanh nghiệp Quốc gia theo nội dung doanh nghiệp đã sửa đổi, bổ sung; - Bước 3: Đính kèm lại toàn bộ hồ sơ đã được sửa đổi (định dạng PDF) và gỡ bỏ tài liệu chưa hợp lệ đã nộp trước đó"" em gọi điện lên sở TC nhờ hướng dẫn không đc, mà e không biết sửa như nào, có ace nào vào hỗ trợ em với. em cảm ơn mn ạ.",https://www.facebook.com/groups/thanhlapcongtygiare/posts/2184289515387822/?__cft__[0]=AZaxEShw-7nz9TVMm9nD9Chpq31dLx_ibquvD6qg2Nz23-G84wcpB1nbBHVVUBzJiQRuZOBpJiwhVq1UNLylCQ4RsiZl_-yJ4HnHHodMJJxeEyvcq9nCnKmG8BIO1R_1Aa41PwtUWvTOnRTggQexCMSt6GM95jp1PKXS_fnmYFKmFUQoadDdI_y2l15Lv7RFpFg&__tn__=%2CP-R,"Theo Điều 31, 42, 43 Luật Doanh nghiệp 2020, khi thay đổi địa chỉ theo địa giới hành chính, cần thực hiện: (1) Sử dụng đúng mẫu Giấy đề nghị đăng ký thay đổi (không dùng mẫu thông báo); (2) Người ký phải là người đại diện theo pháp luật; (3) Nếu cần thay đổi thông tin chủ sở hữu hưởng lợi, phải kê khai đầy đủ trong phần thay đổi thông tin người quản lý. Đối với trường hợp bị trả hồ sơ nhiều lần, nên: liên hệ trực tiếp Phòng ĐKKD để được hướng dẫn cụ thể, hoặc nhờ đơn vị dịch vụ hỗ trợ.","Điều 31 Luật Doanh nghiệp 2020
Điều 42 Luật Doanh nghiệp 2020
Điều 43 Luật Doanh nghiệp 2020",59-2020-QH14:d31;59-2020-QH14:d42;59-2020-QH14:d43
249,"Loại 3: Vốn điều lệ - Góp vốn, tăng/giảm vốn, vốn pháp định","Anh/chị cho em hỏi là nếu tăng vốn điều lệ mà chủ muốn tăng từ ""lợi nhuận sau thuế chưa phân phối"" thì khi nộp hồ sơ ngoài trừ mẫu 12, QĐ thì có cần thêm văn bản gì nữa không ạ",https://www.facebook.com/groups/thanhlapcongtygiare/posts/2184392672044173/?__cft__[0]=AZZwYA0UXTs-PQCDRFZ49lnizBxQ1grcvt6QS_ZXi7KPQtvzWU1nSQntytrFdQdJgRZD_l9vkxgn9iiKadTIN81yNiGXI9UxW1YRToDOD7-J-BY3ELy6b_cquusv2Q9RSi21LZCobhNWjkwAX8j8Pv47wttKg4UVZo4pD4OhbWN5Y8kQig8YgN0KamIuB_MHCI-4qIN99JLb1YkODOLh2S1i&__tn__=%2CP-R,"Theo Điều 68 Luật Doanh nghiệp 2020, công ty TNHH có thể tăng vốn điều lệ bằng cách chuyển lợi nhuận sau thuế chưa phân phối thành vốn góp. Hồ sơ tăng vốn từ nguồn này cần: (1) Thông báo thay đổi nội dung ĐKDN (Mẫu); (2) Quyết định của chủ sở hữu/Hội đồng thành viên về tăng vốn; (3) Báo cáo tài chính kỳ gần nhất (thể hiện khoản lợi nhuận chưa phân phối); (4) Biên bản họp HĐTV (nếu là TNHH 2TV trở lên). Không cần chứng từ góp vốn bằng tiền mặt/chuyển khoản vì đây là chuyển từ nguồn nội bộ.",Điều 68 Luật Doanh nghiệp 2020,59-2020-QH14:d68
250,"Loại 3: Vốn điều lệ - Góp vốn, tăng/giảm vốn, vốn pháp định","Công ty em (công ty cổ phần) làm hồ sơ tăng vốn điều lệ.
Tuy nhiên có 1 cổ đông không trực tiếp nộp vốn mà kế toán là người nộp vốn thay (nội dung chuyển khoản có ghi nộp thay cho ...).
Em có làm uỷ quyền cổ đông cho kế toán nộp tiền hộ, tuy nhiên hồ sơ trả về yêu cầu bỏ tờ uỷ quyền đi vì bị thừa hồ sơ.
Sau khi bỏ tờ uỷ quyền đi, hồ sơ tiếp tục bị trả về vì thông tin không khớp giữa các chứng từ: Chứng từ góp vốn không khớp với bảng kê chứng từ và hồ sơ.
Trường hợp như thế này, em nên giải quyết hồ sơ như thế nào ạ.
Em cảm ơn anh chị.",https://www.facebook.com/groups/thanhlapcongtygiare/posts/2184244615392312/?__cft__[0]=AZa6mXleHmMA5AJf96fteGmRPIFL40DejeZhTZtFzdvLjXaw9atIM-GgKS4IE5tzGtPd6irHgCuUyobXRBi-1sEGAYvSrZ2FpFR4Y0wr0xGD4Fs1QCGH7G26W_eNhcO7-DyUvrYerHW-LxupXmIiQyuy3w1cUK2jOFWlHNbGw8YqXrDD6nAEG3JwwZ63MSzodnVV_lCzCV7f8OUhLvOJC6mT&__tn__=%2CP-R,"Theo Điều 113 Luật Doanh nghiệp 2020, cổ đông phải góp vốn đúng theo cam kết. Khi người khác nộp tiền thay, cần đảm bảo: (1) Nội dung chuyển khoản phải ghi rõ 'Nộp thay cổ đông [Tên cổ đông] góp vốn vào CTCP [Tên công ty]'; (2) Bảng kê chứng từ góp vốn phải ghi đúng: Người nộp tiền là kế toán, nộp thay cho cổ đông A; (3) Danh sách cổ đông vẫn ghi tên cổ đông là người góp vốn. Cách xử lý: yêu cầu cổ đông tự chuyển tiền vào tài khoản công ty hoặc sửa lại bảng kê chứng từ cho khớp với nội dung chuyển khoản.",Điều 113 Luật Doanh nghiệp 2020,59-2020-QH14:d113
251,"Loại 3: Vốn điều lệ - Góp vốn, tăng/giảm vốn, vốn pháp định","Mọi người cho em hỏi trường hợp công ty 1 thành viên 100% vốn đầu tư nước ngoài, chưa hết 90 ngày kể từ ngày cấp giấy chứng nhận đầu tư thì có làm giảm vốn điều lệ dk ko ạ? Do e muốn giảm vốn trên IRC mà nghe bảo phải giảm trên ERC trước",https://www.facebook.com/groups/thanhlapcongtygiare/posts/2184506978699409/?__cft__[0]=AZaAPj_BwrpfTx2bqiW_N-tMhbbmmb7adbBjuh43eJfT0olkwwsou7WZ0jfxzgcVEm-5SZoaNbl-gSVJFCNqo8-py-g5K6ZrHm8jH7Z9lMy_zIaRUCGHoCZBoP9HmI_ClDEPocR0P_7HAIO7INK3Q1VdWgBAtyLQYOAjfvSlY9LVRHmGqz7eENAkh-1hlMDDeDavDs35EbE2cngltn7LEIED&__tn__=%2CP-R,"Theo Điều 47, 68 Luật Doanh nghiệp 2020, thành viên phải góp vốn đầy đủ trong 90 ngày kể từ ngày được cấp ĐKKD (ERC). Trong thời hạn 90 ngày này, nếu không góp đủ thì công ty PHẢI điều chỉnh giảm vốn điều lệ bằng giá trị thực góp trong 30 ngày tiếp theo. Đối với công ty có vốn FDI: (1) Phải giảm vốn trên ERC trước; (2) Sau đó mới điều chỉnh IRC. Quy trình: Nộp hồ sơ giảm vốn tại Phòng ĐKKD → Nhận ERC mới → Nộp hồ sơ điều chỉnh IRC tại Sở KH&ĐT.","Điều 47 Luật Doanh nghiệp 2020
Điều 68 Luật Doanh nghiệp 2020",59-2020-QH14:d47;59-2020-QH14:d68
252,"Loại 7: Thay đổi ĐKKD - Địa chỉ, tên, ngành nghề","Cho mình hỏi, mình nhập sai địa điểm kinh doanh 297 thành 217 thì giờ làm sao ạ",https://www.facebook.com/groups/thanhlapcongtygiare/posts/2183198028830304/?__cft__[0]=AZYoyEaFlH-4qhfTuo5pzq88IHbPc_0lda6kRn9-m7RJERFHgS3msVCzXqCH6hDkllS60sq4FH87lKTU8bYNYeCy8jWHR1yPjZBaFBzeuZC_yXy82vZ-s18vFO-iuOpfHvesI1wROySTAcpshoOzEGp6GEmmsRclRwoAIe8w-5iSI7DCYGbanEDRwMQ6iRyv7kMFrR8pT0lq4wsyI2BKQ2tp&__tn__=%2CP-R,"Theo Điều 44, 45 Luật Doanh nghiệp 2020, khi nhập sai địa chỉ địa điểm kinh doanh, bạn cần làm thủ tục thay đổi thông tin địa điểm kinh doanh. Hồ sơ gồm: (1) Thông báo thay đổi nội dung đăng ký hoạt động địa điểm kinh doanh; (2) Các giấy tờ chứng minh địa chỉ đúng (nếu cần). Nộp hồ sơ qua Cổng thông tin quốc gia về ĐKKD hoặc trực tiếp tại Phòng ĐKKD. Thời gian xử lý: 3 ngày làm việc.","Điều 44 Luật Doanh nghiệp 2020
Điều 45 Luật Doanh nghiệp 2020",59-2020-QH14:d44;59-2020-QH14:d45
253,"Loại 4: Người đại diện pháp luật - Điều kiện, thay đổi, trách nhiệm",Mọi người cho e hỏi công ty e là công ty TNHH 1TV giờ sếp em muốn thêm 1 người đại diện pháp luật chức danh phó chủ tịch công ty có được không? Hồ sơ em làm Mẫu 13 luôn đúng k ạ,https://www.facebook.com/groups/thanhlapcongtygiare/posts/2183150082168432/?__cft__[0]=AZZEbLyFgE00SanBITmpkoseZ1-xYFqfJi9M0MaJXdGiJdrgdu41KvJx6w7CGVHdv3_E47sBXlFr1YMb7qC-ds7zvMCv8z5gq7m5oA9NShMhGERCfeBQDdjkqseGeejYKlon_9O9RYOoSD1Q__T4QVxM17cUeFwOR87oT1wpYrJrwt3WlVVfqNOBLid7ki8EnJKnP8usDDHLzRRdNSkZUO86&__tn__=%2CP-R,"Theo Điều 79, 12 Luật Doanh nghiệp 2020, công ty TNHH 1TV CÓ THỂ có nhiều người đại diện theo pháp luật và Điều lệ công ty quy định cụ thể số lượng, chức danh, quyền và nghĩa vụ của từng NĐDPL. Tuy nhiên, chức danh 'Phó Chủ tịch công ty' không phải là chức danh thông thường của TNHH 1TV (thường là Giám đốc/Tổng Giám đốc, Chủ tịch công ty). Bạn cần: (1) Sửa đổi Điều lệ để bổ sung chức danh và thêm NĐDPL; (2) Nộp hồ sơ đăng ký thay đổi NĐDPL. Hồ sơ gồm Mẫu thông báo + QĐ của CSH + Điều lệ sửa đổi.","Điều 79 Luật Doanh nghiệp 2020
Điều 12 Luật Doanh nghiệp 2020",59-2020-QH14:d79;59-2020-QH14:d12
254,"Loại 10: Doanh nghiệp FDI - Vốn nước ngoài, tỷ lệ sở hữu","Cho em hỏi với ạ. Người nước ngoài có đkkd được ở VN k ạ? Cảm ơn add đã duyệt bài ạ
Cho em hỏi với ạ. Người nước ngoài có đkkd được ở VN k ạ? Cảm ơn add đã duyệt bài ạ",https://www.facebook.com/groups/thanhlapcongtygiare/posts/2183046312178809/?__cft__[0]=AZaOw0PFi6g-5eW72NQiDti2yNif1rFEzxZXMqJSVQqY87D39gnG-vl7Orx8YraMWblY0gomO5dBUg2vKJMJxFlEA143WpJaQYaFk5WXFRoQ-N7tiuWkzQUEz7P-kag-Us4sYo36q0_sBoDWzr_j7KIw_Vjqw-JH2ZJ5hK5YVwJzIMRRQfyzua5wdHnf6QazbILc5mSpOZPHPWaNV1_AHtKG&__tn__=%2CP-R,"Theo Điều 17 Luật Doanh nghiệp 2020 và Luật Đầu tư 2020, người nước ngoài CÓ THỂ đăng ký kinh doanh tại Việt Nam nhưng phải thực hiện thủ tục đầu tư trước. Quy trình: (1) Xin Giấy chứng nhận đăng ký đầu tư (IRC) tại Sở KH&ĐT; (2) Sau khi có IRC, làm thủ tục đăng ký thành lập doanh nghiệp (ERC) tại Phòng ĐKKD. Người nước ngoài có thể góp vốn vào công ty Việt Nam với tỷ lệ theo cam kết WTO hoặc các FTA. Một số ngành nghề bị hạn chế hoặc cấm nhà đầu tư nước ngoài.",Điều 17 Luật Doanh nghiệp 2020,59-2020-QH14:d17
255,,Hi ac cho em hỏi là em có nộp hồ sơ đăng kí địa điểm kinh doanh nhưng đến ngày trả kết quả thì bị báo từ chối không phải sửa đổi như mọi lần là bị sao vậy ạ,https://www.facebook.com/groups/thanhlapcongtygiare/posts/2183015535515220/?__cft__[0]=AZafhCYG_0xvPHQvqRm1NeFO-oIxdLlf74YoZ-HWaCo5g8E-WRViHfIDtg0AnIVR_aSNJET4AtEfe841EVF_rb9-Xr6I_VfMI5RqP47mnnfO6nE50B4Hj85d0Rw5U2E43uB-UUZBL6eLtCeMalhUSYXyYZfI1e-YjgURz9fPXKByeEh-A7rPSzTPlPNpfxzsFCkEBxXSwC60h9c6SmE8Y-BntEoMZ6z5DIzIW0RUnJUBgA&__tn__=%2CP-R,"Theo Điều 31, 44, 45 Luật Doanh nghiệp 2020, hồ sơ đăng ký địa điểm kinh doanh bị từ chối (không phải yêu cầu sửa đổi) có thể do: (1) Hồ sơ có sai sót nghiêm trọng không thể sửa; (2) Địa chỉ không hợp lệ (thuộc khu vực cấm kinh doanh, tranh chấp); (3) Thiếu giấy tờ bắt buộc; (4) Công ty mẹ đang ở trạng thái đặc biệt (tạm ngừng, giải thể...). Cách xử lý: Đọc kỹ lý do từ chối trong thông báo, khắc phục các vấn đề và nộp hồ sơ mới. Nếu không rõ lý do, liên hệ Phòng ĐKKD để được giải thích.","Điều 31 Luật Doanh nghiệp 2020
Điều 44 Luật Doanh nghiệp 2020
Điều 45 Luật Doanh nghiệp 2020",59-2020-QH14:d31;59-2020-QH14:d44;59-2020-QH14:d45
256,,Các bác cho e hỏi tí ạ. Giảm vốn điều lệ thì hồ sơ gửi đi có cần điều lệ mới của công ty không ạ? E xin cảm ơn ạ!,https://www.facebook.com/groups/thanhlapcongtygiare/posts/2182118702271570/?__cft__[0]=AZZwq1X_2g92R5UG7PRMc7BpjdPd2pYJew1G6lM5yiVrWSs9gnDv6-cug9Eo95jVphOZjF0i4u_5jUXEJyjvpLLSzCU5FNXLpjy8tLsMgK5JoHOrnO_OPGzlx902AN65tQUo40CG0t5LS2l_GXvjo-yzl3689FoeMQO2hxW-N3Ng0eZpW9hMdtQoMtdbEYk90BgOI4mEdgIbkegjNPxS1ZrD&__tn__=%2CP-R,"Theo Điều 68 Luật Doanh nghiệp 2020, hồ sơ giảm vốn điều lệ KHÔNG bắt buộc phải nộp kèm Điều lệ mới. Hồ sơ giảm vốn gồm: (1) Thông báo thay đổi nội dung ĐKDN; (2) Quyết định của chủ sở hữu/HĐTV/ĐHĐCĐ về việc giảm vốn điều lệ; (3) Biên bản họp (nếu có HĐTV/ĐHĐCĐ); (4) Báo cáo tài chính gần nhất hoặc văn bản xác nhận vốn thực góp. Tuy nhiên, bạn NÊN sửa đổi Điều lệ để cập nhật thông tin vốn điều lệ mới và lưu trữ tại công ty (không cần nộp kèm hồ sơ ĐKKD).",Điều 68 Luật Doanh nghiệp 2020,59-2020-QH14:d68
257,"Loại 1: Thành lập doanh nghiệp - Thủ tục, điều kiện, hồ sơ thành lập","Anh chị ơi em có một số lăn tăn ban đầu nhờ anh chị hỗ trợ giúp em với ạ:
1. Bản PDF trên trang đăng ký kinh doanh điện tử em thấy không có mộc nên sẽ không có giá trị pháp lý đúng không ạ?
2. Sau khi có giấy phép mình có phải khai thuế lần đầu bắt buộc trong 10 ngày không ạ?",https://www.facebook.com/groups/thanhlapcongtygiare/posts/2182988812184559/?__cft__[0]=AZYF0iGBSkbc5SbzJYfj2KcFWgqKr_lWlbHvCWkv3iQGPBKtQUL9mvBoODEMFNuTsWQpcTtef5TXFTIvBKNCILmoBZhafBUpERp2261a9BKkT4LyUlWVWbby_SDCq4xppCWPsZjNs8wID5j8A0AhT-v8oxCEPieAJFnSBtoQ9yxhIMDPHhHxdH7yXcuE8Bo4YMdVbs-JbgM_nvY2ljeN7Jox&__tn__=%2CP-R,"Theo Điều 30, 32 Luật Doanh nghiệp 2020, bản điện tử (PDF) của Giấy chứng nhận ĐKDN được ký số bởi cơ quan đăng ký kinh doanh CÓ GIÁ TRỊ PHÁP LÝ tương đương bản giấy có đóng dấu. Chữ ký số thay thế cho con dấu và chữ ký tay. Bạn có thể sử dụng bản PDF này trong các giao dịch, mở tài khoản ngân hàng, ký hợp đồng... (Câu hỏi 2 về thuế thuộc Luật Quản lý thuế, không thuộc phạm vi Luật Doanh nghiệp 2020).","Điều 30 Luật Doanh nghiệp 2020
Điều 32 Luật Doanh nghiệp 2020",59-2020-QH14:d30;59-2020-QH14:d32
258,"Loại 7: Thay đổi ĐKKD - Địa chỉ, tên, ngành nghề","Chào mn, e đã làm thủ tục thay đổi ngành, nghề chính trên Cổng thông tin đăng ký doanh nghiệp và đã được chấp thuận rồi, nhưng em quên tích vào ô ""cấp Giấy xác nhận thay đổi nội dung doanh nghiệp"". Như vậy có sao không ạ? Nếu giờ em muốn xin Giấy xác nhận này thì cần làm thế nào ạ?
Em cảm ơn mn nhiều ạ",https://www.facebook.com/groups/thanhlapcongtygiare/posts/2183122408837866/?__cft__[0]=AZYJKMFDdDbPXH9Jg0rgYzGRKZc09LPvL_lSrZ2q3wEVS0hEzCilSWSlyOD850b8Vv28ArKz-O0M6Th_AtD9_br-TlWioPlxG_aQEpu0j23kysDDFDpUnGX9UzKNkPYV10BQptL8J0Vo36xC7JqOxY2-9kjHThfrPJ6Gpv2mVQtIOuWjdNnaI3Duv0p1RX18eunoxL6M-dS3r2p6kJmsV36D&__tn__=%2CP-R,"Theo Điều 28, 31, 32 Luật Doanh nghiệp 2020, thay đổi ngành nghề chính không cấp lại ĐKKD mới (vì MST và thông tin cơ bản không đổi), chỉ cấp Giấy xác nhận thay đổi nội dung ĐKDN nếu doanh nghiệp yêu cầu. Việc quên tích ô 'cấp Giấy xác nhận' KHÔNG ảnh hưởng đến hiệu lực của việc thay đổi - thông tin đã được cập nhật trên hệ thống. Nếu cần Giấy xác nhận, bạn có thể: (1) Làm công văn đề nghị cấp lại gửi Phòng ĐKKD; hoặc (2) Tra cứu và in thông tin doanh nghiệp từ Cổng thông tin quốc gia về ĐKKD.","Điều 28 Luật Doanh nghiệp 2020
Điều 31 Luật Doanh nghiệp 2020
Điều 32 Luật Doanh nghiệp 2020",59-2020-QH14:d28;59-2020-QH14:d31;59-2020-QH14:d32
259,"Loại 1: Thành lập doanh nghiệp - Thủ tục, điều kiện, hồ sơ thành lập","MÌNH CẦN HỖ TRỢ THÀNH LẬP CHI NHÁNH TẠI THÀNH PHỐ HỒ CHÍ MINH, (BÌNH DƯƠNG CŨ). ĐỊA CHỈ CHỈ CÓ TỜ BẢN ĐỒ, SỐ THỬA, CHƯA CẤP SỐ NHÀ TÊN ĐƯỜNG Ạ",https://www.facebook.com/groups/thanhlapcongtygiare/posts/2182212512262189/?__cft__[0]=AZZIWXeX0IdoyZA7XT8t6BbJagoJ2zps0w-sIVyuQ5zJqxw5xy55phBnIUNvSWs02F7j8Cs0NJo3Dvh5Un_NhfLe25lYMf4qXVs5HoEwARx_s5kF7BI3hnwu2p9-MwyfIk6vxN89qDjfyTQafHeDtgv5q74TRfYQv6hJvo4cUSRz3RmJChQscoXI7is6PgJHib47t0g-slVQ2UB1v4--M7ux&__tn__=%2CP-R,"Theo Điều 42, 44 Luật Doanh nghiệp 2020, địa chỉ chi nhánh phải có đủ thông tin xác định vị trí (số nhà, tên đường, phường/xã, quận/huyện, tỉnh/thành phố). Nếu địa chỉ chưa được cấp số nhà, tên đường, bạn có thể: (1) Xin xác nhận địa chỉ từ UBND phường/xã nơi đặt chi nhánh (xác nhận theo tờ bản đồ, số thửa, tờ); (2) Ghi địa chỉ theo mô tả: 'Thửa đất số X, tờ bản đồ số Y, Ấp/Khu phố Z, Xã/Phường A, Huyện/Quận B, Tỉnh/TP C'. Một số Phòng ĐKKD yêu cầu có xác nhận của UBND địa phương.","Điều 42 Luật Doanh nghiệp 2020
Điều 44 Luật Doanh nghiệp 2020",59-2020-QH14:d42;59-2020-QH14:d44
260,"Loại 3: Vốn điều lệ - Góp vốn, tăng/giảm vốn, vốn pháp định","Ac ơi e cần tư vấn mở công ty mới
e đã có một công ty cổ phần đang hoạt động
E có 1 căn nhà ( trong quá trình xây dựng đã ghi nhận chi phí xây dựng căn nhà đó vào tài sản cố định của công ty cổ phần)
Giờ nếu e mở 1 công ty mới e kê căn nhà đó là tài sản của cty mới đc ko ạ e dự định dùng căn nhà đó để kinh doanh khách sạn
( sắp tới e định cho ngừng kinh doanh cty cổ phần đang hoạt động để giải thể ạ)
Ac nào rành chỉ e với ạ",https://www.facebook.com/groups/thanhlapcongtygiare/posts/2182477682235672/?__cft__[0]=AZaijbBqGVregMhCySVPhlRP2IaK0ySHPt4z3znaiV12Bjw7zwTdmFgKswHP_XdSKehorPZyg_7BiujiuwJZ9BIEEt4OoYCNkpn4hbJhCthh6O_VS1Trokz-T0MNIlROFNtLTxu9einyz79zM-rtru37s_1v-DhjlvePlXX-rggs_KPPilYQWVEESTjpDRQiDhRDavxor67EinLEhabfdPqQ&__tn__=%2CP-R,"Theo Điều 34, 35, 47 Luật Doanh nghiệp 2020, căn nhà đã là tài sản cố định của công ty cổ phần (A) thì KHÔNG THỂ trực tiếp kê khai là tài sản góp vốn của công ty mới (B). Vì tài sản này thuộc sở hữu pháp nhân của công ty A, không thuộc cá nhân bạn. Các phương án: (1) Công ty A bán/chuyển nhượng căn nhà cho cá nhân bạn → bạn dùng góp vốn vào công ty B; (2) Công ty A góp vốn vào công ty B bằng tài sản; (3) Hoàn thành giải thể công ty A, phân chia tài sản cho cổ đông → cổ đông góp vốn vào công ty B. Lưu ý: cần tính toán thuế TNDN, thuế TNCN khi chuyển nhượng.","Điều 34 Luật Doanh nghiệp 2020
Điều 35 Luật Doanh nghiệp 2020
Điều 47 Luật Doanh nghiệp 2020",59-2020-QH14:d34;59-2020-QH14:d35;59-2020-QH14:d47
261,"Loại 6: Giải thể & Phá sản - Thủ tục, thanh toán nợ, tạm ngưng","Công ty em bị cảnh báo không hoạt động tại địa chỉ đã đăng ký nhưng đã làm việc với thuế và cập nhật trạng thái đang hoạt động. Tuy nhiên khi vào hệ thống chỉ hiện mục giải thể và xoá tên dn, không thể nộp hồ sơ thay đổi. E liên hệ phòng đkkd thì báo phải làm công văn giải trình do trước đây phòng đkkd gửi thông báo giải trình nhưng doanh nghiệp k giải trình. Có bác nào gặp trường hợp như e chưa và cách xử lý thế nào ạ.",https://www.facebook.com/groups/thanhlapcongtygiare/posts/2182425482240892/?__cft__[0]=AZbF8stmiAK5v-W1IFYx-g41JL7z1-ocb3o6MceXfyuFiBsVkdHWJV0H0gVIdzavbuBY9aNFNhp1aSfPNJBTl1Nr1EOZEW9CJUnNp3rp3Y-BdPqyjrMq8tzPkgbFCYXWY0aUPn28HXmwmNCRwS3ONSg1wFTfsIGRTt2dbcShRzzjiWkn4rRgg1kzIl4Bv9Y6z8nQsw389FGDAyrRX0bbbKzD&__tn__=%2CP-R,"Theo Điều 209, 212 Luật Doanh nghiệp 2020, công ty bị cảnh báo không hoạt động tại địa chỉ đã đăng ký thuộc trường hợp bị thu hồi ĐKKD. Để khắc phục: (1) Làm công văn giải trình gửi Phòng ĐKKD, nêu lý do không giải trình trước đây và cam kết đang hoạt động; (2) Kèm theo: Hợp đồng thuê địa chỉ mới/cũ còn hiệu lực, xác nhận của cơ quan thuế về trạng thái hoạt động, ảnh chụp biển hiệu công ty tại địa chỉ; (3) Sau khi được chấp thuận, Phòng ĐKKD sẽ mở lại quyền nộp hồ sơ. Lưu ý: thời gian xử lý tùy từng Phòng ĐKKD.","Điều 209 Luật Doanh nghiệp 2020
Điều 212 Luật Doanh nghiệp 2020",59-2020-QH14:d209;59-2020-QH14:d212
262,Loại 11: Khác - Chưa phân loại,"Em cần bổ sung các ngành nghề sau :
- Tư vấn quy trình, thủ tục pháp lý khi mở rộng thị trường nước ngoài
- Dịch vụ đại diện thay mặt trong giao dịch thương mại
- Dịch vụ hỗ trợ thủ tục đăng ký giấy phép tại nước ngoài
Các ngành này đưa vào mã ngành nào là hợp lý ạ, mong các anh/chị giúp đỡ ạ",https://www.facebook.com/groups/thanhlapcongtygiare/posts/2181357539014353/?__cft__[0]=AZallaLs8fp_O_DV902xO26icDr1nt1zE7g_NdtO0MKVmFdplgcXIK0LlnZScQy6680UqDaBG-IhtHHdQy6O5djiEtD_NB0hL6t6KwofXv3wezg9v06s2mwJa4pt5vnWoQjeg-V9RmMS1djrVpCa7btNKIrLKlOnmCwQBRrO7Ve2Td-0ovHfos37LWYIaeSrV-G51-BKgC9euYWKBKSslTyQ&__tn__=%2CP-R,"Theo Điều 7 Luật Doanh nghiệp 2020, doanh nghiệp được tự do kinh doanh trong những ngành, nghề mà pháp luật không cấm. Mã ngành phù hợp cho các hoạt động này: (1) Tư vấn pháp lý thương mại: 6910 - Hoạt động pháp luật; (2) Đại diện giao dịch thương mại: 8220 - Hoạt động dịch vụ liên quan đến các cuộc gọi; hoặc 7020 - Hoạt động tư vấn quản lý; (3) Hỗ trợ thủ tục giấy phép: 8299 - Hoạt động dịch vụ hỗ trợ kinh doanh khác chưa được phân vào đâu. Lưu ý: mã 6910 yêu cầu điều kiện hành nghề luật sư nếu cung cấp dịch vụ pháp lý.",Điều 7 Luật Doanh nghiệp 2020,59-2020-QH14:d7
263,"Loại 6: Giải thể & Phá sản - Thủ tục, thanh toán nợ, tạm ngưng","Anh/ chị cho em hỏi với ạ, em làm tạm ngừng kinh doanh cả công ty và chi nhánh thuộc công ty thì đại diện pháp luật có ký hồ sơ tạm ngừng chi nhánh được không ạ, người đứng đầu chi nhánh là người khác ạ",https://www.facebook.com/groups/thanhlapcongtygiare/posts/2181353882348052/?__cft__[0]=AZaET-YLvLEk9sQii34WPjFFH_usnXjG3M3xWMDJitpjRVf82LVYR-EHVRglohzYBNRGZcFLPJ3AbFAcq7SwbucPJV8_i9cJh2kFb9ymO3Gy9VUrHgdDyVns2GwbvwhLpOAPS6PQLI5sIoyZiSdCgUm-U7vTiMQ-pqz0iO5bFAy0i0qQ1MlVTy3-JOmD4j4R36NCY0YJljALrq0thh5ZVlEe&__tn__=%2CP-R,"Theo Điều 45, 206 Luật Doanh nghiệp 2020, người đại diện theo pháp luật của công ty CÓ QUYỀN ký hồ sơ tạm ngừng hoạt động chi nhánh, kể cả khi người đứng đầu chi nhánh là người khác. Lý do: Chi nhánh là đơn vị phụ thuộc của công ty, không có tư cách pháp nhân riêng. NĐDPL công ty có thẩm quyền cao nhất trong việc quyết định các vấn đề liên quan đến chi nhánh. Người đứng đầu chi nhánh chỉ quản lý hoạt động chi nhánh theo ủy quyền, không có thẩm quyền quyết định tạm ngừng.","Điều 45 Luật Doanh nghiệp 2020
Điều 206 Luật Doanh nghiệp 2020",59-2020-QH14:d45;59-2020-QH14:d206
264,"Loại 6: Giải thể & Phá sản - Thủ tục, thanh toán nợ, tạm ngưng","Dạ anh/chị cho em hỏi là em có nộp giải thể công ty lên Sở, có kết quả ngày 3/9 nhưng tới nay em vẫn chưa nhận được bản giấy. Em đăng ký bưu điện thì không được, em nghĩ là sẽ gửi về theo địa chỉ điền lúc nộp hồ sơ mà tới nay em vẫn chưa nhận được kết quả. Gọi lên sở nhấn lấy 01 thì ko gọi được. Giờ em phải làm sao ạ. Cảm ơn anh/chị ạ.",https://www.facebook.com/groups/thanhlapcongtygiare/posts/2180182159131891/?__cft__[0]=AZZ0-Iw6btEoXg6kvoXaMbgde5wPHJ9JDvV3DqqnM6bNJHSEGlqkfEpOTGbsjKtdL9e2ttko7Fv1gYibREBWaLrxF2UmIN-kjULjAysN3nF4CDlBm1rCU11VO1DSHUnVK_Mpp3syvW38-U8z62UKXaoNA8bzvhFyuFclvoudh2sYVN58HrHZU6U4h6SkZu909tek_aCYsVzFUEkPvE-8uoHp&__tn__=%2CP-R,"Theo Điều 210 Luật Doanh nghiệp 2020, sau khi hoàn thành thủ tục giải thể, doanh nghiệp được cấp văn bản xác nhận hoàn thành thủ tục giải thể. Nếu chưa nhận được kết quả bản giấy, bạn có thể: (1) Đến trực tiếp Bộ phận Một cửa của Phòng ĐKKD (Sở KH&ĐT) để nhận kết quả - mang theo CMND/CCCD người đi nhận; (2) Nếu đăng ký nhận qua bưu điện, liên hệ đường dây nóng của Sở hoặc gửi email hỏi; (3) Tra cứu trạng thái hồ sơ trên Cổng thông tin quốc gia về ĐKKD. Lưu ý: bản điện tử (PDF) có chữ ký số cũng có giá trị pháp lý.",Điều 210 Luật Doanh nghiệp 2020,59-2020-QH14:d210
265,"Loại 6: Giải thể & Phá sản - Thủ tục, thanh toán nợ, tạm ngưng","Em chào cả nhà, em nộp hồ sơ đóng văn phòng đại diện khác tỉnh, không phát sinh gì mà gặp lỗi:
(Ủy quyền) Người có thẩm quyền chưa đối chiếu thông tin cá nhân với CSDLQG về dân cư trong khi người ủy quyền và người được ủy quyền đều đã định danh mức 2.
Em đã xóa đi nhập lại theo hướng dẫn của các anh chị đi trước mà vẫn không thấy nút tích vào ô đối chiếu như các anh chị đã hướng dẫn mà vẫn báo lỗi này.
1, Nhờ các anh chị trong nhóm giúp đỡ em cách khắc phục ạ.
2, Và phần ủy quyền người nộp hồ sơ, thì sẽ đứng tên đại diện đơn vị chủ quản hay là đại diện văn phòng đại diện đứng ra kí ủy quyền ạ?",https://www.facebook.com/groups/thanhlapcongtygiare/posts/2179375439212563/?__cft__[0]=AZZjDAKZDSESIqfXvPamYfzcINML0jmu3CG_DNIRz7Tx_PaTrBrURiAsAeCiiVZHuA_a4phXmaLzDGBeom9rMFXq8JSE3MW_LPl4Nzw5x4BS6DiXBtF8yctNmtJOM4CxgY0u8EaBg7rdLkUtt_X-rA6HJOO_NRgQRBsGMxbFUXzEOss_0dPe2BA47ltOJFRcdPf0DWqSHFkKSfMQ70OaHgxa&__tn__=%2CP-R,"Theo Điều 44, 45 Luật Doanh nghiệp 2020, việc chấm dứt hoạt động văn phòng đại diện do người đại diện theo pháp luật của công ty mẹ (đơn vị chủ quản) thực hiện. Về lỗi đối chiếu CSDLQG: (1) Đảm bảo thông tin trên hệ thống khớp với CCCD (họ tên, ngày sinh, số CCCD); (2) Thử đăng xuất, xóa cache và đăng nhập lại; (3) Liên hệ hotline Cổng ĐKKD (1900.0096) để được hỗ trợ kỹ thuật. Về ủy quyền: Người đại diện theo pháp luật của công ty mẹ là người ký ủy quyền (không phải người đứng đầu VPĐD).","Điều 44 Luật Doanh nghiệp 2020
Điều 45 Luật Doanh nghiệp 2020",59-2020-QH14:d44;59-2020-QH14:d45
266,"Loại 1: Thành lập doanh nghiệp - Thủ tục, điều kiện, hồ sơ thành lập","Anh chị cho em hỏi, công ty em có 1 số vướng mắc nên không thể nộp hồ sơ điều chỉnh giấy chứng nhận đăng ký doanh nghiệp online. Hiện ở hà nội có nhận nộp hồ sơ bản giấy không ạ?",https://www.facebook.com/groups/thanhlapcongtygiare/posts/2177570049393102/?__cft__[0]=AZari5ZRGRCzPNHrI23NPTN_zxYc0UIDe145Ou65MyXRUm-xTmwVJyRUQThb1b3ThOz0OoxKBD0SGwiVLPNCxoHdl-sOs9wbKoIemLUiWdy3XeWUUYZjpEdMT9AbFQeTdbU_lKqdSZCwg-0VXrwUnuAlYlXkBJRBt4A3regA2pto_m-ynjA7K2FkgQ_TZjU2ctJVyYn-R0lvjFVSHEvkfh1f&__tn__=%2CP-R,"Theo Điều 26, 31 Luật Doanh nghiệp 2020, doanh nghiệp có thể nộp hồ sơ ĐKKD trực tiếp tại Phòng ĐKKD hoặc qua mạng. Tại Hà Nội, Phòng ĐKKD (Sở KH&ĐT Hà Nội) vẫn nhận hồ sơ bản giấy qua Bộ phận Một cửa tại địa chỉ: Số 7 Lê Hồng Phong, Ba Đình, Hà Nội. Tuy nhiên, theo xu hướng cải cách, một số thủ tục đã bắt buộc nộp online. Bạn nên liên hệ Phòng ĐKKD (024.3943.4269) để xác nhận thủ tục cụ thể có được nộp giấy hay không, và giải quyết vướng mắc khi nộp online.","Điều 26 Luật Doanh nghiệp 2020
Điều 31 Luật Doanh nghiệp 2020",59-2020-QH14:d26;59-2020-QH14:d31
267,,Hồ sơ hồ chí minh ( chuẩn HCM cũ) được chấp thuận thì sở tự gửi kết quả về địa chỉ trụ sở công ty hay địa chỉ người nộp hồ sơ thế ạ,https://www.facebook.com/groups/thanhlapcongtygiare/posts/2176432009506906/?__cft__[0]=AZaDlzSQ7_5rn9vbS5xznd60xT9N0yTOWiqLDzJa6V2Ymzn6FaDTuzQATyULe4OQ6iT0dXpLeQSe4q-obC4F1eTevg3NHpQY-UcFGUL8EmHBftFou7IQYqZaGwq9dTBrQKfbR9HjtCwDQCxHqGqxbgVagZre8tfKlJU1fP-9iopzOO0oAH--izaQolYX4GX_b2WT0flP4fpeejzYrYSiWTy_&__tn__=%2CP-R,"Theo Điều 30 Luật Doanh nghiệp 2020, kết quả ĐKKD được trả qua hệ thống điện tử (bản PDF có chữ ký số) và/hoặc bản giấy. Tại TP.HCM (theo quy trình Sở KH&ĐT HCM), nếu đăng ký nhận kết quả qua bưu điện: kết quả được gửi đến địa chỉ mà người nộp hồ sơ đã đăng ký khi nộp (có thể là địa chỉ trụ sở công ty hoặc địa chỉ khác do người nộp chỉ định). Nếu không đăng ký bưu điện: cần đến Bộ phận Một cửa nhận trực tiếp. Bản điện tử được gửi về email đăng ký ngay khi hồ sơ được chấp thuận.",Điều 30 Luật Doanh nghiệp 2020,59-2020-QH14:d30
268,"Loại 2: Loại hình doanh nghiệp - TNHH, Cổ phần, Hợp danh, DNTN","ac cho e hỏi là: cty e từ TNHH 1TV giờ chuyển lên TNHH 2TV có thêm thành viên và tăng vốn điều lệ thì khi nộp hồ sơ (điều lệ, giấy đề nghị, ds thành viên, ds chủ hưởng lợi). ngoài các giấy tờ trên thì cần các giấy tờ gì nữa ko ạ",https://www.facebook.com/groups/thanhlapcongtygiare/posts/2177538716062902/?__cft__[0]=AZYEXd0cqIsee6mLBYBI971inIx0UNvg1scKkNCiPEtUl2MnxVGnn1IKjD4WIqwr5avNSRlOst76XAumQywL5zNdQ_R2TmaOyXI1DkOUB0tyMwPqhTbg0wloEPloVWDtFm-k6od-Aek-te3qcpcyR7BCIQBhyEGCa54qgay0zLd4saDQCQeuIGPAXI3MMABlG3a_w9ge_nxk4ZOHylqY8q-a&__tn__=%2CP-R,"Theo Điều 202 Luật Doanh nghiệp 2020, hồ sơ chuyển đổi TNHH 1TV sang TNHH 2TV trở lên gồm: (1) Giấy đề nghị đăng ký doanh nghiệp (Mẫu chuyển đổi); (2) Điều lệ công ty TNHH 2TV; (3) Danh sách thành viên; (4) Danh sách chủ sở hữu hưởng lợi (nếu có); (5) Bản sao CMND/CCCD/Hộ chiếu của thành viên mới; (6) Hợp đồng chuyển nhượng/góp vốn giữa CSH cũ và thành viên mới (nếu CSH cũ chuyển nhượng phần vốn); (7) Quyết định của CSH về việc chuyển đổi và tiếp nhận thành viên mới; (8) Văn bản xác nhận vốn góp (nếu tăng vốn).",Điều 202 Luật Doanh nghiệp 2020,59-2020-QH14:d202
269,"Loại 1: Thành lập doanh nghiệp - Thủ tục, điều kiện, hồ sơ thành lập","Dạ anh chị có kinh nghiệm giúp em với ạ, - Sau khi nhận được giấy ĐKDN khi Mua con dấu mộc CTy có cần phải nộp bảng mẫu con dấu cho CAn và CQ thuế không ạ?",https://www.facebook.com/groups/thanhlapcongtygiare/posts/2177308349419272/?__cft__[0]=AZa41mnFQNhcQs96tzGqpqa4fdf_ueNpBZcE_8ZV0ks0JFZn2In96zrkYhLIc5toCBJ3Xjl2pt0N92NrPwl_y1Kr0GQhhI5cDMs1Nd6EONUd-RC_jLn8qTFHns7cdSRxGG6jkCJLYClteJjfair95c56LwutSHZMSlPsqNgHQwB68qyIjFr_zYViEOTIh9mpIMW1kCreDb58PpcN9CwxzKIF&__tn__=%2CP-R,"Theo Điều 43 Luật Doanh nghiệp 2020, doanh nghiệp tự quyết định về hình thức, số lượng và nội dung con dấu. Từ năm 2021, doanh nghiệp KHÔNG CẦN đăng ký mẫu dấu với cơ quan công an hay cơ quan thuế. Tuy nhiên, cần: (1) Thông báo mẫu con dấu đến Phòng ĐKKD trước khi sử dụng (để cập nhật trên Cổng thông tin ĐKKD); (2) Có thể tự quản lý mẫu dấu không cần thông báo nếu không thay đổi thông tin trên hệ thống. Thông báo mẫu dấu là thủ tục thông báo (không phải xin phép), thực hiện qua Cổng thông tin quốc gia về ĐKKD.",Điều 43 Luật Doanh nghiệp 2020,59-2020-QH14:d43
270,"Loại 9: Chuyển nhượng vốn/cổ phần - Mua bán, thừa kế","Dạ anh chị ơi, cho em hỏi là hồ sơ thừa kế phần vốn góp của người mất không để lại di chúc thì gồm hồ sơ gì để nộp lên sở ạ",https://www.facebook.com/groups/thanhlapcongtygiare/posts/2177296652753775/?__cft__[0]=AZb7fBMA8OrNofkJ9K3maXcfFby2bAkpWgRvuhONLeUh8tWLMMrRtz6DIkK8fgs0XJ6rlUtUmQBifICvIsc0nRwPxF0_AYlIsKx_cWkyGSibjolkbjCmR6GOlieJuOEQ_oWD-5TdqIAWbrGwoSNSOPIoEma55HEzV4cGbLAGP5CuuSEDoTeKJbqt3vbihPzKxLGwMLIgyqmRPugcHxVIoaLw&__tn__=%2CP-R,"Theo Điều 53, 54 Luật Doanh nghiệp 2020, khi thành viên công ty TNHH chết, người thừa kế hợp pháp được thừa kế phần vốn góp. Hồ sơ thừa kế vốn góp (không có di chúc) gồm: (1) Thông báo thay đổi thành viên (Mẫu); (2) Văn bản thỏa thuận phân chia di sản thừa kế có công chứng/chứng thực (giữa các đồng thừa kế); (3) Giấy chứng tử của người để lại di sản; (4) CMND/CCCD của người nhận thừa kế; (5) Quyết định/Biên bản họp HĐTV chấp thuận người thừa kế làm thành viên mới; (6) Danh sách thành viên mới.","Điều 53 Luật Doanh nghiệp 2020
Điều 54 Luật Doanh nghiệp 2020",59-2020-QH14:d53;59-2020-QH14:d54
271,"Loại 6: Giải thể & Phá sản - Thủ tục, thanh toán nợ, tạm ngưng","Có anh chị nào gặp trường hợp oái oăm này không tư vấn dùm e.
Cty bên e đã làm thủ tục đóng MST và nộp hs giải thể cho Sở, bổ sung lần 1 lý do là phải chấm dứt hđ chi nhánh trực thuộc, cty lục lại tờ GPKD và đăng ký thuế của chi nhánh từ 2009 vẫn còn giữ, sau đó e nộp hs chấm dứt chi nhánh thì trả bổ sung lần 2 báo là MST của chi nhánh k tồn tại trên hệ thống thuế nên yêu cầu phải công chứng giấy chứng nhận đăng ký thuế chi nhánh đính kèm, e đã nộp lại ok, thì hôm nay lại ra tiếp tb bổ sung lần 3 với lý do cơ quan thuế phản hồi: hồ sơ của Quý công ty không được cơ quan thuế chấp nhận vì : "" 04/10/2025 11:04:42 CH Mã số thuế không tồn tại trong hệ thống;""
Bên thuế thì kêu MST k tồn tại, bên Sở thì kêu phải chấm dứt chi nhánh mới cho giải thể, đẩy qua đẩy lại hoài chả lẽ k cho DN giải thể luôn",https://www.facebook.com/groups/thanhlapcongtygiare/posts/2179692869180820/?__cft__[0]=AZaB2zDndK_gpc_FRHKh1TlY4fWJ0jdB2hOD2gOn3sxA-qGwQJKF3CtrZsbhiNd1Cs-FoZQnwVZWj3NwLg67DmqHyXwvXmHuAH6Qei1kdBzXVN9HfdSlkXJ_vPvrfqo96cQPmcdJ5k-4HD2A9hpw70Qu4mNa8OUbwOPo9mhxkirA7CN0IzvwYf_DmMDQDeueikI1J_ZNtFSQb_ZiAE6twec7&__tn__=%2CP-R,"Theo Điều 207, 210 Luật Doanh nghiệp 2020, trước khi giải thể công ty phải chấm dứt hoạt động tất cả chi nhánh, VPĐD. Trường hợp MST chi nhánh không tồn tại trên hệ thống thuế (do quá lâu, dữ liệu bị mất), cách xử lý: (1) Làm công văn giải trình gửi CẢ Phòng ĐKKD và Chi cục Thuế, đính kèm bản sao công chứng GP chi nhánh + ĐK thuế chi nhánh cũ; (2) Đề nghị Phòng ĐKKD phối hợp với Thuế xác minh và xử lý ngoại lệ; (3) Nếu không giải quyết được, làm đơn khiếu nại hoặc nhờ luật sư tư vấn. Đây là lỗi đồng bộ dữ liệu giữa các cơ quan, không phải lỗi của doanh nghiệp.","Điều 207 Luật Doanh nghiệp 2020
Điều 210 Luật Doanh nghiệp 2020",59-2020-QH14:d207;59-2020-QH14:d210
272,"Loại 4: Người đại diện pháp luật - Điều kiện, thay đổi, trách nhiệm","Dạ e chào a/c ạ, e đang đăng ký thay đổi nđd pháp luật công ty tnhh 2 Tv và cập nhật trụ sở chính
achi cho e hỏi thẩm quyền ký các giấy này với ạ vì giám đốc cũ là chủ tịch hội đồng thành viên và giờ bầu 1 người khác làm ng đại diện ạ
1. Thông báo thay đổi
2. Giấy đề nghị thay đổi ndd theo pháp luật
3. Dsach csh hưởng lợi",https://www.facebook.com/groups/thanhlapcongtygiare/posts/2174964792986961/?__cft__[0]=AZY9Q9wlyP9YEaqO_NQEs80EF_8g_ltB05WOBV2kXeVgeXsPBs99g31r1x7jUKTwI4OJAtEFTIk_w15V6kouNi_3fqkPYeLegIdISiZcsAAUDk3moBme8S7MPjvkG1xwars6uX80QxJJqbKiP5JULeJDvGOlSxDNMuGWjR4IHStH5SHncdmlnVSbPgLq_vb8laKKN9GKPVeIB_zIxcnSbDXQ&__tn__=%2CP-R,"Theo Điều 12, 55 Luật Doanh nghiệp 2020, thẩm quyền ký các giấy tờ khi thay đổi NĐDPL công ty TNHH 2TV: (1) Thông báo thay đổi + Giấy đề nghị thay đổi NĐDPL: Do Chủ tịch HĐTV ký (nếu CT.HĐTV không phải là NĐDPL đang được thay đổi) hoặc do NĐDPL cũ ký (nếu CT.HĐTV chính là NĐDPL cũ); (2) Danh sách CSH hưởng lợi: Do NĐDPL ký (có thể là NĐDPL mới sau khi được bổ nhiệm theo QĐ/BB họp HĐTV). Nếu CT.HĐTV kiêm NĐDPL cũ, thì CT.HĐTV cũ ký thông báo, giấy đề nghị; NĐDPL mới ký DS CSH hưởng lợi.","Điều 12 Luật Doanh nghiệp 2020
Điều 55 Luật Doanh nghiệp 2020",59-2020-QH14:d12;59-2020-QH14:d55
273,"Loại 6: Giải thể & Phá sản - Thủ tục, thanh toán nợ, tạm ngưng","Dạ anh, chị ơi em có gặp trường hợp công ty tnhh 2tv muốn giải thể nhưng có 1 thành viên đã mất, người mất ko phải người đại diện theo pháp luật, thì giờ sẽ giải quyết như nào ạ",https://www.facebook.com/groups/thanhlapcongtygiare/posts/2175417622941678/?__cft__[0]=AZb0oQlI9WaQDGtUv2ndZoMS7nhrxddugy_VukiYxEGjshvH6LIc8VvpplCbEW4BwHCKcR_fckJHU1oI8zRFR2cUsy1NDbsk1U-5K3NdKZGY9-W4ywTPem5Pru_ehK2PrizRPBrpzPU26UiD9P5ncResjzt0xcQdcVpUpiDjCASdMbLISZSwUonsQI7xDwzhA34opvGHS6ajw1sdlja-5NYH&__tn__=%2CP-R,"Theo Điều 53, 207 Luật Doanh nghiệp 2020, khi thành viên TNHH 2TV chết mà công ty muốn giải thể, cần xử lý phần vốn góp của người mất trước. Quy trình: (1) Xác định người thừa kế hợp pháp của thành viên đã mất (theo di chúc hoặc theo pháp luật); (2) Người thừa kế trở thành thành viên công ty hoặc chuyển nhượng/bán lại phần vốn góp cho thành viên còn lại; (3) Sau khi giải quyết xong quyền sở hữu vốn, tiến hành thủ tục giải thể bình thường. Hồ sơ cần: Văn bản phân chia di sản thừa kế có công chứng, giấy chứng tử, QĐ giải thể của HĐTV (có chữ ký người thừa kế hoặc thành viên đã nhận chuyển nhượng).","Điều 53 Luật Doanh nghiệp 2020
Điều 207 Luật Doanh nghiệp 2020",59-2020-QH14:d53;59-2020-QH14:d207
274,"Loại 2: Loại hình doanh nghiệp - TNHH, Cổ phần, Hợp danh, DNTN","các ac cho e hỏi ạ: cty e là cty tnhh1 tv nhưng hiện nay muốn chuyển snag cty tnhh 2 tv trở lên. có thêm 2 TV. vốn điều lệ từ 2t, sau khi chuyển đổi thì vốn điều lệ tăng 3 t, tổng là 5 tỷ. vậy khi lm thủ tục chuyển đổi loại hình + tăng vốn thì lm gộp cùng 1 lúc đc không hay phải tách đôi thủ tục ạ",https://www.facebook.com/groups/thanhlapcongtygiare/posts/2174568159693291/?__cft__[0]=AZYso7SJk0ss1PpOY88H950PvHKc5DBHidr-4To6zfiMBfdGWhe2c5eRVw4dWX1PuvHRTFY_H_ifH3Ev4XR5rpijR4nHKgwzj4jvzRS67eST_JQ5kiXD16tWSMYB5nT4LlUQ7nAtzIxgLGM8ZJKzdLoMXRzKrLBkiiFDacVLbWBdW9Sxast_1lAhdzoiQXqkficNFA9LyAmx1-s_lAAnvrWk&__tn__=%2CP-R,"Theo Điều 202, 68 Luật Doanh nghiệp 2020, bạn CÓ THỂ thực hiện chuyển đổi loại hình (TNHH 1TV → 2TV) đồng thời với tăng vốn điều lệ trong CÙNG MỘT HỒ SƠ. Đây là thủ tục chuyển đổi doanh nghiệp có thay đổi nội dung đăng ký. Hồ sơ gồm: (1) Giấy đề nghị đăng ký chuyển đổi loại hình; (2) Điều lệ công ty TNHH 2TV mới (ghi nhận vốn điều lệ 5 tỷ); (3) Danh sách thành viên (bao gồm 3 thành viên với tổng vốn góp 5 tỷ); (4) Hợp đồng/văn bản thỏa thuận tiếp nhận thành viên mới; (5) CMND/CCCD các thành viên mới; (6) QĐ của CSH về việc chuyển đổi và tiếp nhận thành viên.","Điều 202 Luật Doanh nghiệp 2020
Điều 68 Luật Doanh nghiệp 2020",59-2020-QH14:d202;59-2020-QH14:d68
275,"Loại 1: Thành lập doanh nghiệp - Thủ tục, điều kiện, hồ sơ thành lập","Ac cho e hỏi là e đã giải thể xong doanh nghiệp đang trong thời gian chờ nhận chuyển phát bản gốc chứng từ về. Thì trong thời gian này e có thể thành lập lại được luôn công ty mới ko ạ, vẫn cùng người đại diện giống công ty vừa giải thể",https://www.facebook.com/groups/thanhlapcongtygiare/posts/2172050056611768/?__cft__[0]=AZZg57L-puCdZ8IM5g0ejxFbVFYVUfOGEOffE3IiJd8JBcWOPIJMxZtYUfoIGxxAwf5vUrKzU9X-yf6_wDYwA8Bjb-InfODHZ-ZiLrTualwQehHzCBFC2yPJjtt_cPC_zMfl5ek6G4VHKxRYgrky3WUrXbLZVtQzaUru1mL9cqArZ89oKcdqjPkAn7qe6OEXa3kMEWLUHoqbz4eo3U6rjl8S&__tn__=%2CP-R,"Theo Điều 17, 210 Luật Doanh nghiệp 2020, sau khi doanh nghiệp được cấp văn bản xác nhận hoàn thành thủ tục giải thể (tức là trạng thái trên hệ thống đã cập nhật 'Đã giải thể'), NĐDPL cũ CÓ THỂ thành lập công ty mới ngay. Điều 17 quy định các trường hợp KHÔNG được thành lập doanh nghiệp, trong đó có: người đang chịu hình phạt, người bị cấm quản lý DN... nhưng KHÔNG cấm người vừa giải thể DN tự nguyện. Bạn có thể nộp hồ sơ thành lập công ty mới ngay mà không cần chờ nhận bản giấy giải thể.","Điều 17 Luật Doanh nghiệp 2020
Điều 210 Luật Doanh nghiệp 2020",59-2020-QH14:d17;59-2020-QH14:d210
276,"Loại 2: Loại hình doanh nghiệp - TNHH, Cổ phần, Hợp danh, DNTN","E sáp nhập cty 2tv vào cty 1tv. Lúc này cty e sẽ trở thành cty 2tv và đổi địa giới bổ sung ngành. Vậy hồ sơ ngoài mẫu số 6 ds thành viên, ms10, ms12, qđ cty nhận sáp nhập (ghi nhận việc bs ngành tăng vốn , bs ngành),qđ cty bị sáp nhập, hợp đồng sáp nhập thì còn có cần hồ sơ gì nữa k ạ ví dụ như đề nghị mẫu số 3, điều lệ hoặc quyết định có cần ghi chuyển từ 1tv sang 2tv k ạ?",https://www.facebook.com/groups/thanhlapcongtygiare/posts/2173064259843681/?__cft__[0]=AZbnYLzcbvlCjdDZ5jfOnuwTr5okiVU3PGJXfJHTImYvQBNLNsvft-Ahr5Qyw6AD3pNAXMPNAfDLSmLFbW2cPfc3NepDEV-wbPnK3YMvmsZ0jesecKhiKrjcFIRMV2C_JYMV1QyIqNxWBofI2YVRNeprnfN-baj7HrpPj5_S78BT5ghlWEE3uzeScjGHebLc5t_EDhlICJ0YROOS4NvBpb9_&__tn__=%2CP-R,"Theo Điều 193, 195 Luật Doanh nghiệp 2020, hồ sơ sáp nhập TNHH 2TV vào TNHH 1TV (sau sáp nhập thành TNHH 2TV) cần đầy đủ: (1) Hợp đồng sáp nhập; (2) QĐ/BB họp của công ty nhận sáp nhập thông qua hợp đồng sáp nhập; (3) QĐ/BB họp của công ty bị sáp nhập; (4) Giấy đề nghị đăng ký thay đổi (vì sau sáp nhập phải chuyển sang loại hình 2TV); (5) Điều lệ công ty TNHH 2TV mới; (6) Danh sách thành viên công ty sau sáp nhập; (7) DS CSH hưởng lợi. Trong QĐ và Điều lệ cần ghi rõ việc chuyển đổi loại hình từ TNHH 1TV sang TNHH 2TV do sáp nhập.","Điều 193 Luật Doanh nghiệp 2020
Điều 195 Luật Doanh nghiệp 2020",59-2020-QH14:d193;59-2020-QH14:d195
277,"Loại 1: Thành lập doanh nghiệp - Thủ tục, điều kiện, hồ sơ thành lập","Em cbi thành lập công ty chỉ chuyên hoàn toàn bán trên sàn TMDT, muốn tìm 1 bên dịch vụ thuế nhận kê khai thuế + hỗ trợ và hướng dẫn, định hướng về xuất hoá đơn hàng ngày (misa sẽ ký và xuất hoá đơn tự động)
Cần 1 bên có kinh nghiệm và đã làm nhiều đơn vị bán sàn TMDT.
A c inb e nhé",https://www.facebook.com/groups/916590766469882/posts/1465612354901051/?__cft__[0]=AZYulQJIfxlh-SDN7F6gkzrh2n6yG6nxZkFIm3val2rLKxp0bpHNZDm4Gy4ckP9fEI6hCJOCOwKh9orQPB6gSK-p4fgg4_GtGX0hGbHlmvUNGmQdyNvz0OPua-iJtFs0SunYBxzjm7y4Z__7zfKjlwBAE__Mv0oTpjH4hYBbdQQ38JcgLWofY6PaElC13J3mUQU&__tn__=%2CP-R,"Theo Luật Doanh nghiệp 2020, việc thành lập công ty để bán hàng trên sàn TMĐT thực hiện theo trình tự đăng ký doanh nghiệp quy định tại Điều 26, 27 LDN 2020. Cần chuẩn bị: Giấy đề nghị đăng ký doanh nghiệp, Điều lệ công ty, Danh sách thành viên/cổ đông, Giấy tờ pháp lý của người đại diện. Về vấn đề kế toán thuế và xuất hóa đơn điện tử, không thuộc phạm vi Luật DN 2020 mà được quy định tại Luật Kế toán, Luật Quản lý thuế và Nghị định 123/2020/NĐ-CP về hóa đơn.","Điều 26 LDN 2020
Điều 27 LDN 2020
Điều 21 LDN 2020",59-2020-QH14:d26;59-2020-QH14:d27;59-2020-QH14:d21
278,Loại 11: Khác - Chưa phân loại,"Em cần tư vấn về luật doanh nghiệp đặc biệt là thuế dn
Ở bắc giang thì tốt ạ
Em cần tư vấn về luật doanh nghiệp đặc biệt là thuế dn
Ở bắc giang thì tốt ạ",https://www.facebook.com/groups/916590766469882/posts/1466289708166649/?__cft__[0]=AZZcHK69NFRV5m4bTZ2-NrhO_CkURfvrOGL4IYRqgvihzvv6yk5G4VOGypDlW25k3p5OLOemkfD3DwgmHEDpD4MpjhwoVS2RQu4ziF5_1OcxbrSYGioMHxzGLbAk37huy0MBZAASFW9Sk1GPVEP2wz-yNSzY3X7HH_fH2UyR5VQ28CJRfJANBW_GtgfOtgoVsH7HVTfgBBk5ie33-I0jAXh0&__tn__=%2CP-R,"Luật Doanh nghiệp 2020 quy định về: thành lập, tổ chức quản lý, tổ chức lại, giải thể và hoạt động có liên quan của doanh nghiệp (Điều 1). Các quyền của doanh nghiệp được quy định tại Điều 7, nghĩa vụ tại Điều 8. Về thuế doanh nghiệp (thuế TNDN), không thuộc phạm vi Luật DN 2020 mà được quy định tại Luật Thuế thu nhập doanh nghiệp và các văn bản hướng dẫn. Doanh nghiệp có nghĩa vụ nộp thuế đầy đủ theo quy định pháp luật về thuế (Điều 8 khoản 4 LDN 2020).","Điều 1 LDN 2020
Điều 7 LDN 2020
Điều 8 LDN 2020",59-2020-QH14:d1;59-2020-QH14:d7;59-2020-QH14:d8
279,"Loại 8: Quản trị công ty - HĐQT, ĐHĐCĐ, cổ đông, điều lệ","Cần tư vấn quản trị nội bộ doanh nghiệp HCM. Vì khá nhạy cảm nên em ẩn danh. Để lại cmt em inbox nhé
Cần tư vấn quản trị nội bộ doanh nghiệp HCM. Vì khá nhạy cảm nên em ẩn danh. Để lại cmt em inbox nhé",https://www.facebook.com/groups/916590766469882/posts/1466140961514857/?__cft__[0]=AZb9adwW7nIjE6HAW8f_4TyVXRNKgxeswMbPGo__10liUWF727_4Z1n58Snx9G_IXc4H6hT9BNf3qZdgEunorB8Urg63zkjWcqNyUJeVQpdbuTySYOtaYdvCZl_tI4EzfeiSlxeFMo1SJVsWgL_5tZr_k-T6G3k57na4xLDp0EFUh5ZzRWHiGRnpoPKqJoIVF-xF8YGThmGlaLQZFLu6j5sM&__tn__=%2CP-R,"Để được tư vấn quản trị nội bộ doanh nghiệp, bạn có thể tham khảo các quy định về cơ cấu tổ chức quản lý doanh nghiệp trong Luật Doanh nghiệp 2020. Tùy thuộc loại hình doanh nghiệp (công ty TNHH, công ty cổ phần...), cơ cấu quản lý sẽ khác nhau. Công ty TNHH 2 thành viên trở lên có Hội đồng thành viên, Chủ tịch HĐTV, Giám đốc/TGĐ (Điều 55-64). Công ty cổ phần có Đại hội đồng cổ đông, HĐQT, Giám đốc/TGĐ, Ban kiểm soát (Điều 137-175). Bạn nên liên hệ luật sư hoặc đơn vị tư vấn pháp lý chuyên nghiệp để được hỗ trợ chi tiết.","Điều 55-64 LDN 2020 (Cty TNHH)
Điều 137-175 LDN 2020 (Cty CP)",59-2020-QH14:d55;59-2020-QH14:d56;59-2020-QH14:d57;59-2020-QH14:d58;59-2020-QH14:d59;59-2020-QH14:d60;59-2020-QH14:d61;59-2020-QH14:d62;59-2020-QH14:d63;59-2020-QH14:d64;59-2020-QH14:d137;59-2020-QH14:d138;59-2020-QH14:d139;59-2020-QH14:d140;59-2020-QH14:d141;59-2020-QH14:d142;59-2020-QH14:d143;59-2020-QH14:d144;59-2020-QH14:d145;59-2020-QH14:d146;59-2020-QH14:d147;59-2020-QH14:d148;59-2020-QH14:d149;59-2020-QH14:d150;59-2020-QH14:d151;59-2020-QH14:d152;59-2020-QH14:d153;59-2020-QH14:d154;59-2020-QH14:d155;59-2020-QH14:d156;59-2020-QH14:d157;59-2020-QH14:d158;59-2020-QH14:d159;59-2020-QH14:d160;59-2020-QH14:d161;59-2020-QH14:d162;59-2020-QH14:d163;59-2020-QH14:d164;59-2020-QH14:d165;59-2020-QH14:d166;59-2020-QH14:d167;59-2020-QH14:d168;59-2020-QH14:d169;59-2020-QH14:d170;59-2020-QH14:d171;59-2020-QH14:d172;59-2020-QH14:d173;59-2020-QH14:d174;59-2020-QH14:d175
280,"Loại 7: Thay đổi ĐKKD - Địa chỉ, tên, ngành nghề","Hi anh chị bên em muốn thay đổi địa điểm kinh doanh, bên em chưa cập nhật ngành nghề kế toán dịch vụ bên em báo phải cập nhật lại ngành nghề và cập nhật lại địa chỉ của chủ sở hữu theo địa giới hành chính ( địa chỉ chủ sở hữu có bắt buộc cập nhật không ạ ?) sau đó mới thay đổi địa điểm kinh doanh được ạ",https://www.facebook.com/groups/916590766469882/posts/1465414808254139/?__cft__[0]=AZYb5aeEsPNWSwAr5MFr4DqdHJ7gg-e3OxJQDXtKWeTODPKkdfbW2_2qnquw9W3Vu1HSlO0wC5cVDUweA89D6AOFp6-RlPaDoMTsJCgornkWoS7NFF4mO_PWcJCyuYcTaBdwFSe5ju7RaCdLT960qE4M7d2G3BjTrUaSh8X8RBqZ422ylnKhwqzUaDCqtGntB8k&__tn__=%2CP-R,"Theo Điều 30 và Điều 31 Luật Doanh nghiệp 2020: 1) Khi thay đổi địa điểm kinh doanh (nếu thuộc nội dung GCN đăng ký doanh nghiệp), doanh nghiệp phải đăng ký thay đổi trong thời hạn 10 ngày kể từ ngày có thay đổi. 2) Việc thay đổi ngành nghề kinh doanh phải thông báo với Cơ quan đăng ký kinh doanh trong thời hạn 10 ngày. 3) Về địa chỉ chủ sở hữu: Theo Điều 28, địa chỉ liên lạc của chủ sở hữu là nội dung của GCN đăng ký doanh nghiệp, nên khi có thay đổi cần cập nhật theo Điều 30. Tuy nhiên, việc cập nhật theo địa giới hành chính mới (do Nhà nước điều chỉnh) thường được Cơ quan đăng ký kinh doanh cập nhật tự động hoặc doanh nghiệp có thể đề nghị cập nhật khi thực hiện thủ tục thay đổi khác.","Điều 28 LDN 2020
Điều 30 LDN 2020
Điều 31 LDN 2020",59-2020-QH14:d28;59-2020-QH14:d30;59-2020-QH14:d31
281,"Loại 5: Hộ kinh doanh - Đăng ký, thay đổi, chuyển đổi HKD","Mọi người ơi cho e hỏi e sỉ hàng handmade nhỏ trên nhóm Facebook .và đi đơn cho khách hàng .e nghe nói giờ phải làm giấy phép Kinh Doanh và có mã số thuế
Mới đi hàng đc . nếu làm giấy phép Kinh Doanh có mắc ko ạ .e cảm ơn",https://www.facebook.com/groups/916590766469882/posts/1464860594976227/?__cft__[0]=AZa8SGqSqvohWMz51rMu6lLhfsZdMdvZ4XrvSRHvsxcgD0_u6xR1QGpnIO6b4xentN_mwX3QIV-fI135RgR1iCxEDjmLr84x-RdF-w4ZqXzyk4oOYwUP1EhOwcis2LIlmM-wBwZYr8cVDk86qSl5aryNeIwhhSh2cC3DujkRC7gwuQQkXvFTyXGwDxpLmvswmG8vELU26sPBgp4ojw8KLOqx&__tn__=%2CP-R,"Theo Khoản 4 Điều 217 Luật Doanh nghiệp 2020, việc đăng ký và hoạt động của hộ kinh doanh do Chính phủ quy định (cụ thể tại Nghị định 01/2021/NĐ-CP). Với hoạt động bán hàng online handmade quy mô nhỏ, bạn có thể đăng ký hộ kinh doanh tại UBND cấp quận/huyện. Chi phí đăng ký hộ kinh doanh rất thấp (lệ phí khoảng 100.000 đồng). Khi đăng ký, bạn sẽ được cấp mã số thuế 10 số (cá nhân) hoặc 13 số (hộ kinh doanh). Đối với hoạt động bán hàng trên Facebook, cần tuân thủ quy định về thương mại điện tử và kê khai nộp thuế theo quy định.","Khoản 4 Điều 217 LDN 2020
Nghị định 01/2021/NĐ-CP",59-2020-QH14:d217:k4
282,"Loại 2: Loại hình doanh nghiệp - TNHH, Cổ phần, Hợp danh, DNTN","Anh chị luật sư cho em xin hỏi: bản quyền ( đã đăng ký có giấy chứng nhận bản quyền ) 1 sản phẩm phần mềm - ứng dụng công nghệ thông tin mà thuộc về 1 cá nhân, cá nhân này đồng thời cũng là chủ 1 pháp nhân là công ty tnhh 1 thành viên hoạt động lĩnh vực phần mềm này, thì bản quyền phần mềm của cá nhân giám đốc 1 thành viên có đồng thời được công nhận hợp pháp ( để cho công ty 1 thành viên này lấy phần mềm đó kinh doanh + xuất hóa dơn vat + ký kết các hợp đồng kinh tế liên quan đến phần mềm này ) ko ạ HAY có cần thiết phải LÀM THÊM HỢP ĐỒNG ỦY QUYỀN từ cá nhân ông giám đốc này cho công ty 1 thành viên sử dụng mục đích thương mại ạ . dạ em xin cảm ơn.",https://www.facebook.com/groups/916590766469882/posts/1464212718374348/?__cft__[0]=AZZSmer4IFa9TT6UkV_s6fn2oufuhEnb7zOLcytmgt03t7P5A3gmAtKQjwpjYGwrJuVc27Ss656I05YUwC4Mq7Fyba3Pk15Z9FlH5-2UZxheoQgWDhJJAf1YSOX9RuzkZHbfp-jo9YzBu2vCIZvPCXqXE9sTdThI5EtVpcAFOvRERSkBlGrWwp8CZ1mE0I25hrxVwj1xdLhVH1jjfDO0xv_4&__tn__=%2CP-R,"Theo Điều 74 Luật Doanh nghiệp 2020, công ty TNHH một thành viên là doanh nghiệp do một cá nhân hoặc tổ chức làm chủ sở hữu, có tư cách pháp nhân độc lập với chủ sở hữu. Về vấn đề bản quyền phần mềm: Dù chủ sở hữu công ty TNHH 1 thành viên là cá nhân đồng thời sở hữu bản quyền phần mềm, thì công ty và cá nhân vẫn là 2 chủ thể pháp lý độc lập. Theo Điều 86 LDN 2020 về hợp đồng với người có liên quan, bạn CẦN làm hợp đồng chuyển nhượng hoặc hợp đồng ủy quyền/li-xăng (license) từ cá nhân cho công ty để sử dụng phần mềm hợp pháp, phục vụ xuất hóa đơn VAT và ký kết hợp đồng kinh tế. Việc này cũng liên quan đến Luật Sở hữu trí tuệ về chuyển giao quyền sử dụng.","Điều 74 LDN 2020
Điều 86 LDN 2020
Luật Sở hữu trí tuệ",59-2020-QH14:d74;59-2020-QH14:d86
283,"Loại 5: Hộ kinh doanh - Đăng ký, thay đổi, chuyển đổi HKD","Mọi người cho e hỏi ạ!Em là hộ kinh doanh online về thời trang,chạy quảng cáo trên facebook,e đang muốn lấy hoá đơn hoặc chứng từ để có thể được khấu trừ chi phí nhưng hiện tại thì facebook chỉ cho áp mã số thuế 13 số mà bây giờ mã số thuế chuyển hết qua số cccd có 12 số!Theo ac giờ e phải làm thế nào để có thể lấy được chứng từ để được khấu trừ chi phia hợp lệ ạ?ai biết có thể tư vấn giúp e với ạ?",https://www.facebook.com/groups/916590766469882/posts/1456927645769522/?__cft__[0]=AZZBIcW2jtOtFi23YH3x3sIM7AFFIrpgPM6ymeoHFuPXxIog8hGxayder9P0S7qKp55YeQ7KUx0bI9pmrQWzr_uvesJD9pQBrFL_jY2bB9b7XS3rGSG7Jx0ueP0rT8nAivdNHAJoCetC11kXAnMVIqu4kmRI-n-XqKUD_--VR7CwFaKTLPbmX5fyk7EmyXurXrKoct55yaEayH1kMEChtOPE&__tn__=%2CP-R,"Câu hỏi về mã số thuế và khấu trừ chi phí không thuộc phạm vi điều chỉnh trực tiếp của Luật Doanh nghiệp 2020. Theo Khoản 4 Điều 217 LDN 2020, hộ kinh doanh được Chính phủ quy định tại NĐ 01/2021/NĐ-CP. Về vấn đề mã số thuế: Mã số thuế của hộ kinh doanh cá thể hiện nay là 10 số (theo CCCD) hoặc 13 số (theo mã số thuế cũ). Facebook đang yêu cầu 13 số là theo quy định cũ. Bạn có thể: 1) Liên hệ Chi cục Thuế để được cấp mã số thuế 13 số cho hộ kinh doanh; 2) Hoặc chuyển đổi lên loại hình doanh nghiệp (công ty TNHH 1TV) để có mã số thuế 10 số và dễ dàng lấy hóa đơn VAT. Nên tham khảo ý kiến kế toán viên hoặc đại lý thuế.","Khoản 4 Điều 217 LDN 2020
NĐ 01/2021/NĐ-CP
Luật Quản lý thuế",59-2020-QH14:d217:k4
284,"Loại 4: Người đại diện pháp luật - Điều kiện, thay đổi, trách nhiệm","Cần hỗ trợ tư vấn làm lại đăng ký kinh doanh
Công ty mình là TNHH 2 thành viên . Bạn mình là đại diện pháp luật mất rồi , Cần hỗ trợ thay người đại diện pháp luật , Bác nào chuyên mảng này để lại sdt mình liên hệ . Mình cần dịch vụ ở hà nội",https://www.facebook.com/groups/771779662967885/posts/4149734615172356/?__cft__[0]=AZbEMZJ_SsBPu_Xls0s4fXQKksXnVRs4RK02bfrfwekw-cJdWg_y2t2XcS9AnpWv5YlizNEPt1ooHifSkAwJ5So5L-MJCze8v-FVZ2k2GeBp73JOKxJ3KMcbpDQAPvmhdzpbovrPukywcamZ5fH_wCXt8eT8d18DCVL_I7DpkPaIQgjCcSChE5-unhpAzLkksFE&__tn__=%2CP-R,"Theo Điều 12 Luật Doanh nghiệp 2020 về người đại diện theo pháp luật:

Khoản 6: Đối với công ty TNHH có hai thành viên, nếu có thành viên là cá nhân làm người đại diện theo pháp luật của công ty chết thì thành viên còn lại đương nhiên làm người đại diện theo pháp luật của công ty cho đến khi có quyết định mới của Hội đồng thành viên về người đại diện theo pháp luật của công ty.

Thủ tục cần làm:
1. Thành viên còn lại họp Hội đồng thành viên để ra quyết định cử người đại diện theo pháp luật mới
2. Nộp hồ sơ đăng ký thay đổi nội dung đăng ký doanh nghiệp theo Điều 30 LDN 2020 trong thời hạn 10 ngày kể từ ngày có thay đổi
3. Hồ sơ bao gồm: Thông báo thay đổi, quyết định/biên bản họp của HĐTV, giấy tờ pháp lý của người đại diện mới

Lưu ý: Cần có giấy chứng tử của người đại diện pháp luật đã mất để làm căn cứ thay đổi.","Điều 12 khoản 6 LDN 2020
Điều 30 LDN 2020",59-2020-QH14:d12:k6;59-2020-QH14:d30
285,"Loại 5: Hộ kinh doanh - Đăng ký, thay đổi, chuyển đổi HKD",Các bác cho em hỏi là hiện giờ đăng ký hộ kinh doanh ở Hà Nội có trả kết quả online như đăng ký doanh nghiệp không hay chỉ nộp online rồi phải đến tận nơi nhận kết quả ạ?,https://www.facebook.com/groups/771779662967885/posts/4149791461833338/?__cft__[0]=AZYSZmEYg-_-hvkEu2BTgk9xwzU6r98ZshuDL1rs6smrNwKt36TKpP-narMJ85ZLHCJo6e84QbEWBYcs_fQsd2Nx_WW0a1gAHHREOjVM4AHJJfRBA6OZDh98sDO1MhfBFOMvn5WvFJ7K0C0QjPWs1asUuUtnExsvbA6sJRuVIyip7wNDThxnUgzBdK9OHWAIYrLHUaBsp6dUwndCMhUWwHcI&__tn__=%2CP-R,"Theo Điều 217 khoản 4 Luật Doanh nghiệp 2020: Chính phủ quy định việc đăng ký và hoạt động của hộ kinh doanh.

Luật Doanh nghiệp 2020 không quy định chi tiết về thủ tục đăng ký hộ kinh doanh mà giao cho Chính phủ quy định. Việc đăng ký hộ kinh doanh được quy định tại Nghị định 01/2021/NĐ-CP về đăng ký doanh nghiệp.

Theo thực tế hiện nay, việc đăng ký hộ kinh doanh tại các địa phương có thể khác nhau về cách thức trả kết quả (online hay trực tiếp). Bạn nên liên hệ trực tiếp với Phòng Tài chính - Kế hoạch quận/huyện nơi đăng ký để được hướng dẫn cụ thể về quy trình trả kết quả tại địa phương đó.

Lưu ý: Việc trả kết quả online hay trực tiếp phụ thuộc vào hạ tầng công nghệ và quy định cụ thể của từng địa phương, không thuộc phạm vi điều chỉnh trực tiếp của Luật Doanh nghiệp 2020.",Điều 217 khoản 4 LDN 2020,59-2020-QH14:d217:k4
286,"Loại 1: Thành lập doanh nghiệp - Thủ tục, điều kiện, hồ sơ thành lập",2021 em có thành lâp cty 1tv và k hoạt đông có khê khai thuê mấy tháng. Nhưng chưa hoạt động. Nhưng sau đó em có viêc riêng k hoạt động. Sau bị thuế khoá lại. Và bây giờ muốn hoặt động lại thuế bảo phải nộp 40tr . Nếu k nộp em TL doanh nghiêp khâc đc k ạ tư vấn giúp em ạ,https://www.facebook.com/groups/771779662967885/posts/4149688731843611/?__cft__[0]=AZYE1IALS9HCopCmlqa6Kar8uC0oGsqo4fviJNyHTEsyrCAS2Z3xS3b-__dwvzE-NDdu22NPvPi5tiB9bCljHjxWATjCLMDKiMIDK7JgE7SrCcQ_yTjDBkVcL_uq7pB1yhCwsR4MmiU0T87NbRTINlfKZ8Z2fvXf2QXs9-oTeEYDsDG7XKWBqClcVSwlS_3NXnFCq4nLSomjIKYbpv4c9gH9&__tn__=%2CP-R,"Theo Điều 17 Luật Doanh nghiệp 2020 về quyền thành lập doanh nghiệp:

Khoản 2 liệt kê các đối tượng không có quyền thành lập và quản lý doanh nghiệp tại Việt Nam, bao gồm:
- Cơ quan nhà nước, đơn vị lực lượng vũ trang
- Cán bộ, công chức, viên chức
- Người chưa thành niên, người mất/hạn chế năng lực hành vi dân sự
- Người đang bị truy cứu trách nhiệm hình sự, tạm giam, chấp hành hình phạt tù...
- Các trường hợp theo quy định của Luật Phá sản, Luật Phòng chống tham nhũng

Luật Doanh nghiệp 2020 KHÔNG quy định việc nợ thuế cá nhân là căn cứ để cấm thành lập doanh nghiệp mới. Tuy nhiên, theo Luật Quản lý thuế và các quy định liên quan, cơ quan thuế có thể áp dụng các biện pháp cưỡng chế như không cấp hóa đơn, đình chỉ sử dụng hóa đơn cho doanh nghiệp mới nếu chủ doanh nghiệp còn nợ thuế chưa hoàn thành.

Khuyến nghị: Nên hoàn thành nghĩa vụ thuế của công ty cũ trước khi thành lập công ty mới để tránh rủi ro pháp lý.",Điều 17 LDN 2020,59-2020-QH14:d17
287,"Loại 8: Quản trị công ty - HĐQT, ĐHĐCĐ, cổ đông, điều lệ","Em cần soạn điều lệ và quy chế công ty, ai hỗ trợ e ko ạ",https://www.facebook.com/groups/771779662967885/posts/4148765351935949/?__cft__[0]=AZYIiqUk8VOhBKdwgLmpWNhHf-h4lNvKm7YEWB7Mf-ifhuPtNqoWStauwqlPU4SkQkUSb74z3sudmvsvs_PXB8i0ta0UD0wj7BgFwjhm98f9a4UDJyDstdhYGQcRLNeifnRLtYmjO2Zxh2xPmCg7rXnFhYT0CcuoWVrL0G-szLgo9-pjWrZljQUNNqXeD1vjL9B_enSxrCRcfl3igtt7WYlU&__tn__=%2CP-R,"Theo Điều 24 Luật Doanh nghiệp 2020, Điều lệ công ty phải bao gồm các nội dung chủ yếu sau:

1. Tên, địa chỉ trụ sở chính; tên, địa chỉ chi nhánh và văn phòng đại diện (nếu có)
2. Ngành, nghề kinh doanh
3. Vốn điều lệ
4. Họ, tên, địa chỉ, quốc tịch của thành viên/chủ sở hữu; phần vốn góp và giá trị vốn góp
5. Quyền và nghĩa vụ của thành viên
6. Cơ cấu tổ chức quản lý
7. Số lượng, chức danh quản lý và quyền, nghĩa vụ của người đại diện theo pháp luật
8. Thể thức thông qua quyết định của công ty; nguyên tắc giải quyết tranh chấp nội bộ
9. Căn cứ và phương pháp xác định tiền lương, thù lao, thưởng
10. Trường hợp thành viên có quyền yêu cầu công ty mua lại phần vốn góp
11. Nguyên tắc phân chia lợi nhuận sau thuế và xử lý lỗ
12. Trường hợp giải thể, trình tự giải thể và thủ tục thanh lý tài sản
13. Thể thức sửa đổi, bổ sung Điều lệ công ty

Về quy chế công ty: Đây là văn bản nội bộ do công ty tự xây dựng, không bắt buộc theo Luật Doanh nghiệp nhưng nên có để quản lý hoạt động.",Điều 24 LDN 2020,59-2020-QH14:d24
288,"Loại 5: Hộ kinh doanh - Đăng ký, thay đổi, chuyển đổi HKD","Mình mới chuyển đổi từ HKD lên doanh nghiệp
Đã xin xong giấy phép kinh doanh, tiếp theo mình cần làm gì bên thuế ạ
Nhờ cả nhà có kinh nghiệm giải đáp giúp mình với ạ",https://www.facebook.com/groups/771779662967885/posts/4148830288596122/?__cft__[0]=AZYsAHpN-KItGsrhbGSwKKqBI8qAJGrdmsryzrXuzr52f0BgwV8O3POPd89xXpoKr3fAgOr1R4OSocLMPI1XAMYqMVOCt2W-MCGx79ID4qMMBOxoSFjBBS3AoNQEuEbY7tnEE38Jup_GQnuWVEhZv1CxsCGgg9MVzSTjHwqZwL1Jy_hhjQ2funtGVsx4FN6DjD-f1nxPgu60l4KbkrG8dYhh&__tn__=%2CP-R,"Theo Luật Doanh nghiệp 2020:

Điều 217 khoản 4 quy định: Chính phủ quy định việc đăng ký và hoạt động của hộ kinh doanh. Việc chuyển đổi từ hộ kinh doanh lên doanh nghiệp là thủ tục đăng ký doanh nghiệp mới.

Sau khi được cấp Giấy chứng nhận đăng ký doanh nghiệp, theo Điều 8 LDN 2020 về nghĩa vụ của doanh nghiệp:
- Khoản 4: Tổ chức công tác kế toán, nộp thuế và thực hiện các nghĩa vụ tài chính khác theo quy định của pháp luật

Các bước cần làm bên thuế (theo quy định của Luật Quản lý thuế, không thuộc LDN 2020):
1. Đăng ký mã số thuế doanh nghiệp (thường được cấp cùng với mã số doanh nghiệp)
2. Khai thuế ban đầu với cơ quan thuế quản lý
3. Đăng ký hóa đơn điện tử
4. Mua chữ ký số (token) nếu cần thiết
5. Kê khai thuế định kỳ theo quy định

Lưu ý: Cần chốt thuế và xử lý nghĩa vụ thuế của hộ kinh doanh cũ trước khi hoạt động dưới hình thức doanh nghiệp mới.","Điều 217 khoản 4 LDN 2020
Điều 8 khoản 4 LDN 2020",59-2020-QH14:d217:k4;59-2020-QH14:d8:k4
289,"Loại 5: Hộ kinh doanh - Đăng ký, thay đổi, chuyển đổi HKD",Dạ anh chị cho em hỏi nhờ mình muốn chuyển hộ kinh doanh sang công ty TNHH 2 thành viên thì hồ sơ gồm những gì ạ. Em cảm ơn ạ,https://www.facebook.com/groups/771779662967885/posts/4147353255410492/?__cft__[0]=AZYE37IRdiO_yB9hJQyF7Me2yra_jgElGhwPfl0Zu-_i3FmYF1G-B_WGzFWrj91o1glNUV-4gQ8yIbhP9dJ8EGBjnt9lUls4SstS1Ze5COEMSeP5ujutNeC-PYTtuGSjlHnDW_yOu3JvDSDjLoeWvrF9VAr4zu8pgQA3FLyC1i82o7zeI1DhUkwdBbByDQbHFNcZ-FHoP-Vsfgo-Cc3glNO0&__tn__=%2CP-R,"Theo Luật Doanh nghiệp 2020, để chuyển đổi hộ kinh doanh sang công ty TNHH 2 thành viên, cần thực hiện đăng ký doanh nghiệp mới.

Hồ sơ đăng ký công ty TNHH 2 thành viên theo Điều 21 LDN 2020 bao gồm:

1. Giấy đề nghị đăng ký doanh nghiệp (theo mẫu quy định)
2. Điều lệ công ty (nội dung theo Điều 24 LDN 2020)
3. Danh sách thành viên (nội dung theo Điều 25 LDN 2020)
4. Bản sao các giấy tờ pháp lý:
   a) Giấy tờ pháp lý của cá nhân đối với thành viên là cá nhân (CCCD/CMND/Hộ chiếu) và người đại diện theo pháp luật
   b) Giấy tờ pháp lý của tổ chức đối với thành viên là tổ chức (nếu có)

Ngoài ra, theo Nghị định 01/2021/NĐ-CP về đăng ký doanh nghiệp, cần bổ sung:
- Văn bản xác nhận về địa điểm đặt trụ sở chính (hợp đồng thuê hoặc giấy tờ chứng minh quyền sử dụng địa điểm)
- Giấy đăng ký hộ kinh doanh (để làm căn cứ chốt thuế và chấm dứt hoạt động HKD)

Lưu ý: Cần chấm dứt hoạt động hộ kinh doanh và hoàn thành nghĩa vụ thuế trước khi đăng ký doanh nghiệp mới.","Điều 21 LDN 2020
Điều 24 LDN 2020
Điều 25 LDN 2020",59-2020-QH14:d21;59-2020-QH14:d24;59-2020-QH14:d25
290,"Loại 7: Thay đổi ĐKKD - Địa chỉ, tên, ngành nghề","dạ anh, chị cho em hỏi chút là Công ty em làm chuyển trụ sở khác tỉnh hiện đã nhận được mẫu 09 và đã thông báo cho phòng đkkd nhưng chưa được phòng đkkd chấp thuận dẫn đến chưa khai thuế được. vậy trong trường hợp quá thời hạn nộp khai thuế quý thì có bị phạt không ạ",https://www.facebook.com/groups/771779662967885/posts/4147413958737755/?__cft__[0]=AZYyelo40E9qYGOMzbGJBU3OzctypbeLgcAazWUZvznbKQYNda4UTfMPNdbHrFTBwTDwzt3gCvHDBs0K1BTt-dEwpwtqilaYPxEsVnY5IqBm_wCPvUiFcsENIUx4y5dsEzsydkgrd6hhIXk2k2A9wPufD1jVfT_uwuuRXqFsOX4qtQeg-AMxF0hRW1NbR1I7Wz6PLVK3RGJxHLEhX8zmJ7-E&__tn__=%2CP-R,"Theo Điều 30 Luật Doanh nghiệp 2020 về đăng ký thay đổi nội dung Giấy chứng nhận đăng ký doanh nghiệp:

- Khoản 2: Doanh nghiệp chịu trách nhiệm đăng ký thay đổi nội dung Giấy chứng nhận ĐKDN trong thời hạn 10 ngày kể từ ngày có thay đổi.
- Khoản 3: Trong thời hạn 03 ngày làm việc kể từ ngày nhận hồ sơ hợp lệ, Cơ quan đăng ký kinh doanh có trách nhiệm cấp Giấy chứng nhận ĐKDN mới.

Về vấn đề khai thuế:
Luật Doanh nghiệp 2020 không quy định cụ thể về thời hạn khai thuế - đây thuộc phạm vi điều chỉnh của Luật Quản lý thuế. Tuy nhiên, theo Điều 8 khoản 4 LDN 2020, doanh nghiệp có nghĩa vụ nộp thuế và thực hiện các nghĩa vụ tài chính theo quy định.

Về việc chậm nộp tờ khai thuế do chưa được phòng ĐKKD chấp thuận:
Doanh nghiệp nên có văn bản giải trình với cơ quan thuế về lý do chậm nộp (do đang trong quá trình chuyển trụ sở khác tỉnh), kèm theo các chứng từ như mẫu 09 đã nhận và thông báo gửi phòng ĐKKD. Việc phạt hay không phụ thuộc vào quy định của Luật Quản lý thuế và quyết định của cơ quan thuế.","Điều 30 LDN 2020
Điều 8 khoản 4 LDN 2020",59-2020-QH14:d30;59-2020-QH14:d8:k4
291,"Loại 1: Thành lập doanh nghiệp - Thủ tục, điều kiện, hồ sơ thành lập",Đại diện pháp luật nợ thuế thì có thành lập cty mới khác được không vậy anh chị?,https://www.facebook.com/groups/771779662967885/posts/4146158318863319/?__cft__[0]=AZYkcIlyCF_as5IRqmKDES4YYsiSWccanriSf8v8qAzgOI2kAt__gGPHOMe1BW2stUdAbcn2_LJMZc0SNGQDSL0v2zOQOqUENwcfoRtjUZ6O5z27KEA-Mmam-K4orYYxoBb6cJ0bgRNICL4ucyLH5UfhNvOPBCpE-M0SxusdijA_k_TAuC36vDYO3hONrO9kT7TVpv8rN0vnTlsdxSxIj_Wh&__tn__=%2CP-R,"Theo Điều 17 Luật Doanh nghiệp 2020 về quyền thành lập, góp vốn, mua cổ phần, mua phần vốn góp và quản lý doanh nghiệp:

Khoản 2 liệt kê các đối tượng KHÔNG có quyền thành lập và quản lý doanh nghiệp tại Việt Nam:
a) Cơ quan nhà nước, đơn vị lực lượng vũ trang
b) Cán bộ, công chức, viên chức
c) Sĩ quan, hạ sĩ quan, quân nhân chuyên nghiệp...
d) Cán bộ lãnh đạo, quản lý nghiệp vụ trong doanh nghiệp nhà nước
đ) Người chưa thành niên; người mất/hạn chế năng lực hành vi dân sự
e) Người đang bị truy cứu trách nhiệm hình sự, tạm giam, chấp hành hình phạt tù, bị Tòa án cấm đảm nhiệm chức vụ...
g) Tổ chức là pháp nhân thương mại bị cấm kinh doanh theo Bộ luật Hình sự

Luật Doanh nghiệp 2020 KHÔNG quy định người đại diện pháp luật nợ thuế bị cấm thành lập công ty mới. Tuy nhiên, theo Luật Quản lý thuế, cơ quan thuế có thể áp dụng các biện pháp cưỡng chế đối với doanh nghiệp mới nếu người thành lập còn nợ thuế chưa hoàn thành tại doanh nghiệp cũ.

Khuyến nghị: Nên hoàn thành nghĩa vụ thuế trước khi thành lập công ty mới để tránh rủi ro.",Điều 17 LDN 2020,59-2020-QH14:d17
292,"Loại 9: Chuyển nhượng vốn/cổ phần - Mua bán, thừa kế","Dạ anh chị cho em hỏi ở Thành phố HCM, trường hợp chuyển nhượng vốn góp cho 1tv khác thì khi nộp hồ sơ lên Sở nộp kèm Hợp đồng chuyển nhượng là được. Hay phải nộp kèm Biên Bản thanh lý hợp đồng nữa ạ",https://www.facebook.com/groups/771779662967885/posts/4145050388974112/?__cft__[0]=AZYtvO-h-ud1FfDBQ1ERDDZleuVs9zufIk2R6vJY6ZB3wux8rxgKGUtoCspVYOr6qPXSYwZs3PTySQqiH_LpRim9MIg4aHE6jDp4yBvSAVTAAoUBP2RTkDTD7pYBKZoZTttnDEIo3VUCbGBvIgUc6GLDYYA6FDalJU-onF8XNbd8CoRIfPTUarRebppOYK5Y5eXf3dTY_1NKsCzkQfR7PA1J&__tn__=%2CP-R,"Theo Điều 52 Luật Doanh nghiệp 2020 về chuyển nhượng phần vốn góp:

Khoản 1: Thành viên công ty TNHH 2 thành viên trở lên có quyền chuyển nhượng một phần hoặc toàn bộ phần vốn góp của mình cho người khác theo quy định:
a) Chào bán phần vốn góp đó cho các thành viên còn lại theo tỷ lệ tương ứng với phần vốn góp của họ trong công ty với cùng điều kiện chào bán
b) Chuyển nhượng cho người không phải là thành viên nếu các thành viên còn lại không mua hoặc không mua hết trong thời hạn 30 ngày kể từ ngày chào bán

Khoản 3: Công ty phải thực hiện đăng ký thay đổi nội dung ĐKDN trong thời hạn 15 ngày kể từ ngày hoàn thành việc chuyển nhượng.

Về hồ sơ nộp lên Sở KHĐT:
Theo Luật Doanh nghiệp và Nghị định 01/2021/NĐ-CP, hồ sơ thay đổi thành viên do chuyển nhượng vốn góp bao gồm:
1. Thông báo thay đổi nội dung đăng ký doanh nghiệp
2. Hợp đồng chuyển nhượng phần vốn góp
3. Biên bản họp/Quyết định của Hội đồng thành viên về việc chấp thuận chuyển nhượng
4. Danh sách thành viên sau chuyển nhượng
5. Giấy tờ pháp lý của thành viên mới

Về biên bản thanh lý hợp đồng: Luật Doanh nghiệp không bắt buộc nộp kèm. Tuy nhiên, thực tế một số địa phương có thể yêu cầu. Bạn nên liên hệ Sở KHĐT TP.HCM để xác nhận yêu cầu cụ thể.","Điều 52 LDN 2020
Điều 31 LDN 2020",59-2020-QH14:d52;59-2020-QH14:d31
293,"Loại 3: Vốn điều lệ - Góp vốn, tăng/giảm vốn, vốn pháp định",Doanh nghiệp mới tăng vốn tháng 11-12/2025 thì bây giờ T1 giảm vốn có sao không ạ anh chị.,https://www.facebook.com/groups/771779662967885/posts/4146321678846983/?__cft__[0]=AZbJ_30kDC6A-VjpVkLdCdz0xZUHdNOmeboCMSVty1C3szBn-82J_E6PmjzQpU3FJlkZgTw_mgI3Iq9ulEbUnNT8Xxgzc5tF5nr7yrkKndGCCkZhk5HRTdksq4XSULD6dIRhCFh0neVqqpJTW-z_vQ-s77YQb-F-_Cx-pPVfD-aWpFsIJWDKhMsTXN3z5l_rucUddpUNBsB3pHodgmhpXj5O&__tn__=%2CP-R,"Theo Điều 68 và Điều 112 Luật Doanh nghiệp 2020, việc giảm vốn điều lệ chỉ được thực hiện trong các trường hợp sau: (1) Hoàn trả một phần vốn góp cho thành viên/cổ đông nếu công ty đã hoạt động kinh doanh liên tục từ 02 năm trở lên kể từ ngày đăng ký thành lập doanh nghiệp và bảo đảm thanh toán đủ các khoản nợ và nghĩa vụ tài sản khác; (2) Công ty mua lại phần vốn góp/cổ phần của thành viên/cổ đông; (3) Vốn điều lệ không được các thành viên/cổ đông thanh toán đầy đủ và đúng hạn. Do đó, nếu công ty mới tăng vốn tháng 11-12/2025 và muốn giảm vốn vào tháng 1/2026, cần xem xét: nếu công ty chưa hoạt động liên tục 2 năm thì không được giảm vốn theo trường hợp (1); chỉ có thể giảm vốn theo trường hợp (2) hoặc (3). Nếu vốn tăng thêm chưa được góp đủ trong 90 ngày thì phải điều chỉnh giảm vốn tương ứng.","Điều 68 LDN 2020
Điều 112 LDN 2020
Điều 47 LDN 2020
Điều 113 LDN 2020",59-2020-QH14:d68;59-2020-QH14:d112;59-2020-QH14:d47;59-2020-QH14:d113
294,"Loại 7: Thay đổi ĐKKD - Địa chỉ, tên, ngành nghề","Công ty có nộp hồ sơ đăng ký thay đổi địa chỉ trụ sở
kết quả hồ sơ và Giấy chứng nhận ĐKDN đã được trả vào ngày 25/12/2025. Tuy nhiên, tính đến hôm nay (ngày 30/12/2025), file Giấy chứng nhận ĐKDN điện tử trên hệ thống vẫn chưa được cập nhật con dấu và chữ ký số của Phòng Đăng ký kinh doanh.
Vậy bên em phải xử lý ntn để được cấp GPKD có ký số ạ",https://www.facebook.com/groups/771779662967885/posts/4136902979788853/?__cft__[0]=AZbD1xCjUmHrBSIxOGC5xVqJNQfQOriWUYMWh8rLjcFpeQysjp58Wo8YwB5A_KvsVp3gElBogX0v3mK9H2jKntNjaV0SN_9De7kR7Q042dQ2OT46NLvM0KTMugUktXDUBBeVOzuI5n3s3a8t6lMtwCnYzULjxcK69ADYnJJwkXcT0NKhuPLCRjLJVdfRtbRkxMl3AjbiVlR95OoOuyFKaJa9&__tn__=%2CP-R,"Đây là vấn đề về thủ tục hành chính của Phòng Đăng ký kinh doanh, không phải quy định trong Luật Doanh nghiệp 2020. Trong trường hợp này, công ty nên: (1) Liên hệ trực tiếp với Phòng Đăng ký kinh doanh nơi đã nộp hồ sơ để được hỗ trợ; (2) Gọi điện đến hotline hỗ trợ của Cổng thông tin đăng ký doanh nghiệp quốc gia; (3) Gửi phản hồi qua Cổng dịch vụ công để được xử lý. Theo Điều 30 LDN 2020, trong thời hạn 03 ngày làm việc kể từ ngày nhận hồ sơ hợp lệ, Cơ quan đăng ký kinh doanh có trách nhiệm xem xét và cấp Giấy chứng nhận đăng ký doanh nghiệp mới.",Điều 30 LDN 2020,59-2020-QH14:d30
295,"Loại 1: Thành lập doanh nghiệp - Thủ tục, điều kiện, hồ sơ thành lập","Dạ anh chị cho em hỏi nhờ với ạ. Hiện tại em đang nộp hồ sơ bổ sung nhưng để trạng thái hồ sơ là thất bại. Không có chỗ bổ sung ạ. Không biết bị lỗi hay như thế nào ạ. Anh, chị đã gặp tình trạng này chưa ạ. Nhờ anh, chị hỗ trợ giúp. Em cảm ơn ạ",https://www.facebook.com/groups/771779662967885/posts/4146321278847023/?__cft__[0]=AZbfWgkhR7_eOvy9pFvP470CM8KzcgzUQdXgq8r1yokMQBfi_jxgrJ2KAGNYv-TtXLPG8Bcsv2T3r7z01lVp040W1glmxWji8GPsDuRWX2d8V7h6UHrmJNr5L5vuCzJx4lqT1RhFdIwZoBEKrUvmrJ-D2_HWv2WfKfizbckbxN1ECJYzPTysXWrlM_r35n6AbSudnaH2LHyoQrVDVBPVFMrj9xVkZ5BTe8GzAXwqKceMaw&__tn__=%2CP-R,"Đây là vấn đề kỹ thuật của hệ thống đăng ký kinh doanh trực tuyến, không phải quy định trong Luật Doanh nghiệp 2020. Khi gặp tình trạng nộp hồ sơ bổ sung nhưng trạng thái thất bại, bạn nên: (1) Kiểm tra lại kết nối internet và trình duyệt web; (2) Thử đăng xuất và đăng nhập lại hệ thống; (3) Liên hệ hotline hỗ trợ kỹ thuật của Cổng thông tin đăng ký doanh nghiệp quốc gia (dangkykinhdoanh.gov.vn); (4) Nộp hồ sơ trực tiếp tại Phòng Đăng ký kinh doanh nếu vấn đề không được giải quyết. Theo Điều 30, 31 LDN 2020, doanh nghiệp có trách nhiệm đăng ký thay đổi trong thời hạn 10 ngày kể từ ngày có thay đổi.","Điều 30 LDN 2020
Điều 31 LDN 2020",59-2020-QH14:d30;59-2020-QH14:d31
296,"Loại 2: Loại hình doanh nghiệp - TNHH, Cổ phần, Hợp danh, DNTN","Mình muốn giảm mệnh giá cổ phần, tương ứng sẽ tăng số lượng cổ phần để tổng vốn điều lệ không thay đổi. Vậy làm hồ sơ đăng ký thay đổi như nào vậy nhỉ? Không thấy có quy định tương ứng với trường hợp của mình, nhờ các bạn trong nhóm giúp đỡ ạ",https://www.facebook.com/groups/771779662967885/posts/4146310495514768/?__cft__[0]=AZajjyC82wx4qPtvcd8zHi5WmAUGmPsaXBKlD1TngSsB4gr1JVnc7qZ9GU8Vos9gS8BwBlBAmkwlW3YYs5NNT4vcBSwsLkKeWZIE27yuaXF33_qSZkqpAXoc8ocojwlqfNYKKdbfgp4XBV5WG9Qe70gwAQfOayKbGG-hMVKkvrkmqlk0bheXalevbdTNQkaDTnQCiG7pIYrX8uCARFS8rpYc&__tn__=%2CP-R,"Theo Điều 111 và Điều 112 Luật Doanh nghiệp 2020, vốn điều lệ của công ty cổ phần là tổng mệnh giá cổ phần các loại đã bán. Việc thay đổi mệnh giá cổ phần (giảm mệnh giá và tăng số lượng cổ phần tương ứng) trong khi giữ nguyên vốn điều lệ thực chất là việc tách cổ phần (stock split). Để thực hiện, công ty cần: (1) Tổ chức họp Đại hội đồng cổ đông để quyết định việc thay đổi mệnh giá cổ phần và số lượng cổ phần; (2) Sửa đổi Điều lệ công ty về mệnh giá và số lượng cổ phần; (3) Thông báo thay đổi nội dung đăng ký doanh nghiệp đến Cơ quan đăng ký kinh doanh theo Điều 31 LDN 2020 trong thời hạn 10 ngày kể từ ngày có thay đổi; (4) Cập nhật sổ đăng ký cổ đông. Lưu ý: Luật không quy định cụ thể về mệnh giá tối thiểu, nhưng thực tế thường áp dụng mệnh giá 10.000 đồng/cổ phần.","Điều 111 LDN 2020
Điều 112 LDN 2020
Điều 31 LDN 2020
Điều 138 LDN 2020",59-2020-QH14:d111;59-2020-QH14:d112;59-2020-QH14:d31;59-2020-QH14:d138
297,"Loại 3: Vốn điều lệ - Góp vốn, tăng/giảm vốn, vốn pháp định","anh/chị ơi cho em hỏi vấn đề này với ạ. Công ty em vốn điều lệ 300 tỷ ( có cả tổ chức, cá nhân góp vốn). Vừa rồi e nộp hs thay đổi trụ sở thì chuyên viên ra thông báo bổ sung báo cáo tình hình góp vốn điều lệ, chứng từ.......do cty vốn lớn hơn 100 tỷ. Trong trường hợp không chứng minh được đã góp đủ vốn thì phải làm sao ạ ? có anh/chị nào gặp trường hợp này chưa cho em xin ý kiến với ạ",https://www.facebook.com/groups/771779662967885/posts/4143998125746005/?__cft__[0]=AZZHOX9wC2TVdD3KnKpg21lcik05K3hKwGgbLIEJFpkWORvbl3Cg62vpSwAwed9ex5Hrw-nPKp8GhYsoHaaCLV-no3mjyWCGuvCKV21K5tkXPNlg3176h42glyRC8tl_m9PELDNRO-3kH52zqlb9OxvOYY-2VR_-EjiRj1eLuidB91mUsF2qxorFJZNCRv7MCkobyfZBLjB1SSJZErE438Tr&__tn__=%2CP-R,"Theo Điều 47 và Điều 113 Luật Doanh nghiệp 2020, thành viên/cổ đông phải góp vốn đủ và đúng loại tài sản đã cam kết trong thời hạn 90 ngày kể từ ngày được cấp Giấy chứng nhận đăng ký doanh nghiệp. Nếu không góp đủ vốn điều lệ, phải đăng ký điều chỉnh vốn điều lệ bằng số vốn thực góp trong thời hạn 30 ngày. Theo Điều 16 khoản 5 LDN 2020, việc kê khai khống vốn điều lệ, không góp đủ số vốn điều lệ như đã đăng ký là hành vi bị cấm. Trong trường hợp không chứng minh được đã góp đủ 300 tỷ vốn điều lệ, công ty cần: (1) Đăng ký giảm vốn điều lệ về mức thực góp; (2) Bổ sung chứng từ góp vốn nếu có; (3) Các thành viên/cổ đông chưa góp đủ phải chịu trách nhiệm về nghĩa vụ tài chính của công ty tương ứng với phần vốn đã cam kết.","Điều 47 LDN 2020
Điều 113 LDN 2020
Điều 16 khoản 5 LDN 2020
Điều 68 LDN 2020
Điều 112 LDN 2020",59-2020-QH14:d47;59-2020-QH14:d113;59-2020-QH14:d16:k5;59-2020-QH14:d68;59-2020-QH14:d112
298,"Loại 1: Thành lập doanh nghiệp - Thủ tục, điều kiện, hồ sơ thành lập",Dạ anh chị cho em hỏi nhờ với ạ. Em nộp hồ sơ bổ sung nhưng báo thất bại thì vào chỗ nào sửa được lỗi này ạ. Em cảm ơn ạ,https://www.facebook.com/groups/771779662967885/posts/4146307005515117/?__cft__[0]=AZbo2ckE84lg7ISkfkF7GxVyxCGgL3_6_F1Q6YzxSQ9rkLwzBEd4eaghMK2pMmzztiL2YGRHExFYywf_S0dZ7d9aVTSIcdH06bvVBiZjkQ9QmQH_kxmHNPwow8gBypCDgMVaokH3rxRggz2zwPaSjNwluI47VOAQvOqtkSEnC0MShWPyROEAKPl-7GUg-705-uakf-WuIEl97qV-m-jY7qL-JiHg6DOU9qpNrrikGpPd0g&__tn__=%2CP-R,"Đây là vấn đề kỹ thuật của hệ thống đăng ký kinh doanh trực tuyến, không phải quy định trong Luật Doanh nghiệp 2020. Khi gặp lỗi thất bại khi nộp hồ sơ bổ sung, bạn nên: (1) Kiểm tra lại thông tin và file đính kèm trong hồ sơ, đảm bảo định dạng file đúng quy định (thường là PDF, dung lượng dưới 5MB); (2) Xóa bộ nhớ cache của trình duyệt và thử lại; (3) Sử dụng trình duyệt khác (Chrome, Firefox, Edge); (4) Liên hệ hotline hỗ trợ kỹ thuật của Cổng thông tin đăng ký doanh nghiệp quốc gia; (5) Nếu vấn đề không được giải quyết, có thể nộp hồ sơ trực tiếp tại Phòng Đăng ký kinh doanh. Theo Điều 30, 31 LDN 2020, việc đăng ký thay đổi phải thực hiện trong thời hạn 10 ngày kể từ ngày có thay đổi.","Điều 30 LDN 2020
Điều 31 LDN 2020",59-2020-QH14:d30;59-2020-QH14:d31
299,"Loại 1: Thành lập doanh nghiệp - Thủ tục, điều kiện, hồ sơ thành lập","Mọi người cho em hỏi với ạ.
Em đăng ký thành lập công ty mới hoàn toàn, em thấy có thể đăng ký online trên Cổng DVCQG.
Nhưng em chưa rành về thuế, đang phân vân nên tự đăng ký hay thuê dịch vụ làm trọn gói từ đầu (GPKD + thuế ban đầu + hóa đơn) để tránh sai sót.
Anh/chị nào có kinh nghiệm cho em xin lời khuyên ạ, em cảm ơn nhiều, em ở quận Bình Tân , HCM.",https://www.facebook.com/groups/771779662967885/posts/4137983006347517/?__cft__[0]=AZYTiSzCTJ3KL8_KNGW5vIc6ljjk97_6zrhed9W3jyMPcXgRAVD3jvuv702vqSt_sFPquTZg5Wu0zzj4NKlePgztThLyqVyJ9I5H0c7Qq9J13SX54t3ZKe4R3Ylb5pKLbH0cAIyOcsB8Mt2ot5Sj8eaqg-HidUEspzZVzIgsDN-FsrEzAmoZIZUh7jVdDxOqF3XWnVaGTvnXVP-7iZdnlsda&__tn__=%2CP-R,"Luật Doanh nghiệp 2020 không quy định bắt buộc phải thuê dịch vụ để đăng ký thành lập công ty. Theo Điều 26 và Điều 27 LDN 2020, bạn hoàn toàn có thể tự đăng ký trực tuyến qua Cổng thông tin đăng ký doanh nghiệp quốc gia (dangkykinhdoanh.gov.vn) hoặc Cổng dịch vụ công quốc gia. Việc tự đăng ký giúp tiết kiệm chi phí. Tuy nhiên, nếu bạn chưa có kinh nghiệm về thuế, kế toán, hóa đơn, việc thuê dịch vụ trọn gói có thể giúp: (1) Tránh sai sót trong hồ sơ đăng ký; (2) Được tư vấn chọn ngành nghề, vốn điều lệ phù hợp; (3) Hỗ trợ kê khai thuế ban đầu, đăng ký hóa đơn điện tử. Lời khuyên: Với người mới, có thể cân nhắc thuê dịch vụ lần đầu để học hỏi quy trình, sau đó tự thực hiện các thủ tục tiếp theo.","Điều 26 LDN 2020
Điều 27 LDN 2020",59-2020-QH14:d26;59-2020-QH14:d27
300,"Loại 2: Loại hình doanh nghiệp - TNHH, Cổ phần, Hợp danh, DNTN",Anh chị cho e hỏi Cty cổ phần mới thành lập thì cổ phần Chào bán có ghi trên hệ thống không. E k hiểu cổ phần Chào bán khi nào ghi,https://www.facebook.com/groups/771779662967885/posts/4143918709087280/?__cft__[0]=AZYknanxv5PWXim5LkvSub3C1tBBOvx1rtujoR6bfrZ2G5uTHgpM9011kbw7XN5nLigoREHMykT33j7naTj-8hVpPT_fsgB6SLhGj6FIKpGHb5TvxYnjn9Uf1A8j1vSrrGDZCuACVSc_NQkQiK3qzL8Gu39WTGZI8v8faPJBI1Pg9Kjoj6P1cr11ajc8RGFH7nYmXJEg__bGbdSz5G0K0bXk&__tn__=%2CP-R,"Theo Điều 112 Luật Doanh nghiệp 2020 về vốn của công ty cổ phần: (1) Cổ phần đã bán: là cổ phần được quyền chào bán đã được các cổ đông thanh toán đủ cho công ty. Khi đăng ký thành lập doanh nghiệp, cổ phần đã bán là tổng số cổ phần các loại đã được đăng ký mua. (2) Cổ phần được quyền chào bán: là tổng số cổ phần các loại mà Đại hội đồng cổ đông quyết định sẽ chào bán để huy động vốn. Khi đăng ký thành lập doanh nghiệp, đây là tổng số cổ phần mà công ty sẽ chào bán, bao gồm cổ phần đã được đăng ký mua và cổ phần chưa được đăng ký mua. (3) Cổ phần chưa bán: là cổ phần được quyền chào bán và chưa được thanh toán. Khi mới thành lập, cổ phần chào bán được ghi trong hồ sơ đăng ký doanh nghiệp dựa trên tổng số cổ phần mà công ty dự kiến chào bán theo Điều lệ công ty.","Điều 112 LDN 2020
Điều 120 LDN 2020
Điều 111 LDN 2020",59-2020-QH14:d112;59-2020-QH14:d120;59-2020-QH14:d111
301,"Loại 6: Giải thể & Phá sản - Thủ tục, thanh toán nợ, tạm ngưng","TP.HCM
Công ty mình thành lập 2010, hiện cty đang bị tạm khoá mst, nay mình muốn giải thể thì làm sao các bác?
Các bác hướng dẫn giúp mình nhé
Cảm ơn",https://www.facebook.com/groups/771779662967885/posts/4136902629788888/?__cft__[0]=AZZD3NT_cl2ZTss911NB56N4oSoOji1ROUt5YiwRDKG7KNWREFKDT3sEMLWmBOZc1PP3eVXdgJWq4ecGdVXn_10I21hJ1aFGOaUuh18XheYFe1BSnSDonCruDJ_8SamBlB1iKnNFXNxOSjATolK559B3ENgBw3U5GQHtD6YenZn3BLrkO6XgGK6A-rRlscn3hHWAr7YhVfOHH0OSfV8vMVZV&__tn__=%2CP-R,"Theo Điều 207 Luật Doanh nghiệp 2020, công ty bị thu hồi Giấy chứng nhận đăng ký doanh nghiệp thuộc trường hợp buộc phải giải thể. Trước khi giải thể, theo khoản 2 Điều 207, doanh nghiệp chỉ được giải thể khi bảo đảm thanh toán hết các khoản nợ, nghĩa vụ tài sản khác. Do công ty bị tạm khóa MST, bạn cần: (1) Liên hệ cơ quan thuế để hoàn thành nghĩa vụ thuế còn nợ, mở lại MST; (2) Sau đó thực hiện thủ tục giải thể theo Điều 208, 209 LDN 2020: thông qua nghị quyết giải thể, thanh lý tài sản, thanh toán nợ, gửi hồ sơ giải thể đến Cơ quan đăng ký kinh doanh. Hồ sơ giải thể quy định tại Điều 210 LDN 2020.","Điều 207 LDN 2020
Điều 208 LDN 2020
Điều 209 LDN 2020
Điều 210 LDN 2020",59-2020-QH14:d207;59-2020-QH14:d208;59-2020-QH14:d209;59-2020-QH14:d210
302,"Loại 6: Giải thể & Phá sản - Thủ tục, thanh toán nợ, tạm ngưng",Cần xin hoạt động lại công ty đã giải thể? Ai làm dc inbox?,https://www.facebook.com/groups/771779662967885/posts/4129906097155208/?__cft__[0]=AZbbKcurhLwZxLeYdWSy8n_3F0H3ai8eKPyEeXlEAOUEyK9-SSitUtoBK8n_4j8Dje2bQTds9k4CKogUqWk7YDILFxVMe0SIakhqPmVkg1MlTfBiBGnXs8V5uQL5slo9yRJuaw1AjVHmNVmHHOKTkTcTrCytUn7v0pqv9Mjprbbgwxb206aXr-xOhSOqRKPRLvdUDdUWQ-jvWap3yhuhq4xk&__tn__=%2CP-R,"Theo Điều 207, 208, 210 Luật Doanh nghiệp 2020, khi công ty đã hoàn tất thủ tục giải thể và Cơ quan đăng ký kinh doanh đã cập nhật tình trạng pháp lý (giải thể) trên Cơ sở dữ liệu quốc gia về đăng ký doanh nghiệp thì công ty đó KHÔNG CÒN TƯ CÁCH PHÁP NHÂN. Theo quy định hiện hành, không có thủ tục 'hoạt động lại' cho công ty đã giải thể. Nếu muốn tiếp tục kinh doanh, bạn cần THÀNH LẬP DOANH NGHIỆP MỚI theo quy định tại Chương II LDN 2020 (từ Điều 17 đến Điều 45).","Điều 207 LDN 2020
Điều 208 LDN 2020
Điều 210 LDN 2020
Điều 17-45 LDN 2020",59-2020-QH14:d207;59-2020-QH14:d208;59-2020-QH14:d210;59-2020-QH14:d17;59-2020-QH14:d18;59-2020-QH14:d19;59-2020-QH14:d20;59-2020-QH14:d21;59-2020-QH14:d22;59-2020-QH14:d23;59-2020-QH14:d24;59-2020-QH14:d25;59-2020-QH14:d26;59-2020-QH14:d27;59-2020-QH14:d28;59-2020-QH14:d29;59-2020-QH14:d30;59-2020-QH14:d31;59-2020-QH14:d32;59-2020-QH14:d33;59-2020-QH14:d34;59-2020-QH14:d35;59-2020-QH14:d36;59-2020-QH14:d37;59-2020-QH14:d38;59-2020-QH14:d39;59-2020-QH14:d40;59-2020-QH14:d41;59-2020-QH14:d42;59-2020-QH14:d43;59-2020-QH14:d44;59-2020-QH14:d45
303,"Loại 5: Hộ kinh doanh - Đăng ký, thay đổi, chuyển đổi HKD","em làm hồ sơ chuyển từ HKD lên DN 2TV, chuyên viên yêu cầu nhập vào khối ""thông tin về thành viên"" nhưng hệ thống không có mục này, nhờ anh chị đi trước hướng dẫn giúp em với",https://www.facebook.com/groups/771779662967885/posts/4135880563224428/?__cft__[0]=AZZAfgoTRHm2BeAT2Dy1ufyxfGvZBQeAp0HgxRsY5RlE6f1XIc3Mb5hNR8gAVMoItju3KhoHjcbLOr64LhMvZwvsMy5F0AdrMBAvbB0jiR0drXNL9IZXsbLIMf9Yjb6EOeY-Kc6W3xl56CkvklvT4Mk0mko_aZFg4Ux2101hFT5pjePJ5URgFC5wTiIWrPXNeXhmFhe9M6Rk6yvf-hBMwnJdE-kpcqx3wjtYtB7SsOc1lg&__tn__=%2CP-R,"Việc chuyển đổi từ Hộ kinh doanh (HKD) lên Công ty TNHH 2 thành viên trở lên được quy định tại Nghị định 01/2021/NĐ-CP, không trực tiếp thuộc Luật Doanh nghiệp 2020. Theo Điều 46 LDN 2020, Công ty TNHH 2 thành viên trở lên có từ 02 đến 50 thành viên. Khi chuyển đổi, hồ sơ phải bao gồm Danh sách thành viên theo Điều 21 và Điều 25 LDN 2020. Về vấn đề kỹ thuật hệ thống không hiển thị mục 'thông tin về thành viên', bạn nên liên hệ hotline hỗ trợ của Cổng thông tin quốc gia về đăng ký doanh nghiệp hoặc Phòng Đăng ký kinh doanh địa phương để được hướng dẫn cụ thể.","Điều 46 LDN 2020
Điều 21 LDN 2020
Điều 25 LDN 2020",59-2020-QH14:d46;59-2020-QH14:d21;59-2020-QH14:d25
304,"Loại 9: Chuyển nhượng vốn/cổ phần - Mua bán, thừa kế","Mn ơi có ai gặp trường hợp thay đổi thành viên cty 2tv đồng thời thay đổi csh hưởng lợi mà ko xoá đc thông tin thành viên cũ trên hệ thống ko ạ? E đã xoá ttin thành viên cũ bên mục danh sách thành viên nhưng bên csh hưởng lợi nó vẫn hiện, ko xoá đc. Ai biết cách xử lý chỉ giúp e với, e cảm ơn ạ.",https://www.facebook.com/groups/771779662967885/posts/4136802096465608/?__cft__[0]=AZaxSmfsYhbrLExhTVoyA7CzTNg0isznANXklWHHIEWhFy4i-HfpnzgtwoBoc4RjP8HDQ3yPo2avI8O5CmHuv9K8aEolmoNs2xI_DXEyVpFJYbPINCHYo4859sZasaGO7jZAlybn4MU57IWjgZJ40DFttGZAAZxhQt9m2ejmYADXulgOw6qtMBc-uui1EsvURD8DzZPeG-srTOtcE02Jen-2&__tn__=%2CP-R,"Việc thay đổi thành viên công ty TNHH 2 thành viên trở lên được quy định tại Điều 48 (Sổ đăng ký thành viên), Điều 51 (Mua lại phần vốn góp), Điều 52 (Chuyển nhượng phần vốn góp), Điều 53 (Xử lý phần vốn góp trong trường hợp đặc biệt), Điều 30 và Điều 31 LDN 2020 (Đăng ký thay đổi, thông báo thay đổi). Về vấn đề 'chủ sở hữu hưởng lợi' (beneficial owner), đây thuộc quy định về phòng chống rửa tiền theo Luật Phòng, chống rửa tiền và các Nghị định hướng dẫn, không thuộc LDN 2020. Vấn đề kỹ thuật hệ thống không xóa được thông tin, bạn nên liên hệ hotline hỗ trợ hoặc Phòng ĐKKD để được hướng dẫn.","Điều 48 LDN 2020
Điều 51 LDN 2020
Điều 52 LDN 2020
Điều 53 LDN 2020
Điều 30 LDN 2020
Điều 31 LDN 2020",59-2020-QH14:d48;59-2020-QH14:d51;59-2020-QH14:d52;59-2020-QH14:d53;59-2020-QH14:d30;59-2020-QH14:d31
305,"Loại 5: Hộ kinh doanh - Đăng ký, thay đổi, chuyển đổi HKD","bên em đang là HKD muốn chuyển lên 2TV mà trên hệ thống mặc định là 1TV, có cách nào để chuyển thẳng lên cty 2TV không ạ",https://www.facebook.com/groups/771779662967885/posts/4136721683140316/?__cft__[0]=AZbOzwmbpFOoEimYrRI99TiXzhMSIaurkSyDf5tmupjTep4yO4zK7nHf0uc0tAWK9e2mm8BTa8lWHO000T8_Y1aUKI0DSj87TgDacdrxcar138MG7sZtHzOEbRTMjmejK_SYaI3IepAS7l9Q0R4OwzNzxtSMCTI6QeaD0k0VE2tyk1l-t6Cb7xJCn34Tx-oeSvVc7iEImNGKUXtgyeXcfZeP&__tn__=%2CP-R,"Theo Điều 46 Luật Doanh nghiệp 2020, Công ty TNHH 2 thành viên trở lên có từ 02 đến 50 thành viên (tổ chức, cá nhân). Việc chuyển đổi từ Hộ kinh doanh (HKD) lên doanh nghiệp được quy định tại Nghị định 01/2021/NĐ-CP. Về nguyên tắc, bạn có thể đăng ký thành lập công ty TNHH 2 thành viên trở lên nếu có ít nhất 2 thành viên góp vốn. Nếu hệ thống mặc định là 1TV, bạn cần chọn đúng loại hình doanh nghiệp là 'Công ty TNHH hai thành viên trở lên' trong bước đầu tiên của quy trình đăng ký. Nếu vẫn gặp vấn đề, liên hệ Phòng ĐKKD hoặc hotline hỗ trợ của Cổng thông tin đăng ký doanh nghiệp.","Điều 46 LDN 2020
Điều 21 LDN 2020",59-2020-QH14:d46;59-2020-QH14:d21
306,Loại 11: Khác - Chưa phân loại,Cho e hỏi e ở nghệ an ký quyết định chữ ký xong đóng dấu Cty ở chỗ chữ ký là sai ạ ?,https://www.facebook.com/groups/771779662967885/posts/4136036866542131/?__cft__[0]=AZZis99ySrry_hrbAwTGMcTtMHpDK60xTWLGXYEA0SutoeMpGieGbDNc-PE9LHEQMHAz93DBCtiQmaobXCLfDzFrrk1XC2h8WLk4CbKfW9ZD0CO3McZK_81Zic1SXiKlAoqMeULXwKwouESVBYgAAnm5BmhXWtw0SSUx8GUfn8k8oT1eoio9f7mjr-x9_C9_4k-NiV0qPE0_NakDQUUUudVJ&__tn__=%2CP-R,"Theo Điều 43 Luật Doanh nghiệp 2020, doanh nghiệp tự quyết định loại dấu, số lượng, hình thức và nội dung dấu. Việc quản lý và lưu giữ dấu thực hiện theo quy định của Điều lệ công ty hoặc quy chế do doanh nghiệp ban hành. Luật Doanh nghiệp 2020 KHÔNG quy định cụ thể vị trí đóng dấu trên văn bản (chồng lên chữ ký hay bên cạnh chữ ký). Thông thường, theo tập quán hành chính và quy định của Nghị định 30/2020/NĐ-CP về công tác văn thư, dấu được đóng chùm lên khoảng 1/3-1/4 chữ ký về phía bên trái. Tuy nhiên, việc đóng dấu hoàn toàn lên chữ ký không bị coi là sai theo LDN 2020.",Điều 43 LDN 2020,59-2020-QH14:d43
307,"Loại 6: Giải thể & Phá sản - Thủ tục, thanh toán nợ, tạm ngưng","chưa cập nhật thông tin sau sáp nhật, thông tin Người đại diện PL trên GPKD đang là CMND, e có thể nộp hồ sơ tạm ngưng trong 2026 được không ạ?",https://www.facebook.com/groups/771779662967885/posts/4135740646571753/?__cft__[0]=AZa77Jnz6uOK_l5yCRgfFk8uAJAH-kHsWF1A-ExrL-4h6SKsb0zZjSnth2d_gKdXb7o-Lfh5e4pOf3Vgr1fEjan6tTcwRyUXgI34MdBaMXUytEvpuSoRIt7-7dvxNwNwjwzfrYSQaCAeV_fmBVYVMz7oPhBAFWAmsnrV3Ll-VxMZJ5Wvx9WB7bmK46J39PVs4HvRO58CO_d67b9HWvNq2mw9&__tn__=%2CP-R,"Theo Điều 30 Luật Doanh nghiệp 2020, doanh nghiệp phải đăng ký thay đổi nội dung Giấy chứng nhận đăng ký doanh nghiệp trong thời hạn 10 ngày kể từ ngày có thay đổi. Việc chưa cập nhật thông tin người đại diện pháp luật (từ CMND sang CCCD) sau sáp nhập là vi phạm nghĩa vụ đăng ký. Theo quy định, bạn cần hoàn thành việc cập nhật thông tin đăng ký doanh nghiệp trước, sau đó mới có thể nộp hồ sơ tạm ngừng kinh doanh. Điều 206 Luật Doanh nghiệp 2020 quy định doanh nghiệp phải thông báo tạm ngừng chậm nhất 03 ngày làm việc trước ngày tạm ngừng, nhưng hồ sơ cần hợp lệ về thông tin đăng ký.","Điều 30 LDN 2020
Điều 31 LDN 2020
Điều 206 LDN 2020",59-2020-QH14:d30;59-2020-QH14:d31;59-2020-QH14:d206
308,"Loại 1: Thành lập doanh nghiệp - Thủ tục, điều kiện, hồ sơ thành lập","Lập doanh nghiệp mới cần giấy tờ gì và bao lâu mọi người nhỉ?
Có cần lên trực tiếp hay dk online được ạ? Mình ở nước ngoài nên muốn làm online ạ",https://www.facebook.com/groups/771779662967885/posts/4130085670470584/?__cft__[0]=AZbFo-pgHAcxcJMGU2-QNuujg182Gus9CLEz42kXxBysC7xUFm4OpfFb8qjV-3RCJdMofx_qWc1IAs-4PIIcbJt8me2Ra77T4i5wbPVN45Dx3Lb5vQRz8nBhHlpSK0mhdNCUkiGqS1bUaGs0lR4YvYB4u5WbmCBri06XSqEZntslMY3KPjvZ9NIoXEQ1GMiwu_bh5DS0ABXlV8Bz8ZUuBLPN&__tn__=%2CP-R,"Theo Điều 21, 22, 26 Luật Doanh nghiệp 2020, để thành lập doanh nghiệp cần: 1) Giấy đề nghị đăng ký doanh nghiệp; 2) Điều lệ công ty; 3) Danh sách thành viên/cổ đông; 4) Bản sao giấy tờ pháp lý của cá nhân (CCCD/Hộ chiếu) và của tổ chức (nếu có). Về thời gian, Điều 26 quy định trong thời hạn 03 ngày làm việc kể từ ngày nhận hồ sơ hợp lệ, Cơ quan đăng ký kinh doanh sẽ cấp Giấy chứng nhận đăng ký doanh nghiệp. Bạn có thể đăng ký online qua Cổng thông tin quốc gia về đăng ký doanh nghiệp (dangkykinhdoanh.gov.vn) mà không cần lên trực tiếp, sử dụng chữ ký số hoặc tài khoản đăng ký kinh doanh.","Điều 21 LDN 2020
Điều 22 LDN 2020
Điều 26 LDN 2020
Điều 27 LDN 2020",59-2020-QH14:d21;59-2020-QH14:d22;59-2020-QH14:d26;59-2020-QH14:d27
309,"Loại 6: Giải thể & Phá sản - Thủ tục, thanh toán nợ, tạm ngưng",Dạ cho em hỏi tý ạ. Tạm ngừng hoạt động công ty 2 TV thì có cần biên bản họp không ạ. Em cảm ơn anh chị nhiều,https://www.facebook.com/groups/771779662967885/posts/4132334426912375/?__cft__[0]=AZb65aMgQ12_BmzzS31KCMgRpeK6KW73sseBAagEHmyqlfSFXm1QnzffJufKJzO6tm3pZXFHuvWfzexu7ekohQigKqBD_jRi32NX3XqPWkIigzTisf-YSg6_6vHY9xSjF9e9NBB-vW4DKjmfM_oQzzwxMooBH7V9VlBHWIZldI4IlkWTbSL7kbYgaRtYthzMZwiO6ZlDbjYOIYaX-M_pVlEt&__tn__=%2CP-R,"Theo Điều 55, 59 Luật Doanh nghiệp 2020, Hội đồng thành viên là cơ quan quyết định cao nhất của công ty TNHH 2 thành viên trở lên. Việc tạm ngừng kinh doanh là quyết định quan trọng cần được thông qua bởi Hội đồng thành viên. Theo Điều 60, cuộc họp HĐTV phải được lập thành biên bản với các nội dung chủ yếu theo quy định. Do đó, khi tạm ngừng hoạt động công ty 2 thành viên, bạn CẦN lập biên bản họp HĐTV và có quyết định/nghị quyết của HĐTV về việc tạm ngừng kinh doanh theo Điều 206 LDN 2020.","Điều 55 LDN 2020
Điều 59 LDN 2020
Điều 60 LDN 2020
Điều 206 LDN 2020",59-2020-QH14:d55;59-2020-QH14:d59;59-2020-QH14:d60;59-2020-QH14:d206
310,"Loại 6: Giải thể & Phá sản - Thủ tục, thanh toán nợ, tạm ngưng","Em chào mn ạ. Hs của em làm tạm ngừng từ 12/12/2024 đến 12/12/2025 là hết, xong em đăng ký tạm ngừng tiếp từ 12/12/2025 đến 12/12/2026 nhưng do bị bắt rút hs để cập nhật thông tin đăng ký doanh nghiệp nên đến nay mới xong cập nhật, thì giờ em nộp hs tạm ngừng có đc lùi ngày để tạm ngừng liên tục k ạ, hay phải tạm ngừng tiếp từ thời điểm được chấp thuận. Và bên thuế có phải kê khai tờ khai bla k ạ.
Em cảm ơn các anh chị nhiều ạ.",https://www.facebook.com/groups/771779662967885/posts/4129114033901081/?__cft__[0]=AZYITTE26TJzq6yJZmazl1dovVe1YzaIoAfEAweEjaerpUOCHTeOmT9bLCrDjn0swxavn6J6mr25OsleVsd-UviWgsN56fa8uIGM3D1yGRtspbxEK4rxtKqnjV3geekviFET17Gd6xVb6XeDNF0jzlILQILPXksLfInJaXHyYqBFmkWOfhPMO1HHOYl-bCbfhzcOyPYphaAjFKdBZ_uqzfB1&__tn__=%2CP-R,"Theo Điều 206 Luật Doanh nghiệp 2020, doanh nghiệp phải thông báo tạm ngừng kinh doanh chậm nhất 03 ngày làm việc TRƯỚC ngày tạm ngừng. Do thời gian tạm ngừng cũ đã hết (12/12/2025) và bạn chưa nộp được hồ sơ đăng ký tạm ngừng tiếp, về nguyên tắc bạn không thể lùi ngày tạm ngừng về quá khứ. Bạn cần nộp hồ sơ tạm ngừng với ngày bắt đầu từ thời điểm được chấp thuận (sau khi cập nhật thông tin ĐKDN xong). Về thuế, trong thời gian tạm ngừng, doanh nghiệp vẫn phải nộp đủ số thuế còn nợ và thực hiện các nghĩa vụ tài chính. Bạn nên liên hệ cơ quan thuế để xác nhận nghĩa vụ kê khai.",Điều 206 LDN 2020,59-2020-QH14:d206
311,"Loại 6: Giải thể & Phá sản - Thủ tục, thanh toán nợ, tạm ngưng",Quý anh chị cho em hỏi với ạ. Công ty em là CT MTV muốn giải thể nhưng chưa làm hồ sơ và đóng BH XH cho giám đốc CT MTV thì có bắt buộc làm hồ sơ và đóng trước khi giải thể k ạ. Em cảm ơn nhiều ạ,https://www.facebook.com/groups/771779662967885/posts/4133390130140138/?__cft__[0]=AZaAmOql1Jiy77ngW2Af4cUh8JeOnqqlGOtZZTimXO0fKCrYWAvNNAybBb8Ix7k1Ryz2eZ3LavWJyN0m4g8c0NFEYNEsVofYOYXqivtGV3cm-WCd5OxNqLr5Wcd8-WbiLllY1JWwGhJBg3dPxFV-wV2Lb1BbBjYCS5oNxjn54n4gDLNeaOmAb-qchT9nlp81za9bNpCH1zZGYYE5ufxj8AiD&__tn__=%2CP-R,"Theo Điều 207, 208 Luật Doanh nghiệp 2020, doanh nghiệp chỉ được giải thể khi bảo đảm thanh toán hết các khoản nợ và nghĩa vụ tài sản khác. Điều 8 LDN 2020 quy định nghĩa vụ của doanh nghiệp bao gồm thực hiện các chính sách, chế độ bảo hiểm xã hội cho người lao động theo quy định pháp luật. Đối với Công ty TNHH MTV, nếu Giám đốc có hợp đồng lao động và thuộc đối tượng tham gia BHXH bắt buộc, bạn cần đóng BHXH đầy đủ trước khi giải thể. Tuy nhiên, nếu chủ sở hữu đồng thời là Giám đốc và không ký HĐLĐ thì có thể không bắt buộc. Bạn nên liên hệ cơ quan BHXH để xác nhận nghĩa vụ cụ thể.","Điều 8 LDN 2020
Điều 207 LDN 2020
Điều 208 LDN 2020",59-2020-QH14:d8;59-2020-QH14:d207;59-2020-QH14:d208
312,"Loại 1: Thành lập doanh nghiệp - Thủ tục, điều kiện, hồ sơ thành lập",Anh chị cho e hỏi Lâm Đồng e muốn lấy dkkd thì phải làm sao khi mà e chưa đăng ký trên hệ thống mà nó đã chấp nhận hồ sơ rồi. thì có cách nào lấy dkkd bằng chuyển bưu điện không ạ,https://www.facebook.com/groups/771779662967885/posts/4129785743833910/?__cft__[0]=AZZV2ejypxQWx2NwbzT-ITpM98FSQJlHCZqDllXuWq5dXauke8_rQIwfd4nirnO00yBXJVgWGDwD7Qk_2O5eWbR9rqtLBbJh8eAgpIlJg2jXijb7y46O05mYMyFv68SDFv8ELaQpeuAI5sDTp6weDVjf2F-BsTSMSWA_zC8MvcEnAWjWws6eOyk1B2dhHZgIJFZE-3cCf9N6PnS8lNIWwe34&__tn__=%2CP-R,"Theo Điều 26 Luật Doanh nghiệp 2020, việc đăng ký doanh nghiệp có thể thực hiện qua 3 phương thức: (a) Trực tiếp tại Cơ quan đăng ký kinh doanh; (b) Qua dịch vụ bưu chính; (c) Qua mạng thông tin điện tử. Nếu hồ sơ đã được chấp thuận nhưng bạn chưa đăng ký nhận qua bưu điện trước đó, bạn có thể liên hệ Phòng Đăng ký kinh doanh - Sở KH&ĐT Lâm Đồng để đề nghị gửi Giấy chứng nhận ĐKKD qua đường bưu điện. Thông thường các Sở KH&ĐT có dịch vụ này và bạn cần cung cấp địa chỉ nhận chính xác, phí bưu điện sẽ do bạn chi trả.","Điều 26 LDN 2020
Điều 27 LDN 2020",59-2020-QH14:d26;59-2020-QH14:d27
313,"Loại 7: Thay đổi ĐKKD - Địa chỉ, tên, ngành nghề","Em cần thay đổi một số mã ngành nghề trên giấy đkkd của cty. Có anh/chị nào nhận hỗ trợ không ạ?
Công ty em ở Hà Nội ạ.
Em cảm ơn!",https://www.facebook.com/groups/771779662967885/posts/4129811777164640/?__cft__[0]=AZYToBHwmGrAbzyJlmwfZdYcXf9QUwKbGLy_nhws6PDgJqK6CjS3wy5NP4x0TAcsiV4aprmlDIn5w1PxoBkcI34JNvbP8xEaLgLIYz73PbHzCBTH6zkBMZ9k5-ZsanYRx1nip8FP5zNhSNeWkgESxBtYSyxvPdzQFTFaLTSmsuquEISgw1zgEMMXTJ7CnlhPYY_NBs5kE-I6zwTyGrq4d1AZ&__tn__=%2CP-R,"Theo Điều 31 Luật Doanh nghiệp 2020, việc thay đổi ngành nghề kinh doanh là một trong những nội dung cần thông báo với Cơ quan đăng ký kinh doanh trong thời hạn 10 ngày kể từ ngày có thay đổi. Bạn có thể tự làm hồ sơ thay đổi ngành nghề bao gồm: 1) Thông báo thay đổi nội dung ĐKDN; 2) Nghị quyết/Quyết định của HĐTV hoặc chủ sở hữu về việc thay đổi ngành nghề. Hồ sơ nộp qua Cổng thông tin quốc gia về đăng ký doanh nghiệp (dangkykinhdoanh.gov.vn) hoặc trực tiếp tại Sở KH&ĐT Hà Nội. Trong vòng 03 ngày làm việc sẽ có kết quả.","Điều 31 LDN 2020
Điều 55 LDN 2020",59-2020-QH14:d31;59-2020-QH14:d55
314,"Loại 6: Giải thể & Phá sản - Thủ tục, thanh toán nợ, tạm ngưng","Công ty đã tạm ngừng trong 2025, giờ e làm tiếp tạm ngừng hết năm 2026 có được không ạ? Nếu được e tìm luôn đơn vị dv làm tạm ngừng ạ",https://www.facebook.com/groups/771779662967885/posts/4122929347852883/?__cft__[0]=AZbYy4ui9CNXgF-HVtJUigHiH_NNtaKV96HUKByjskPKXNhHTFPhlkm5Y8e6UsQeSCKfAhhJtjbXTCfOiKOziUOqF9SZpnAwORSaDt4mTOjhG85-hFUzukWSN5ZqH2tClxWs8I1jLdGNtQ2KRsef_86EH5vUo1hgBevCZth7k5HoaWtBRo2mMRYgX2NzA5XzS6qWTe_OWUBdcPm7yUDigIyr&__tn__=%2CP-R,"Theo Điều 206 Luật Doanh nghiệp 2020, doanh nghiệp có thể tạm ngừng kinh doanh và phải thông báo chậm nhất 03 ngày làm việc trước ngày tạm ngừng. Luật KHÔNG quy định giới hạn tổng thời gian tạm ngừng. Tuy nhiên, theo Nghị định 01/2021/NĐ-CP, mỗi lần tạm ngừng tối đa là 01 năm và doanh nghiệp có thể tiếp tục đăng ký tạm ngừng khi hết thời hạn. Do đó, nếu công ty đã tạm ngừng năm 2025, bạn hoàn toàn có thể tiếp tục đăng ký tạm ngừng năm 2026. Bạn cần nộp Thông báo tạm ngừng kinh doanh trước ngày bắt đầu tạm ngừng ít nhất 03 ngày làm việc.","Điều 206 LDN 2020
Nghị định 01/2021/NĐ-CP",59-2020-QH14:d206
315,Loại 11: Khác - Chưa phân loại,"cả nhà ơi cho e hỏi bên trung gian tư vấn, hoàn thiện hồ sơ vay cho bên vay vốn thì có phải là ngành tư vấn tài chính không ạ?",https://www.facebook.com/groups/771779662967885/posts/4129588700520281/?__cft__[0]=AZaskJK3FEaXi9IAlMfaAlGkNHbZSyNeopgSIH0rF3wXc9cFlzcaGPN-cXbP-cZAZVZCXG91xE1Pv6kjCVQESUVeWRhzali4GkdiwN1gdBVlrvmGKrD8qr3FM6FLcLUKWjnSqyhA3rCoUoaGocRiJQVDxUTW7LdiGFx0730HcVgSwVyHkvmg4Hd-kyrRIZNZigk3b7cvQfchz8dsGNJjIbZo&__tn__=%2CP-R,"Theo Luật Doanh nghiệp 2020, việc phân loại hoạt động tư vấn, hoàn thiện hồ sơ vay cho bên vay vốn thuộc lĩnh vực tư vấn tài chính hay không cần căn cứ vào Hệ thống ngành kinh tế Việt Nam (Quyết định 27/2018/QĐ-TTg). Luật Doanh nghiệp 2020 chỉ quy định doanh nghiệp có quyền tự do kinh doanh ngành, nghề mà luật không cấm (Điều 7). Hoạt động môi giới, tư vấn hồ sơ vay vốn thông thường được đăng ký mã ngành 6619 (Hoạt động hỗ trợ dịch vụ tài chính khác) hoặc 7020 (Hoạt động tư vấn quản lý). Tuy nhiên, nếu hoạt động này liên quan đến cung cấp dịch vụ tài chính như cho vay, huy động vốn thì cần giấy phép từ NHNN theo Luật Các tổ chức tín dụng.",Điều 7 LDN 2020,59-2020-QH14:d7
316,"Loại 5: Hộ kinh doanh - Đăng ký, thay đổi, chuyển đổi HKD","Chào mn, mình muốn chuyển từ hộ kinh doanh lên công ty thì có được miễn thuế TNDN 2 năm đầu không ạ, và tv chuyển đổi mình với ạ",https://www.facebook.com/groups/771779662967885/posts/4127440220735129/?__cft__[0]=AZb22eI6NbG7HokapW8ML8QPMM1RKnK5bQ_CzliDPeH-Z_IfiLmX7HZGQGTst-JrlF71xOCq9HSonK7v3grY8_4uWhJg4hQClBCrGl_6ieRBtpkbXCDdo4DHh0SkX5hWLX5ZsLZC4LpaUo3GEuhYAjGpVKpKYPXFrR-bdxqTx29YiBzHaWeiS-4zYI-As9S6DVj1y0LXnsX-yNQk6YofGvbr&__tn__=%2CP-R,"Theo Luật Doanh nghiệp 2020, việc chuyển đổi từ hộ kinh doanh lên công ty là quyền của người kinh doanh (Điều 7). Tuy nhiên, việc miễn thuế TNDN 2 năm đầu không được quy định trong Luật Doanh nghiệp mà thuộc phạm vi điều chỉnh của Luật Thuế thu nhập doanh nghiệp và các Nghị định hướng dẫn. Hiện tại, pháp luật thuế không có quy định miễn thuế TNDN 2 năm đầu cho doanh nghiệp mới thành lập từ hộ kinh doanh. Ưu đãi thuế chỉ áp dụng theo ngành nghề, địa bàn ưu đãi đầu tư theo quy định tại Luật Thuế TNDN và Luật Đầu tư.",Điều 7 LDN 2020,59-2020-QH14:d7
317,"Loại 7: Thay đổi ĐKKD - Địa chỉ, tên, ngành nghề","Mình cần đổi địa chỉ của Chi nhánh Công ty, có anh/chị nào hỗ trợ k ạ. Ib BÁO GIÁ mình với nha",https://www.facebook.com/groups/771779662967885/posts/4124051414407343/?__cft__[0]=AZYSxiuzEoLnatUd4eHeSP2PuD7MF_7IaYnlvROxEeBa9D0vXzbCtw-Lh6PumG9jvNAwJ-YYKD7TDXDlTxzuxD2QAkQ2Xdcp_4oNiEqT-G_cKkuvCw2GqAg_9Hw5vbJ4rljHkjQj7ZPwB8TampI4rxqV-pJRKgaShw5875I638VB_2EcSUcxsTsDViyCOk8hZCr0acK1fCWfGaZ-0d8m-2_5&__tn__=%2CP-R,"Theo Điều 44 và Điều 45 Luật Doanh nghiệp 2020, chi nhánh là đơn vị phụ thuộc của doanh nghiệp. Khi thay đổi địa chỉ chi nhánh, doanh nghiệp phải đăng ký thay đổi nội dung Giấy chứng nhận đăng ký hoạt động chi nhánh trong thời hạn 10 ngày kể từ ngày có thay đổi (Điều 45 khoản 4). Hồ sơ bao gồm: Thông báo thay đổi nội dung đăng ký hoạt động chi nhánh, Quyết định của doanh nghiệp về việc thay đổi địa chỉ chi nhánh. Nộp hồ sơ tại Phòng Đăng ký kinh doanh - Sở Kế hoạch và Đầu tư nơi chi nhánh đặt trụ sở mới.","Điều 44 LDN 2020
Điều 45 LDN 2020",59-2020-QH14:d44;59-2020-QH14:d45
318,"Loại 9: Chuyển nhượng vốn/cổ phần - Mua bán, thừa kế","Bên em có cổ đông muốn rút vốn và đang làm thủ tục chuyển nhượng cổ phâng, nhưng mà giá chuyển nhượng thấp hơn so với vốn điều lệ ban đầu thì có ảnh hưởng gì không ạ? Nếu mà nhận chuyển nhượng cổ phần thấp hơn nhiều so với vốn ban đầu cổ đông bỏ ra thì có phải nộp thuế TNCN k ạ? Anh chị nào chuyên làm thủ tục này tư vấn hỗ trợ em với ạ!",https://www.facebook.com/groups/771779662967885/posts/4128640050615146/?__cft__[0]=AZYUq_RmOTusPRVDxfYHeyr3JyX69EqRBADqLnMtq05avPYkSSUxAvDF4h9_Y0IUJuX3veD8oQXrEAv1X8MKDI7TzcFKTtIiyA4dUx-F2BgYoQ4bCeQYwSU4vl5lOjY3DrqUOLCHAvkA-oceyNVjYlp3351tNF54arlQ0Gq2XW3id69-lcI-Ojqy5f1DIglz85U0uwSDSclgar_gcbXTw_xg&__tn__=%2CP-R,"Theo Điều 127 Luật Doanh nghiệp 2020, cổ phần được tự do chuyển nhượng. Việc chuyển nhượng cổ phần với giá thấp hơn mệnh giá ban đầu là hoàn toàn hợp pháp, không ảnh hưởng đến hiệu lực pháp lý của giao dịch. Giá chuyển nhượng do các bên thỏa thuận. Về thuế TNCN: Theo quy định của Luật Thuế TNCN, nếu giá chuyển nhượng thấp hơn giá vốn (giá mua ban đầu) thì không phát sinh thu nhập chịu thuế, do đó không phải nộp thuế TNCN. Tuy nhiên, cơ quan thuế có quyền ấn định giá theo giá thị trường nếu có căn cứ cho rằng giá chuyển nhượng không đúng thực tế. Sau khi chuyển nhượng, cần ghi nhận vào sổ đăng ký cổ đông (Điều 122 LDN 2020).","Điều 127 LDN 2020
Điều 122 LDN 2020
Điều 111 LDN 2020",59-2020-QH14:d127;59-2020-QH14:d122;59-2020-QH14:d111
319,"Loại 10: Doanh nghiệp FDI - Vốn nước ngoài, tỷ lệ sở hữu",Em chào anh chị. Công ty em là công ty TNHH 1 thành viên 100% vốn nước ngoài. Hiện công ty đang bổ sung ngành nghề kinh doanh (không tăng vốn đầu tư) và cần làm điều chỉnh giấy chứng nhận đăng ký đầu tư. Cho em hỏi làm thủ tục này có cần chứng minh năng lực tài chính và giải trình về vốn đầu tư không? Có cần nộp kèm giấ,https://www.facebook.com/groups/771779662967885/posts/4127601557385662/?__cft__[0]=AZYfpllT8KVDJ3-j_LAFmC4YyOwKN0XoDzclQhQymqvED5YTIEf738g4XXZ4EYZorjBM-Yznbb5e_rdLHyky3gQ5qhh_WqykpE-JJeXq5ta8le6nQGiQodgOUlYuQr0WEGkYb_Uze2H620WfHaphvcwSaRReryjtcZYQ9q5Z10DT0zSzmEM-XDAHInGN7tJ0ekNO6o63aTl1yfTsko5WWLE7&__tn__=%2CP-R,"Theo Luật Doanh nghiệp 2020, việc bổ sung ngành nghề kinh doanh cho công ty TNHH 1 thành viên là thay đổi nội dung đăng ký doanh nghiệp, thực hiện theo Điều 31. Tuy nhiên, đối với công ty có vốn đầu tư nước ngoài (100% vốn nước ngoài), việc bổ sung ngành nghề cần điều chỉnh Giấy chứng nhận đăng ký đầu tư theo Luật Đầu tư 2020. Luật Doanh nghiệp 2020 không quy định về chứng minh năng lực tài chính khi bổ sung ngành nghề. Yêu cầu về giải trình vốn, năng lực tài chính và giấy tờ pháp lý nhà đầu tư thuộc thẩm quyền quy định của Luật Đầu tư và Nghị định 31/2021/NĐ-CP. Thủ tục cần liên hệ Sở Kế hoạch và Đầu tư để được hướng dẫn cụ thể theo từng ngành nghề.","Điều 31 LDN 2020
Điều 30 LDN 2020",59-2020-QH14:d31;59-2020-QH14:d30
320,"Loại 10: Doanh nghiệp FDI - Vốn nước ngoài, tỷ lệ sở hữu","Em chào anh chị. Công ty em là công ty TNHH 1 thành viên 100% vốn nước ngoài. Hiện công ty đang bổ sung ngành nghề kinh doanh (không tăng vốn đầu tư) và cần làm điều chỉnh giấy chứng nhận đăng ký đầu tư. Cho em hỏi làm thủ tục này có cần chứng minh năng lực tài chính và giải trình về vốn đầu tư không? Có cần nộp kèm giấy tờ pháp lý của nhà đầu tư không ạ?
Em cảm ơn anh chị",https://www.facebook.com/groups/771779662967885/posts/4127612154051269/?__cft__[0]=AZYciKZIrt7A_x0Bq94Wqz1Uv3QVC8w2ha4Iv9bPT6PQ-pQJo52D7bWoe5MfqIlVHn8pfujcJ4Y0hgakaMd_t1h2DQuetJZu6Pn27KmbYVQVYYXV2TA6aQOdlsZnNRvhh3aFLDT37pe6ybxAJlBYsJy-tL3oFQ8KYsx3mETkWkmXz1hXqvCAKLZHS_k8LWZp2ylQXNo-TmFWntRrVorrVwQ7&__tn__=%2CP-R,"Theo Luật Doanh nghiệp 2020, việc bổ sung ngành nghề kinh doanh được quy định tại Điều 31 (Thông báo thay đổi nội dung đăng ký doanh nghiệp). Tuy nhiên, đối với công ty TNHH 1 thành viên 100% vốn nước ngoài, cần thực hiện đồng thời thủ tục theo Luật Đầu tư 2020 để điều chỉnh Giấy chứng nhận đăng ký đầu tư. Luật Doanh nghiệp 2020 không quy định yêu cầu chứng minh năng lực tài chính hay giải trình vốn khi bổ sung ngành nghề mà không tăng vốn. Các yêu cầu về hồ sơ (giấy tờ pháp lý nhà đầu tư, chứng minh năng lực tài chính) phụ thuộc vào ngành nghề bổ sung và thuộc quy định của Luật Đầu tư, Nghị định 31/2021/NĐ-CP. Nếu ngành nghề bổ sung không thuộc danh mục hạn chế với nhà đầu tư nước ngoài, thủ tục thường đơn giản hơn.","Điều 31 LDN 2020
Điều 30 LDN 2020
Điều 28 LDN 2020",59-2020-QH14:d31;59-2020-QH14:d30;59-2020-QH14:d28
321,"Loại 2: Loại hình doanh nghiệp - TNHH, Cổ phần, Hợp danh, DNTN","Em xin phép nhờ anh, chị có kinh nghiệm pháp lý – thuế tư vấn giúp em một trường hợp thực tế ạ.
Hiện tại, địa điểm kinh doanh của gia đình em (đất nhà) đang đứng tên Công ty TNHH 1 thành viên do người thân làm chủ. Tuy nhiên, hiện tại em là người trực tiếp vận hành công việc hằng ngày, thu mua – phân loại – bán phế liệ",https://www.facebook.com/groups/771779662967885/posts/4126784317467386/?__cft__[0]=AZYmsCCmWIN6yPAjTy6OydViQIMn6Ejp9-EJxEwFZgD0436a0GolfsCOsyf6dFWl4rVRu2TxS2nnoOrZD64XSVwcIapBWvd6eZFlqQjXUpyxD0P3zS00djbN9GtaoD8yieqsD_1ZGYM4mmtuKiMdJDKoaCGYEJ0MQpYLLWW5F8zNLNDJ8t3__pKSNUbaSIfTUNCWONDKHoELc0RN_cBnMS8W&__tn__=%2CP-R,"Theo Điều 74 Luật Doanh nghiệp 2020, công ty TNHH 1 thành viên do một tổ chức hoặc cá nhân làm chủ sở hữu. Điều 77 quy định nghĩa vụ của chủ sở hữu công ty, trong đó khoản 3 yêu cầu phải xác định và tách biệt tài sản của chủ sở hữu với tài sản công ty. Nếu bạn là người trực tiếp vận hành nhưng không phải chủ sở hữu, có các phương án: (1) Chủ sở hữu có thể bổ nhiệm bạn làm Giám đốc/Tổng giám đốc theo Điều 82; (2) Chủ sở hữu chuyển nhượng phần vốn cho bạn theo Điều 77 khoản 5, Điều 78; (3) Đăng ký địa điểm kinh doanh theo Điều 44, 45. Việc tách biệt hoạt động kinh doanh cần xem xét cả góc độ thuế và pháp lý để tránh rủi ro.","Điều 74 LDN 2020
Điều 77 LDN 2020
Điều 78 LDN 2020
Điều 82 LDN 2020
Điều 44 LDN 2020",59-2020-QH14:d74;59-2020-QH14:d77;59-2020-QH14:d78;59-2020-QH14:d82;59-2020-QH14:d44
322,"Loại 9: Chuyển nhượng vốn/cổ phần - Mua bán, thừa kế",công ty em đang muốn chuyển quyền sở hữu và muốn đổi tên DN. có bên nào nhận làm DV này k ạ,https://www.facebook.com/groups/771779662967885/posts/4121739941305157/?__cft__[0]=AZblwZ0wG0VqXa8QOa_rcWcjK83Nn08ALIdpAPTECjrXoIY4Q-uQX-dbh8f8fYcd6YeQHK0l4XvYy8nZ1YZX1rqf4SGnEeutv4b-GbvsPmkBtExE9fRBeQEUwEq1qIDLl9L9oMaOR4VklxBff9uTlaEAu8HlXL6fv8OyrGkctSWlhDSIwhyhox9vsLmXnX-oXFs5JIHY4o-y8ZSC_NPTxGT5&__tn__=%2CP-R,"Theo Luật Doanh nghiệp 2020, việc chuyển quyền sở hữu công ty và đổi tên doanh nghiệp cần thực hiện: (1) Chuyển quyền sở hữu: Theo Điều 77 khoản 5 và Điều 78 khoản 1, chủ sở hữu có quyền chuyển nhượng toàn bộ vốn điều lệ cho tổ chức/cá nhân khác. Sau khi chuyển nhượng, cần đăng ký thay đổi nội dung đăng ký doanh nghiệp trong thời hạn 10 ngày (Điều 30). (2) Đổi tên doanh nghiệp: Theo Điều 28 và Điều 30, tên doanh nghiệp là nội dung Giấy chứng nhận đăng ký doanh nghiệp, khi thay đổi phải đăng ký với Cơ quan đăng ký kinh doanh trong thời hạn 10 ngày. Hồ sơ bao gồm: Thông báo thay đổi, Quyết định của chủ sở hữu/HĐTV, Hợp đồng chuyển nhượng (nếu có), Biên bản thanh toán.","Điều 77 LDN 2020
Điều 78 LDN 2020
Điều 28 LDN 2020
Điều 30 LDN 2020",59-2020-QH14:d77;59-2020-QH14:d78;59-2020-QH14:d28;59-2020-QH14:d30
323,"Loại 7: Thay đổi ĐKKD - Địa chỉ, tên, ngành nghề",Anh chị cho em hỏi. Giờ e muốn thay đổi ngành nghề không làm điều chỉnh gì khác vậy trên cổng đăng ký e chọn thông báo thay đổi được không ạ. Mẫu 12 e có tích vào ô đề nghị cấp giấy xác nhận... Không ạ. Và nếu không có đăng ký mới ( do ngành nghề nó không hiển thị trên giấy dk ) thì kết quả trả về như nào ạ. Em cảm ơn nhiều,https://www.facebook.com/groups/771779662967885/posts/4123772347768583/?__cft__[0]=AZYT8C4OvFY7lmxErIwK4VNw34pc1qjA5oRzuRtrBo9eseDVE0nl1U2NbawNN9tX7FpEHoq5K8vHPPnZ4o_k0jbKueBCrhxKNtfUOEgkqNE2uD2mWwLQhhsJjl9Pi-VoAdCypNdLXramp_gZI3cgsP3vn_O8TDhAe9-W_Zt3-dEjvBT9Nrb9j1oKE_LRS0FWiDnKOxdIarK8Mp2jDuq2Vk_M&__tn__=%2CP-R,"Theo Điều 28 và Điều 31 Luật Doanh nghiệp 2020: Ngành nghề kinh doanh KHÔNG nằm trong nội dung Giấy chứng nhận đăng ký doanh nghiệp (Điều 28 chỉ bao gồm: tên, mã số, địa chỉ, người đại diện, vốn điều lệ). Do đó, việc thay đổi ngành nghề là THÔNG BÁO THAY ĐỔI (Điều 31), không phải đăng ký thay đổi Giấy CNĐKDN. Trên cổng đăng ký, bạn chọn 'Thông báo thay đổi nội dung đăng ký doanh nghiệp'. Ở Mẫu 12, bạn KHÔNG cần tích vào ô 'đề nghị cấp Giấy xác nhận thay đổi' vì ngành nghề không ghi trên giấy CNĐKDN. Kết quả trả về: Cơ quan đăng ký kinh doanh sẽ cập nhật thông tin ngành nghề trên hệ thống và gửi thông báo xác nhận thay đổi nội dung đăng ký doanh nghiệp (không cấp giấy CNĐKDN mới).","Điều 28 LDN 2020
Điều 31 LDN 2020",59-2020-QH14:d28;59-2020-QH14:d31
324,"Loại 7: Thay đổi ĐKKD - Địa chỉ, tên, ngành nghề","Mn ơi mình muốn thay đổi địa chỉ địa điểm kinh doanh thì vào trường nào trên hệ thống ạ, tìm từ hôm qua tới giờ cứ quay tròn",https://www.facebook.com/groups/771779662967885/posts/4124001157745702/?__cft__[0]=AZYN3Yun7MeNzrz18fXlSC0I6fknGKbQCh-Z6rV9Pf61b1N35JY0tf5UVtq45r6TJx1nAvXF6Q2Ry1bC1CIMqjj6xbecgH06MlbMmChJI4sTW7cpfr67YIqU5surgzekOjuiz9ijNQzIe-KIa9dQ5YYIrtFBIYXQGbP7v4GxjLUhTDQhthhLbIn9BJ4FTw9F3C26s-Gl0MilqCsidUBFZVhd&__tn__=%2CP-R,"Theo Điều 45 Luật Doanh nghiệp 2020, việc thay đổi địa chỉ địa điểm kinh doanh cần thông báo đến Cơ quan đăng ký kinh doanh trong thời hạn 10 ngày kể từ ngày có thay đổi. Trên hệ thống đăng ký kinh doanh, bạn cần vào phần 'Thông báo thay đổi nội dung đăng ký doanh nghiệp' hoặc 'Thông báo địa điểm kinh doanh'. Địa điểm kinh doanh là nơi doanh nghiệp tiến hành hoạt động kinh doanh cụ thể (khoản 3 Điều 44 LDN 2020). Việc thay đổi địa chỉ địa điểm kinh doanh thuộc trường hợp thông báo thay đổi theo Điều 31 LDN 2020.","Điều 44 LDN 2020
Điều 45 LDN 2020
Điều 31 LDN 2020",59-2020-QH14:d44;59-2020-QH14:d45;59-2020-QH14:d31
325,"Loại 3: Vốn điều lệ - Góp vốn, tăng/giảm vốn, vốn pháp định",Bên e có làm thủ tục tăng vốn điều lệ và nhận đc mail yêu cầu bổ sung bổ sung thông tin thay đổi CSH hưởng lợi tại mẫu số 12. E có làm theo hướng dẫn mà vẫn được gửi thông báo yêu cầu bổ sung. Nhờ các anh/chị giúp e với ạ,https://www.facebook.com/groups/771779662967885/posts/4089587317853753/?__cft__[0]=AZYXz7iAPLcx1nbF8Gaag3VtAuyjOhLPGPX_DnKHn9PQtr4JrN7U1dnJ3S2xF7mwEFD2SaEZCYz4wVf-7xdpek1v5tK-YPiSiOdmousHBs2InMc7G2BYQKXbNrTZup0d5NMMTAPbwVj4cI8KyDyDz1rWCiearY84rXnhkjPjB5joNM1N9yU5QYqZRgM5uR9fOHdyV85KdHkdvxXj8CGtst4T&__tn__=%2CP-R,"Theo Điều 68 Luật Doanh nghiệp 2020, khi tăng vốn điều lệ công ty cần thông báo bằng văn bản đến Cơ quan đăng ký kinh doanh trong thời hạn 10 ngày kể từ ngày việc tăng vốn đã được thanh toán xong. Thông báo phải bao gồm: tên, địa chỉ trụ sở chính, mã số doanh nghiệp; vốn điều lệ, số vốn đã tăng; thời điểm và hình thức tăng vốn; họ tên, chữ ký của người đại diện theo pháp luật. Về việc thay đổi CSH hưởng lợi (mẫu 12), đây là yêu cầu theo quy định về chống rửa tiền và phòng chống tài trợ khủng bố - cần kê khai đầy đủ thông tin chủ sở hữu hưởng lợi cuối cùng khi có thay đổi vốn điều lệ hoặc thành viên góp vốn.","Điều 68 LDN 2020
Điều 31 LDN 2020
Điều 47 LDN 2020",59-2020-QH14:d68;59-2020-QH14:d31;59-2020-QH14:d47
326,"Loại 6: Giải thể & Phá sản - Thủ tục, thanh toán nợ, tạm ngưng",Anh chị cho em xin hướng dẫn về hồ sơ cần chuẩn bị cho việc trả lại con dấu doanh nghiệp cho CA ở TP HCM với ạ!,https://www.facebook.com/groups/771779662967885/posts/4119762531502898/?__cft__[0]=AZZOhbsVqXnIkZmOojtUrFBIkUatrXWWSnbuA5LV-QJUY4MrDvLTwDZ2tYTjlvUf8xnnVJT_jPib-hsUnhQS0DWWgHLa6nts8LQV1LTh8DG_RLyFH3yfcMwJ9O4M2fuOrN9fMSUZu2zXuqJ2cgbzHo5k_l_uqon2CoinKJpAEHyrwVmtsYrM8hsWO2s9Dlmb8ngL_IyGxSBh44CKWUxlVv9d&__tn__=%2CP-R,"Theo Điều 43 Luật Doanh nghiệp 2020, doanh nghiệp có quyền quyết định về con dấu của doanh nghiệp (loại dấu, số lượng, hình thức và nội dung). Khi giải thể hoặc chấm dứt hoạt động, việc trả lại con dấu cho công an là thủ tục hành chính theo quy định của pháp luật về con dấu. Hồ sơ thường bao gồm: (1) Đơn đề nghị trả lại con dấu; (2) Quyết định giải thể doanh nghiệp; (3) Con dấu và Giấy chứng nhận đăng ký mẫu con dấu (nếu có); (4) Giấy chứng nhận đăng ký doanh nghiệp; (5) CMND/CCCD của người nộp hồ sơ. Lưu ý: Thủ tục cụ thể tại TP.HCM cần liên hệ trực tiếp Phòng Cảnh sát quản lý hành chính về trật tự xã hội (PC06) để được hướng dẫn chi tiết.","Điều 43 LDN 2020
Điều 207 LDN 2020
Điều 208 LDN 2020",59-2020-QH14:d43;59-2020-QH14:d207;59-2020-QH14:d208
327,"Loại 6: Giải thể & Phá sản - Thủ tục, thanh toán nợ, tạm ngưng","Mọi người cho em hỏi là cty chưa thay đổi CMT giám đốc sang CCCD mà giờ làm tạm ngưng có đc k ạ, hay phải cập nhật cccd ạ",https://www.facebook.com/groups/771779662967885/posts/4106235346188950/?__cft__[0]=AZYnescWtHVC1cbWLU7pO-GgpuSUar10g0qvU4zcTdqmkHoaDEJmM2gJu9bAmytd9XxdLPyjz52NmmkkFY5PUofXcepKcWPiTd0rd3UpggYrN722dWSkqMzvQX_PCWHyFkzlzyDaWKMWtU0LLLpjUIej76IJUkFTCUpEFk79yMmVYiLIK3ahYc-DtFnBltgPzuQCZXuRWtnlTEbTDqUWHIYt&__tn__=%2CP-R,"Theo Điều 206 Luật Doanh nghiệp 2020, doanh nghiệp phải thông báo bằng văn bản cho Cơ quan đăng ký kinh doanh chậm nhất 03 ngày làm việc trước ngày tạm ngừng kinh doanh. Về việc cập nhật CCCD: Theo Điều 31 LDN 2020, doanh nghiệp có nghĩa vụ thông báo thay đổi nội dung đăng ký doanh nghiệp trong thời hạn 10 ngày kể từ ngày có thay đổi. Tuy nhiên, việc tạm ngừng kinh doanh và việc cập nhật giấy tờ pháp lý (CMT sang CCCD) là hai thủ tục độc lập. Về nguyên tắc, bạn vẫn có thể làm thủ tục tạm ngừng với thông tin CMT cũ đã đăng ký, nhưng nên cập nhật CCCD sớm để đảm bảo tính chính xác của hồ sơ đăng ký doanh nghiệp theo quy định tại khoản 3 Điều 8 LDN 2020.","Điều 206 LDN 2020
Điều 31 LDN 2020
Điều 8 LDN 2020
Điều 12 LDN 2020",59-2020-QH14:d206;59-2020-QH14:d31;59-2020-QH14:d8;59-2020-QH14:d12
328,"Loại 4: Người đại diện pháp luật - Điều kiện, thay đổi, trách nhiệm","Mn cho e hỏi có ai gặp trường hợp cty có người đại diện pháp luật là người nước ngoài, người đó đã đc cấp mã định danh mức 2 mà vẫn ko làm định danh tổ chức đc ko ạ? (Thông tin trên DKKD đang là số hộ chiếu, mà e nhập mã định danh thì web dkkd báo ko khớp csdlqg). Bên công an chỉ nói là cập nhật thông tin bên hành chính công chứ ko nói cụ thể. Trường hợp này xử lý ntn ạ?",https://www.facebook.com/groups/771779662967885/posts/4122992994513185/?__cft__[0]=AZaawuj_vlKS10Ox2b4HVbPZx14dhJtnyInD77-XeJ-4wm5ePOo4XqkDEQtKXblmDdVSgS6N3QHtt0AwPox2Kl_D5RJd4yOlmpFX1pNdJyP2F1-1wHoHFDlUQi21-RBuwh9VLthvIiol_N4aoFMTLZkWT5xR86ntd0ub8GrCyoZzyrj4Jhr_1UpZypR4UgtV0xG7CknP_H8SIQh-Tr_Vih91&__tn__=%2CP-R,"Theo Điều 12 Luật Doanh nghiệp 2020, doanh nghiệp phải bảo đảm luôn có ít nhất một người đại diện theo pháp luật cư trú tại Việt Nam. Đối với người đại diện theo pháp luật là người nước ngoài, khoản 3 Điều 12 quy định khi người này xuất cảnh khỏi Việt Nam phải ủy quyền bằng văn bản cho cá nhân khác cư trú tại Việt Nam. Về vấn đề định danh tổ chức với mã định danh cá nhân: Đây là vấn đề kỹ thuật về đồng bộ dữ liệu giữa hệ thống ĐKKD và CSDL quốc gia về dân cư. Bạn nên: (1) Cập nhật thông tin NĐDPL từ hộ chiếu sang mã định danh cá nhân tại Cơ quan ĐKKD theo Điều 31 LDN 2020; (2) Liên hệ Sở Kế hoạch và Đầu tư để được hướng dẫn cụ thể về thủ tục cập nhật thông tin người nước ngoài trong hệ thống ĐKKD.","Điều 12 LDN 2020
Điều 31 LDN 2020
Điều 13 LDN 2020",59-2020-QH14:d12;59-2020-QH14:d31;59-2020-QH14:d13
329,"Loại 6: Giải thể & Phá sản - Thủ tục, thanh toán nợ, tạm ngưng","Anh chị nào trong group mình đã từng làm thủ tục giải thể công ty rồi, cho em xin ít kinh nghiệm thực tế với với ạ, em cám ơn",https://www.facebook.com/groups/771779662967885/posts/4119217524890732/?__cft__[0]=AZZ-7VNbym8bpuUeCIo-YZ8pDO9uWORtdAOL2IuqDqFulmMyoujUzm8If7bXCsxQqAg9_nHwylL1WAj6mURtm13Ukwds05VPTWz6dvotSHAJbZHbk9EtvdoKXbuLugawWG7tkoMx4-wZAg1Si_2LWb6n5QpX8qgwhOQYi6WxRKdLNbwnAMd9xw5plFZymofNnOBVt5rkkaDp3nxPAJ-vsvZU&__tn__=%2CP-R,"Theo Điều 207-208 Luật Doanh nghiệp 2020 về giải thể doanh nghiệp: 1) Các trường hợp giải thể: kết thúc thời hạn hoạt động; theo quyết định của chủ DN/HĐTV/ĐHĐCĐ; không còn đủ số thành viên tối thiểu trong 6 tháng; bị thu hồi GCNĐKDN. 2) Điều kiện: Bảo đảm thanh toán hết các khoản nợ, không trong quá trình giải quyết tranh chấp. 3) Trình tự (Điều 208): Thông qua quyết định giải thể -> Tổ chức thanh lý tài sản -> Gửi quyết định đến cơ quan ĐKKD, cơ quan thuế, người lao động trong 7 ngày -> Thanh toán nợ theo thứ tự: nợ lương, BHXH -> nợ thuế -> nợ khác -> Nộp hồ sơ giải thể. 4) Kinh nghiệm: Quyết toán thuế trước, đóng mã số thuế, hoàn thành nghĩa vụ BHXH, đăng tin giải thể công khai.","Điều 207 LDN 2020
Điều 208 LDN 2020
Điều 209 LDN 2020
Điều 210 LDN 2020",59-2020-QH14:d207;59-2020-QH14:d208;59-2020-QH14:d209;59-2020-QH14:d210
330,"Loại 1: Thành lập doanh nghiệp - Thủ tục, điều kiện, hồ sơ thành lập","cần tư vấn thành lập doanh nghiệp ngành spa, beauty",https://www.facebook.com/groups/771779662967885/posts/4114422132036938/?__cft__[0]=AZb4BDeZiDNexzQEoehBjRTfTFh0ZA-WZTygscZ7I3URvMl8cs-RAeWnwuJ8npmR6nL40xlSCPk0Cd82Lc-gfHjiSJhMkeznu8oKRanl79HRcTe0qOSVMDdia52YYlyGM7IV1OrZq2vEl59KXdWaiPilbHsuKcJkej85GJ5NGwIDs5IU8a00qel5oHXieznrK7g&__tn__=%2CP-R,"Theo Điều 7 và Điều 17 Luật Doanh nghiệp 2020, tổ chức, cá nhân có quyền thành lập và quản lý doanh nghiệp tại Việt Nam theo quy định pháp luật. Để thành lập doanh nghiệp ngành spa, beauty cần: 1) Chọn loại hình doanh nghiệp phù hợp: DNTN, công ty TNHH, công ty CP (Điều 1 LDN 2020); 2) Đăng ký ngành nghề kinh doanh phù hợp (dịch vụ chăm sóc sắc đẹp, spa...); 3) Theo Điều 8 LDN 2020, một số dịch vụ spa/beauty thuộc ngành nghề kinh doanh có điều kiện cần đáp ứng: giấy phép hoạt động y tế nếu có liệu trình xâm lấn, giấy chứng nhận đủ điều kiện ATTP nếu có bán mỹ phẩm, nhân viên có chứng chỉ nghề; 4) Chuẩn bị hồ sơ ĐKKD theo Điều 21-22 LDN 2020; 5) Nộp hồ sơ tại Phòng ĐKKD thuộc Sở KH&ĐT.","Điều 7 LDN 2020
Điều 8 LDN 2020
Điều 17 LDN 2020
Điều 21 LDN 2020
Điều 26 LDN 2020",59-2020-QH14:d7;59-2020-QH14:d8;59-2020-QH14:d17;59-2020-QH14:d21;59-2020-QH14:d26
331,"Loại 7: Thay đổi ĐKKD - Địa chỉ, tên, ngành nghề",Anh chị cho e hỏi Đổi địa chỉ Cty nhưng k thay cơ quan thuế cần nộp mẫu 08 k ạ?,https://www.facebook.com/groups/771779662967885/posts/4122058947939923/?__cft__[0]=AZYWyqMMBSBcsUi_KNvbt1h3Ps4soSJMvzMz53mNPv6dWXN0HmtZQUBsz5A1z9L2mkr20zBCQayeSuOTINxEB5HyVi79w2s9uhQq_J7g5ixvpDDOEMOuNIb7Kq-nSrslQRf2gDlA4O-0stCOKw0V_DVKmI0eK6HqO8gZvhcWI2r9BlyF8BmVhKD356fof4wc2Z6XWkp878kiQf5RKhKq9f3r&__tn__=%2CP-R,"Theo Điều 30-31 Luật Doanh nghiệp 2020, khi thay đổi địa chỉ trụ sở chính nhưng không thay đổi cơ quan thuế quản lý (vẫn trong cùng quận/huyện), doanh nghiệp cần: 1) Thực hiện thủ tục đăng ký thay đổi nội dung ĐKDN tại Cơ quan ĐKKD trong thời hạn 10 ngày (Điều 30 LDN 2020); 2) Về mẫu 08: Theo quy định về quản lý thuế, Mẫu 08 (Tờ khai đăng ký thuế) thường được nộp khi thay đổi thông tin đăng ký thuế. Tuy nhiên, nếu không thay đổi cơ quan thuế quản lý (cùng địa bàn), việc thay đổi địa chỉ sẽ được tự động cập nhật từ hệ thống ĐKKD sang cơ quan thuế thông qua liên thông dữ liệu. Khuyến nghị liên hệ cơ quan thuế quản lý để xác nhận có cần nộp Mẫu 08 riêng hay không.","Điều 30 LDN 2020
Điều 31 LDN 2020
Điều 8 LDN 2020",59-2020-QH14:d30;59-2020-QH14:d31;59-2020-QH14:d8
332,"Loại 3: Vốn điều lệ - Góp vốn, tăng/giảm vốn, vốn pháp định","cty mình muốn tăng vốn điều lệ, chỉ có 1 cổ đông mới mua vốn thôi thì hồ sơ cần có gì ạ. cổ đông mới là 1 cty, tăng vốn lên gấp 3 lần và cty ở hcm ạ",https://www.facebook.com/groups/771779662967885/posts/4114577288688089/?__cft__[0]=AZYfn-k21yy9z2uQvzo69tFh9cO9okcju7A9NXH15x9rOH9Z_jg7Fpo4IlGtOERXVcWFPqsMIUaifqBbj60euNMcHlCaIuRn10x4YRgiXqqoT8rTezJvXWtX_VsJIgBEU5F9V4PfxVJ2cBfV8C2lYDP-15utgaHnPqooiYsDb5rlkybc15Fw1UwwpEqpDYE_aaWfGVQNmU89O6_3Qwwbg73r&__tn__=%2CP-R,"Theo Luật Doanh nghiệp 2020, đối với công ty cổ phần muốn tăng vốn điều lệ bằng việc tiếp nhận cổ đông mới (là tổ chức), hồ sơ cần có: 1) Theo Điều 123 LDN 2020 về chào bán cổ phần: Quyết định của ĐHĐCĐ hoặc HĐQT (nếu được ủy quyền) về việc chào bán cổ phần riêng lẻ; 2) Hợp đồng đăng ký mua cổ phần với cổ đông mới; 3) Biên bản họp ĐHĐCĐ/HĐQT thông qua việc tăng vốn; 4) Giấy tờ pháp lý của cổ đông mới (là công ty): GCNĐKDN, quyết định cử người đại diện theo ủy quyền; 5) Danh sách cổ đông mới (mẫu theo Điều 25 LDN 2020); 6) Thông báo thay đổi vốn điều lệ theo Điều 31 LDN 2020 trong 10 ngày. Lưu ý: Cổ đông mới phải thanh toán đủ số cổ phần đăng ký mua (Điều 113 LDN 2020).","Điều 112 LDN 2020
Điều 113 LDN 2020
Điều 123 LDN 2020
Điều 31 LDN 2020
Điều 25 LDN 2020",59-2020-QH14:d112;59-2020-QH14:d113;59-2020-QH14:d123;59-2020-QH14:d31;59-2020-QH14:d25
333,"Loại 3: Vốn điều lệ - Góp vốn, tăng/giảm vốn, vốn pháp định",Cho em hỏi tăng vốn do phát hành cổ phần từ nguồn vốn chủ sở hữu thì ghi nhận thời điểm hoàn tất tăng vốn theo ngày nào ạ,https://www.facebook.com/groups/771779662967885/posts/4121748187970999/?__cft__[0]=AZbccPSoi7QfuA_Vtq_a9H2COz-6vk9dqbb57oJqaps6r_SCMpbhFTSAf43EiOYrxzHU1J5ZRgcv1PrCm9Z7NFfK-l6W4SseSBO3nz2tpY0MhdE04kffxTgURWmF195_Vdj9j6reWAtDmNQJ6ewq_z5DSTSZhj-XdpdXRSp1vfTgNOoFvlaQiCRlvO_6aBhDPQ95FC1wC2FKXBzcIQ5ixR_6&__tn__=%2CP-R,"Theo Điều 135 khoản 6 Luật Doanh nghiệp 2020, trường hợp chi trả cổ tức bằng cổ phần (tức phát hành cổ phần từ nguồn vốn chủ sở hữu), công ty phải đăng ký tăng vốn điều lệ tương ứng với tổng mệnh giá các cổ phần dùng để chi trả cổ tức trong thời hạn 10 ngày kể từ ngày hoàn thành việc thanh toán cổ tức. Như vậy, thời điểm hoàn tất tăng vốn được ghi nhận là ngày hoàn thành việc thanh toán cổ tức (tức ngày phát hành cổ phần cho cổ đông).",Điều 135 khoản 6 LDN 2020,59-2020-QH14:d135:k6
334,"Loại 6: Giải thể & Phá sản - Thủ tục, thanh toán nợ, tạm ngưng","Tạm ngưng địa điểm, chi nhánh có cần quyết định k anh chị ?",https://www.facebook.com/groups/771779662967885/posts/4115014461977705/?__cft__[0]=AZY7Y2tXVZxzVRCjZi2zbL8hvEB2SMni7eRyLlnmmZu9tkWcy4IghUyEjpXyBAGG6QSYVcY8333Qx9erhxbMoy9izJ144jyHBoI0-gUhg7X2GKxRWZUe83HaqBauGqGYETwNi0rO3fGmXLub_1ysPUwwsypaYnq7IJBQUvQhgazqgFVpKIAD7i0A7eOmkeJ0K5SiurgQfhjLOydAG1YkU5DD&__tn__=%2CP-R,"Theo Điều 206 khoản 1 Luật Doanh nghiệp 2020, doanh nghiệp phải thông báo bằng văn bản cho Cơ quan đăng ký kinh doanh chậm nhất là 03 ngày làm việc trước ngày tạm ngừng kinh doanh. Đối với chi nhánh, việc tạm ngừng cần có quyết định của doanh nghiệp (theo Điều 44, 45). Cụ thể, nếu tạm ngừng chi nhánh/địa điểm kinh doanh, cần: (1) Quyết định tạm ngừng của chủ sở hữu/Hội đồng thành viên/Hội đồng quản trị; (2) Thông báo bằng văn bản đến Cơ quan đăng ký kinh doanh nơi đặt chi nhánh.","Điều 206 khoản 1 LDN 2020
Điều 44 LDN 2020
Điều 45 LDN 2020",59-2020-QH14:d206:k1;59-2020-QH14:d44;59-2020-QH14:d45
335,"Loại 10: Doanh nghiệp FDI - Vốn nước ngoài, tỷ lệ sở hữu","dạ anh chị cho em hỏi trường hợp này với ạ.
Cá nhân người Nhật Bản, muốn đầu tư vào Việt Nam dịch vụ kiến trúc, có thể thành lập công ty 100% vốn đầu tư Nhật Bản tại Thành phố Hồ Chí Minh được không ạ. Do em thấy ở biểu cam kết quy định là ""DN nước ngoài là pháp nhân của thành viên WTO"". Em cảm ơn anh chị",https://www.facebook.com/groups/771779662967885/posts/4119132438232574/?__cft__[0]=AZZ0N1jkRBOk7GZpJodu2PXv-dQ9yarofncqu7tqmFYHUsvJmtNGUW3FeCkD03LJ6Hj87ILf7BOquRq9E19GsSIYyRfbOw4yd8XMEY_WzlKspHfeVywBAF_DB1A8rAZOIZVjYn-MJ4feLaiGbj5JZgOwgg4HtKhJKUDHrdfuJPvjeLydkvTSiDL-ACI__pnYYZxLsdgFAC5RasgpIUVtZTjv&__tn__=%2CP-R,"Theo Điều 22 khoản 4c Luật Doanh nghiệp 2020, nhà đầu tư nước ngoài (bao gồm cá nhân người Nhật Bản) khi thành lập công ty tại Việt Nam phải có Giấy chứng nhận đăng ký đầu tư theo quy định của Luật Đầu tư. Về biểu cam kết WTO, dịch vụ kiến trúc thuộc danh mục cam kết mở cửa, tuy nhiên điều kiện áp dụng cho 'doanh nghiệp nước ngoài là pháp nhân của thành viên WTO' là khi liên doanh hoặc góp vốn, còn cá nhân nước ngoài vẫn có thể thành lập công ty 100% vốn nước ngoài nếu đáp ứng điều kiện theo Luật Đầu tư. Cần xin Giấy chứng nhận đăng ký đầu tư trước khi đăng ký doanh nghiệp.","Điều 22 khoản 4c LDN 2020
Điều 8 khoản 1 LDN 2020",59-2020-QH14:d22:k4;59-2020-QH14:d8:k1
336,"Loại 1: Thành lập doanh nghiệp - Thủ tục, điều kiện, hồ sơ thành lập","TPHCM. Anh chị cho em hỏi doanh nghiệp em thành lập cuối tháng 11 đã ra giấy phép đủ chữ ký và mộc đỏ. Vậy bây giờ làm thế nào để em nhận bản cứng ạ?
Em in bản điện tử rồi đóng mộc treo cty thì có làm việc dc ở các co quan nhà nước khác k?",https://www.facebook.com/groups/771779662967885/posts/4119641934848291/?__cft__[0]=AZY_0I7agjK5CiuwJpz54qlPNJjFuLHKwEVYFRzgh4tKo4xoMEgbrpxs-kyg_eXppIVtiHQqCnWjTAEUP1CtsLx32_r2xqzIqi1RH04vc9VWoH3twxK29WGIFiSQrUfuHbI0nIZjjmqhOOIbWX43RRHPSahLuJAswAbSpoHqVGJ5eG1HUcNvZGdhzPKYZuvHIPWQPey0KGFAr2wka5pO9urQ&__tn__=%2CP-R,"Theo Điều 4 khoản 15 Luật Doanh nghiệp 2020, Giấy chứng nhận đăng ký doanh nghiệp là văn bản bằng bản giấy hoặc bản điện tử. Hiện nay, theo quy định tại Nghị định 01/2021/NĐ-CP, Giấy chứng nhận đăng ký doanh nghiệp được cấp dưới dạng bản điện tử có giá trị pháp lý tương đương bản giấy. Doanh nghiệp có thể in bản điện tử từ Cổng thông tin quốc gia về đăng ký doanh nghiệp và sử dụng để giao dịch. Nếu cần bản cứng có chữ ký và dấu của cơ quan đăng ký, có thể liên hệ Phòng Đăng ký kinh doanh - Sở KH&ĐT để được hướng dẫn.","Điều 4 khoản 15 LDN 2020
Điều 27 LDN 2020",59-2020-QH14:d4:k15;59-2020-QH14:d27
337,"Loại 10: Doanh nghiệp FDI - Vốn nước ngoài, tỷ lệ sở hữu","Cho mình hỏi tư vấn hiện tại chủ doanh nghiệp là người nước ngoài đang làm việc tại một công ty khác và đã được công ty đó cấp Giấy phép lao động (GPLĐ). Trường hợp này có thể làm thẻ tạm trú theo công ty đang làm việc và sau khi đã có thẻ tạm trú, chủ doanh nghiệp có thể thực hiện định danh điện tử cho doanh nghiệp cá nhân của mình được không ạ? Vì mình có hỏi một vài bên và cả xnc thì nhận được câu trả lời khác nhau ạ.",https://www.facebook.com/groups/saymengheluat/posts/25442202845421868/?__cft__[0]=AZYfyq2NA7baiMziYb-U9Uzpy_WnL7C-gifjvhzk9D0xtTruResrXo4v-lAvQ14fwUhBX-oh0oYyQwG09d1OQ4kqKz7CcvvoFyuTkltg1H71-NQuMGDi0HTfefvyh3eC582FIBaMb7vAYk50saOjXZCOajdrUZFsupP6JSKV6NmViWzsc4decS6hPjU2CmjOdHo&__tn__=%2CP-R,"Câu hỏi này không thuộc phạm vi điều chỉnh trực tiếp của Luật Doanh nghiệp 2020. Luật Doanh nghiệp 2020 chỉ quy định về thành lập, tổ chức quản lý, tổ chức lại, giải thể doanh nghiệp (Điều 1). Vấn đề về Giấy phép lao động (GPLĐ), thẻ tạm trú, định danh điện tử cho người nước ngoài thuộc phạm vi điều chỉnh của: (1) Bộ luật Lao động 2019 và Nghị định 152/2020/NĐ-CP về người lao động nước ngoài; (2) Luật Nhập cảnh, xuất cảnh, quá cảnh, cư trú của người nước ngoài tại Việt Nam 2014 (sửa đổi 2019) về thẻ tạm trú; (3) Nghị định về định danh điện tử. Tuy nhiên, theo Điều 17 Luật DN 2020, tổ chức, cá nhân (bao gồm cả người nước ngoài) có quyền thành lập và quản lý doanh nghiệp tại Việt Nam nếu không thuộc các trường hợp bị cấm.","Điều 1 LDN 2020
Điều 17 LDN 2020",59-2020-QH14:d1;59-2020-QH14:d17
338,"Loại 3: Vốn điều lệ - Góp vốn, tăng/giảm vốn, vốn pháp định","Trong Hợp đồng hợp tác kinh doanh (BCC) giữa hai công ty, công ty mình góp 96% vốn bằng tiền để xây dựng nhà máy và vận hành toàn bộ hoạt động, công ty còn lại góp 4% bằng quyền tài sản gắn liền với đất.
Hợp đồng chỉ quy định ‘các tài sản hình thành trong quá trình hợp tác (nhà xưởng, máy móc, dây chuyền…) là tài sản chung’, nhưng không quy định Quyền tài sản phát sinh từ Hợp đồng góp vốn là tài sản chung. Giấy chứng nhận quyền sử dụng đất cũng không chuyển quyền sở hữu thành sở hữu chung.
Mình xin hỏi các anh/chị Luật sư trong diễn đàn là:
Phần vốn góp 96% của mình (tương ứng quyền hưởng lợi nhuận và quyền điều hành dự án) có bị coi là “tài sản chung” theo Điều 207 và 218 BLDS 2015 không ạ?
Nếu mình muốn chuyển nhượng phần vốn góp/quyền hợp tác cho người thứ ba, liệu có phải áp dụng thời hạn ưu tiên mua 3 tháng cho bên còn lại theo Điều 218 BLDS không ạ?
Rất mong được các anh/chị có chuyên môn về dân sự – hợp đồng – đầu tư giải đáp. Mình xin cảm ơn ạ",https://www.facebook.com/groups/saymengheluat/posts/25194461966862625/?__cft__[0]=AZYFZ3rnld1E3iv8K2HbNeQL-arytU8ElQA_eJebUzNotllnm-BAci90rlSSNWwcmgMMkMa98vE2G1h8kIkMYxeQd45D7QPmWsE0L99AjVGv1xrBD134eQz_VxKbxsgxbP0fFPTtkFk-Mtt3AqCsoVM-zc4MHFz3VW9L3RQXxUPQExgnB0tZu9zCwXEfClbHuWY&__tn__=%2CP-R,"Câu hỏi này chủ yếu liên quan đến Bộ luật Dân sự 2015 và Luật Đầu tư 2020, không thuộc phạm vi điều chỉnh trực tiếp của Luật Doanh nghiệp 2020. Hợp đồng hợp tác kinh doanh (BCC) được quy định tại Luật Đầu tư 2020 (Điều 27-28), là hình thức đầu tư không thành lập pháp nhân. Về vấn đề 'tài sản chung' và chuyển nhượng phần vốn góp trong BCC: (1) Phần vốn góp 96% bằng tiền KHÔNG tự động trở thành 'tài sản chung' theo Điều 207, 218 BLDS 2015 nếu hợp đồng không quy định rõ; (2) Quyền ưu tiên mua 3 tháng theo Điều 218 BLDS chỉ áp dụng cho sở hữu chung, cần xem xét nội dung cụ thể của hợp đồng BCC. Luật DN 2020 có quy định về góp vốn tại Điều 34-36, nhưng áp dụng cho công ty, không phải BCC.","Điều 34 LDN 2020
Điều 35 LDN 2020
Điều 36 LDN 2020",59-2020-QH14:d34;59-2020-QH14:d35;59-2020-QH14:d36
339,Loại 11: Khác - Chưa phân loại,"Chào mọi người.
Công ty mình là một công ty 100% vốn đầu tư nước ngoài được thành lập và hoạt động tại Việt Nam. Công ty đã mua từ nước ngoài 2 loại hóa chất là A và B (đầy đủ giấy tờ). Công ty mình hiện tại không có giấy phép sản xuất hóa chất, nhưng lại có nhu cầu trộn 2 loại hóa chất A và B (để tạo thành hóa chất C) và bán cho cả thị trường trong nước và nước ngoài (chủ đạo).
Nếu công ty mình thuê 1 bên gia công X (có giấy phép sản xuất hóa chất) để trộn hóa chất A và B tạo thành hóa chất C + đóng gói hóa chất C thì công ty mình có cần bán hóa chất A và B cho công ty X và mua lại hóa chất C từ công ty X không? Hay chỉ cần thuê gia công, chuyển giao A và B rồi nhận lại C là có thể bán được?
Cách xử lý đơn giản nhất cho trường hợp này theo pháp luật Việt Nam là gì?
Công ty mình có đăng ký ngành nghề phân phối bán buôn, xuất nhập khẩu (4690).
Cảm ơn mọi người giúp đỡ tư vấn.",https://www.facebook.com/groups/saymengheluat/posts/25121636204145202/?__cft__[0]=AZZZVbgg6ZXM8ltDsiN6AeClTvW3KtA1KgbeFaMox4ZB-X9kYoRpLGX2ifMb2Be5TjlsD2alNh3FVlxCwif7-MejimdpezHSRpVJy0zBgC10oFOq66Yu-W-i5gRWEz9LEAhCCRyiXpeMTKjVQ53xxkNc-r7NZ8nn3rSpreUilgwnYV1tMhv4akusHXwk4lo-ADM&__tn__=%2CP-R,"Câu hỏi này liên quan đến Luật Hóa chất 2007 và các nghị định về kinh doanh hóa chất, không thuộc phạm vi điều chỉnh của Luật Doanh nghiệp 2020. Luật DN 2020 chỉ quy định về tổ chức doanh nghiệp. Về ngành nghề kinh doanh: Theo Điều 7 Luật DN 2020, doanh nghiệp có quyền 'tự do kinh doanh ngành, nghề mà luật không cấm', nhưng phải 'đáp ứng đủ điều kiện đầu tư kinh doanh khi kinh doanh ngành, nghề có điều kiện' (Điều 8). Với mã ngành 4690 (bán buôn tổng hợp), công ty cần: (1) Xem xét có cần đăng ký bổ sung ngành nghề sản xuất/gia công hóa chất không; (2) Việc thuê gia công (bên X có giấy phép) có thể thực hiện theo hợp đồng gia công, không cần mua bán lại. Cần tham vấn Sở Công thương về thủ tục cụ thể theo Nghị định 113/2017/NĐ-CP về quản lý hóa chất.","Điều 7 LDN 2020
Điều 8 LDN 2020",59-2020-QH14:d7;59-2020-QH14:d8
340,Loại 11: Khác - Chưa phân loại,"Mọi người cho em hỏi với ạ. Em làm mảng game, lên chính thức hiện tại đang tháng thứ 3, hợp đồng kí 1 năm. Em có bầu 6 tháng. Hiện tại cty họp và báo cắt giảm nhân sự vì bỏ khâu của em ( cả công ty có 1 team game và em làm khâu animation 1 mình ạ). Thì có cách nào để không phải nghỉ không ạ",https://www.facebook.com/groups/saymengheluat/posts/25171563319152490/?__cft__[0]=AZaqNWMgSLhqt1FfFSEyxNdmAUYzOSVovFxGe7u9dEN8tF2DK2-cFJ_twpDm_IWW-okz5dHDaDFYnpfi42nOCPNiSedm5LEuFpbNVmvMxSDwRfO9JBVxSECb29k0uyBdBPW0VLXuJHEvHOMtkT4HYbxasboCUo-bXnNbTcJDi5kJ_epBoZeNeiXxXpV51xIA8mk&__tn__=%2CP-R,"Câu hỏi này KHÔNG thuộc phạm vi điều chỉnh của Luật Doanh nghiệp 2020. Vấn đề lao động nữ mang thai bị sa thải thuộc phạm vi Bộ luật Lao động 2019. Theo Điều 137 BLLĐ 2019: Người sử dụng lao động KHÔNG được sa thải hoặc đơn phương chấm dứt hợp đồng lao động đối với lao động nữ vì lý do mang thai, nghỉ thai sản, nuôi con dưới 12 tháng tuổi. Nếu công ty cắt giảm nhân sự theo Điều 42 BLLĐ (thay đổi cơ cấu, công nghệ), họ vẫn KHÔNG được đơn phương chấm dứt HĐLĐ với lao động nữ mang thai (Điều 37 khoản 3 BLLĐ). Bạn có thể: (1) Yêu cầu công ty tiếp tục thực hiện HĐLĐ; (2) Khiếu nại lên Sở LĐTBXH hoặc khởi kiện tại Tòa án. Luật DN 2020 không điều chỉnh quan hệ lao động.",Điều 6 LDN 2020,59-2020-QH14:d6
341,Loại 11: Khác - Chưa phân loại,"Hi mn,
Mn cho e hỏi có ai trong group mình đã từng nộp hồ sơ xin cấp phép thành lập văn phòng đại diện của thương nhân nước ngoài ở Sở Công Thương Tp. HCM chưa, cho e xin tí kinh nghiệm vs ạ?
Hồ sơ nộp vào, đã đónh phí, nhưng bị từ chối thì có được Sở trả lại phí 3tr k ạ? Nếu được thì khoảng bao lâu sẽ nhận đc tiền hoàn phí ạ?
Hic, em đã liên hệ sở nhưng k ai trả lời chính xác cho e cả nên e mới lên hỏi mn ạ.
Cảm ơn admin đã duyệt tin và cảm ơn mn trước ạ.",https://www.facebook.com/groups/saymengheluat/posts/24921961910779300/?__cft__[0]=AZa-qB-AUlpiJ8JbXqIt0R-aDDu5TK_wbg2kicBbMb69AqoZ74BTlv2eKEPPri5Z1witB7bZtNffR2fHzjg5SNfO_xMYU1ie9vkiK72rj8AVRTpbzsry4fEiP-cbVxGiI8za9IPCeIdzB_7Kgln23dwrz7cnbv5j75oMdNInzYtNBHW8o2RCtPp_8n1cBN-oY04&__tn__=%2CP-R,"Câu hỏi về văn phòng đại diện của THƯƠNG NHÂN nước ngoài thuộc phạm vi Luật Thương mại 2005 (Điều 50-51) và Nghị định 07/2016/NĐ-CP, KHÔNG phải Luật Doanh nghiệp 2020. Luật DN 2020 quy định về VPĐD của doanh nghiệp Việt Nam tại Điều 44-45, là đơn vị phụ thuộc của doanh nghiệp đã thành lập. Về phí: Theo quy định về phí, lệ phí, nếu hồ sơ bị từ chối thì việc hoàn trả phí tùy thuộc vào quy định cụ thể của Thông tư phí và quy trình của Sở Công Thương. Thông thường: (1) Lệ phí thẩm định hồ sơ có thể không hoàn lại nếu đã tiến hành thẩm định; (2) Bạn nên liên hệ trực tiếp Bộ phận một cửa hoặc Phòng Quản lý xuất nhập khẩu của Sở Công Thương TP.HCM để được hướng dẫn cụ thể về quy trình hoàn phí.","Điều 44 LDN 2020
Điều 45 LDN 2020",59-2020-QH14:d44;59-2020-QH14:d45
342,Loại 11: Khác - Chưa phân loại,"Mọi người cho mình hỏi trường hợp này với ạ: Giấy phép lao động của một lao động nước ngoài đã bị thu hồi theo yêu cầu cơ quan Nhà nước ( công ty cũ chấm dứt hợp đồng lao động với người nước ngoài). Hộ chiếu đang được giữ lại để hoàn tất thủ tục, và người này được phép ở lại Việt Nam 15 ngày để sắp xếp. Nếu trong thời gian đó không có đơn vị mới bảo lãnh thì phải xuất cảnh. Vậy cho mình hỏi quy trình và thủ tục để đơn vị mới tiếp nhận, bảo lãnh lại lao động này cần làm những gì ạ?",https://www.facebook.com/groups/saymengheluat/posts/24820097854299040/?__cft__[0]=AZZpyhXPnY4qfYBsaexu9nmqJ1WTitLXLjyxmdFNfSdyU381tzwJ81G2gIgE1LlYKYt7rQ4ipyiAfWM1Hrn1EJ_Kcyhj_y7340F8oEIj-Qm5P5uxTaGT5qlTvE-Rt75P29EaT0LsVSWaoDV_TRkOTOA2xHKQhtTdeT7rJqRMMF3EJQFEy3j-BCw-SWCUkKTqWMw&__tn__=%2CP-R,"Câu hỏi này KHÔNG thuộc phạm vi điều chỉnh của Luật Doanh nghiệp 2020. Vấn đề Giấy phép lao động (GPLĐ) và bảo lãnh lao động nước ngoài thuộc phạm vi Bộ luật Lao động 2019 và Nghị định 152/2020/NĐ-CP. Quy trình để đơn vị mới bảo lãnh lao động nước ngoài: (1) Đơn vị mới xác định nhu cầu sử dụng lao động nước ngoài và báo cáo Sở LĐTBXH; (2) Chuẩn bị hồ sơ xin cấp GPLĐ mới (theo Điều 9 Nghị định 152/2020); (3) Nộp hồ sơ xin cấp GPLĐ trong thời gian 15 ngày người nước ngoài còn được phép ở lại; (4) Sau khi có GPLĐ mới, làm thủ tục xin thẻ tạm trú với công an. Luật DN 2020 chỉ quy định về quyền tuyển dụng lao động theo pháp luật lao động (Điều 7 khoản 6) và nghĩa vụ bảo đảm quyền lợi người lao động (Điều 8 khoản 5).","Điều 7 LDN 2020
Điều 8 LDN 2020",59-2020-QH14:d7;59-2020-QH14:d8
343,Loại 11: Khác - Chưa phân loại,Các anh chị cho em hỏi chút ạ: trường hợp doanh nghiệp có giao dịch liên kết thì có được khấu trừ thuế Thu nhập doanh nghiệp như các giao dịch độc lập không ạ?,https://www.facebook.com/groups/saymengheluat/posts/24758226193819540/?__cft__[0]=AZYFg9jnGhT89I0yZWWzVU9K514RxiHKwNh17o2WLp0whvIQIzcgWNKmdQtyOvSPIUGm98YrZz_Bil-mu-tz_hLZvfsG775JGeyMhBg_fO770S8BWV7sxTBPi4ZDXEOfaGt2oAVqs4VlkrN87LBbTCNXB99mF9ZRYB-ifWzbdgSAhLMwe8XcA8yukXKb5KUrgPM&__tn__=%2CP-R,"Câu hỏi về giao dịch liên kết và khấu trừ thuế TNDN KHÔNG thuộc phạm vi điều chỉnh của Luật Doanh nghiệp 2020. Vấn đề này thuộc Luật Thuế thu nhập doanh nghiệp và Nghị định 132/2020/NĐ-CP về quản lý thuế với giao dịch liên kết. Theo Nghị định 132/2020: (1) Doanh nghiệp có giao dịch liên kết vẫn được khấu trừ chi phí nếu đảm bảo nguyên tắc giao dịch độc lập (arm's length principle); (2) Tổng chi phí lãi vay được trừ không vượt quá 30% EBITDA (Điều 16 Nghị định 132/2020); (3) Phải lập hồ sơ xác định giá giao dịch liên kết và kê khai theo quy định. Luật DN 2020 chỉ quy định về nghĩa vụ tài chính của doanh nghiệp tại Điều 8 khoản 4: 'Tổ chức công tác kế toán, nộp thuế và thực hiện các nghĩa vụ tài chính khác theo quy định của pháp luật'.",Điều 8 LDN 2020,59-2020-QH14:d8
344,"Loại 5: Hộ kinh doanh - Đăng ký, thay đổi, chuyển đổi HKD","Hộ kinh doanh nhà em giải thể, em có cần phải thông báo hủy sự dụng mã vạch sản phẩm không, thấy có giấy báo hết hạn mã vạch gửi về nhà ạ hay cứ kệ hết hạn là cơ quan sẽ tự thu hồi mã vạch ạ.",https://www.facebook.com/groups/saymengheluat/posts/24701711072804386/?__cft__[0]=AZaUJuGIGdB0BZyCqFwB7rlQtKxYNwm1BwMYE8TuMp3H3pPqnea875iWpJkTG7P7VrTeei-GojD402NGyJzOD_U8LrzY-9TQ7SaiuiolJeBxjmCdVUx3vz8sLVHx56qy2LtezyAK-aSMb3I7rYxPLkLJHLbAtd3UM2wUdS_-yv8XgoAEVoGq4rvR5MqWQVIF5Rw&__tn__=%2CP-R,"Câu hỏi về hộ kinh doanh giải thể KHÔNG thuộc phạm vi điều chỉnh của Luật Doanh nghiệp 2020. Theo Điều 1 LDN 2020, Luật này chỉ quy định về công ty TNHH, công ty cổ phần, công ty hợp danh và doanh nghiệp tư nhân - KHÔNG bao gồm hộ kinh doanh. Hộ kinh doanh được quy định tại Nghị định 01/2021/NĐ-CP về đăng ký doanh nghiệp (Chương VIII). Về mã vạch sản phẩm (GS1): Mã vạch do Tổng cục Tiêu chuẩn Đo lường Chất lượng (GS1 Việt Nam) quản lý. Khi hộ kinh doanh giải thể: (1) Bạn NÊN thông báo chấm dứt sử dụng mã vạch cho GS1 Việt Nam để tránh phát sinh phí hàng năm; (2) Nếu không thông báo, sau khi hết hạn và không gia hạn, mã vạch sẽ bị thu hồi nhưng có thể phát sinh nợ phí. Liên hệ GS1 Việt Nam (Trung tâm Mã số Mã vạch Quốc gia) để làm thủ tục.",Điều 1 LDN 2020,59-2020-QH14:d1
345,"Loại 7: Thay đổi ĐKKD - Địa chỉ, tên, ngành nghề","Dạo gần đây có bên nào làm thay đổi thông tin doanh nghiệp trên Sở Tài chính Hà Nội, được duyệt chấp thuận rồi mà mãi Sở chưa gửi bản gốc về không ạ. E làm cho công ty, được chấp thuận từ ngày 31.7 rồi mà ko thấy gửi bản gốc về. Anh/chị cho e hỏi là có kênh liên hệ nào của Sở Hà Nội để xin cập nhật tình hình thư chuyển phát về cho doanh nghiệp không ạ?",https://www.facebook.com/groups/saymengheluat/posts/24160646546910844/?__cft__[0]=AZZtzBDS77cOplxP4tNfRD7Qg-uP_ZHKTNqXRAJUeQWe_Cuox033kgidIaVPZUfnSnzYzUP9-LJmZWkQrFl2zcaPC6SUtdc4RCZgmudDUFeAt2xCkksMc1gctMyGHP943XHpbWJeGKhpXjjqiOoDAKaemP38ut6ZBJgEwf21r_cTmNSxdk0P_TU1hmNBskH1CtU&__tn__=%2CP-R,"Câu hỏi về thay đổi thông tin doanh nghiệp trên Sở Tài chính là vấn đề thủ tục hành chính, không thuộc phạm vi điều chỉnh trực tiếp của Luật Doanh nghiệp 2020. Tuy nhiên, Luật DN 2020 có quy định về thông báo thay đổi thông tin đăng ký doanh nghiệp tại Điều 30-31. Theo Điều 31: Doanh nghiệp phải thông báo thay đổi nội dung đăng ký doanh nghiệp trong thời hạn 10 ngày kể từ ngày có thay đổi; Cơ quan đăng ký kinh doanh có trách nhiệm xem xét trong 03 ngày làm việc. Về liên hệ Sở Tài chính Hà Nội: (1) Đường dây nóng Sở Tài chính Hà Nội: 024.3825.8098; (2) Cổng dịch vụ công: dichvucong.hanoi.gov.vn; (3) Địa chỉ: 38 Hai Bà Trưng, Hoàn Kiếm, Hà Nội. Bạn cũng có thể tra cứu tình trạng hồ sơ trên cổng dịch vụ công nếu có mã tiếp nhận.","Điều 30 LDN 2020
Điều 31 LDN 2020",59-2020-QH14:d30;59-2020-QH14:d31
346,"Loại 9: Chuyển nhượng vốn/cổ phần - Mua bán, thừa kế","Em chào admin và các anh chị trong nhóm ạ. Ad và a/c trong nhóm cho e hỏi với, Công ty TNHH 1 TV làm thay đổi chủ sở hữu và người đại diện theo pháp luật , trong hồ sơ gửi lên sở có mẫu số 10 Danh sách chủ sở hữu hưởng lợi, e đã điền thông tin của chủ sở hữu mới, còn mục ký là người đại diện theo Pháp luật vậy cho e hỏi Người đại diện theo pháp luật ở đây là Người mới hay là Người cũ ký ạ. Em cám ơn anh/chị nhiều ạ",https://www.facebook.com/groups/2517368835292456/posts/2607887372907268/?__cft__[0]=AZZERAykuyu9U5lAlvW4P6gS8gNAloQFXHKJjjZo4BgAaL0wBu8O1PpLDsGBvMkNH0sBAHWlieLSAogyIHMXOE7KmP2FQ4PUwoy3qP2Hs9OSDboY5MvWttzn4cdC8lIUGcdguEtvP6LPMtOGAEJTGOQSFzKbsdd_ESIbRiXkL5HjxxIdmEm2FHqnaOOIB36It3gv5ckmgTKXuyfH6_YRudyp&__tn__=%2CP-R,"Theo Luật Doanh nghiệp 2020, khi thay đổi chủ sở hữu công ty TNHH 1 thành viên, người đại diện theo pháp luật MỚI sẽ là người ký vào Mẫu số 10 (Danh sách chủ sở hữu hưởng lợi). Căn cứ Điều 78 Luật DN 2020, khi chủ sở hữu chuyển nhượng vốn điều lệ cho tổ chức/cá nhân khác thì công ty phải đăng ký thay đổi nội dung ĐKDN trong thời hạn 10 ngày. Tại thời điểm nộp hồ sơ thay đổi, người đại diện theo pháp luật mới (được bổ nhiệm theo quyết định của chủ sở hữu mới) sẽ là người có thẩm quyền ký các văn bản trong hồ sơ thay đổi ĐKDN, bao gồm Mẫu số 10.","Điều 12 LDN 2020
Điều 78 LDN 2020
Điều 30 LDN 2020",59-2020-QH14:d12;59-2020-QH14:d78;59-2020-QH14:d30
347,"Loại 10: Doanh nghiệp FDI - Vốn nước ngoài, tỷ lệ sở hữu","Cho mình hỏi: hiện tại chủ doanh nghiệp là người nước ngoài đang làm việc tại một công ty khác và đã được công ty đó cấp Giấy phép lao động (GPLĐ). Trường hợp này có thể làm thẻ tạm trú theo công ty đang làm việc không? Sau khi đã có thẻ tạm trú, người đó có thể thực hiện định danh điện tử cho doanh nghiệp cá nhân của mình được không ạ?",https://www.facebook.com/groups/2517368835292456/posts/2617841455245193/?__cft__[0]=AZaU9Qi6M1gZ1SWOj4qCL5UN5IAiuyUv3j5BgBW923AVz4CsnemYV8xag6xVxQCbo3vIJvTIuqUIOkCbbDgxKWaqQfAW9UekHKK8NgWqVcXq3vjEcXZ8Fhg34NKHv64x7Uv-5fwYK2KjT_r6rMnoJgqP7f42HMgKIAZ7S-TsauNtdhOjA4tAshZM3VcOOAXNwXiV41IzluRoPoE_SB2J2yYj&__tn__=%2CP-R,"Theo Luật Doanh nghiệp 2020 và Luật Đầu tư, người nước ngoài có quyền thành lập và quản lý doanh nghiệp tại Việt Nam (Điều 17 LDN 2020). Về thẻ tạm trú: Thẻ tạm trú được cấp theo công ty đang làm việc (nơi cấp GPLĐ). Về định danh điện tử: Sau khi có thẻ tạm trú, người nước ngoài có thể thực hiện định danh điện tử cho doanh nghiệp cá nhân của mình. Tuy nhiên, nếu doanh nghiệp thuộc trường hợp nhà đầu tư nước ngoài theo Luật Đầu tư, cần có Giấy chứng nhận đăng ký đầu tư trước khi đăng ký doanh nghiệp (Điều 21, 22 LDN 2020). Lưu ý: Việc làm chủ doanh nghiệp riêng trong khi có GPLĐ ở công ty khác cần tuân thủ quy định về lao động và nhập cảnh.","Điều 17 LDN 2020
Điều 21 LDN 2020
Điều 22 LDN 2020",59-2020-QH14:d17;59-2020-QH14:d21;59-2020-QH14:d22
348,"Loại 3: Vốn điều lệ - Góp vốn, tăng/giảm vốn, vốn pháp định","Chào anh chị, em đang làm hồ sơ TL mới cho công ty cổ phần nhưng góp vốn vừa bằng tài sản vừa bằng tiền mặt. Trong đó tài sản góp vốn là máy móc dùng trong công trình xây dựng (như máy khoan, máy cắt...). Anh chị đi trước có kinh nghiệm cho em hỏi, em điền cột 11 (về loại tài sản,...) như thế nào ạ? Em cảm ơn mn",https://www.facebook.com/groups/2517368835292456/posts/2602130023483003/?__cft__[0]=AZbvpIouRN9H9OX-A-aNJkZNPalqwkH_ynrb6taXAZGLGWMalWFmXTNRzLtdBCw2ybSXaI_h-Ss_vaay0RCBB3M5Nr8FVFOOch2TA3s5f2qpJg9gMw6gt5HgHxS1YWDaOeE5W48auzFnfWT4tvWJJoTY9zYCPqiMKje0Fl9GxR3Zlssj_oHkGOd5PYHz0PakLGk&__tn__=%2CP-R,"Theo Điều 34, 35, 36 Luật Doanh nghiệp 2020 về góp vốn bằng tài sản: Khi góp vốn bằng máy móc (máy khoan, máy cắt...) vào CTCP, cột 11 trong Danh sách cổ đông cần ghi rõ: (1) Loại tài sản: Máy móc, thiết bị xây dựng; (2) Số lượng tài sản: Liệt kê từng loại máy (VD: Máy khoan - 02 cái, Máy cắt - 03 cái...); (3) Giá trị tài sản: Giá trị được định giá theo Điều 36 LDN 2020. Lưu ý: Tài sản góp vốn phải được các cổ đông sáng lập định giá theo nguyên tắc đồng thuận hoặc do tổ chức thẩm định giá định giá. Nếu tổ chức thẩm định định giá thì phải được trên 50% cổ đông sáng lập chấp thuận.","Điều 34 LDN 2020
Điều 35 LDN 2020
Điều 36 LDN 2020
Điều 25 LDN 2020",59-2020-QH14:d34;59-2020-QH14:d35;59-2020-QH14:d36;59-2020-QH14:d25
349,"Loại 1: Thành lập doanh nghiệp - Thủ tục, điều kiện, hồ sơ thành lập","Anh chị cho em hỏi, em có thành lập công ty tại Hồ Chí Minh và đăng ký 2 mail tại phần nhận thông báo thuế (dạng @gmail.com / @gmail.com). Nhưng sở TC ra thông báo bổ sung vì thuế từ chối cấp mst do ""sai định dạng mail"". Cho em hỏi trường hợp này xử lý như thế nào? Vì em gọi số trong giấy biên nhận thì không nghe máy và em kiểm tra lại thì không có khoảng trống sau mail.",https://www.facebook.com/groups/2517368835292456/posts/2550835208612485/?__cft__[0]=AZZVJZrimk4ScEe_tHElQ9NL0QUYN3TsPbcl07mT2r9jYW-HwWBuWnR3mvEdlQTXO0RPCD_u1Bg6fBWJhOoBURR7axpFX7gBKQRyKkicBcNsaDj5_YS_MOxM8rK0UBYFN0osrgVXQVF8DHtOG9XXQcApvJnQE4Bdp48yoQz3yVLYayEIlsehfB8xlXmX0ub3zO8O1gM5q-zkabHs6y2aDuyQ&__tn__=%2CP-R,"Đây là vấn đề thủ tục đăng ký thuế, không thuộc phạm vi điều chỉnh của Luật Doanh nghiệp 2020. Tuy nhiên, theo Điều 8 LDN 2020 về nghĩa vụ của doanh nghiệp: Doanh nghiệp có nghĩa vụ thực hiện đầy đủ, kịp thời các nghĩa vụ về đăng ký doanh nghiệp. Về xử lý sai định dạng email: (1) Liên hệ trực tiếp Sở KH&ĐT hoặc Phòng ĐKKD để được hướng dẫn cụ thể; (2) Thử đăng ký lại chỉ với 1 email duy nhất (không dùng dấu / để phân cách); (3) Kiểm tra email không có ký tự đặc biệt, khoảng trắng thừa trước/sau. Nếu không liên lạc được qua điện thoại, nên đến trực tiếp Sở KH&ĐT để giải quyết.","Điều 8 LDN 2020
Điều 26 LDN 2020",59-2020-QH14:d8;59-2020-QH14:d26
350,"Loại 3: Vốn điều lệ - Góp vốn, tăng/giảm vốn, vốn pháp định","Em vừa mới ra trường, chưa có nhiều kinh nghiệm.
Mn cho em hỏi thời điểm em để tăng vốn em để ngày nào được ạ
Em vừa mới ra trường, chưa có nhiều kinh nghiệm.
Mn cho em hỏi thời điểm em để tăng vốn em để ngày nào được ạ",https://www.facebook.com/groups/2517368835292456/posts/2553759828320023/?__cft__[0]=AZZFMQkbvd8bv8ROLZyA_YeX74DqDMAOSBoj83KBdXlJXfuEQJzVvyXeMAw5JSofZeUzSzet6L7NMA8KAzEYhLRRGVtD2pu9wCwP1ahYmPskjcwC7JhJosOCERoKNc41Zn4VgRNPXct3Mc-Hezf1pb-XvE7aaOFA8zFnqtt_8jifD1nOw1S8HZZOa2IXtOZ7PiakBGyqz90qEhayq3UcJwYC&__tn__=%2CP-R,"Theo Luật Doanh nghiệp 2020, về thời điểm tăng vốn điều lệ: (1) Đối với Công ty TNHH: Theo Điều 68 và Điều 87 LDN 2020, công ty có thể tăng vốn điều lệ bất cứ lúc nào khi có nhu cầu, thông qua việc thành viên góp thêm vốn hoặc tiếp nhận thêm vốn góp của thành viên mới. (2) Thời điểm ghi trong quyết định/biên bản họp: Nên để ngày quyết định tăng vốn TRƯỚC hoặc CÙNG ngày nộp hồ sơ. Thời điểm có hiệu lực của việc tăng vốn là ngày Cơ quan ĐKKD cấp Giấy CN ĐKDN mới hoặc xác nhận thay đổi. (3) Theo Điều 30 LDN 2020: Doanh nghiệp phải đăng ký thay đổi nội dung GCNĐKDN trong thời hạn 10 ngày kể từ ngày có thay đổi.","Điều 68 LDN 2020
Điều 87 LDN 2020
Điều 30 LDN 2020",59-2020-QH14:d68;59-2020-QH14:d87;59-2020-QH14:d30
351,Loại 11: Khác - Chưa phân loại,"Anh chị cho em hỏi. Những trường hợp nào phải kê khai chủ sở hữu hưởng lợi vậy ạ
Anh chị cho em hỏi. Những trường hợp nào phải kê khai chủ sở hữu hưởng lợi vậy ạ",https://www.facebook.com/groups/2517368835292456/posts/2553760824986590/?__cft__[0]=AZbO0abwMtivwK2PNOKbtwp5ybq9JvOR3LPpcVCB7_zO52sj4PsHI7Qybs-eTGrw65KG5LZlNpOrHKe_xPSktXVeInbHBWAENksC2-5IVO4xZ7eKrsIx5yJ42ijqtKSpZJCi1rPEu2A0Jm5z6HLg1uSZ6DjxpybH8jnPecQ9CVh43Me-NgGoc0ChPANkc0aZ54V_Igum6pN_hKNDUY2lWk4h&__tn__=%2CP-R,"Theo quy định pháp luật hiện hành, việc kê khai chủ sở hữu hưởng lợi được thực hiện theo Nghị định 47/2019/NĐ-CP (sửa đổi bởi NĐ 16/2022/NĐ-CP) về phòng chống rửa tiền. Các trường hợp phải kê khai chủ sở hữu hưởng lợi bao gồm: (1) Khi thành lập mới doanh nghiệp (Công ty TNHH, CTCP); (2) Khi thay đổi thông tin về chủ sở hữu, thành viên, cổ đông chi phối (sở hữu từ 25% vốn điều lệ trở lên); (3) Khi thay đổi người đại diện theo pháp luật; (4) Khi có yêu cầu của cơ quan nhà nước có thẩm quyền. Luật DN 2020 quy định về người có liên quan tại Điều 4 khoản 23, là cơ sở để xác định chủ sở hữu hưởng lợi.","Điều 4 LDN 2020
Điều 17 LDN 2020
Điều 30 LDN 2020",59-2020-QH14:d4;59-2020-QH14:d17;59-2020-QH14:d30
352,"Loại 1: Thành lập doanh nghiệp - Thủ tục, điều kiện, hồ sơ thành lập","Các anh chị cho em hỏi cách xin dấu và chữ ký cho giấy đkkd của HCM với ạ. Em TL công ty chấp thuận hôm 29, đã gọi lên Sở 2 lần và đều được báo là đã trình lên xin chữ ký. Nhưng tính đến nay vẫn chữa có dấu.",https://www.facebook.com/groups/2517368835292456/posts/2564720393890633/?__cft__[0]=AZbhBTftlHfJiasce9dvGt9Bdvb9uJMbtenh7ej14VkJXNPemwunZVe7h_d3FJ9AeTlY8mk1MsUvYEiAM5kea_1JQOEOO-rjt-SjOjEQDtikUpR1q9nykyKIzS_soEE8EVs_txv-yheQMtFdXnKO3uRM5-gT7_i2Q79ddv5yitu8JF9yDLQ-pC5AVJPG2WV8vlY&__tn__=%2CP-R,"Đây là vấn đề về thủ tục hành chính tại Sở KH&ĐT TP.HCM, không thuộc phạm vi điều chỉnh trực tiếp của Luật Doanh nghiệp 2020. Tuy nhiên, theo Điều 26, 30 LDN 2020: Trong thời hạn 03 ngày làm việc kể từ ngày nhận hồ sơ hợp lệ, Cơ quan ĐKKD phải cấp Giấy chứng nhận đăng ký doanh nghiệp. Về cách xử lý: (1) Tiếp tục liên hệ Sở KH&ĐT qua các kênh khác (zalo, email, đến trực tiếp); (2) Kiểm tra tình trạng hồ sơ trên Cổng thông tin quốc gia về ĐKDN; (3) Nếu quá 03 ngày làm việc mà chưa được cấp, có thể gửi đơn khiếu nại theo quy định. Thực tế tại HCM, thời gian có thể kéo dài hơn do số lượng hồ sơ lớn.","Điều 26 LDN 2020
Điều 30 LDN 2020",59-2020-QH14:d26;59-2020-QH14:d30
353,"Loại 7: Thay đổi ĐKKD - Địa chỉ, tên, ngành nghề","Anh chị cho em hỏi, trước em có thành lập công ty tại Hà Tĩnh thì trường thông tin thuế phần giám đốc, kế toán chỉ cần tên và số điện thoại. Hiện nay em muốn cập nhật địa chỉ sau sáp nhật và phần thông tin thuế này thì em sẽ bổ sung thêm thông tin về cccd, giới tính, ngày sinh ở mục 12A hay 12B ạ? Em cảm ơn anh chị.",https://www.facebook.com/groups/2517368835292456/posts/2569057170123622/?__cft__[0]=AZZt5HDN-r816UuCjIgVjYbMqVUX4V_w6jyhV6lTxHwaHRM0IzJ5FeCw5hGOVyFCC78mj98zFRrhtHzQVRxcAK5cVCKxmKJyolsXYj_ujG6Jh-XvnAgtObS9BJywsF-RqDUSgZskMClEjDlb-ECN5MCUi3HUpvl9gEeSucr5Xxr9t0VTLHHYX3gV4eZh2rK-RTg&__tn__=%2CP-R,"Việc cập nhật thông tin thuế (giám đốc, kế toán) không thuộc phạm vi điều chỉnh trực tiếp của Luật Doanh nghiệp 2020, mà thuộc quy định về quản lý thuế. Tuy nhiên, theo Điều 30, 31 LDN 2020 về thay đổi nội dung đăng ký doanh nghiệp: (1) Mục 12A: Thông tin thay đổi của doanh nghiệp (bao gồm địa chỉ sau sáp nhập); (2) Mục 12B: Thông tin đăng ký thuế cần bổ sung/thay đổi (thông tin về giám đốc, kế toán như CCCD, giới tính, ngày sinh). Khuyến nghị: Điền bổ sung thông tin chi tiết về giám đốc, kế toán vào Mục 12B vì đây là phần dành cho thông tin thuế. Đồng thời cập nhật địa chỉ mới tại Mục 12A.","Điều 30 LDN 2020
Điều 31 LDN 2020",59-2020-QH14:d30;59-2020-QH14:d31
354,"Loại 3: Vốn điều lệ - Góp vốn, tăng/giảm vốn, vốn pháp định","Cho em hỏi hồ sơ tăng vốn ở Hà Nội cần nộp thêm những gì ạ??? Em nộp bị ra thông báo thiếu hồ sơ
Cho em hỏi hồ sơ tăng vốn ở Hà Nội cần nộp thêm những gì ạ??? Em nộp bị ra thông báo thiếu hồ sơ",https://www.facebook.com/groups/2517368835292456/posts/2547216015641071/?__cft__[0]=AZYWgXUXdkJJcCgfuiMLEk7eXw-p4YMzjnLLG2SsJRrmork6JK0o_ttjxZiuwDdnmPQDkC8LiT2vKagJ7xL4wZrJV9sM5_55BdNo2rwqmzLl8OFlV2-9N3a7ZpVxJdAF89iz0Y7Ii474XZAZvxBjAFUg6MzzmpmL40pOQ_g45-G9680_o61s0LFMaQ_bbWtg0H-2mCsXXvp8mhXUX_sg-USc&__tn__=%2CP-R,"Theo Luật Doanh nghiệp 2020 và Nghị định 01/2021/NĐ-CP về đăng ký doanh nghiệp, hồ sơ tăng vốn điều lệ (đăng ký thay đổi GCNĐKDN theo Điều 30 LDN 2020) bao gồm: (1) Thông báo thay đổi nội dung ĐKDN (Phụ lục II-1); (2) Quyết định của HĐTV/ĐHĐCĐ/Chủ sở hữu về việc tăng vốn điều lệ; (3) Biên bản họp HĐTV/ĐHĐCĐ thông qua việc tăng vốn; (4) Danh sách thành viên/cổ đông sau khi tăng vốn (nếu có thay đổi); (5) Văn bản ủy quyền cho người nộp hồ sơ (nếu không phải người ĐDTPL). Tại Hà Nội có thể yêu cầu thêm: Biên bản góp vốn, chứng từ chứng minh việc góp vốn thêm. Nên liên hệ trực tiếp Phòng ĐKKD Sở KH&ĐT Hà Nội để biết chính xác thiếu giấy tờ gì.","Điều 30 LDN 2020
Điều 68 LDN 2020
Điều 87 LDN 2020",59-2020-QH14:d30;59-2020-QH14:d68;59-2020-QH14:d87
355,"Loại 7: Thay đổi ĐKKD - Địa chỉ, tên, ngành nghề",Em chào các anh chị. Các anh chị cho em hỏi trong trường hợp nào thì mình phải cập nhật danh sách chủ sở hữu hưởng lợi ạ. Công ty em đang muốn thay đổi ngành nghề và địa chỉ trụ sở chính thì có phải cập nhật DSCSHHL không ạ. Công ty em chưa thay đổi DKKD từ năm 2022. Em cảm ơn các anh chị!,https://www.facebook.com/groups/2517368835292456/posts/2594039200958752/?__cft__[0]=AZaKPFauKF5k9tSkPZXagKzpJugIMdyZDFkRlfHSnJ27sM8T7IK0Hp000hq1ttG-imhGB8REhX1Ojq1BVAW_5rjPvYgjSXcUbPLf4UFP8JUUjPY2n2JrXijmF25YgonH2JZGs8ybb_oQJB5rL8fejvURdJEr-nKOCWMxE848r49tVyHPx0XnNJfCdiZsYdB1nby9qqc3Od2fKb0LoWkRCKLx&__tn__=%2CP-R,"Theo quy định về kê khai chủ sở hữu hưởng lợi (Nghị định 47/2019/NĐ-CP, sửa đổi bởi NĐ 16/2022/NĐ-CP), các trường hợp phải cập nhật danh sách chủ sở hữu hưởng lợi gồm: (1) Khi thay đổi chủ sở hữu, thành viên, cổ đông chi phối (sở hữu từ 25% vốn trở lên); (2) Khi thay đổi người đại diện theo pháp luật; (3) Khi thay đổi thông tin của chủ sở hữu hưởng lợi đã kê khai. Đối với trường hợp của bạn: Thay đổi ngành nghề và địa chỉ trụ sở chính KHÔNG bắt buộc phải cập nhật DSCSHHL, vì đây không phải thay đổi về cơ cấu sở hữu. Tuy nhiên, do công ty chưa thay đổi ĐKKD từ năm 2022, nếu trước đó chưa kê khai DSCSHHL theo quy định mới thì nên kê khai bổ sung khi làm hồ sơ thay đổi lần này.","Điều 4 LDN 2020
Điều 30 LDN 2020
Điều 31 LDN 2020",59-2020-QH14:d4;59-2020-QH14:d30;59-2020-QH14:d31
356,,"Cty em là công ty tnhh 1 thành viên, mới thành lập ngày 11/10/25 tại tp. Hồ Chí Minh. Hiện tại chủ sở hữu cty muốn thay đổi trụ sở chính là chung cư (có chức năng kinh doanh, thương mại), địa chỉ phường khác cơ quan thuế quản lý ban đầu. Công ty chưa khai thuế ban đầu, chưa mua hoá đơn điện tử, chưa có token.
Cả nhà cho em hỏi có cần làm thủ tục chốt thuế với cơ quan thuế quản lý hiện tại rồi mới làm thủ tục thay đổi trụ sở chính ko ạ.
Công văn xác nhận của chủ đầu tư Dự án chung cư xác nhận căn hộ có chức năng kinh doanh thương mại có giá trị chứng minh ko phải căn hộ để ở ko ạ.",https://www.facebook.com/groups/2517368835292456/posts/2546728852356454/?__cft__[0]=AZbleWmp0Nrvq8tmHGFegGGoD0za7qjxz0GeOCk0J8Gp7BYyq1fEspWft4SCmxDicprujbMXzvnNKP4WqgN5sQXL475QPWkMFxmat-bw_AGBoD1g7yHDWzTRYC6-aitF5V5yD_sOhCZlsm_dwMqfRfpTcNktrxbNf9IaVScZpSpWbDDFFWCykME04SxhX_B_8oYBtCUPraybLzFIS8IftS8h&__tn__=%2CP-R,"Theo Luật Doanh nghiệp 2020:

1. Về thay đổi trụ sở chính: Theo Điều 30, doanh nghiệp phải đăng ký thay đổi nội dung Giấy chứng nhận đăng ký doanh nghiệp trong thời hạn 10 ngày kể từ ngày có thay đổi. Luật Doanh nghiệp 2020 không yêu cầu phải chốt thuế trước khi thay đổi trụ sở - đây là thủ tục thuế do cơ quan thuế quy định, không thuộc phạm vi điều chỉnh của Luật Doanh nghiệp.

2. Về địa điểm đặt trụ sở: Theo Điều 42 LDN 2020, trụ sở chính của doanh nghiệp đặt trên lãnh thổ Việt Nam, là địa chỉ liên lạc của doanh nghiệp và được xác định theo địa giới đơn vị hành chính. Luật không cấm đặt trụ sở tại chung cư có chức năng kinh doanh, thương mại.

3. Về công văn xác nhận của chủ đầu tư: Đây là tài liệu hợp lệ để chứng minh căn hộ có chức năng kinh doanh, thương mại (không phải căn hộ để ở). Cơ quan đăng ký kinh doanh sẽ xem xét hồ sơ theo quy định tại Điều 27 LDN 2020.","Điều 30 LDN 2020
Điều 42 LDN 2020
Điều 27 LDN 2020",59-2020-QH14:d30;59-2020-QH14:d42;59-2020-QH14:d27
357,Loại 11: Khác - Chưa phân loại,Ko có cccd gốc chỉ có photo và hình chụp cần làm giấy phép kinh doanh cà phê có cách ko,https://www.facebook.com/groups/dangkyhokinhdoanhcathe/posts/2701882170146964/?__cft__[0]=AZaJSZIW3RtUpBniWs2XuAqviO8xhZ3DO7zirVbNrlNR-EFotvWgkUk_98nROrIo8BIJCosJZjtwn4TbdyQV15Jg5FwEMoGxjEp6BTbQzKXCOkO7yIDKd0U14wKVzNPJ0qCvlsY2MbKLXvCmnyVfUcok&__tn__=%2CP-R,"Theo Điều 16 khoản 4 Luật Doanh nghiệp 2020 về giấy tờ pháp lý, bản sao giấy tờ pháp lý của cá nhân (CCCD/CMND) là tài liệu bắt buộc trong hồ sơ đăng ký kinh doanh. Bạn có các lựa chọn sau: 1) Xin cấp lại CCCD tại công an địa phương (thời gian khoảng 7-15 ngày); 2) Sử dụng bản sao CCCD được chứng thực từ bản gốc (nếu đã có chứng thực trước đó); 3) Trong khi chờ CCCD mới, có thể sử dụng Hộ chiếu còn hiệu lực làm giấy tờ pháp lý thay thế. Không thể dùng bản photo hoặc hình chụp không được chứng thực để đăng ký kinh doanh vì không đảm bảo tính pháp lý. Khuyến nghị: Làm lại CCCD tại công an trước khi nộp hồ sơ.","Điều 4 LDN 2020 - Giải thích từ ngữ (khoản 16 về giấy tờ pháp lý)
Nghị định 01/2021/NĐ-CP - Đăng ký doanh nghiệp (Điều 79 về Hộ kinh doanh)",59-2020-QH14:d4;01-2021-ND:d79
358,"Loại 6: Giải thể & Phá sản - Thủ tục, thanh toán nợ, tạm ngưng","Chào các bạn, mình muốn hỏi tư vấn về vấn đề như sau:Công ty mình chuẩn bị làm thủ tục giải thể, nhưng hợp đồng thuê văn phòng ảo (nơi đặt địa chỉ đăng ký kinh doanh) đã hết hạn từ tháng 4/2025. Vậy khi tiến hành giải thể thì sẽ bị thuế kiểm tra hợp đồng thuê và phạt như thế nào ạ? Mình muốn hỏi mức phạt và văn bản quy định vì mình chưa tìm thấy được nội dung này, để có cơ sở so sánh xem có nên ký hợp đồng thuê bổ sung trước khi giả",https://www.facebook.com/groups/diendanthue.new/posts/1997519467492190/?__cft__[0]=AZbvZQCQtEr75t7A0GPx6bU5gwg5q37a5SFEGQLplBbif1bhu3nL-zxFNYObFeFMMllhjdX2aGJRleGvK_Kb0gcBTm4gI18_91Fd32CiVro4gM8i453pJf-wyFAynCsOJBMG2jAV37SlXcEw7YuBEvagQ5Wtj50WUYVoq49xVXVWD1ATZvW6jh7c64SQNQHPC8tW1mNXF0MyzmYo05Y7cuVd&__tn__=%2CP-R,"Theo Điều 207, 208 Luật Doanh nghiệp 2020 về giải thể doanh nghiệp, pháp luật không quy định cụ thể về việc phải có hợp đồng thuê địa chỉ đang còn hiệu lực khi giải thể. Tuy nhiên, theo Điều 8, doanh nghiệp có nghĩa vụ đăng ký đầy đủ, kịp thời thay đổi nội dung đăng ký doanh nghiệp. Nếu địa chỉ không còn hợp lệ mà không thông báo thay đổi, có thể bị xử phạt vi phạm hành chính theo quy định pháp luật về lĩnh vực kế hoạch và đầu tư. Khuyến nghị: Trước khi giải thể, bạn nên ký hợp đồng thuê bổ sung hoặc thay đổi địa chỉ trụ sở chính, sau đó tiến hành thủ tục giải thể để tránh bị xử phạt.","Điều 207 208 LDN 2020 - Giải thể doanh nghiệp
Điều 8 LDN 2020 - Nghĩa vụ của doanh nghiệp",59-2020-QH14:d207;59-2020-QH14:d8
359,"Loại 9: Chuyển nhượng vốn/cổ phần - Mua bán, định giá, thủ tục","Nhờ các a/c giúp giải đáp hộ mình với ạ: cty cổ phần thay đổi cổ đông thì ngoài cccd sao y của cổ đông mới, có cần cccd hay giấy tờ của cổ đông cũ ko ạ (vì cty đã chuyển nhượng cp nhưng chưa làm thủ tục mà lại ko liên lạc được với cổ đông cũ nữa ạ)",https://www.facebook.com/groups/hoiketoanvn/posts/25029223106757706/?__cft__[0]=AZbK0uVudHMsSmfCJ5Ai-_oeaZ0M1EdPU7P0S9LYejeVrcOOAqIO6TfY1q9ioDi3uYkc_8tvuF8oRCj1uRCj0HNgmkRb8WK7SJjwLq9Cel5xkpU7gf8t1kQRCdzKUHgwA5ZlpRX0pvRi3YI70ZTH9s_o21jI4O4d5L1-oNlRfMfegH-s4oi-GdUwVhkE6gwpX-c&__tn__=%2CP-R,"Theo Luật Doanh nghiệp 2020, việc chuyển nhượng cổ phần (Điều 127) phải được thực hiện bằng hợp đồng chuyển nhượng hoặc giao dịch trên thị trường chứng khoán. Hợp đồng chuyển nhượng phải có chữ ký của bên chuyển nhượng (cổ đông cũ) và bên nhận chuyển nhượng (cổ đông mới). Nếu không liên lạc được cổ đông cũ, bạn cần: 1) Tìm cách liên hệ qua các kênh đã đăng ký; 2) Kiểm tra lại hợp đồng chuyển nhượng đã ký trước đó. Hồ sơ thay đổi cổ đông (Điều 31, NĐ 01/2021) gồm: Thông báo thay đổi, Danh sách cổ đông sau thay đổi, Hợp đồng chuyển nhượng cổ phần, CCCD cổ đông mới, Biên bản thanh toán. Về nguyên tắc, cần có CCCD/CMND của cổ đông cũ trong hợp đồng chuyển nhượng ban đầu, nhưng nếu đã ký hợp đồng hợp lệ trước đó thì dùng hợp đồng đó làm căn cứ.","Điều 127 LDN 2020 - Chuyển nhượng cổ phần
Điều 122 LDN 2020 - Sổ đăng ký cổ đông
Điều 31 NĐ 01/2021 - Đăng ký thay đổi thông tin cổ đông",59-2020-QH14:d127;59-2020-QH14:d122;01-2021-ND:d31
360,"Loại 5: Hộ kinh doanh - Đăng ký, thuế, chuyển đổi lên công ty","Các anh chị ơi cho em hỏi nhờ với ạ, giờ đăng ký chuyển đổi kê khai HKD hạn còn 2 ngày nữa mà em có người nhà mới sinh em bé chưa đi được vì ở xa về quê sinh em bé không ở thành phố nơi đăng ký HKD. Mà HKD của chị em thì không phát sinh bất cứ hoạt động kinh doanh gì nên không có doanh thu, vậy có bắt buộc phải lên kê khai trước năm 2026 không ạ",https://www.facebook.com/groups/hoiketoanvn/posts/25027246833622000/?__cft__[0]=AZZFidvIpYoXFrDJQs3CU9WhgIoZoK8fVT51lLhbvUJKIp3Ev3RkuHAD0cRfcUIbUO8uhslNuSCNQoHTeNpdH62wfizO7B2m6ErFVlakz_xxQBv9mpM65lpaLrQGpvTcEeCwgpwJjYioyZrFLllFMNsecMbfvL2dNlzU9N8hmXmkpdnGlNCB1uxuq1vBni31Zg8&__tn__=%2CP-R,"Việc chuyển đổi kê khai hộ kinh doanh (từ khoán sang kê khai) là yêu cầu của cơ quan thuế để thực hiện quản lý thuế theo quy định mới. Nếu HKD không có hoạt động kinh doanh và không phát sinh doanh thu, bạn có các lựa chọn: 1) Ủy quyền cho người khác thực hiện thay (làm giấy ủy quyền có chứng thực); 2) Liên hệ cơ quan thuế để xin gia hạn hoặc giải trình lý do chậm trễ (sức khỏe, sinh con) kèm giấy tờ chứng minh; 3) Nếu HKD không còn hoạt động, có thể làm thủ tục tạm ngừng hoặc chấm dứt hoạt động HKD. Lưu ý: Không thực hiện kê khai theo hạn có thể bị xử phạt hành chính về thuế. Khuyến nghị liên hệ Chi cục Thuế quản lý để được hướng dẫn cụ thể và xem xét trường hợp đặc biệt.","Nghị định 01/2021/NĐ-CP - Đăng ký doanh nghiệp (Chương VIII về Hộ kinh doanh)
Luật Quản lý thuế 2019",
361,"Loại 5: Hộ kinh doanh - Đăng ký, thuế, chuyển đổi lên công ty",Anh chị cho em hỏi hộ kinh doanh khoán có phải lên gặp cán bộ thuế để ký giấy xin chuyển lên hộ kê khai trực tiếp trên doanh thu không. Có nơi thì lên ký có nơi thì lên gặp cán bộ thuế lại bảo đi về không phải làm gì.,https://www.facebook.com/groups/hoiketoanvn/posts/25033689052977778/?__cft__[0]=AZb0aHcrHhkyRycGhr0OVyaTojkA1-ahgiKZvcPNSNnBIVRgR-p55GMdBKRdkylWRM4mtk6zw8pMInQUSzfziXu-_iQ1OgbD4gBvBVibD5J0Eml3UFi7ypkVxAudPnJo7k01VjIb0s_w0GT6fX7VCu8m7ZFKy5TE7YllLUrW8-OVicnxE4ZA45PubnfRytLkeJ9h_zVOG7aM_RmLlwjMY67z&__tn__=%2CP-R,"Theo quy định về quản lý thuế hộ kinh doanh, việc chuyển từ thuế khoán sang thuế kê khai hiện được thực hiện theo hướng dẫn của Tổng cục Thuế và Chi cục Thuế địa phương. Thực tế có sự khác nhau giữa các địa phương: 1) Một số nơi yêu cầu HKD lên ký xác nhận chuyển đổi phương pháp; 2) Một số nơi không yêu cầu do hệ thống tự động chuyển đổi; 3) Một số nơi yêu cầu nộp hồ sơ online. Khuyến nghị: Liên hệ trực tiếp Chi cục Thuế/Đội Thuế quản lý địa bàn để được hướng dẫn chính xác. Nếu cán bộ thuế nói không cần làm gì thì có thể hệ thống đã tự động chuyển đổi dựa trên thông tin đã đăng ký. Bạn nên xin xác nhận bằng văn bản hoặc số điện thoại liên hệ để đảm bảo.","Luật Quản lý thuế 2019
Thông tư hướng dẫn của Tổng cục Thuế",
362,"Loại 5: Hộ kinh doanh - Đăng ký, thay đổi, chuyển đổi HKD","Các bác em hỏi với ạ, hộ gđ trồng cà chua có căn cứ vào mức thu nhập cao hay thấp để đăng ký hộ kinh doanh không ạ?",https://www.facebook.com/groups/hokinhdoanhtt88/posts/1607944300648351/?__cft__[0]=AZZ_pvrJkLV_TowEOCifPUWoh_Rx965hHji6rh_COj_w6IDJMnpwQI3KlWPWNhm6FFFdlJHnU44JqTCE3fdEs-b6A84SLzPPrgxWiEW7RdDHYE0B1bL1C8bDIW0kQpANnBArTE-uGbS0_4uWJCLQMuWS8K-U9zXuYbocDdtSCgmYeV1emAeYsgIuzSOP-VnAfR4CP9kt1cdE1k5wL3DxLjEP&__tn__=%2CP-R,"Hoạt động trồng trọt của hộ gia đình (như trồng cà chua) thuộc lĩnh vực nông nghiệp và không bắt buộc phải đăng ký hộ kinh doanh theo Luật Doanh nghiệp 2020 hay Nghị định 01/2021. Tuy nhiên, nếu bạn muốn bán sản phẩm có tổ chức (mở cửa hàng, bán sỉ thường xuyên, xuất hóa đơn) thì nên đăng ký hộ kinh doanh hoặc doanh nghiệp. Việc đăng ký không căn cứ vào mức thu nhập cao hay thấp mà căn cứ vào việc hoạt động kinh doanh có tổ chức, thường xuyên hay không. Nếu chỉ bán nhỏ lẻ tại chợ, bạn có thể không cần đăng ký. Tham khảo thêm Nghị định 01/2021/NĐ-CP về đăng ký doanh nghiệp (Chương VIII về hộ kinh doanh).","Nghị định 01/2021/NĐ-CP - Đăng ký doanh nghiệp (Chương VIII về Hộ kinh doanh)
Điều 4 LDN 2020 - Giải thích từ ngữ (khoản 21 về kinh doanh)",59-2020-QH14:d4
363,"Loại 5: Hộ kinh doanh - Đăng ký, thuế, chuyển đổi lên công ty",Cho mk hỏi xíu là nếu sang kê khai phần hàng tồn kho đầu kỳ cao số tiền cao hơn nhiều so với số vốn ban đầu đăng ký có vc j k ạ,https://www.facebook.com/groups/hokinhdoanhtt88/posts/1586774652765316/?comment_id=1594798888629559&__cft__[0]=AZYT413C0njX2-Q9X3gcyhe7dj54Zl9ncuKz5JB9eOEfDsxzsQ7LFPZMX0FnBjsPRK0CGF0QJWO6WSfSa4z9vaKhV8iJRyBGr6MbN4OKLgiTzWXyDPMTF0BXNL1C4Fa2hYt6x81u2hd-UbGxl7EajXEHJ6RgshBcfwivOqK15NUBXg&__tn__=R-R,"Theo quy định về hộ kinh doanh và kế toán, khi chuyển sang kê khai, giá trị hàng tồn kho đầu kỳ phải được kê khai trung thực dựa trên thực tế. Nếu hàng tồn kho cao hơn vốn ban đầu đăng ký, đây có thể là do: 1) HKD đã bổ sung vốn trong quá trình hoạt động; 2) Hàng hóa mua chịu từ nhà cung cấp; 3) Lợi nhuận tái đầu tư. Điều này không vi phạm pháp luật nếu phản ánh đúng thực tế. Tuy nhiên, khi kê khai cần có chứng từ chứng minh nguồn gốc hàng hóa (hóa đơn mua hàng, bảng kê mua hàng không qua hóa đơn). Lưu ý: Cơ quan thuế có thể yêu cầu giải trình nếu chênh lệch quá lớn. Khuyến nghị lưu giữ đầy đủ chứng từ mua hàng.","Nghị định 01/2021/NĐ-CP - Đăng ký doanh nghiệp (Chương VIII về Hộ kinh doanh)
Luật Quản lý thuế 2019",
364,"Loại 5: Hộ kinh doanh - Đăng ký, thuế, chuyển đổi lên công ty",mn ơi cho e hỏi bây giờ mẹ em hiện dg kinh doanh ở nhà người quen nhưng chưa có hợp đồng thuê nhà đất. Nếu muốn làm hợp đồng kinh doanh thì cần phải có hợp đồng thuê đất đúng ko ạ và nếu làm hợp đồng thuê đất rồi thì các bước để làm hợp đồng kinh doanh như thế nào ạ em cám ơn mọi người rất nhiều,https://www.facebook.com/groups/phapluatvehopdong/posts/1488396283002079/?__cft__[0]=AZZG37wwB0A3C9GlOeuG0jczFN4Ypam3phvJ2V245CMOVtBtDpnBZbF7ySirF8Bq2Ob7neHxTaO_ZgwXEPrx-LxhHrXrPG0ay3OjG6NDWmW-2qRtxo5bId8NZdMCVOA60BkiU1043Pc7AUyZ8ZbEyRYCxBZR1sAyX7Yqd3j09wWyoVA6gcSV_m5gDnIHSBdFq5hMbE3yG5mH0hisMxNixG_K&__tn__=%2CP-R,"Theo Điều 4 khoản 13 Luật Doanh nghiệp 2020, địa chỉ trụ sở chính là địa chỉ đăng ký của doanh nghiệp. Để đăng ký hộ kinh doanh hoặc doanh nghiệp tại địa điểm thuê, bạn cần: 1) Có hợp đồng thuê nhà/đất hoặc văn bản cho mượn địa điểm (không bắt buộc phải công chứng nhưng cần có xác nhận của chủ nhà); 2) Hồ sơ đăng ký hộ kinh doanh gồm: Giấy đề nghị đăng ký HKD, CCCD của chủ hộ, Hợp đồng thuê/mượn địa điểm hoặc giấy tờ chứng minh quyền sử dụng địa điểm; 3) Nộp hồ sơ tại UBND cấp quận/huyện (hoặc trực tuyến qua Cổng dịch vụ công). Lưu ý: Nếu mượn nhà người quen, có thể làm Giấy cho mượn địa điểm kinh doanh có chữ ký của chủ nhà và bản sao giấy tờ nhà.","Điều 4 LDN 2020 - Giải thích từ ngữ (khoản 13 về địa chỉ liên lạc)
Nghị định 01/2021/NĐ-CP - Đăng ký doanh nghiệp (Chương VIII về Hộ kinh doanh)",59-2020-QH14:d4
365,"Loại 2: Loại hình doanh nghiệp - TNHH, Cổ phần, Hợp danh, DNTN","Mn cho e hỏi, cty cổ phần có người đại diện pl bị tử vong, người này cũng là cổ đông của cty thì cần làm thủ tục thay đổi GPKD như thế nào ạ?",https://www.facebook.com/groups/thanhlapcongtygiare/posts/2255964098220363/?__cft__[0]=AZY9FPYLnlieXJUj9KNepSFbbPt9B8rTEpk-M-wuqdH2v2ocLk6MWiLcaWyU2e-wud-DWnynKSHjAD7dXfaTKIXbPAkTa6zcLurV9eGOReW0YlrKpu9PNNuGmKQFIP0JpGjt5UuaX-PxcJ3pd52K0btM1PY1CPQZahQZ3NUSrMqfRbPmOtE65I4POnXc6injfJCukGcP1GWiiVkUj8gm1Bnl&__tn__=%2CP-R,"Theo Luật Doanh nghiệp 2020, khi người đại diện theo pháp luật của công ty cổ phần chết, Điều 12 khoản 5 quy định Hội đồng quản trị phải cử người khác làm người đại diện theo pháp luật. Thủ tục cần thực hiện: 1) Hội đồng quản trị họp và ban hành nghị quyết bầu/bổ nhiệm người đại diện theo pháp luật mới; 2) Nộp hồ sơ thay đổi nội dung đăng ký doanh nghiệp (Điều 28, 30) đến Cơ quan đăng ký kinh doanh trong 10 ngày làm việc. Về phần cổ phần của người đã mất, theo Điều 127, người thừa kế theo di chúc hoặc theo pháp luật sẽ trở thành cổ đông của công ty. Hồ sơ cần: Thông báo thay đổi, Nghị quyết HĐQT, Quyết định bổ nhiệm, Giấy tờ pháp lý của người đại diện mới, Giấy chứng tử (để chứng minh lý do thay đổi).","Điều 12 LDN 2020 - Người đại diện theo pháp luật của doanh nghiệp (khoản 5)
Điều 28 LDN 2020 - Đăng ký thay đổi nội dung Giấy chứng nhận đăng ký doanh nghiệp
Điều 127 LDN 2020 - Chuyển nhượng cổ phần",59-2020-QH14:d12:k5;59-2020-QH14:d28;59-2020-QH14:d127
366,"Loại 4: Người đại diện pháp luật - Điều kiện, thay đổi, trách nhiệm","Chào anh, chị!E làm thay đổi người đại diện pháp luật cho CTY CP, thì doanh nghiệp có bắt buộc phải cập nhật liền các mã ngành bị tô xanh đỏ của mình không ạ? Và có phải khai mục chủ sở hữu hưởng lợi ko a",https://www.facebook.com/groups/thanhlapcongtygiare/posts/2255837201566386/?__cft__[0]=AZY9IqMdNG_03Lw0TqPEiowflC2zmMU66LYah7Tqsm0_Hp4_tnsqr_fdzWG4nz4sL_Caz7awM9G5312x7eDO46Q6pqWKsiHgEZrl-U7SuQdnV7nuj9TsyGEP3XnXuH62Uh4bD9vCfX9hRO13pbqlvD1PH4d2rNTmKCCssUNQVdYTCWktvjqwu51Zzqxd3QCeIMg&__tn__=%2CP-R,"Theo quy định về đăng ký thay đổi nội dung đăng ký doanh nghiệp (Điều 28-31 Luật Doanh nghiệp 2020 và Nghị định 01/2021): 1) Về mã ngành tô xanh/đỏ: Khi thay đổi người đại diện theo pháp luật, không bắt buộc phải đồng thời cập nhật ngành nghề. Tuy nhiên, hệ thống có thể yêu cầu rà soát lại ngành nghề nếu có ngành cần điều kiện hoặc ngành đã hết hiệu lực. Bạn nên chủ động cập nhật để tránh vướng mắc. 2) Về chủ sở hữu hưởng lợi: Theo Nghị định 47/2019/NĐ-CP và Thông tư 11/2019, công ty cổ phần phải kê khai thông tin chủ sở hữu hưởng lợi khi đăng ký thành lập và khi có thay đổi. Nếu thông tin chủ sở hữu hưởng lợi không thay đổi thì không cần khai lại.","Điều 28-31 LDN 2020 - Đăng ký thay đổi nội dung ĐKKD
Nghị định 01/2021/NĐ-CP - Đăng ký doanh nghiệp
Nghị định 47/2019/NĐ-CP - Chủ sở hữu hưởng lợi",59-2020-QH14:d28;59-2020-QH14:d29;59-2020-QH14:d30;59-2020-QH14:d31
367,"Loại 3: Vốn điều lệ - Góp vốn, tăng/giảm vốn, vốn pháp định","Anh/chị cho em hỏi xíu ạ.Em đang làm hồ sơ giảm vốn điều lệ cty TNHH 2TV (hoàn trả 100% phần vốn cho thành viên theo tỷ lệ góp vốn), và thay thế thành viên khác.Vậy em nộp chung 1 lần được không ạ, hay e phải làm giảm vốn trước xong rồi mới làm thay đổi thành viên góp vốn ạ.Những mẫu hồ sơ e nộp gồm những hồ sơ này, anh/chị xem dùm e còn thiếu mẫu nào nữa không ạ.",https://www.facebook.com/groups/thanhlapcongtygiare/posts/2256886664794773/?__cft__[0]=AZbGRfZaiVzQZexfOMjLJ_PL2s0O3C_0MPmWTvxAPPsqcDkuweXX0-xF_twSQ2m-NJ2vccza9eR7By2-ZtVne8uf8Xa5-EJPU6UQNmTK0DiTvTtpL0yOiiBcAsVZde9DXJG04MwF63B4GAh6knTPx-j8e52v1mS04XYsFIof24BgkKmbEyaWT0R9Y6VK6O2LZ_OG_vlay64TNXKHFY-vOlLn&__tn__=%2CP-R,Theo Điều 68 Luật Doanh nghiệp 2020 về tăng giảm vốn điều lệ và Điều 52 về chuyển nhượng phần vốn góp: Bạn có thể nộp chung 01 lần cho cả hai thay đổi (giảm vốn + thay đổi thành viên). Hồ sơ cần chuẩn bị: 1) Thông báo thay đổi nội dung ĐKKD; 2) Biên bản họp HĐTV về việc giảm vốn và thay đổi thành viên; 3) Quyết định của HĐTV; 4) Hợp đồng chuyển nhượng phần vốn góp (nếu thành viên mới mua lại vốn); 5) Danh sách thành viên sau thay đổi; 6) CCCD thành viên mới; 7) Điều lệ công ty sửa đổi (nếu có thay đổi); 8) Báo cáo tài chính gần nhất (cho giảm vốn). Lưu ý: Điều kiện giảm vốn theo khoản 3 Điều 68 - công ty phải hoạt động liên tục từ 02 năm và đảm bảo thanh toán đủ nợ sau khi giảm vốn.,"Điều 68 LDN 2020 - Tăng giảm vốn điều lệ
Điều 52 LDN 2020 - Chuyển nhượng phần vốn góp
Nghị định 01/2021/NĐ-CP - Đăng ký doanh nghiệp",59-2020-QH14:d68;59-2020-QH14:d52
368,"Loại 9: Chuyển nhượng vốn/cổ phần - Mua bán, thừa kế","chào anh chị, em đang làm thủ tục chuyển nhượng vốn góp công ty 2tv, sở yêu cầu chứng từ thanh toán thì em cần cung cấp những gì ạ. mong anh chị giải đáp giúp",https://www.facebook.com/groups/thanhlapcongtygiare/posts/2258195667997206/?__cft__[0]=AZaHjH1pJi5q7CIIy4l5780Hrx7w-niqE6VEzuMDNrrfPumnPO-UVpPdR_79rVEKDvfzsOW3wAJXnoURUqdOWblNiYLpnlSZvNWvgzfbdCLDOK3Q3-anfV_0LJhxwiGwuL5ZLJLZeE9KMuyQig6CQrwNTJw3d8SdE7l4oIMMAcIv3m68S77slNh03OO-mCkDlv6elK9OuJWkSSJXjaGSgxh6&__tn__=%2CP-R,"Theo Điều 52 Luật Doanh nghiệp 2020 về chuyển nhượng phần vốn góp công ty TNHH 2TV, chứng từ thanh toán cần cung cấp để chứng minh việc chuyển nhượng gồm: 1) Ủy nhiệm chi/Giấy nộp tiền ngân hàng - nếu thanh toán qua ngân hàng (phổ biến và được chấp nhận dễ nhất); 2) Biên nhận tiền mặt - nếu thanh toán bằng tiền mặt (có chữ ký của bên chuyển nhượng xác nhận đã nhận tiền); 3) Sao kê tài khoản ngân hàng - thể hiện giao dịch chuyển tiền. Lưu ý: Nội dung chuyển tiền nên ghi rõ 'Thanh toán chuyển nhượng vốn góp...'. Hồ sơ chuyển nhượng gồm: Hợp đồng chuyển nhượng, Biên bản họp HĐTV, Thông báo thay đổi, CCCD thành viên mới, Danh sách thành viên mới, Chứng từ thanh toán. Một số Sở yêu cầu thêm chứng từ nộp thuế TNCN (nếu có lãi từ chuyển nhượng).","Điều 52 LDN 2020 - Chuyển nhượng phần vốn góp
Nghị định 01/2021/NĐ-CP - Đăng ký doanh nghiệp",59-2020-QH14:d52
369,"Loại 1: Thành lập doanh nghiệp - Thủ tục, điều kiện, hồ sơ thành lập",Anh chị cho em hỏi để thành lập hộ kinh doanh buôn bán vật tư thiết bị y tế thì cần làm những bước nào ạ. Mong a chị chỉ giúp,https://www.facebook.com/groups/thanhlapcongtygiare/posts/2255871968229576/?__cft__[0]=AZalqycRmU3PtECtQddYflF0Vhpq28ooprQGBbqSe5aqukAtnrbWnYlonohxb9Fv85CU7bBdnrdQ59K_LQdbG6Fo7stRwfxpR6tHX7adhIf5UNsqinUNyM3xakeXKl-5r_-Acnh2tHDrjU_aI9AeM9b9J_aqZ2DO9JnKgABf37DZP7UXT9wExscpN77sG-wsquOWCp0TROplglghMqGcC97Q&__tn__=%2CP-R,"Để thành lập hộ kinh doanh buôn bán vật tư, thiết bị y tế, bạn cần thực hiện các bước theo Luật Doanh nghiệp 2020 và Nghị định 98/2021/NĐ-CP về quản lý trang thiết bị y tế: 1) ĐĂNG KÝ HKD: Nộp hồ sơ đăng ký HKD tại UBND cấp quận/huyện gồm: Giấy đề nghị đăng ký, CCCD, Hợp đồng thuê địa điểm. Ngành nghề đăng ký: 4772 - Bán lẻ thuốc, dụng cụ y tế. 2) XIN GIẤY PHÉP KINH DOANH TRANG THIẾT BỊ Y TẾ: Theo Điều 3, Nghị định 98/2021, kinh doanh trang thiết bị y tế loại B, C, D phải có Giấy chứng nhận đủ điều kiện kinh doanh. Hồ sơ gồm: Đơn đề nghị, CCCD, Giấy CNĐK HKD, Văn bằng chuyên môn của người phụ trách chuyên môn, Điều kiện về cơ sở vật chất. 3) Nộp hồ sơ tại Sở Y tế.","Nghị định 01/2021/NĐ-CP - Đăng ký doanh nghiệp (Chương VIII về HKD)
Nghị định 98/2021/NĐ-CP - Quản lý trang thiết bị y tế
Điều 3 LDN 2020 - Áp dụng luật khác",59-2020-QH14:d3
370,"Loại 1: Thành lập doanh nghiệp - Thủ tục, điều kiện, hồ sơ thành lập","Dạ Anh/ chị cho em hỏi, bên em có trụ sở hộ kinh doanh ở NT, giờ muốn mở thêm địa điểm kinh doanh ở ĐN, thì có được không ạ. Bên em kinh doanh online, việc lên đơn hàng, đóng hàng, thu tiền COD thực hiện ở Nha Trang, ở ĐN chỉ hỗ trợ chốt đơn, tìm kiếm khách hàng thôi ạ.",https://www.facebook.com/groups/thanhlapcongtygiare/posts/2258773127939460/?__cft__[0]=AZZcMZXOE-vTga_kyI0WNX5YiE84mJqjLPMXy7G-JO8Tl6iMf3H9bDWpWf69YmpIh1WNhVYhWlGnqOdOm6TD7jqOq7fNaHqcUsN-HEVMcW3a3-4q_UM2rS4XYu2S8uZ30dMDHSRPVlK6bQPw6VNlSEvDctvYLniRvfScVhXrs8KFal_sx0EdL5ov2ktlgCbzBx3h3npqB7sPeJkQhTIyxSAF&__tn__=%2CP-R,"Theo Nghị định 01/2021/NĐ-CP về hộ kinh doanh (Điều 84, 86), hộ kinh doanh chỉ được đăng ký kinh doanh tại MỘT địa điểm cố định và chỉ kinh doanh tại địa phương cấp huyện nơi đăng ký. Do đó: 1) Hộ kinh doanh ở Nha Trang KHÔNG thể mở địa điểm kinh doanh tại Đà Nẵng (khác tỉnh); 2) Nếu muốn có địa điểm tại Đà Nẵng, bạn cần: a) Đăng ký thêm hộ kinh doanh mới tại Đà Nẵng, hoặc b) Chuyển đổi thành doanh nghiệp - doanh nghiệp có thể mở chi nhánh, địa điểm kinh doanh ở nhiều tỉnh; 3) Với hoạt động hỗ trợ online (chốt đơn, tìm khách) không cần địa điểm vật lý, có thể làm từ xa mà không cần đăng ký địa điểm chính thức. Khuyến nghị: Nếu quy mô mở rộng, nên chuyển đổi lên doanh nghiệp để linh hoạt hơn.","Nghị định 01/2021/NĐ-CP - Đăng ký doanh nghiệp (Điều 84 86 về Hộ kinh doanh)
Điều 44 LDN 2020 - Chi nhánh văn phòng đại diện địa điểm kinh doanh",01-2021-ND:d84;59-2020-QH14:d44
371,"Loại 3: Vốn điều lệ - Góp vốn, tăng giảm vốn, thời hạn góp",Em đang làm hồ sơ tăng vốn điều lệ cho công ty TNHH 1 thành viên từ 500tr lên 5 tỷ . Sau khi nộp hồ sơ thì em được thông báo yêu cầu bổ sung giấy tờ chứng minh việc góp vốn. Anh/chị cho em hỏi là mình có bắt buộc phải xin xác nhận của ngân hàng hay không ạ? Hay là mình có thể sử dụng giấy chứng nhận góp vốn hoặc phiếu thu ạ?,https://www.facebook.com/groups/thanhlapcongtygiare/posts/2236277666855673/?__cft__[0]=AZa1YXRODZClcm2T2pehMI1BB5NwwemQrjEiM2jAJSWF-rnEsxjvxUeHCVapJoW46qsQcTnaW9jF68dnSyajUFZD0w-hYtvg5UJ1joNgUnyRz4Qmlr-Jc_I03A4v1hKO1BP1fbQP6nz76-bRlESoJfnjDAK61xnnpz7j2L3JHl6WJq43ENYGEN6TJuPsh50Mkew&__tn__=%2CP-R,"Theo Điều 75 Luật Doanh nghiệp 2020 về góp vốn công ty TNHH 1TV và Nghị định 01/2021, khi tăng vốn điều lệ, cần chứng minh việc góp vốn. Các loại chứng từ được chấp nhận: 1) Sao kê tài khoản ngân hàng của công ty thể hiện việc nạp tiền - phổ biến và được chấp nhận nhất, đặc biệt với số tiền lớn (4,5 tỷ tăng thêm); 2) Phiếu thu tiền mặt - chỉ nên dùng cho số tiền nhỏ; 3) Giấy chứng nhận góp vốn - do công ty tự lập, cần kèm chứng từ khác. Với số vốn tăng từ 500tr lên 5 tỷ (tăng 4,5 tỷ), Sở KH&ĐT thường yêu cầu có sao kê ngân hàng để đảm bảo tính xác thực. Khuyến nghị: Nên nạp tiền vào tài khoản công ty và lấy sao kê ngân hàng để hồ sơ được chấp nhận nhanh. Chỉ dùng phiếu thu nếu đã có tiền mặt thực tế.","Điều 75 LDN 2020 - Góp vốn thành lập công ty TNHH 1TV
Nghị định 01/2021/NĐ-CP - Đăng ký doanh nghiệp",59-2020-QH14:d75
372,"Loại 10: Doanh nghiệp FDI - Thành lập, góp vốn, M&A nước ngoài","Chào anh chị trong group!Công ty em là công ty có vốn đầu tư 100% nước ngoài, để thực hiện thay đổi người đại diện theo pháp luật (người nước ngoài đang cư trú tại VN) thì ngoài việc làm hồ sơ thay đổi Giấy phép đăng ký kinh doanh nộp Sở tài chính, em có cần phải làm hồ sơ/ thủ tục gì khác liên quan đến Giấy chứng nhận đăng ký đầu tư không ạ?Mong được các anh chị hỗ trợ giải đáp, em cảm ơn ạ! Cảm ơn ac admin đã duyệt bài cho em!",https://www.facebook.com/groups/thanhlapcongtygiare/posts/2233290870487686/?__cft__[0]=AZYX98YKw5Ubt3bFhDvAQBOZrbAVkiN66jvUR02ii2J4jTL2z89HOQETst76tg49Y5zhpxUPrK_IhEdhQ9DLrARXWPLQAiocO5DneE6RdIgZbow-WA6t2Bbk6OQmybw6DAQSCKblme1KuGZ7yOUdZdpnWu1tSi1ALtwMjFtz0QwecUOguipf31lBwIJxrQjoDjR07O3kJy9M-ybV1OgD_gYC&__tn__=%2CP-R,"Theo Luật Doanh nghiệp 2020 và Luật Đầu tư 2020, đối với công ty FDI 100% vốn nước ngoài, khi thay đổi người đại diện theo pháp luật: 1) Nộp hồ sơ thay đổi GCNĐKDN tại Sở KH&ĐT (không phải Sở Tài chính) - gồm Thông báo thay đổi, Quyết định/Biên bản họp của chủ sở hữu, CCCD/Hộ chiếu người đại diện mới; 2) Về GCNĐKĐT (IRC): Không cần điều chỉnh IRC nếu chỉ thay đổi người đại diện theo pháp luật mà không thay đổi nhà đầu tư. Theo Điều 41 Luật Đầu tư 2020, chỉ điều chỉnh IRC khi thay đổi mục tiêu, quy mô, vốn, tiến độ, ưu đãi đầu tư, nhà đầu tư...; 3) Nếu người đại diện mới là người nước ngoài, cần có giấy phép lao động hoặc xác nhận miễn GPLĐ. Lưu ý: Một số Sở KH&ĐT yêu cầu nộp bổ sung Work Permit của người đại diện mới.","Điều 12 28 LDN 2020 - Người đại diện theo pháp luật và thay đổi ĐKKD
Điều 41 Luật Đầu tư 2020 - Điều chỉnh dự án đầu tư",59-2020-QH14:d12;59-2020-QH14:d41
373,"Loại 6: Giải thể & Phá sản - Thủ tục, thanh toán nợ, tạm ngưng","Các anh chị ơi, trong hồ sơ tạm ngừng kinh doanh có mục biên lai thu lệ phí là như nào ấy ạ? Hồ sơ tạm ngừng kinh doanh không có nộp phí trực tuyến như thay đổi thông tin địa chỉ… ạ? Em cảm ơn",https://www.facebook.com/groups/thanhlapcongtygiare/posts/2237050993445007/?__cft__[0]=AZbYArZnV28kTuj5WzBVn-amEGkY6vVDI8yeBpX_zS8u1qw6F89c1g_mg4d0ab1ARjSNOO0sNCmFMuh-SJA_oR5po0xAry3xTVD9LrFAmb84x863ve8-yXZ-1DKsEou6k8Z74OMY5J27LNNcinkVn5ETdHib4dtq2J8Gn2OKkXT0ZEoOu6DedH_8kCevCy7Zg3U&__tn__=%2CP-R,"Theo Nghị định 01/2021/NĐ-CP và Thông tư 47/2019/TT-BTC về lệ phí đăng ký doanh nghiệp: 1) Thủ tục tạm ngừng kinh doanh KHÔNG MẤT LỆ PHÍ - đây là thủ tục miễn phí nhà nước; 2) Mục 'biên lai thu lệ phí' trên hệ thống là mục chung cho tất cả loại hồ sơ, với tạm ngừng kinh doanh bạn có thể bỏ qua hoặc để trống; 3) Không cần nộp phí trực tuyến như khi thay đổi địa chỉ, ngành nghề... (những thủ tục có thu phí). Hồ sơ tạm ngừng chỉ cần: Thông báo tạm ngừng kinh doanh + Biên bản họp/Quyết định (tùy loại hình công ty). Nếu hệ thống yêu cầu bắt buộc điền thông tin lệ phí, có thể liên hệ Phòng ĐKKD để được hướng dẫn cách bỏ qua mục này.","Điều 206 LDN 2020 - Tạm ngừng kinh doanh
Nghị định 01/2021/NĐ-CP - Đăng ký doanh nghiệp
Thông tư 47/2019/TT-BTC - Lệ phí ĐKKD",59-2020-QH14:d206
374,"Loại 10: Doanh nghiệp FDI - Thành lập, góp vốn, M&A nước ngoài",Mọi người ơi cho em hỏi đối với một công ty TNHH 1 TV sở hữu 100% vốn nước ngoài mà mở chi nhánh ở tỉnh khác thì có cần xin cấp lại giấy chứng nhận IRC ERC BRC không ạ?,https://www.facebook.com/groups/thanhlapcongtygiare/posts/2235870946896345/?__cft__[0]=AZak4tb0swydAgNdj7y0xhbS3CdeIKUQsr7tCgaqUez64ebntyjsbpvV9DQ0NzDQkdF49HbZGT9yrPkZjTjjMcosxFVR7CHVB3FKXCdV3dMSBOzWTctEOeQ-SKDw-LuOaBEL8P7zI5E9uITSK1Ir1ocJAM5NJhz9npWbzJzKjFw8DhGDcy20evhTYRK58EE3l1w&__tn__=%2CP-R,"Theo Điều 44, 45 Luật Doanh nghiệp 2020 về chi nhánh và Luật Đầu tư 2020, đối với công ty TNHH 1TV 100% vốn nước ngoài khi mở chi nhánh ở tỉnh khác: 1) Về GCNĐKDN (ERC): Cần đăng ký thành lập chi nhánh tại Sở KH&ĐT tỉnh nơi đặt chi nhánh - chi nhánh sẽ được cấp GCNĐK hoạt động riêng; 2) Về GCNĐKĐT (IRC): KHÔNG cần cấp lại IRC nếu chi nhánh hoạt động cùng ngành nghề đã đăng ký. Chỉ cần điều chỉnh IRC nếu bổ sung ngành nghề mới hoặc thay đổi quy mô dự án; 3) Về BRC (Business Registration Certificate): ERC mới chính là BRC của chi nhánh. Thủ tục: Nộp hồ sơ thành lập chi nhánh tại Sở KH&ĐT tỉnh đặt chi nhánh gồm: Thông báo, Quyết định thành lập, Điều lệ hoạt động chi nhánh, CCCD người đứng đầu chi nhánh.","Điều 44 45 LDN 2020 - Chi nhánh văn phòng đại diện
Luật Đầu tư 2020 - Dự án đầu tư nước ngoài",59-2020-QH14:d44
375,"Loại 5: Hộ kinh doanh - Đăng ký, thuế, chuyển đổi lên công ty","Anh chị cho em hỏi, em thành lập HKD, giờ ra cơ quan thuế khai thuế. Trụ sở của em mượn nhà để đặt trụ sở, em cằm theo hợp đồng mượn nhà rồi có cần cằm theo hộ khẩu nhà đó hay giấy tờ gì không ạ.",https://www.facebook.com/groups/thanhlapcongtygiare/posts/2237154043434702/?__cft__[0]=AZb5V3oyaAzHN2qRAFOlEXGcVrYqDG09_e2xzAZhAPrOAHX26203ZemL8DKKPPvBMIC5tcR-hXb4dbqxhr4evc0RBgCi75ock_NbSk-EY2PENl86s5FU8QaMpGARUJR-ywJM3bF62Y8Q5N4j2as0bNgfzcsUwcI8kiIqawYX62OQbokbgkfInNKFCoipsAh2N9tDYoyRNF3HtbbJyJdSh7Co&__tn__=%2CP-R,"Theo Nghị định 01/2021/NĐ-CP về hộ kinh doanh và Luật Quản lý thuế 2019, khi đi khai thuế ban đầu cho HKD với địa chỉ mượn nhà, bạn cần chuẩn bị: 1) Giấy CNĐK hộ kinh doanh (bản sao); 2) CCCD của chủ hộ kinh doanh; 3) Hợp đồng/Giấy cho mượn địa điểm kinh doanh (đã có); 4) Bản sao giấy tờ nhà đất của chủ nhà (Sổ đỏ/Sổ hồng hoặc Hợp đồng mua bán nhà) - để chứng minh địa chỉ hợp lệ; 5) CCCD của chủ nhà. Về Hộ khẩu: Không bắt buộc, nhưng một số Chi cục Thuế có thể yêu cầu để xác minh địa chỉ. Khuyến nghị: Liên hệ trước Chi cục Thuế quản lý để biết chính xác hồ sơ cần mang theo, vì mỗi nơi có thể yêu cầu khác nhau.","Nghị định 01/2021/NĐ-CP - Đăng ký doanh nghiệp (Chương VIII về HKD)
Luật Quản lý thuế 2019",
376,"Loại 7: Thay đổi ĐKKD - Tên, địa chỉ, ngành nghề, thông tin khác","Công ty tư nhân có địa chỉ dkkd là nhà sếp nhưng thuê văn phòng ở chỗ khác, nay mình muốn đăng ký địa chỉ văn phòng này để thuế không bắt lỗi không hoạt động tại địa điểm thì mình làm mẫu nào ạ, mình hỏi sơ sơ bảo mẫu 17 rồi 19 của Tt 68. Có ai hướng dẫn giúp mình tý dc ko ạ. Mình cảm ơn",https://www.facebook.com/groups/thanhlapcongtygiare/posts/2235652886918151/?__cft__[0]=AZYrcwpCb10_DkjBEYOQzYYeLI2KzT4khhlFC7U9Rlxm9x2_Ah0V-EARqyq4hDr6t8oWj7lBeug4A6ckirFey0hOJpIc8FoNBOlJ0efz1hsnDIvwjcc9w41tUBUXSX0mT7JuAmPpi2Q2eE-bMveNYtH_n239YfeCxRqtnrRoD9jP_LgLA8vFODDGi9BxKIUhaxk&__tn__=%2CP-R,"Để đăng ký thêm địa điểm kinh doanh (văn phòng thuê ngoài), doanh nghiệp có thể thực hiện theo 2 cách: (1) Đăng ký thành lập chi nhánh hoặc địa điểm kinh doanh tại địa chỉ văn phòng mới theo Điều 44-45 Luật Doanh nghiệp 2020; hoặc (2) Thay đổi địa chỉ trụ sở chính nếu muốn chuyển toàn bộ hoạt động sang địa điểm mới. Về biểu mẫu, theo Thông tư 01/2021/TT-BKHĐT: Phụ lục II-11 (Thông báo về việc đăng ký hoạt động chi nhánh/VPĐD/ĐĐKD) dùng khi thành lập địa điểm kinh doanh mới, Phụ lục II-1 (Thông báo thay đổi nội dung ĐKKD) dùng khi thay đổi địa chỉ trụ sở. Lưu ý: địa điểm kinh doanh phải thuộc cùng tỉnh/thành phố với trụ sở hoặc chi nhánh quản lý.","Điều 44 LDN 2020 (Chi nhánh văn phòng đại diện và địa điểm kinh doanh)
Điều 45 LDN 2020 (Thông báo thay đổi nội dung đăng ký doanh nghiệp)
Điều 31 LDN 2020 (Thay đổi nội dung đăng ký doanh nghiệp)
Nghị định 01/2021/NĐ-CP (Đăng ký doanh nghiệp)
Thông tư 01/2021/TT-BKHĐT (Hướng dẫn đăng ký doanh nghiệp)",59-2020-QH14:d44;59-2020-QH14:d45;59-2020-QH14:d31
377,"Loại 6: Giải thể & Phá sản - Thủ tục, thanh toán nợ, tạm ngưng",Em làm tạm ngưng được Sở chấp nhận rồi mà tra trên web thuế thì vẫn đang hoạt động thì có cần làm thêm gì ko ạ,https://www.facebook.com/groups/thanhlapcongtygiare/posts/2258144998002273/,"Việc cơ quan thuế chưa cập nhật trạng thái tạm ngừng là bình thường do có độ trễ trong việc đồng bộ dữ liệu giữa Sở KH-ĐT và Tổng cục Thuế. Theo quy định, sau khi Phòng ĐKKD chấp nhận tạm ngừng, thông tin sẽ được tự động gửi sang cơ quan thuế qua hệ thống liên thông. Thời gian đồng bộ có thể mất 1-3 ngày làm việc. Bạn không cần làm thêm thủ tục gì, chỉ cần giữ lại Giấy xác nhận tạm ngừng kinh doanh từ Phòng ĐKKD làm bằng chứng. Nếu sau 5 ngày làm việc mà hệ thống thuế vẫn chưa cập nhật, hãy liên hệ Chi cục Thuế quản lý để họ cập nhật thủ công. Trong thời gian tạm ngừng, doanh nghiệp vẫn phải nộp các báo cáo thuế theo quy định (báo cáo không phát sinh).","Điều 206 LDN 2020 (Tạm ngừng kinh doanh)
Nghị định 01/2021/NĐ-CP (Đăng ký doanh nghiệp)
Thông tư 105/2020/TT-BTC (Hướng dẫn về đăng ký thuế)",59-2020-QH14:d206
378,"Loại 10: Doanh nghiệp FDI - Vốn nước ngoài, tỷ lệ sở hữu","Các bác cho em hỏi, là 1 cổ đông công ty HongKong, vậy làm sao em có thể chuyển tiền vào công ty hợp pháp được, em cảm ơn",https://www.facebook.com/groups/thanhlapcongtygiare/posts/2256687834814656/,"Với tư cách là cổ đông của công ty Hong Kong (công ty có vốn đầu tư nước ngoài tại Việt Nam), bạn có thể chuyển tiền vào công ty hợp pháp theo các hình thức sau: (1) Góp vốn điều lệ: Chuyển tiền vào tài khoản vốn đầu tư trực tiếp (DICA - Direct Investment Capital Account) của công ty tại ngân hàng được phép. Đây là tài khoản bắt buộc cho doanh nghiệp FDI theo Thông tư 06/2019/TT-NHNN. (2) Cho vay cổ đông: Ký hợp đồng vay và đăng ký khoản vay nước ngoài với Ngân hàng Nhà nước theo Thông tư 12/2022/TT-NHNN. (3) Mua thêm cổ phần (tăng vốn): Thực hiện thủ tục tăng vốn điều lệ theo Điều 123 LDN 2020 và đăng ký thay đổi với Sở KH-ĐT. Lưu ý: Mọi giao dịch vốn phải thông qua tài khoản ngân hàng, có chứng từ rõ ràng về mục đích chuyển tiền.","Điều 47 LDN 2020 (Góp vốn thành lập công ty)
Điều 123 LDN 2020 (Chào bán cổ phần cho cổ đông hiện hữu)
Luật Đầu tư 2020 (Đầu tư nước ngoài)
Thông tư 06/2019/TT-NHNN (Tài khoản vốn đầu tư trực tiếp)
Thông tư 12/2022/TT-NHNN (Vay nước ngoài)",59-2020-QH14:d47;59-2020-QH14:d123
379,"Loại 6: Giải thể & Phá sản - Thủ tục, thanh toán nợ, tạm ngưng","E nộp tạm ngưng ngày hôm nay mà thông báo bổ sung như này. Cho e hỏi như này là bị làm sao, e scan bản quyết định có chữ ký mực xanh đóng dấu cty. PHÒNG ĐĂNG KÝ KINH DOANH đề nghị những nội dung cần sửa đối, bổ sung trong hồ sơ và lý do sửa đổi, bổ sung như sau: Về Quyết định tạm ngừng: đề nghị DN lựa chọn nộp bản chính hoặc bản sao theo quy định tại khoản 1 Điều 60 NĐ số 168/2025/NĐ-CP. Trường hợp sử dụng bản chính, đề nghị DN nghiên cứu thực hiện theo quy định tại Nghị định 30/2020/NĐ-CP để thực hiện; trường hợp sử dụng bản sao, đề nghị DN nộp bản sao được chứng thực từ bản chính bởi cơ quan, tổ chức có thẩm quyền theo quy định tại khoản 1 Điều 4 Luật DN 2020.",https://www.facebook.com/groups/thanhlapcongtygiare/posts/2252151435268296/,"Phòng ĐKKD yêu cầu bổ sung vì hồ sơ điện tử cần tuân thủ quy định về bản sao. Theo Khoản 1 Điều 4 LDN 2020, bản sao có 2 loại hợp lệ: (1) Bản sao được chứng thực từ bản chính; (2) Bản sao được cấp từ sổ gốc. Cách xử lý: Nếu bạn muốn dùng bản chính điện tử, cần ký số theo Nghị định 30/2020/NĐ-CP về công tác văn thư (chữ ký số có giá trị pháp lý như bản chính). Nếu không có chữ ký số, bạn cần mang bản giấy có chữ ký mực xanh + con dấu đến văn phòng công chứng để chứng thực, sau đó scan bản đã chứng thực và nộp lại. Lưu ý: File scan thông thường (dù có dấu đỏ chữ ký tay) không được coi là bản chính hay bản sao hợp lệ khi nộp qua mạng.","Điều 4 LDN 2020 (Giải thích từ ngữ - bản sao hợp lệ)
Điều 206 LDN 2020 (Tạm ngừng kinh doanh)
Nghị định 30/2020/NĐ-CP (Công tác văn thư - chữ ký số)
Nghị định 01/2021/NĐ-CP (Đăng ký doanh nghiệp)",59-2020-QH14:d4;59-2020-QH14:d206
