stt,bm25_retrieved,bm25_hit@1,bm25_recall@1,bm25_hit@3,bm25_recall@3,bm25_hit@5,bm25_recall@5,bm25_hit@10,bm25_recall@10,bm25_hit@20,bm25_recall@20,bm25_hit@30,bm25_recall@30,bm25_mrr,tfidf_retrieved,tfidf_hit@1,tfidf_recall@1,tfidf_hit@3,tfidf_recall@3,tfidf_hit@5,tfidf_recall@5,tfidf_hit@10,tfidf_recall@10,tfidf_hit@20,tfidf_recall@20,tfidf_hit@30,tfidf_recall@30,tfidf_mrr,keyword_retrieved,keyword_hit@1,keyword_recall@1,keyword_hit@3,keyword_recall@3,keyword_hit@5,keyword_recall@5,keyword_hit@10,keyword_recall@10,keyword_hit@20,keyword_recall@20,keyword_hit@30,keyword_recall@30,keyword_mrr,semantic_retrieved,semantic_hit@1,semantic_recall@1,semantic_hit@3,semantic_recall@3,semantic_hit@5,semantic_recall@5,semantic_hit@10,semantic_recall@10,semantic_hit@20,semantic_recall@20,semantic_hit@30,semantic_recall@30,semantic_mrr
1,"[""168-2025-ND:d60"", ""01-2021-ND:d66"", ""01-2021-ND:d91"", ""168-2025-ND:d103"", ""168-2025-ND:d118"", ""01-2021-ND:d97"", ""168-2025-ND:d22"", ""168-2025-ND:d119"", ""168-2025-ND:d71"", ""168-2025-ND:d69""]",0,0.0,0,0.0,0,0.0,0,0.0,1,1.0,1,1.0,0.0833,"[""168-2025-ND:d60"", ""01-2021-ND:d91"", ""01-2021-ND:d66"", ""168-2025-ND:d103"", ""168-2025-ND:d118"", ""168-2025-ND:d32"", ""01-2021-ND:d9"", ""01-2021-ND:d96"", ""23-2022-ND:d21"", ""168-2025-ND:d39""]",0,0.0,0,0.0,0,0.0,0,0.0,1,1.0,1,1.0,0.0909,"[""168-2025-ND:d69"", ""168-2025-ND:d71"", ""168-2025-ND:d60"", ""168-2025-ND:d57"", ""168-2025-ND:d101"", ""01-2021-ND:d66"", ""168-2025-ND:d103"", ""168-2025-ND:d32"", ""01-2021-ND:d91"", ""01-2021-ND:d31""]",0,0.0,0,0.0,0,0.0,0,0.0,0,0.0,0,0.0,0.0,"[""168-2025-ND:d32"", ""168-2025-ND:d71"", ""168-2025-ND:d69"", ""168-2025-ND:d57"", ""47-2021-ND:d26"", ""01-2021-ND:d63"", ""59-2020-QH14:d109"", ""01-2021-ND:d32"", ""23-2022-ND:d29"", ""168-2025-ND:d60""]",0,0.0,0,0.0,0,0.0,0,0.0,1,1.0,1,1.0,0.0588
2,"[""168-2025-ND:d60"", ""01-2021-ND:d66"", ""01-2021-ND:d91"", ""168-2025-ND:d103"", ""168-2025-ND:d22"", ""168-2025-ND:d71"", ""168-2025-ND:d118"", ""168-2025-ND:d36"", ""01-2021-ND:d41"", ""168-2025-ND:d69""]",0,0.0,0,0.0,0,0.0,0,0.0,1,1.0,1,1.0,0.0769,"[""01-2021-ND:d91"", ""168-2025-ND:d60"", ""01-2021-ND:d66"", ""168-2025-ND:d103"", ""23-2022-ND:d21"", ""168-2025-ND:d118"", ""59-2020-QH14:d206"", ""168-2025-ND:d32"", ""01-2021-ND:d96"", ""01-2021-ND:d67""]",0,0.0,0,0.0,0,0.0,1,1.0,1,1.0,1,1.0,0.1429,"[""168-2025-ND:d71"", ""168-2025-ND:d69"", ""168-2025-ND:d60"", ""01-2021-ND:d66"", ""168-2025-ND:d57"", ""168-2025-ND:d101"", ""01-2021-ND:d91"", ""168-2025-ND:d32"", ""168-2025-ND:d103"", ""01-2021-ND:d63""]",0,0.0,0,0.0,0,0.0,0,0.0,0,0.0,1,1.0,0.0435,"[""47-2021-ND:d26"", ""01-2021-ND:d63"", ""168-2025-ND:d60"", ""59-2020-QH14:d110"", ""59-2020-QH14:d109"", ""168-2025-ND:d57"", ""59-2020-QH14:d206"", ""168-2025-ND:d32"", ""47-2021-ND:d23"", ""168-2025-ND:d69""]",0,0.0,0,0.0,0,0.0,1,1.0,1,1.0,1,1.0,0.1429
3,"[""59-2020-QH14:d77"", ""59-2020-QH14:d182"", ""59-2020-QH14:d119"", ""59-2020-QH14:d185"", ""59-2020-QH14:d55"", ""59-2020-QH14:d76"", ""59-2020-QH14:d49"", ""59-2020-QH14:d50"", ""01-2021-ND:d32"", ""01-2021-ND:d52""]",0,0.0,0,0.0,0,0.0,0,0.0,1,0.5,1,0.5,0.05,"[""59-2020-QH14:d77"", ""59-2020-QH14:d119"", ""59-2020-QH14:d182"", ""59-2020-QH14:d185"", ""59-2020-QH14:d76"", ""59-2020-QH14:d55"", ""59-2020-QH14:d50"", ""01-2021-ND:d32"", ""01-2021-ND:d52"", ""59-2020-QH14:d167""]",0,0.0,0,0.0,0,0.0,0,0.0,0,0.0,1,0.5,0.0417,"[""168-2025-ND:d63"", ""168-2025-ND:d109"", ""23-2022-ND:d48"", ""100-2019-ND-CP:d23"", ""100-2019-ND-CP:d38"", ""01-2021-ND:d19"", ""100-2019-ND-CP:d7"", ""168-2024-ND-CP:d18"", ""168-2025-ND:d15"", ""59-2020-QH14:d53""]",0,0.0,0,0.0,0,0.0,0,0.0,0,0.0,0,0.0,0.0,"[""59-2020-QH14:d70"", ""59-2020-QH14:d136"", ""44-2025-ND:d7"", ""59-2020-QH14:d178"", ""59-2020-QH14:d119"", ""248-2025-ND:d1"", ""59-2020-QH14:d134"", ""168-2025-ND:d72"", ""59-2020-QH14:d50"", ""44-2025-ND:d18""]",0,0.0,0,0.0,0,0.0,0,0.0,0,0.0,0,0.0,0.0
4,"[""47-2021-ND:d16"", ""36-2024-QH15:d85"", ""168-2025-ND:d81"", ""16-2023-ND:d7"", ""23-2022-ND:d30"", ""168-2025-ND:d74"", ""168-2025-ND:d57"", ""16-2023-ND:d8"", ""44-2025-ND:d3"", ""59-2020-QH14:d172""]",0,0.0,0,0.0,0,0.0,0,0.0,0,0.0,0,0.0,0.0,"[""23-2022-ND:d30"", ""59-2020-QH14:d172"", ""168-2025-ND:d34"", ""168-2025-ND:d81"", ""168-2025-ND:d56"", ""168-2025-ND:d4"", ""01-2021-ND:d4"", ""168-2025-ND:d36"", ""59-2020-QH14:d213"", ""23-2022-ND:d31""]",0,0.0,0,0.0,0,0.0,0,0.0,0,0.0,0,0.0,0.0,"[""168-2025-ND:d30"", ""168-2025-ND:d71"", ""01-2021-ND:d31"", ""01-2021-ND:d29"", ""168-2025-ND:d60"", ""168-2025-ND:d104"", ""01-2021-ND:d69"", ""01-2021-ND:d77"", ""168-2025-ND:d63"", ""168-2025-ND:d66""]",0,0.0,0,0.0,0,0.0,0,0.0,0,0.0,0,0.0,0.0,"[""248-2025-ND:d7"", ""44-2025-ND:d24"", ""47-2021-ND:d26"", ""168-2025-ND:d104"", ""01-2021-ND:d78"", ""01-2021-ND:d37"", ""01-2021-ND:d91"", ""168-2025-ND:d61"", ""59-2020-QH14:d206"", ""248-2025-ND:d10""]",0,0.0,0,0.0,0,0.0,0,0.0,0,0.0,0,0.0,0.0
5,"[""59-2020-QH14:d110"", ""36-2024-QH15:d62"", ""01-2021-ND:d75"", ""168-2025-ND:d69"", ""168-2025-ND:d29"", ""01-2021-ND:d77"", ""168-2025-ND:d71"", ""168-2024-ND-CP:d3"", ""168-2024-ND-CP:d51"", ""01-2021-ND:d30""]",0,0.0,0,0.0,0,0.0,0,0.0,0,0.0,0,0.0,0.0,"[""59-2020-QH14:d110"", ""36-2024-QH15:d62"", ""01-2021-ND:d75"", ""168-2025-ND:d29"", ""01-2021-ND:d77"", ""168-2024-ND-CP:d49"", ""01-2021-ND:d30"", ""168-2025-ND:d69"", ""59-2020-QH14:d179"", ""168-2025-ND:d102""]",0,0.0,0,0.0,0,0.0,0,0.0,1,0.1667,1,0.3333,0.0526,"[""01-2021-ND:d98"", ""168-2025-ND:d71"", ""168-2025-ND:d69"", ""168-2024-ND-CP:d3"", ""01-2021-ND:d97"", ""168-2025-ND:d119"", ""168-2025-ND:d121"", ""168-2024-ND-CP:d6"", ""168-2024-ND-CP:d13"", ""168-2025-ND:d54""]",0,0.0,0,0.0,0,0.0,0,0.0,0,0.0,1,0.1667,0.0476,"[""01-2021-ND:d76"", ""36-2024-QH15:d62"", ""168-2024-ND-CP:d51"", ""89-2024-ND:d6"", ""168-2025-ND:d108"", ""168-2025-ND:d110"", ""168-2025-ND:d123"", ""01-2021-ND:d93"", ""168-2024-ND-CP:d5"", ""168-2025-ND:d118""]",0,0.0,0,0.0,0,0.0,0,0.0,1,0.3333,1,0.3333,0.0909
6,"[""01-2021-ND:d51"", ""168-2025-ND:d44"", ""59-2020-QH14:d68"", ""59-2020-QH14:d4"", ""59-2020-QH14:d187"", ""168-2025-ND:d26"", ""01-2021-ND:d52"", ""59-2020-QH14:d52"", ""01-2021-ND:d26"", ""01-2021-ND:d53""]",0,0.0,0,0.0,0,0.0,0,0.0,0,0.0,0,0.0,0.0,"[""59-2020-QH14:d68"", ""59-2020-QH14:d52"", ""59-2020-QH14:d58"", ""59-2020-QH14:d87"", ""01-2021-ND:d51"", ""168-2025-ND:d44"", ""47-2021-ND:d12"", ""59-2020-QH14:d187"", ""01-2021-ND:d53"", ""59-2020-QH14:d51""]",0,0.0,0,0.0,0,0.0,0,0.0,0,0.0,0,0.0,0.0,"[""59-2020-QH14:d17"", ""59-2020-QH14:d47"", ""168-2025-ND:d44"", ""59-2020-QH14:d75"", ""01-2021-ND:d51"", ""59-2020-QH14:d52"", ""59-2020-QH14:d187"", ""168-2025-ND:d51"", ""89-2024-ND:d7"", ""59-2020-QH14:d35""]",0,0.0,0,0.0,0,0.0,0,0.0,0,0.0,0,0.0,0.0,"[""59-2020-QH14:d109"", ""44-2025-ND:d32"", ""59-2020-QH14:d178"", ""59-2020-QH14:d47"", ""59-2020-QH14:d175"", ""23-2022-ND:d29"", ""47-2021-ND:d23"", ""248-2025-ND:d11"", ""168-2025-ND:d52"", ""47-2021-ND:d26""]",0,0.0,0,0.0,0,0.0,0,0.0,0,0.0,0,0.0,0.0
7,"[""59-2020-QH14:d51"", ""59-2020-QH14:d68"", ""168-2025-ND:d26"", ""59-2020-QH14:d205"", ""01-2021-ND:d26"", ""59-2020-QH14:d127"", ""01-2021-ND:d52"", ""168-2025-ND:d45"", ""168-2025-ND:d44"", ""59-2020-QH14:d113""]",0,0.0,0,0.0,0,0.0,0,0.0,1,0.3333,1,0.3333,0.0588,"[""59-2020-QH14:d192"", ""59-2020-QH14:d51"", ""59-2020-QH14:d205"", ""168-2025-ND:d26"", ""59-2020-QH14:d75"", ""59-2020-QH14:d52"", ""01-2021-ND:d26"", ""59-2020-QH14:d68"", ""59-2020-QH14:d113"", ""168-2025-ND:d44""]",0,0.0,0,0.0,0,0.0,1,0.3333,1,0.3333,1,0.3333,0.1667,"[""168-2025-ND:d45"", ""01-2021-ND:d52"", ""168-2025-ND:d46"", ""168-2025-ND:d51"", ""59-2020-QH14:d205"", ""168-2025-ND:d50"", ""01-2021-ND:d98"", ""23-2022-ND:d35"", ""89-2024-ND:d11"", ""01-2021-ND:d53""]",0,0.0,0,0.0,0,0.0,0,0.0,0,0.0,0,0.0,0.0,"[""59-2020-QH14:d136"", ""59-2020-QH14:d119"", ""59-2020-QH14:d113"", ""59-2020-QH14:d134"", ""59-2020-QH14:d133"", ""59-2020-QH14:d186"", ""59-2020-QH14:d70"", ""59-2020-QH14:d132"", ""59-2020-QH14:d78"", ""59-2020-QH14:d178""]",0,0.0,0,0.0,0,0.0,0,0.0,1,0.3333,1,0.6667,0.0714
8,"[""59-2020-QH14:d185"", ""59-2020-QH14:d182"", ""59-2020-QH14:d187"", ""59-2020-QH14:d49"", ""59-2020-QH14:d181"", ""23-2022-ND:d34"", ""59-2020-QH14:d119"", ""59-2020-QH14:d59"", ""59-2020-QH14:d25"", ""59-2020-QH14:d4""]",0,0.0,0,0.0,0,0.0,0,0.0,0,0.0,0,0.0,0.0,"[""59-2020-QH14:d185"", ""59-2020-QH14:d187"", ""59-2020-QH14:d182"", ""59-2020-QH14:d119"", ""59-2020-QH14:d177"", ""59-2020-QH14:d51"", ""59-2020-QH14:d25"", ""59-2020-QH14:d49"", ""59-2020-QH14:d77"", ""59-2020-QH14:d188""]",0,0.0,0,0.0,0,0.0,0,0.0,1,1.0,1,1.0,0.0833,"[""89-2024-ND:d7"", ""59-2020-QH14:d25"", ""59-2020-QH14:d185"", ""59-2020-QH14:d47"", ""59-2020-QH14:d187"", ""23-2022-ND:d6"", ""59-2020-QH14:d181"", ""59-2020-QH14:d53"", ""168-2025-ND:d51"", ""59-2020-QH14:d75""]",0,0.0,0,0.0,0,0.0,0,0.0,1,0.3333,1,0.3333,0.0909,"[""59-2020-QH14:d178"", ""59-2020-QH14:d36"", ""59-2020-QH14:d34"", ""59-2020-QH14:d52"", ""248-2025-ND:d11"", ""59-2020-QH14:d119"", ""23-2022-ND:d5"", ""59-2020-QH14:d70"", ""59-2020-QH14:d68"", ""59-2020-QH14:d51""]",1,0.3333,1,0.3333,1,0.3333,1,0.3333,1,0.3333,1,0.3333,1.0
9,"[""168-2025-ND:d64"", ""59-2020-QH14:d210"", ""01-2021-ND:d70"", ""59-2020-QH14:d208"", ""168-2025-ND:d56"", ""168-2025-ND:d40"", ""01-2021-ND:d31"", ""59-2020-QH14:d209"", ""01-2021-ND:d29"", ""168-2025-ND:d54""]",0,0.0,1,0.5,1,1.0,1,1.0,1,1.0,1,1.0,0.5,"[""59-2020-QH14:d210"", ""01-2021-ND:d9"", ""168-2025-ND:d40"", ""168-2025-ND:d34"", ""168-2025-ND:d56"", ""168-2025-ND:d9"", ""59-2020-QH14:d72"", ""01-2021-ND:d70"", ""01-2021-ND:d47"", ""168-2025-ND:d90""]",1,0.5,1,0.5,1,0.5,1,0.5,1,1.0,1,1.0,1.0,"[""59-2020-QH14:d210"", ""01-2021-ND:d30"", ""01-2021-ND:d31"", ""168-2025-ND:d29"", ""59-2020-QH14:d209"", ""01-2021-ND:d22"", ""01-2021-ND:d23"", ""01-2021-ND:d24"", ""01-2021-ND:d25"", ""168-2025-ND:d24""]",1,0.5,1,0.5,1,0.5,1,0.5,1,0.5,1,1.0,1.0,"[""01-2021-ND:d32"", ""59-2020-QH14:d28"", ""89-2024-ND:d13"", ""59-2020-QH14:d210"", ""01-2021-ND:d48"", ""59-2020-QH14:d23"", ""168-2025-ND:d115"", ""168-2025-ND:d25"", ""59-2020-QH14:d212"", ""01-2021-ND:d23""]",0,0.0,0,0.0,1,0.5,1,0.5,1,0.5,1,0.5,0.25
10,"[""168-2025-ND:d60"", ""168-2025-ND:d103"", ""01-2021-ND:d66"", ""01-2021-ND:d91"", ""59-2020-QH14:d206"", ""23-2022-ND:d21"", ""168-2025-ND:d61"", ""01-2021-ND:d67"", ""44-2025-ND:d18"", ""01-2021-ND:d41""]",0,0.0,0,0.0,1,1.0,1,1.0,1,1.0,1,1.0,0.2,"[""23-2022-ND:d21"", ""01-2021-ND:d91"", ""168-2025-ND:d103"", ""168-2025-ND:d60"", ""01-2021-ND:d66"", ""59-2020-QH14:d206"", ""36-2024-QH15:d64"", ""168-2025-ND:d61"", ""01-2021-ND:d67"", ""168-2025-ND:d118""]",0,0.0,0,0.0,0,0.0,1,1.0,1,1.0,1,1.0,0.1667,"[""168-2025-ND:d69"", ""168-2025-ND:d71"", ""01-2021-ND:d66"", ""01-2021-ND:d67"", ""01-2021-ND:d91"", ""168-2025-ND:d60"", ""168-2025-ND:d61"", ""168-2025-ND:d103"", ""59-2020-QH14:d206"", ""23-2022-ND:d21""]",0,0.0,0,0.0,0,0.0,1,1.0,1,1.0,1,1.0,0.1111,"[""59-2020-QH14:d206"", ""168-2025-ND:d61"", ""23-2022-ND:d21"", ""168-2024-ND-CP:d4"", ""01-2021-ND:d41"", ""36-2024-QH15:d18"", ""168-2025-ND:d60"", ""01-2021-ND:d91"", ""01-2021-ND:d67"", ""36-2024-QH15:d19""]",1,1.0,1,1.0,1,1.0,1,1.0,1,1.0,1,1.0,1.0
11,"[""23-2022-ND:d9"", ""23-2022-ND:d42"", ""23-2022-ND:d45"", ""01-2021-ND:d70"", ""168-2025-ND:d69"", ""23-2022-ND:d18"", ""23-2022-ND:d17"", ""23-2022-ND:d6"", ""47-2021-ND:d26"", ""59-2020-QH14:d208""]",0,0.0,0,0.0,0,0.0,1,0.5,1,0.5,1,1.0,0.1,"[""23-2022-ND:d40"", ""23-2022-ND:d42"", ""23-2022-ND:d9"", ""23-2022-ND:d41"", ""01-2021-ND:d71"", ""01-2021-ND:d70"", ""47-2021-ND:d26"", ""23-2022-ND:d45"", ""23-2022-ND:d43"", ""59-2020-QH14:d208""]",0,0.0,0,0.0,0,0.0,1,0.5,1,1.0,1,1.0,0.1,"[""168-2025-ND:d69"", ""168-2025-ND:d31"", ""36-2024-QH15:d81"", ""168-2025-ND:d71"", ""168-2025-ND:d109"", ""100-2019-ND-CP:d39"", ""168-2025-ND:d51"", ""01-2021-ND:d19"", ""01-2021-ND:d69"", ""100-2019-ND-CP:d15""]",0,0.0,0,0.0,0,0.0,0,0.0,0,0.0,1,0.5,0.0435,"[""01-2021-ND:d59"", ""168-2025-ND:d53"", ""44-2025-ND:d25"", ""248-2025-ND:d7"", ""16-2023-ND:d13"", ""44-2025-ND:d24"", ""47-2021-ND:d33"", ""44-2025-ND:d18"", ""89-2024-ND:d5"", ""59-2020-QH14:d70""]",0,0.0,0,0.0,0,0.0,0,0.0,0,0.0,0,0.0,0.0
12,"[""168-2025-ND:d28"", ""01-2021-ND:d28"", ""59-2020-QH14:d208"", ""23-2022-ND:d36"", ""59-2020-QH14:d98"", ""59-2020-QH14:d105"", ""44-2025-ND:d4"", ""168-2025-ND:d64"", ""23-2022-ND:d6"", ""59-2020-QH14:d156""]",0,0.0,1,0.3333,1,0.3333,1,0.3333,1,0.3333,1,0.6667,0.3333,"[""168-2025-ND:d28"", ""01-2021-ND:d28"", ""248-2025-ND:d11"", ""59-2020-QH14:d208"", ""59-2020-QH14:d105"", ""59-2020-QH14:d1"", ""59-2020-QH14:d210"", ""59-2020-QH14:d207"", ""23-2022-ND:d36"", ""59-2020-QH14:d92""]",0,0.0,0,0.0,1,0.3333,1,1.0,1,1.0,1,1.0,0.25,"[""168-2025-ND:d29"", ""01-2021-ND:d30"", ""168-2025-ND:d54"", ""89-2024-ND:d11"", ""01-2021-ND:d25"", ""168-2025-ND:d69"", ""01-2021-ND:d98"", ""168-2025-ND:d25"", ""23-2022-ND:d35"", ""89-2024-ND:d7""]",0,0.0,0,0.0,0,0.0,0,0.0,0,0.0,0,0.0,0.0,"[""168-2025-ND:d124"", ""01-2021-ND:d100"", ""89-2024-ND:d14"", ""23-2022-ND:d54"", ""59-2020-QH14:d109"", ""248-2025-ND:d11"", ""01-2021-ND:d91"", ""89-2024-ND:d12"", ""16-2023-ND:d13"", ""23-2022-ND:d47""]",0,0.0,0,0.0,0,0.0,0,0.0,1,0.3333,1,0.3333,0.0909
13,"[""59-2020-QH14:d210"", ""44-2025-ND:d15"", ""168-2024-ND-CP:d27"", ""59-2020-QH14:d208"", ""59-2020-QH14:d205"", ""23-2022-ND:d42"", ""23-2022-ND:d41"", ""59-2020-QH14:d55"", ""59-2020-QH14:d197"", ""168-2024-ND-CP:d26""]",1,0.3333,1,0.3333,1,0.6667,1,0.6667,1,0.6667,1,0.6667,1.0,"[""23-2022-ND:d41"", ""59-2020-QH14:d210"", ""59-2020-QH14:d1"", ""44-2025-ND:d15"", ""23-2022-ND:d42"", ""59-2020-QH14:d205"", ""168-2024-ND-CP:d27"", ""59-2020-QH14:d208"", ""23-2022-ND:d44"", ""59-2020-QH14:d197""]",0,0.0,1,0.3333,1,0.3333,1,0.6667,1,1.0,1,1.0,0.5,"[""89-2024-ND:d11"", ""59-2020-QH14:d47"", ""59-2020-QH14:d205"", ""59-2020-QH14:d98"", ""89-2024-ND:d7"", ""168-2025-ND:d69"", ""23-2022-ND:d35"", ""59-2020-QH14:d75"", ""100-2019-ND-CP:d6"", ""59-2020-QH14:d79""]",0,0.0,0,0.0,0,0.0,0,0.0,1,0.3333,1,0.3333,0.0625,"[""168-2025-ND:d124"", ""01-2021-ND:d100"", ""23-2022-ND:d54"", ""89-2024-ND:d14"", ""248-2025-ND:d10"", ""01-2021-ND:d91"", ""01-2021-ND:d78"", ""168-2024-ND-CP:d53"", ""44-2025-ND:d33"", ""47-2021-ND:d34""]",0,0.0,0,0.0,0,0.0,0,0.0,0,0.0,0,0.0,0.0
14,"[""168-2024-ND-CP:d27"", ""36-2024-QH15:d46"", ""23-2022-ND:d23"", ""168-2024-ND-CP:d26"", ""36-2024-QH15:d30"", ""59-2020-QH14:d4"", ""168-2025-ND:d60"", ""168-2025-ND:d103"", ""36-2024-QH15:d10"", ""01-2021-ND:d91""]",0,0.0,0,0.0,0,0.0,0,0.0,0,0.0,1,1.0,0.0333,"[""168-2025-ND:d103"", ""01-2021-ND:d91"", ""168-2025-ND:d60"", ""01-2021-ND:d66"", ""168-2024-ND-CP:d27"", ""36-2024-QH15:d10"", ""36-2024-QH15:d46"", ""23-2022-ND:d23"", ""23-2022-ND:d21"", ""168-2025-ND:d118""]",0,0.0,0,0.0,0,0.0,0,0.0,1,1.0,1,1.0,0.0833,"[""168-2025-ND:d69"", ""168-2025-ND:d71"", ""168-2024-ND-CP:d27"", ""168-2025-ND:d60"", ""100-2019-ND-CP:d83"", ""168-2025-ND:d107"", ""01-2021-ND:d75"", ""16-2023-ND:d10"", ""168-2025-ND:d103"", ""36-2024-QH15:d30""]",0,0.0,0,0.0,0,0.0,0,0.0,0,0.0,0,0.0,0.0,"[""168-2024-ND-CP:d54"", ""59-2020-QH14:d206"", ""100-2019-ND-CP:d85"", ""23-2022-ND:d21"", ""23-2022-ND:d29"", ""248-2025-ND:d7"", ""168-2025-ND:d70"", ""47-2021-ND:d26"", ""23-2022-ND:d45"", ""168-2024-ND-CP:d4""]",0,0.0,1,1.0,1,1.0,1,1.0,1,1.0,1,1.0,0.5
15,"[""36-2024-QH15:d61"", ""100-2019-ND-CP:d37"", ""36-2024-QH15:d75"", ""168-2024-ND-CP:d39"", ""23-2022-ND:d3"", ""59-2020-QH14:d181"", ""59-2020-QH14:d97"", ""59-2020-QH14:d189"", ""36-2024-QH15:d83"", ""59-2020-QH14:d187""]",0,0.0,0,0.0,0,0.0,0,0.0,1,0.25,1,0.25,0.05,"[""36-2024-QH15:d75"", ""36-2024-QH15:d61"", ""100-2019-ND-CP:d37"", ""23-2022-ND:d3"", ""59-2020-QH14:d13"", ""100-2019-ND-CP:d38"", ""168-2024-ND-CP:d39"", ""89-2024-ND:d4"", ""23-2022-ND:d44"", ""59-2020-QH14:d83""]",0,0.0,0,0.0,0,0.0,0,0.0,1,0.25,1,0.25,0.0833,"[""100-2019-ND-CP:d6"", ""168-2025-ND:d69"", ""23-2022-ND:d43"", ""59-2020-QH14:d98"", ""100-2019-ND-CP:d3"", ""23-2022-ND:d3"", ""59-2020-QH14:d4"", ""100-2019-ND-CP:d24"", ""100-2019-ND-CP:d80"", ""168-2024-ND-CP:d6""]",0,0.0,0,0.0,0,0.0,0,0.0,0,0.0,1,0.25,0.0345,"[""59-2020-QH14:d39"", ""01-2021-ND:d20"", ""168-2025-ND:d16"", ""01-2021-ND:d10"", ""168-2025-ND:d10"", ""59-2020-QH14:d158"", ""59-2020-QH14:d41"", ""01-2021-ND:d88"", ""168-2025-ND:d86"", ""59-2020-QH14:d150""]",0,0.0,0,0.0,0,0.0,0,0.0,0,0.0,0,0.0,0.0
16,"[""168-2025-ND:d60"", ""59-2020-QH14:d110"", ""59-2020-QH14:d17"", ""01-2021-ND:d41"", ""168-2025-ND:d36"", ""59-2020-QH14:d181"", ""59-2020-QH14:d206"", ""59-2020-QH14:d16"", ""168-2025-ND:d98"", ""168-2025-ND:d71""]",0,0.0,0,0.0,0,0.0,1,1.0,1,1.0,1,1.0,0.1429,"[""59-2020-QH14:d179"", ""168-2025-ND:d60"", ""59-2020-QH14:d110"", ""59-2020-QH14:d1"", ""23-2022-ND:d21"", ""59-2020-QH14:d184"", ""168-2025-ND:d36"", ""168-2025-ND:d98"", ""59-2020-QH14:d206"", ""59-2020-QH14:d17""]",0,0.0,0,0.0,0,0.0,1,1.0,1,1.0,1,1.0,0.1111,"[""168-2025-ND:d71"", ""168-2025-ND:d60"", ""01-2021-ND:d98"", ""100-2019-ND-CP:d52"", ""01-2021-ND:d67"", ""168-2025-ND:d61"", ""59-2020-QH14:d206"", ""23-2022-ND:d21"", ""168-2025-ND:d121"", ""168-2025-ND:d69""]",0,0.0,0,0.0,0,0.0,1,1.0,1,1.0,1,1.0,0.1429,"[""01-2021-ND:d91"", ""59-2020-QH14:d206"", ""168-2025-ND:d61"", ""01-2021-ND:d66"", ""23-2022-ND:d21"", ""01-2021-ND:d92"", ""168-2025-ND:d60"", ""47-2021-ND:d26"", ""168-2025-ND:d66"", ""168-2025-ND:d103""]",0,0.0,1,1.0,1,1.0,1,1.0,1,1.0,1,1.0,0.5
17,"[""01-2021-ND:d41"", ""248-2025-ND:d10"", ""59-2020-QH14:d206"", ""168-2025-ND:d103"", ""168-2025-ND:d35"", ""168-2025-ND:d60"", ""01-2021-ND:d66"", ""23-2022-ND:d21"", ""168-2025-ND:d122"", ""168-2025-ND:d118""]",0,0.0,1,1.0,1,1.0,1,1.0,1,1.0,1,1.0,0.3333,"[""23-2022-ND:d21"", ""168-2025-ND:d103"", ""168-2025-ND:d122"", ""168-2025-ND:d60"", ""01-2021-ND:d66"", ""248-2025-ND:d11"", ""01-2021-ND:d91"", ""59-2020-QH14:d206"", ""248-2025-ND:d10"", ""23-2022-ND:d14""]",0,0.0,0,0.0,0,0.0,1,1.0,1,1.0,1,1.0,0.125,"[""168-2025-ND:d69"", ""01-2021-ND:d75"", ""168-2025-ND:d71"", ""01-2021-ND:d69"", ""01-2021-ND:d28"", ""168-2025-ND:d28"", ""168-2025-ND:d11"", ""01-2021-ND:d66"", ""01-2021-ND:d4"", ""168-2025-ND:d60""]",0,0.0,0,0.0,0,0.0,0,0.0,0,0.0,0,0.0,0.0,"[""168-2025-ND:d124"", ""248-2025-ND:d10"", ""44-2025-ND:d33"", ""01-2021-ND:d91"", ""168-2025-ND:d64"", ""23-2022-ND:d47"", ""01-2021-ND:d100"", ""47-2021-ND:d18"", ""248-2025-ND:d11"", ""59-2020-QH14:d206""]",0,0.0,0,0.0,0,0.0,1,1.0,1,1.0,1,1.0,0.1
18,"[""59-2020-QH14:d98"", ""59-2020-QH14:d4"", ""23-2022-ND:d35"", ""23-2022-ND:d27"", ""59-2020-QH14:d99"", ""59-2020-QH14:d149"", ""168-2025-ND:d17"", ""59-2020-QH14:d10"", ""23-2022-ND:d6"", ""23-2022-ND:d39""]",0,0.0,0,0.0,0,0.0,0,0.0,1,0.3333,1,0.6667,0.0556,"[""23-2022-ND:d40"", ""23-2022-ND:d44"", ""59-2020-QH14:d1"", ""23-2022-ND:d41"", ""23-2022-ND:d47"", ""59-2020-QH14:d2"", ""01-2021-ND:d21"", ""59-2020-QH14:d19"", ""23-2022-ND:d42"", ""23-2022-ND:d43""]",0,0.0,0,0.0,0,0.0,0,0.0,1,1.0,1,1.0,0.0833,"[""168-2025-ND:d69"", ""23-2022-ND:d39"", ""23-2022-ND:d47"", ""168-2025-ND:d64"", ""23-2022-ND:d40"", ""23-2022-ND:d41"", ""23-2022-ND:d42"", ""23-2022-ND:d43"", ""47-2021-ND:d6"", ""59-2020-QH14:d207""]",0,0.0,0,0.0,0,0.0,1,0.3333,1,1.0,1,1.0,0.1,"[""01-2021-ND:d2"", ""168-2025-ND:d29"", ""01-2021-ND:d30"", ""168-2025-ND:d7"", ""01-2021-ND:d7"", ""168-2025-ND:d2"", ""23-2022-ND:d11"", ""01-2021-ND:d89"", ""168-2025-ND:d116"", ""59-2020-QH14:d2""]",0,0.0,0,0.0,0,0.0,0,0.0,0,0.0,0,0.0,0.0
19,"[""168-2025-ND:d64"", ""168-2025-ND:d69"", ""168-2025-ND:d35"", ""168-2025-ND:d65"", ""168-2025-ND:d31"", ""168-2025-ND:d8"", ""01-2021-ND:d41"", ""36-2024-QH15:d39"", ""168-2025-ND:d66"", ""59-2020-QH14:d208""]",0,0.0,0,0.0,0,0.0,1,0.5,1,1.0,1,1.0,0.1,"[""23-2022-ND:d41"", ""168-2025-ND:d40"", ""168-2025-ND:d59"", ""168-2025-ND:d31"", ""168-2025-ND:d64"", ""168-2025-ND:d35"", ""168-2025-ND:d65"", ""168-2025-ND:d120"", ""168-2025-ND:d4"", ""59-2020-QH14:d210""]",0,0.0,0,0.0,0,0.0,1,0.5,1,0.5,1,1.0,0.1,"[""168-2025-ND:d69"", ""168-2025-ND:d71"", ""168-2024-ND-CP:d47"", ""168-2025-ND:d103"", ""100-2019-ND-CP:d80"", ""168-2025-ND:d28"", ""01-2021-ND:d75"", ""01-2021-ND:d28"", ""59-2020-QH14:d208"", ""168-2025-ND:d100""]",0,0.0,0,0.0,0,0.0,1,0.5,1,0.5,1,0.5,0.1111,"[""248-2025-ND:d10"", ""100-2019-ND-CP:d84"", ""168-2025-ND:d124"", ""01-2021-ND:d92"", ""01-2021-ND:d100"", ""89-2024-ND:d14"", ""23-2022-ND:d54"", ""47-2021-ND:d34"", ""168-2025-ND:d70"", ""36-2024-QH15:d88""]",0,0.0,0,0.0,0,0.0,0,0.0,0,0.0,0,0.0,0.0
20,"[""23-2022-ND:d23"", ""59-2020-QH14:d4"", ""59-2020-QH14:d155"", ""168-2025-ND:d69"", ""01-2021-ND:d70"", ""23-2022-ND:d41"", ""168-2025-ND:d64"", ""01-2021-ND:d41"", ""168-2024-ND-CP:d27"", ""168-2024-ND-CP:d26""]",0,0.0,0,0.0,0,0.0,0,0.0,1,0.5,1,0.5,0.0556,"[""23-2022-ND:d23"", ""59-2020-QH14:d4"", ""23-2022-ND:d41"", ""01-2021-ND:d71"", ""59-2020-QH14:d155"", ""01-2021-ND:d70"", ""01-2021-ND:d96"", ""59-2020-QH14:d209"", ""168-2025-ND:d53"", ""168-2025-ND:d65""]",0,0.0,0,0.0,0,0.0,0,0.0,0,0.0,1,1.0,0.0455,"[""168-2025-ND:d69"", ""168-2025-ND:d71"", ""168-2025-ND:d31"", ""59-2020-QH14:d209"", ""168-2025-ND:d118"", ""01-2021-ND:d97"", ""01-2021-ND:d71"", ""168-2025-ND:d119"", ""168-2025-ND:d65"", ""01-2021-ND:d96""]",0,0.0,0,0.0,0,0.0,0,0.0,0,0.0,1,0.5,0.0417,"[""168-2025-ND:d53"", ""168-2025-ND:d124"", ""01-2021-ND:d59"", ""01-2021-ND:d92"", ""16-2023-ND:d13"", ""168-2025-ND:d72"", ""248-2025-ND:d7"", ""89-2024-ND:d14"", ""248-2025-ND:d11"", ""23-2022-ND:d54""]",0,0.0,0,0.0,0,0.0,0,0.0,0,0.0,0,0.0,0.0
21,"[""168-2025-ND:d64"", ""01-2021-ND:d70"", ""168-2025-ND:d69"", ""168-2025-ND:d107"", ""168-2025-ND:d104"", ""168-2025-ND:d65"", ""168-2025-ND:d66"", ""01-2021-ND:d75"", ""01-2021-ND:d93"", ""59-2020-QH14:d210""]",0,0.0,0,0.0,0,0.0,0,0.0,1,0.5,1,0.5,0.0588,"[""168-2025-ND:d64"", ""01-2021-ND:d70"", ""01-2021-ND:d95"", ""168-2025-ND:d104"", ""168-2025-ND:d66"", ""01-2021-ND:d32"", ""168-2025-ND:d95"", ""01-2021-ND:d45"", ""168-2025-ND:d107"", ""168-2025-ND:d69""]",0,0.0,0,0.0,0,0.0,0,0.0,0,0.0,0,0.0,0.0,"[""168-2025-ND:d69"", ""168-2025-ND:d71"", ""168-2025-ND:d31"", ""168-2025-ND:d95"", ""168-2024-ND-CP:d47"", ""100-2019-ND-CP:d80"", ""01-2021-ND:d69"", ""168-2025-ND:d109"", ""01-2021-ND:d31"", ""168-2025-ND:d30""]",0,0.0,0,0.0,0,0.0,0,0.0,0,0.0,0,0.0,0.0,"[""01-2021-ND:d92"", ""168-2025-ND:d105"", ""168-2025-ND:d53"", ""248-2025-ND:d11"", ""168-2025-ND:d124"", ""01-2021-ND:d94"", ""01-2021-ND:d91"", ""01-2021-ND:d100"", ""168-2025-ND:d104"", ""168-2025-ND:d107""]",0,0.0,0,0.0,0,0.0,0,0.0,0,0.0,0,0.0,0.0
22,"[""23-2022-ND:d9"", ""36-2024-QH15:d14"", ""23-2022-ND:d18"", ""23-2022-ND:d17"", ""59-2020-QH14:d94"", ""01-2021-ND:d70"", ""36-2024-QH15:d2"", ""168-2024-ND-CP:d27"", ""59-2020-QH14:d102"", ""36-2024-QH15:d46""]",0,0.0,0,0.0,0,0.0,0,0.0,1,0.5,1,0.5,0.05,"[""23-2022-ND:d9"", ""23-2022-ND:d10"", ""01-2021-ND:d9"", ""23-2022-ND:d8"", ""59-2020-QH14:d210"", ""01-2021-ND:d70"", ""168-2025-ND:d34"", ""36-2024-QH15:d10"", ""168-2025-ND:d9"", ""23-2022-ND:d17""]",0,0.0,0,0.0,1,0.5,1,0.5,1,0.5,1,0.5,0.2,"[""168-2025-ND:d69"", ""168-2025-ND:d31"", ""59-2020-QH14:d210"", ""01-2021-ND:d71"", ""168-2025-ND:d65"", ""01-2021-ND:d70"", ""16-2023-ND:d11"", ""168-2025-ND:d64"", ""168-2025-ND:d71"", ""23-2022-ND:d6""]",0,0.0,1,0.5,1,0.5,1,0.5,1,0.5,1,0.5,0.3333,"[""01-2021-ND:d101"", ""89-2024-ND:d5"", ""168-2025-ND:d124"", ""89-2024-ND:d13"", ""89-2024-ND:d12"", ""01-2021-ND:d32"", ""59-2020-QH14:d149"", ""168-2025-ND:d72"", ""01-2021-ND:d1"", ""16-2023-ND:d13""]",0,0.0,0,0.0,0,0.0,0,0.0,0,0.0,0,0.0,0.0
23,"[""59-2020-QH14:d4"", ""168-2025-ND:d64"", ""23-2022-ND:d23"", ""01-2021-ND:d70"", ""168-2025-ND:d56"", ""01-2021-ND:d97"", ""168-2025-ND:d119"", ""59-2020-QH14:d210"", ""01-2021-ND:d45"", ""01-2021-ND:d44""]",0,0.0,0,0.0,0,0.0,0,0.0,0,0.0,0,0.0,0.0,"[""23-2022-ND:d23"", ""59-2020-QH14:d4"", ""168-2025-ND:d56"", ""59-2020-QH14:d210"", ""01-2021-ND:d9"", ""01-2021-ND:d44"", ""01-2021-ND:d31"", ""168-2025-ND:d64"", ""168-2025-ND:d29"", ""01-2021-ND:d45""]",0,0.0,0,0.0,0,0.0,0,0.0,0,0.0,0,0.0,0.0,"[""01-2021-ND:d30"", ""168-2025-ND:d29"", ""01-2021-ND:d31"", ""01-2021-ND:d29"", ""168-2025-ND:d30"", ""01-2021-ND:d28"", ""168-2025-ND:d28"", ""168-2025-ND:d69"", ""168-2025-ND:d31"", ""168-2025-ND:d71""]",0,0.0,0,0.0,0,0.0,0,0.0,0,0.0,0,0.0,0.0,"[""89-2024-ND:d12"", ""01-2021-ND:d77"", ""168-2025-ND:d71"", ""89-2024-ND:d13"", ""168-2025-ND:d72"", ""168-2025-ND:d42"", ""01-2021-ND:d49"", ""168-2025-ND:d30"", ""59-2020-QH14:d210"", ""01-2021-ND:d46""]",0,0.0,0,0.0,0,0.0,0,0.0,0,0.0,0,0.0,0.0
24,"[""59-2020-QH14:d4"", ""23-2022-ND:d23"", ""01-2021-ND:d19"", ""168-2025-ND:d56"", ""168-2025-ND:d40"", ""01-2021-ND:d62"", ""01-2021-ND:d47"", ""168-2025-ND:d15"", ""168-2025-ND:d57"", ""01-2021-ND:d17""]",0,0.0,0,0.0,0,0.0,0,0.0,0,0.0,0,0.0,0.0,"[""23-2022-ND:d23"", ""59-2020-QH14:d4"", ""168-2025-ND:d56"", ""01-2021-ND:d47"", ""168-2025-ND:d40"", ""01-2021-ND:d86"", ""01-2021-ND:d62"", ""168-2025-ND:d57"", ""168-2025-ND:d87"", ""01-2021-ND:d19""]",0,0.0,0,0.0,0,0.0,0,0.0,1,0.5,1,0.5,0.0526,"[""01-2021-ND:d62"", ""168-2025-ND:d56"", ""01-2021-ND:d39"", ""01-2021-ND:d47"", ""168-2025-ND:d40"", ""168-2025-ND:d15"", ""59-2020-QH14:d45"", ""01-2021-ND:d8"", ""01-2021-ND:d31"", ""168-2025-ND:d120""]",0,0.0,0,0.0,0,0.0,1,0.5,1,0.5,1,1.0,0.1429,"[""168-2025-ND:d100"", ""168-2025-ND:d40"", ""59-2020-QH14:d31"", ""01-2021-ND:d27"", ""168-2025-ND:d49"", ""168-2025-ND:d122"", ""01-2021-ND:d56"", ""01-2021-ND:d47"", ""168-2025-ND:d41"", ""01-2021-ND:d86""]",0,0.0,0,0.0,0,0.0,0,0.0,0,0.0,0,0.0,0.0
25,"[""168-2025-ND:d8"", ""01-2021-ND:d8"", ""168-2025-ND:d123"", ""168-2025-ND:d71"", ""168-2025-ND:d118"", ""59-2020-QH14:d206"", ""168-2025-ND:d69"", ""168-2025-ND:d66"", ""168-2025-ND:d104"", ""01-2021-ND:d41""]",0,0.0,0,0.0,0,0.0,1,0.5,1,0.5,1,0.5,0.1667,"[""168-2025-ND:d8"", ""01-2021-ND:d8"", ""168-2025-ND:d118"", ""01-2021-ND:d96"", ""168-2025-ND:d60"", ""168-2025-ND:d123"", ""59-2020-QH14:d206"", ""01-2021-ND:d91"", ""01-2021-ND:d92"", ""168-2025-ND:d71""]",0,0.0,0,0.0,0,0.0,1,0.5,1,0.5,1,0.5,0.1429,"[""168-2025-ND:d71"", ""168-2025-ND:d69"", ""168-2025-ND:d60"", ""168-2025-ND:d30"", ""01-2021-ND:d31"", ""168-2025-ND:d104"", ""01-2021-ND:d96"", ""168-2025-ND:d118"", ""168-2025-ND:d121"", ""01-2021-ND:d97""]",0,0.0,0,0.0,0,0.0,0,0.0,1,0.5,1,0.5,0.0588,"[""44-2025-ND:d24"", ""248-2025-ND:d7"", ""248-2025-ND:d10"", ""168-2025-ND:d124"", ""168-2025-ND:d53"", ""01-2021-ND:d92"", ""168-2025-ND:d66"", ""01-2021-ND:d100"", ""47-2021-ND:d26"", ""01-2021-ND:d78""]",0,0.0,0,0.0,0,0.0,0,0.0,1,0.5,1,0.5,0.0833
26,"[""59-2020-QH14:d49"", ""59-2020-QH14:d187"", ""59-2020-QH14:d71"", ""59-2020-QH14:d53"", ""59-2020-QH14:d97"", ""168-2025-ND:d4"", ""59-2020-QH14:d83"", ""168-2025-ND:d64"", ""59-2020-QH14:d181"", ""59-2020-QH14:d185""]",0,0.0,0,0.0,0,0.0,0,0.0,1,0.3333,1,0.3333,0.0625,"[""59-2020-QH14:d1"", ""59-2020-QH14:d187"", ""01-2021-ND:d99"", ""59-2020-QH14:d207"", ""23-2022-ND:d47"", ""59-2020-QH14:d49"", ""23-2022-ND:d41"", ""168-2025-ND:d64"", ""168-2025-ND:d4"", ""01-2021-ND:d71""]",0,0.0,0,0.0,1,0.3333,1,0.3333,1,0.6667,1,0.6667,0.25,"[""168-2025-ND:d69"", ""168-2025-ND:d71"", ""59-2020-QH14:d208"", ""100-2019-ND-CP:d80"", ""168-2024-ND-CP:d47"", ""59-2020-QH14:d98"", ""168-2025-ND:d4"", ""01-2021-ND:d4"", ""01-2021-ND:d75"", ""16-2023-ND:d9""]",0,0.0,1,0.3333,1,0.3333,1,0.3333,1,0.3333,1,0.3333,0.3333,"[""89-2024-ND:d12"", ""01-2021-ND:d91"", ""59-2020-QH14:d47"", ""59-2020-QH14:d206"", ""01-2021-ND:d92"", ""168-2025-ND:d103"", ""59-2020-QH14:d75"", ""01-2021-ND:d66"", ""168-2025-ND:d104"", ""168-2025-ND:d71""]",0,0.0,0,0.0,0,0.0,0,0.0,0,0.0,0,0.0,0.0
27,"[""168-2025-ND:d64"", ""01-2021-ND:d70"", ""59-2020-QH14:d4"", ""59-2020-QH14:d208"", ""59-2020-QH14:d210"", ""01-2021-ND:d41"", ""168-2025-ND:d65"", ""59-2020-QH14:d209"", ""01-2021-ND:d65"", ""23-2022-ND:d39""]",0,0.0,0,0.0,1,0.6667,1,0.6667,1,0.6667,1,0.6667,0.25,"[""59-2020-QH14:d4"", ""23-2022-ND:d23"", ""01-2021-ND:d70"", ""59-2020-QH14:d210"", ""23-2022-ND:d41"", ""168-2025-ND:d64"", ""01-2021-ND:d65"", ""168-2025-ND:d65"", ""23-2022-ND:d44"", ""59-2020-QH14:d208""]",0,0.0,0,0.0,1,0.3333,1,0.6667,1,0.6667,1,0.6667,0.25,"[""168-2025-ND:d69"", ""59-2020-QH14:d209"", ""59-2020-QH14:d210"", ""01-2021-ND:d70"", ""59-2020-QH14:d208"", ""168-2025-ND:d64"", ""168-2025-ND:d65"", ""23-2022-ND:d39"", ""01-2021-ND:d71"", ""168-2025-ND:d71""]",0,0.0,1,0.3333,1,0.6667,1,0.6667,1,0.6667,1,0.6667,0.3333,"[""168-2025-ND:d67"", ""23-2022-ND:d47"", ""59-2020-QH14:d206"", ""01-2021-ND:d73"", ""01-2021-ND:d91"", ""168-2025-ND:d61"", ""01-2021-ND:d92"", ""168-2025-ND:d72"", ""23-2022-ND:d21"", ""23-2022-ND:d45""]",0,0.0,0,0.0,0,0.0,0,0.0,0,0.0,1,0.6667,0.0345
28,"[""01-2021-ND:d77"", ""59-2020-QH14:d110"", ""168-2025-ND:d64"", ""59-2020-QH14:d208"", ""168-2025-ND:d71"", ""59-2020-QH14:d98"", ""59-2020-QH14:d209"", ""23-2022-ND:d6"", ""23-2022-ND:d42"", ""168-2025-ND:d69""]",0,0.0,0,0.0,0,0.0,0,0.0,0,0.0,1,0.3333,0.0435,"[""01-2021-ND:d77"", ""59-2020-QH14:d213"", ""59-2020-QH14:d110"", ""59-2020-QH14:d45"", ""01-2021-ND:d31"", ""168-2025-ND:d71"", ""168-2025-ND:d64"", ""168-2025-ND:d6"", ""59-2020-QH14:d208"", ""168-2025-ND:d60""]",0,0.0,1,0.3333,1,0.3333,1,0.3333,1,0.3333,1,0.3333,0.5,"[""168-2025-ND:d71"", ""01-2021-ND:d98"", ""168-2025-ND:d69"", ""01-2021-ND:d77"", ""59-2020-QH14:d209"", ""168-2025-ND:d60"", ""01-2021-ND:d29"", ""168-2024-ND-CP:d6"", ""168-2024-ND-CP:d7"", ""168-2025-ND:d30""]",0,0.0,0,0.0,0,0.0,0,0.0,0,0.0,0,0.0,0.0,"[""01-2021-ND:d72"", ""168-2025-ND:d66"", ""89-2024-ND:d12"", ""59-2020-QH14:d213"", ""168-2025-ND:d72"", ""59-2020-QH14:d40"", ""59-2020-QH14:d160"", ""168-2025-ND:d67"", ""23-2022-ND:d54"", ""89-2024-ND:d14""]",0,0.0,0,0.0,1,0.3333,1,0.3333,1,0.3333,1,0.3333,0.25
29,"[""59-2020-QH14:d4"", ""23-2022-ND:d23"", ""01-2021-ND:d42"", ""168-2025-ND:d112"", ""01-2021-ND:d43"", ""01-2021-ND:d44"", ""168-2025-ND:d93"", ""168-2025-ND:d12"", ""168-2025-ND:d11"", ""59-2020-QH14:d26""]",1,1.0,1,1.0,1,1.0,1,1.0,1,1.0,1,1.0,1.0,"[""59-2020-QH14:d4"", ""01-2021-ND:d44"", ""23-2022-ND:d23"", ""01-2021-ND:d42"", ""59-2020-QH14:d26"", ""168-2025-ND:d94"", ""01-2021-ND:d45"", ""168-2025-ND:d112"", ""01-2021-ND:d43"", ""01-2021-ND:d34""]",1,1.0,1,1.0,1,1.0,1,1.0,1,1.0,1,1.0,1.0,"[""01-2021-ND:d44"", ""01-2021-ND:d94"", ""01-2021-ND:d33"", ""168-2025-ND:d120"", ""168-2025-ND:d121"", ""168-2025-ND:d112"", ""01-2021-ND:d42"", ""01-2021-ND:d68"", ""168-2025-ND:d62"", ""168-2025-ND:d59""]",0,0.0,0,0.0,0,0.0,0,0.0,0,0.0,0,0.0,0.0,"[""168-2025-ND:d77"", ""168-2025-ND:d115"", ""168-2025-ND:d94"", ""168-2025-ND:d112"", ""01-2021-ND:d42"", ""01-2021-ND:d32"", ""168-2025-ND:d38"", ""01-2021-ND:d44"", ""01-2021-ND:d87"", ""168-2025-ND:d95""]",0,0.0,0,0.0,0,0.0,0,0.0,0,0.0,0,0.0,0.0
30,"[""59-2020-QH14:d4"", ""01-2021-ND:d57"", ""168-2025-ND:d50"", ""59-2020-QH14:d25"", ""59-2020-QH14:d120"", ""01-2021-ND:d23"", ""168-2025-ND:d25"", ""59-2020-QH14:d24"", ""59-2020-QH14:d22"", ""59-2020-QH14:d113""]",1,0.25,1,0.25,1,0.5,1,0.75,1,0.75,1,0.75,1.0,"[""59-2020-QH14:d120"", ""01-2021-ND:d57"", ""168-2025-ND:d50"", ""59-2020-QH14:d22"", ""01-2021-ND:d23"", ""59-2020-QH14:d25"", ""168-2025-ND:d25"", ""59-2020-QH14:d32"", ""59-2020-QH14:d24"", ""01-2021-ND:d51""]",0,0.0,0,0.0,0,0.0,1,0.25,1,0.5,1,1.0,0.1667,"[""168-2025-ND:d50"", ""01-2021-ND:d57"", ""59-2020-QH14:d25"", ""168-2025-ND:d51"", ""168-2025-ND:d54"", ""59-2020-QH14:d120"", ""01-2021-ND:d58"", ""59-2020-QH14:d14"", ""59-2020-QH14:d15"", ""59-2020-QH14:d141""]",0,0.0,1,0.25,1,0.25,1,0.25,1,0.5,1,0.5,0.3333,"[""59-2020-QH14:d123"", ""59-2020-QH14:d120"", ""168-2025-ND:d50"", ""59-2020-QH14:d124"", ""01-2021-ND:d57"", ""59-2020-QH14:d125"", ""59-2020-QH14:d111"", ""59-2020-QH14:d118"", ""59-2020-QH14:d126"", ""168-2025-ND:d51""]",1,0.25,1,0.25,1,0.25,1,0.25,1,0.25,1,0.25,1.0
31,"[""168-2025-ND:d28"", ""01-2021-ND:d28"", ""168-2025-ND:d46"", ""168-2025-ND:d45"", ""168-2025-ND:d51"", ""168-2025-ND:d43"", ""01-2021-ND:d52"", ""168-2025-ND:d109"", ""168-2025-ND:d26"", ""01-2021-ND:d26""]",0,0.0,0,0.0,0,0.0,0,0.0,0,0.0,0,0.0,0.0,"[""01-2021-ND:d39"", ""168-2025-ND:d77"", ""168-2025-ND:d4"", ""168-2025-ND:d109"", ""168-2025-ND:d42"", ""168-2025-ND:d63"", ""168-2025-ND:d57"", ""168-2025-ND:d46"", ""168-2025-ND:d115"", ""01-2021-ND:d96""]",0,0.0,0,0.0,0,0.0,0,0.0,0,0.0,0,0.0,0.0,"[""168-2025-ND:d69"", ""168-2025-ND:d71"", ""168-2025-ND:d54"", ""168-2025-ND:d50"", ""168-2025-ND:d51"", ""01-2021-ND:d39"", ""01-2021-ND:d75"", ""168-2025-ND:d31"", ""01-2021-ND:d30"", ""168-2025-ND:d43""]",0,0.0,0,0.0,0,0.0,0,0.0,0,0.0,0,0.0,0.0,"[""168-2025-ND:d110"", ""01-2021-ND:d94"", ""168-2025-ND:d115"", ""168-2025-ND:d101"", ""01-2021-ND:d83"", ""168-2025-ND:d108"", ""168-2025-ND:d116"", ""01-2021-ND:d11"", ""01-2021-ND:d93"", ""168-2025-ND:d10""]",0,0.0,0,0.0,0,0.0,0,0.0,0,0.0,0,0.0,0.0
32,"[""59-2020-QH14:d68"", ""59-2020-QH14:d197"", ""44-2025-ND:d33"", ""59-2020-QH14:d55"", ""59-2020-QH14:d138"", ""59-2020-QH14:d175"", ""23-2022-ND:d50"", ""47-2021-ND:d23"", ""59-2020-QH14:d185"", ""16-2023-ND:d11""]",1,1.0,1,1.0,1,1.0,1,1.0,1,1.0,1,1.0,1.0,"[""59-2020-QH14:d68"", ""59-2020-QH14:d197"", ""23-2022-ND:d50"", ""16-2023-ND:d13"", ""59-2020-QH14:d175"", ""59-2020-QH14:d55"", ""168-2025-ND:d24"", ""59-2020-QH14:d76"", ""59-2020-QH14:d138"", ""59-2020-QH14:d147""]",1,1.0,1,1.0,1,1.0,1,1.0,1,1.0,1,1.0,1.0,"[""59-2020-QH14:d197"", ""168-2025-ND:d50"", ""59-2020-QH14:d75"", ""89-2024-ND:d7"", ""59-2020-QH14:d47"", ""59-2020-QH14:d175"", ""168-2025-ND:d51"", ""168-2025-ND:d54"", ""59-2020-QH14:d68"", ""168-2025-ND:d25""]",0,0.0,0,0.0,0,0.0,1,1.0,1,1.0,1,1.0,0.1111,"[""47-2021-ND:d23"", ""248-2025-ND:d10"", ""168-2025-ND:d124"", ""248-2025-ND:d11"", ""44-2025-ND:d33"", ""23-2022-ND:d47"", ""23-2022-ND:d5"", ""16-2023-ND:d13"", ""168-2025-ND:d72"", ""01-2021-ND:d78""]",0,0.0,0,0.0,0,0.0,0,0.0,1,1.0,1,1.0,0.0526
33,"[""59-2020-QH14:d68"", ""01-2021-ND:d52"", ""168-2025-ND:d45"", ""01-2021-ND:d26"", ""168-2025-ND:d26"", ""168-2025-ND:d44"", ""01-2021-ND:d51"", ""01-2021-ND:d53"", ""59-2020-QH14:d52"", ""59-2020-QH14:d187""]",0,0.0,0,0.0,0,0.0,0,0.0,1,0.3333,1,0.6667,0.0588,"[""59-2020-QH14:d68"", ""59-2020-QH14:d186"", ""59-2020-QH14:d87"", ""89-2024-ND:d4"", ""01-2021-ND:d49"", ""01-2021-ND:d52"", ""59-2020-QH14:d52"", ""01-2021-ND:d47"", ""168-2025-ND:d45"", ""168-2025-ND:d44""]",0,0.0,1,0.3333,1,0.3333,1,0.3333,1,0.3333,1,0.3333,0.3333,"[""59-2020-QH14:d203"", ""59-2020-QH14:d204"", ""59-2020-QH14:d205"", ""89-2024-ND:d11"", ""01-2021-ND:d23"", ""01-2021-ND:d52"", ""168-2025-ND:d45"", ""23-2022-ND:d35"", ""59-2020-QH14:d47"", ""89-2024-ND:d7""]",0,0.0,0,0.0,0,0.0,1,0.3333,1,0.3333,1,0.3333,0.1111,"[""168-2025-ND:d45"", ""01-2021-ND:d52"", ""168-2025-ND:d44"", ""01-2021-ND:d51"", ""59-2020-QH14:d204"", ""59-2020-QH14:d87"", ""59-2020-QH14:d68"", ""168-2025-ND:d46"", ""01-2021-ND:d53"", ""01-2021-ND:d50""]",0,0.0,0,0.0,0,0.0,1,0.3333,1,0.3333,1,0.6667,0.1667
34,"[""59-2020-QH14:d4"", ""168-2025-ND:d44"", ""01-2021-ND:d51"", ""01-2021-ND:d26"", ""168-2025-ND:d45"", ""01-2021-ND:d52"", ""168-2025-ND:d26"", ""01-2021-ND:d53"", ""168-2025-ND:d46"", ""168-2025-ND:d51""]",0,0.0,0,0.0,0,0.0,0,0.0,1,0.3333,1,0.3333,0.0769,"[""01-2021-ND:d51"", ""168-2025-ND:d44"", ""59-2020-QH14:d178"", ""59-2020-QH14:d68"", ""01-2021-ND:d52"", ""01-2021-ND:d26"", ""59-2020-QH14:d35"", ""168-2025-ND:d45"", ""168-2025-ND:d26"", ""01-2021-ND:d53""]",0,0.0,0,0.0,0,0.0,1,0.3333,1,0.6667,1,0.6667,0.1429,"[""168-2025-ND:d69"", ""59-2020-QH14:d47"", ""168-2025-ND:d51"", ""168-2025-ND:d71"", ""168-2025-ND:d44"", ""59-2020-QH14:d178"", ""168-2025-ND:d50"", ""89-2024-ND:d7"", ""01-2021-ND:d51"", ""01-2021-ND:d75""]",0,0.0,0,0.0,0,0.0,0,0.0,0,0.0,0,0.0,0.0,"[""01-2021-ND:d51"", ""168-2025-ND:d44"", ""59-2020-QH14:d178"", ""168-2025-ND:d48"", ""59-2020-QH14:d47"", ""168-2025-ND:d115"", ""01-2021-ND:d55"", ""89-2024-ND:d13"", ""01-2021-ND:d54"", ""168-2025-ND:d47""]",0,0.0,0,0.0,0,0.0,0,0.0,0,0.0,1,0.3333,0.037
35,"[""59-2020-QH14:d4"", ""23-2022-ND:d23"", ""59-2020-QH14:d155"", ""23-2022-ND:d36"", ""168-2025-ND:d44"", ""59-2020-QH14:d99"", ""01-2021-ND:d51"", ""168-2025-ND:d48"", ""01-2021-ND:d55"", ""23-2022-ND:d30""]",0,0.0,0,0.0,0,0.0,0,0.0,0,0.0,0,0.0,0.0,"[""23-2022-ND:d23"", ""59-2020-QH14:d4"", ""01-2021-ND:d55"", ""168-2025-ND:d48"", ""59-2020-QH14:d155"", ""59-2020-QH14:d99"", ""168-2025-ND:d44"", ""23-2022-ND:d36"", ""01-2021-ND:d51"", ""168-2025-ND:d34""]",0,0.0,0,0.0,0,0.0,0,0.0,1,0.3333,1,0.3333,0.0769,"[""168-2025-ND:d48"", ""168-2025-ND:d69"", ""01-2021-ND:d55"", ""168-2025-ND:d100"", ""01-2021-ND:d30"", ""168-2025-ND:d26"", ""168-2025-ND:d71"", ""01-2021-ND:d26"", ""01-2021-ND:d29"", ""01-2021-ND:d62""]",0,0.0,0,0.0,0,0.0,0,0.0,0,0.0,0,0.0,0.0,"[""59-2020-QH14:d68"", ""47-2021-ND:d29"", ""168-2025-ND:d44"", ""01-2021-ND:d51"", ""59-2020-QH14:d87"", ""168-2025-ND:d1"", ""47-2021-ND:d31"", ""01-2021-ND:d1"", ""01-2021-ND:d38"", ""01-2021-ND:d60""]",0,0.0,0,0.0,1,0.3333,1,0.3333,1,0.3333,1,0.3333,0.2
36,"[""59-2020-QH14:d4"", ""23-2022-ND:d23"", ""59-2020-QH14:d155"", ""36-2024-QH15:d2"", ""36-2024-QH15:d46"", ""36-2024-QH15:d30"", ""01-2021-ND:d47"", ""168-2024-ND-CP:d27"", ""168-2024-ND-CP:d26"", ""36-2024-QH15:d10""]",0,0.0,0,0.0,0,0.0,0,0.0,0,0.0,0,0.0,0.0,"[""23-2022-ND:d23"", ""59-2020-QH14:d4"", ""59-2020-QH14:d155"", ""01-2021-ND:d47"", ""89-2024-ND:d8"", ""23-2022-ND:d33"", ""89-2024-ND:d4"", ""59-2020-QH14:d202"", ""59-2020-QH14:d204"", ""89-2024-ND:d9""]",0,0.0,0,0.0,0,0.0,0,0.0,0,0.0,1,0.3333,0.0417,"[""59-2020-QH14:d205"", ""23-2022-ND:d33"", ""23-2022-ND:d35"", ""89-2024-ND:d11"", ""01-2021-ND:d26"", ""168-2025-ND:d26"", ""59-2020-QH14:d203"", ""168-2025-ND:d54"", ""23-2022-ND:d34"", ""23-2022-ND:d38""]",0,0.0,0,0.0,0,0.0,0,0.0,0,0.0,0,0.0,0.0,"[""59-2020-QH14:d204"", ""59-2020-QH14:d205"", ""01-2021-ND:d47"", ""23-2022-ND:d16"", ""168-2025-ND:d49"", ""59-2020-QH14:d201"", ""89-2024-ND:d8"", ""59-2020-QH14:d31"", ""01-2021-ND:d56"", ""59-2020-QH14:d158""]",0,0.0,0,0.0,0,0.0,0,0.0,0,0.0,0,0.0,0.0
39,"[""100-2019-ND-CP:d33"", ""44-2025-ND:d15"", ""23-2022-ND:d23"", ""168-2024-ND-CP:d34"", ""44-2025-ND:d9"", ""100-2019-ND-CP:d28"", ""36-2024-QH15:d36"", ""59-2020-QH14:d4"", ""59-2020-QH14:d71"", ""168-2025-ND:d43""]",0,0.0,0,0.0,0,0.0,1,0.3333,1,0.3333,1,0.3333,0.125,"[""36-2024-QH15:d64"", ""44-2025-ND:d15"", ""100-2019-ND-CP:d33"", ""59-2020-QH14:d45"", ""01-2021-ND:d31"", ""01-2021-ND:d9"", ""59-2020-QH14:d186"", ""168-2024-ND-CP:d34"", ""168-2025-ND:d9"", ""59-2020-QH14:d120""]",0,0.0,0,0.0,0,0.0,0,0.0,0,0.0,0,0.0,0.0,"[""168-2025-ND:d54"", ""168-2025-ND:d71"", ""168-2025-ND:d50"", ""168-2025-ND:d51"", ""59-2020-QH14:d14"", ""89-2024-ND:d7"", ""59-2020-QH14:d17"", ""59-2020-QH14:d98"", ""59-2020-QH14:d71"", ""168-2025-ND:d43""]",0,0.0,0,0.0,0,0.0,0,0.0,0,0.0,0,0.0,0.0,"[""23-2022-ND:d54"", ""168-2025-ND:d124"", ""248-2025-ND:d10"", ""89-2024-ND:d14"", ""59-2020-QH14:d94"", ""248-2025-ND:d11"", ""59-2020-QH14:d160"", ""01-2021-ND:d100"", ""59-2020-QH14:d174"", ""59-2020-QH14:d57""]",0,0.0,0,0.0,0,0.0,0,0.0,0,0.0,0,0.0,0.0
43,"[""59-2020-QH14:d124"", ""59-2020-QH14:d68"", ""59-2020-QH14:d202"", ""59-2020-QH14:d123"", ""59-2020-QH14:d177"", ""100-2019-ND-CP:d16"", ""59-2020-QH14:d120"", ""59-2020-QH14:d87"", ""59-2020-QH14:d16"", ""59-2020-QH14:d204""]",0,0.0,0,0.0,0,0.0,0,0.0,0,0.0,0,0.0,0.0,"[""59-2020-QH14:d202"", ""59-2020-QH14:d123"", ""36-2024-QH15:d19"", ""59-2020-QH14:d29"", ""59-2020-QH14:d124"", ""59-2020-QH14:d68"", ""01-2021-ND:d9"", ""59-2020-QH14:d177"", ""59-2020-QH14:d87"", ""01-2021-ND:d95""]",0,0.0,0,0.0,0,0.0,0,0.0,0,0.0,0,0.0,0.0,"[""01-2021-ND:d98"", ""01-2021-ND:d4"", ""01-2021-ND:d50"", ""168-2025-ND:d4"", ""168-2025-ND:d43"", ""01-2021-ND:d52"", ""168-2024-ND-CP:d6"", ""168-2025-ND:d45"", ""168-2025-ND:d51"", ""01-2021-ND:d22""]",0,0.0,0,0.0,0,0.0,0,0.0,0,0.0,0,0.0,0.0,"[""168-2025-ND:d25"", ""01-2021-ND:d25"", ""59-2020-QH14:d32"", ""01-2021-ND:d35"", ""168-2025-ND:d73"", ""168-2025-ND:d123"", ""168-2025-ND:d115"", ""168-2025-ND:d96"", ""168-2025-ND:d8"", ""59-2020-QH14:d31""]",0,0.0,0,0.0,0,0.0,1,0.5,1,0.5,1,0.5,0.1
44,"[""01-2021-ND:d41"", ""168-2025-ND:d71"", ""168-2025-ND:d36"", ""168-2025-ND:d98"", ""168-2025-ND:d35"", ""168-2025-ND:d69"", ""168-2025-ND:d27"", ""168-2025-ND:d65"", ""168-2025-ND:d107"", ""168-2025-ND:d60""]",0,0.0,0,0.0,0,0.0,0,0.0,0,0.0,0,0.0,0.0,"[""168-2025-ND:d98"", ""168-2025-ND:d36"", ""168-2025-ND:d35"", ""168-2025-ND:d71"", ""01-2021-ND:d41"", ""168-2025-ND:d60"", ""168-2025-ND:d27"", ""01-2021-ND:d96"", ""168-2025-ND:d65"", ""168-2025-ND:d69""]",0,0.0,0,0.0,0,0.0,0,0.0,0,0.0,0,0.0,0.0,"[""168-2025-ND:d71"", ""168-2025-ND:d69"", ""01-2021-ND:d96"", ""168-2025-ND:d60"", ""01-2021-ND:d77"", ""01-2021-ND:d39"", ""168-2025-ND:d118"", ""01-2021-ND:d67"", ""01-2021-ND:d97"", ""168-2025-ND:d61""]",0,0.0,0,0.0,0,0.0,0,0.0,0,0.0,1,1.0,0.037,"[""23-2022-ND:d21"", ""248-2025-ND:d7"", ""248-2025-ND:d10"", ""168-2025-ND:d61"", ""168-2025-ND:d72"", ""44-2025-ND:d24"", ""01-2021-ND:d78"", ""01-2021-ND:d92"", ""44-2025-ND:d33"", ""100-2019-ND-CP:d13""]",0,0.0,0,0.0,0,0.0,0,0.0,1,1.0,1,1.0,0.0714
45,"[""59-2020-QH14:d4"", ""168-2025-ND:d44"", ""01-2021-ND:d51"", ""01-2021-ND:d52"", ""168-2025-ND:d45"", ""59-2020-QH14:d68"", ""59-2020-QH14:d187"", ""59-2020-QH14:d71"", ""01-2021-ND:d26"", ""01-2021-ND:d28""]",0,0.0,0,0.0,0,0.0,1,0.3333,1,0.3333,1,0.3333,0.1667,"[""59-2020-QH14:d68"", ""168-2025-ND:d44"", ""01-2021-ND:d51"", ""01-2021-ND:d52"", ""59-2020-QH14:d4"", ""168-2025-ND:d45"", ""59-2020-QH14:d187"", ""59-2020-QH14:d47"", ""59-2020-QH14:d87"", ""59-2020-QH14:d186""]",1,0.3333,1,0.3333,1,0.3333,1,0.3333,1,0.3333,1,0.3333,1.0,"[""168-2025-ND:d44"", ""89-2024-ND:d7"", ""168-2025-ND:d54"", ""01-2021-ND:d51"", ""168-2025-ND:d69"", ""23-2022-ND:d6"", ""59-2020-QH14:d187"", ""168-2025-ND:d45"", ""168-2025-ND:d46"", ""168-2025-ND:d42""]",0,0.0,0,0.0,0,0.0,0,0.0,0,0.0,0,0.0,0.0,"[""59-2020-QH14:d68"", ""168-2025-ND:d45"", ""01-2021-ND:d52"", ""168-2025-ND:d44"", ""01-2021-ND:d51"", ""59-2020-QH14:d46"", ""59-2020-QH14:d178"", ""168-2025-ND:d55"", ""01-2021-ND:d61"", ""59-2020-QH14:d52""]",1,0.3333,1,0.3333,1,0.3333,1,0.6667,1,0.6667,1,1.0,1.0
46,"[""23-2022-ND:d23"", ""59-2020-QH14:d4"", ""59-2020-QH14:d164"", ""168-2025-ND:d43"", ""59-2020-QH14:d71"", ""16-2023-ND:d14"", ""168-2025-ND:d74"", ""59-2020-QH14:d155"", ""01-2021-ND:d50"", ""168-2025-ND:d52""]",0,0.0,0,0.0,0,0.0,0,0.0,1,0.5,1,0.5,0.05,"[""23-2022-ND:d23"", ""168-2025-ND:d52"", ""168-2025-ND:d19"", ""168-2025-ND:d4"", ""168-2025-ND:d57"", ""59-2020-QH14:d71"", ""59-2020-QH14:d4"", ""168-2025-ND:d18"", ""168-2025-ND:d74"", ""16-2023-ND:d14""]",0,0.0,0,0.0,0,0.0,0,0.0,0,0.0,0,0.0,0.0,"[""168-2025-ND:d54"", ""168-2025-ND:d43"", ""168-2025-ND:d52"", ""59-2020-QH14:d12"", ""01-2021-ND:d50"", ""23-2022-ND:d51"", ""01-2021-ND:d60"", ""59-2020-QH14:d71"", ""168-2025-ND:d15"", ""168-2025-ND:d69""]",0,0.0,0,0.0,1,0.5,1,0.5,1,0.5,1,0.5,0.25,"[""01-2021-ND:d50"", ""168-2025-ND:d70"", ""59-2020-QH14:d31"", ""168-2025-ND:d43"", ""16-2023-ND:d15"", ""59-2020-QH14:d30"", ""01-2021-ND:d76"", ""168-2024-ND-CP:d51"", ""168-2025-ND:d123"", ""89-2024-ND:d6""]",0,0.0,0,0.0,0,0.0,1,0.5,1,0.5,1,0.5,0.1667
49,"[""59-2020-QH14:d4"", ""168-2025-ND:d57"", ""168-2025-ND:d54"", ""168-2025-ND:d49"", ""168-2025-ND:d51"", ""168-2025-ND:d46"", ""01-2021-ND:d63"", ""59-2020-QH14:d31"", ""168-2025-ND:d43"", ""168-2025-ND:d50""]",0,0.0,0,0.0,0,0.0,1,0.5,1,0.5,1,0.5,0.125,"[""168-2025-ND:d57"", ""168-2025-ND:d49"", ""01-2021-ND:d63"", ""01-2021-ND:d56"", ""168-2025-ND:d101"", ""59-2020-QH14:d4"", ""168-2025-ND:d40"", ""168-2025-ND:d54"", ""168-2025-ND:d56"", ""168-2025-ND:d50""]",0,0.0,0,0.0,0,0.0,0,0.0,0,0.0,1,0.5,0.0476,"[""168-2025-ND:d54"", ""168-2025-ND:d51"", ""168-2025-ND:d50"", ""168-2025-ND:d57"", ""168-2025-ND:d69"", ""01-2021-ND:d60"", ""168-2025-ND:d49"", ""01-2021-ND:d58"", ""168-2025-ND:d43"", ""01-2021-ND:d57""]",0,0.0,0,0.0,0,0.0,0,0.0,1,0.5,1,0.5,0.0769,"[""168-2025-ND:d57"", ""168-2025-ND:d32"", ""01-2021-ND:d50"", ""01-2021-ND:d52"", ""01-2021-ND:d63"", ""01-2021-ND:d49"", ""168-2025-ND:d43"", ""01-2021-ND:d65"", ""01-2021-ND:d54"", ""168-2025-ND:d42""]",0,0.0,0,0.0,0,0.0,0,0.0,1,0.5,1,1.0,0.0667
51,"[""168-2025-ND:d44"", ""59-2020-QH14:d4"", ""168-2025-ND:d45"", ""01-2021-ND:d51"", ""01-2021-ND:d52"", ""168-2025-ND:d46"", ""168-2025-ND:d51"", ""01-2021-ND:d53"", ""168-2025-ND:d48"", ""01-2021-ND:d26""]",0,0.0,0,0.0,0,0.0,0,0.0,0,0.0,0,0.0,0.0,"[""01-2021-ND:d55"", ""168-2025-ND:d48"", ""168-2025-ND:d44"", ""168-2025-ND:d51"", ""01-2021-ND:d51"", ""168-2025-ND:d45"", ""168-2025-ND:d46"", ""01-2021-ND:d58"", ""01-2021-ND:d52"", ""59-2020-QH14:d68""]",0,0.0,0,0.0,0,0.0,0,0.0,1,0.6667,1,0.6667,0.0909,"[""168-2024-ND-CP:d13"", ""168-2025-ND:d69"", ""01-2021-ND:d97"", ""168-2025-ND:d119"", ""168-2025-ND:d54"", ""168-2025-ND:d48"", ""168-2025-ND:d51"", ""168-2024-ND-CP:d6"", ""168-2025-ND:d71"", ""23-2022-ND:d6""]",0,0.0,0,0.0,0,0.0,0,0.0,0,0.0,0,0.0,0.0,"[""59-2020-QH14:d68"", ""59-2020-QH14:d189"", ""59-2020-QH14:d87"", ""01-2021-ND:d58"", ""01-2021-ND:d55"", ""23-2022-ND:d1"", ""01-2021-ND:d60"", ""23-2022-ND:d5"", ""44-2025-ND:d1"", ""168-2025-ND:d48""]",0,0.0,1,0.3333,1,0.3333,1,0.3333,1,0.3333,1,0.3333,0.3333
54,"[""01-2021-ND:d37"", ""59-2020-QH14:d103"", ""59-2020-QH14:d110"", ""168-2025-ND:d104"", ""168-2025-ND:d113"", ""168-2025-ND:d97"", ""168-2025-ND:d39"", ""168-2025-ND:d31"", ""01-2021-ND:d13"", ""168-2025-ND:d95""]",0,0.0,0,0.0,0,0.0,0,0.0,0,0.0,0,0.0,0.0,"[""168-2025-ND:d113"", ""01-2021-ND:d37"", ""168-2025-ND:d39"", ""168-2025-ND:d31"", ""01-2021-ND:d32"", ""168-2025-ND:d95"", ""168-2025-ND:d91"", ""168-2025-ND:d53"", ""59-2020-QH14:d33"", ""168-2025-ND:d34""]",0,0.0,0,0.0,0,0.0,0,0.0,0,0.0,0,0.0,0.0,"[""168-2025-ND:d31"", ""168-2025-ND:d95"", ""100-2019-ND-CP:d39"", ""23-2022-ND:d29"", ""168-2025-ND:d50"", ""168-2025-ND:d57"", ""168-2025-ND:d38"", ""01-2021-ND:d43"", ""168-2025-ND:d112"", ""59-2020-QH14:d102""]",0,0.0,0,0.0,0,0.0,0,0.0,0,0.0,0,0.0,0.0,"[""01-2021-ND:d64"", ""168-2025-ND:d95"", ""01-2021-ND:d32"", ""168-2025-ND:d68"", ""01-2021-ND:d54"", ""59-2020-QH14:d209"", ""168-2025-ND:d70"", ""168-2025-ND:d47"", ""01-2021-ND:d63"", ""01-2021-ND:d74""]",0,0.0,0,0.0,0,0.0,0,0.0,0,0.0,0,0.0,0.0
55,"[""59-2020-QH14:d4"", ""23-2022-ND:d23"", ""59-2020-QH14:d61"", ""59-2020-QH14:d149"", ""59-2020-QH14:d150"", ""47-2021-ND:d4"", ""59-2020-QH14:d155"", ""23-2022-ND:d29"", ""59-2020-QH14:d31"", ""59-2020-QH14:d98""]",0,0.0,0,0.0,0,0.0,0,0.0,0,0.0,0,0.0,0.0,"[""23-2022-ND:d23"", ""59-2020-QH14:d4"", ""59-2020-QH14:d19"", ""01-2021-ND:d21"", ""59-2020-QH14:d155"", ""47-2021-ND:d4"", ""59-2020-QH14:d61"", ""168-2024-ND-CP:d53"", ""01-2021-ND:d2"", ""59-2020-QH14:d20""]",0,0.0,0,0.0,0,0.0,0,0.0,0,0.0,0,0.0,0.0,"[""168-2025-ND:d11"", ""168-2025-ND:d50"", ""01-2021-ND:d65"", ""168-2025-ND:d92"", ""168-2025-ND:d51"", ""168-2025-ND:d26"", ""01-2021-ND:d26"", ""168-2025-ND:d47"", ""01-2021-ND:d43"", ""168-2025-ND:d64""]",0,0.0,0,0.0,0,0.0,0,0.0,0,0.0,0,0.0,0.0,"[""168-2025-ND:d124"", ""01-2021-ND:d100"", ""248-2025-ND:d11"", ""248-2025-ND:d10"", ""168-2025-ND:d64"", ""23-2022-ND:d54"", ""168-2025-ND:d105"", ""01-2021-ND:d83"", ""168-2025-ND:d122"", ""168-2024-ND-CP:d53""]",0,0.0,0,0.0,0,0.0,0,0.0,0,0.0,0,0.0,0.0
56,"[""59-2020-QH14:d4"", ""23-2022-ND:d23"", ""168-2025-ND:d31"", ""168-2025-ND:d60"", ""01-2021-ND:d32"", ""36-2024-QH15:d46"", ""59-2020-QH14:d61"", ""168-2024-ND-CP:d26"", ""168-2025-ND:d103"", ""168-2025-ND:d104""]",0,0.0,0,0.0,0,0.0,0,0.0,0,0.0,0,0.0,0.0,"[""59-2020-QH14:d4"", ""23-2022-ND:d23"", ""01-2021-ND:d32"", ""168-2025-ND:d31"", ""168-2025-ND:d48"", ""168-2025-ND:d60"", ""168-2025-ND:d103"", ""168-2025-ND:d53"", ""168-2025-ND:d42"", ""01-2021-ND:d96""]",0,0.0,0,0.0,0,0.0,0,0.0,0,0.0,0,0.0,0.0,"[""168-2025-ND:d69"", ""168-2025-ND:d71"", ""168-2025-ND:d107"", ""01-2021-ND:d75"", ""168-2025-ND:d100"", ""168-2025-ND:d103"", ""168-2025-ND:d31"", ""168-2025-ND:d104"", ""168-2025-ND:d63"", ""168-2025-ND:d109""]",0,0.0,0,0.0,0,0.0,0,0.0,0,0.0,0,0.0,0.0,"[""168-2025-ND:d105"", ""168-2025-ND:d117"", ""168-2025-ND:d70"", ""01-2021-ND:d94"", ""01-2021-ND:d93"", ""168-2025-ND:d107"", ""47-2021-ND:d26"", ""168-2025-ND:d65"", ""01-2021-ND:d78"", ""01-2021-ND:d90""]",0,0.0,0,0.0,0,0.0,0,0.0,0,0.0,0,0.0,0.0
59,"[""168-2025-ND:d54"", ""59-2020-QH14:d176"", ""59-2020-QH14:d35"", ""59-2020-QH14:d71"", ""01-2021-ND:d60"", ""168-2025-ND:d57"", ""100-2019-ND-CP:d53"", ""59-2020-QH14:d115"", ""168-2025-ND:d40"", ""59-2020-QH14:d135""]",0,0.0,0,0.0,0,0.0,0,0.0,1,1.0,1,1.0,0.0526,"[""168-2025-ND:d40"", ""01-2021-ND:d47"", ""168-2025-ND:d57"", ""168-2025-ND:d54"", ""59-2020-QH14:d35"", ""01-2021-ND:d60"", ""168-2025-ND:d101"", ""100-2019-ND-CP:d53"", ""59-2020-QH14:d28"", ""168-2025-ND:d63""]",0,0.0,0,0.0,0,0.0,0,0.0,1,1.0,1,1.0,0.05,"[""168-2025-ND:d71"", ""168-2025-ND:d40"", ""01-2021-ND:d47"", ""168-2025-ND:d69"", ""01-2021-ND:d39"", ""168-2025-ND:d54"", ""01-2021-ND:d69"", ""01-2021-ND:d75"", ""01-2021-ND:d77"", ""01-2021-ND:d68""]",0,0.0,0,0.0,0,0.0,0,0.0,0,0.0,0,0.0,0.0,"[""168-2025-ND:d40"", ""01-2021-ND:d47"", ""168-2025-ND:d46"", ""01-2021-ND:d53"", ""168-2025-ND:d43"", ""01-2021-ND:d50"", ""89-2024-ND:d13"", ""168-2025-ND:d41"", ""168-2025-ND:d42"", ""168-2025-ND:d44""]",0,0.0,0,0.0,0,0.0,0,0.0,0,0.0,0,0.0,0.0
60,"[""59-2020-QH14:d155"", ""59-2020-QH14:d4"", ""59-2020-QH14:d135"", ""59-2020-QH14:d115"", ""01-2021-ND:d70"", ""168-2025-ND:d64"", ""168-2025-ND:d124"", ""01-2021-ND:d28"", ""59-2020-QH14:d113"", ""59-2020-QH14:d120""]",0,0.0,0,0.0,0,0.0,0,0.0,0,0.0,1,1.0,0.0357,"[""59-2020-QH14:d120"", ""59-2020-QH14:d155"", ""59-2020-QH14:d203"", ""59-2020-QH14:d127"", ""59-2020-QH14:d151"", ""59-2020-QH14:d141"", ""59-2020-QH14:d113"", ""01-2021-ND:d70"", ""59-2020-QH14:d144"", ""59-2020-QH14:d116""]",0,0.0,1,1.0,1,1.0,1,1.0,1,1.0,1,1.0,0.3333,"[""59-2020-QH14:d141"", ""59-2020-QH14:d146"", ""168-2025-ND:d54"", ""59-2020-QH14:d149"", ""59-2020-QH14:d142"", ""59-2020-QH14:d144"", ""59-2020-QH14:d148"", ""59-2020-QH14:d138"", ""59-2020-QH14:d152"", ""59-2020-QH14:d150""]",0,0.0,0,0.0,0,0.0,0,0.0,0,0.0,1,1.0,0.0357,"[""01-2021-ND:d52"", ""47-2021-ND:d34"", ""23-2022-ND:d54"", ""01-2021-ND:d56"", ""59-2020-QH14:d160"", ""59-2020-QH14:d174"", ""89-2024-ND:d14"", ""168-2025-ND:d43"", ""01-2021-ND:d50"", ""168-2025-ND:d49""]",0,0.0,0,0.0,0,0.0,0,0.0,0,0.0,0,0.0,0.0
62,"[""59-2020-QH14:d4"", ""168-2025-ND:d57"", ""168-2025-ND:d54"", ""59-2020-QH14:d164"", ""23-2022-ND:d23"", ""168-2025-ND:d101"", ""168-2024-ND-CP:d26"", ""168-2025-ND:d40"", ""01-2021-ND:d63"", ""168-2025-ND:d56""]",0,0.0,0,0.0,0,0.0,0,0.0,1,1.0,1,1.0,0.0526,"[""168-2025-ND:d57"", ""59-2020-QH14:d4"", ""23-2022-ND:d23"", ""168-2025-ND:d101"", ""01-2021-ND:d63"", ""168-2025-ND:d52"", ""168-2025-ND:d40"", ""168-2025-ND:d54"", ""168-2025-ND:d56"", ""01-2021-ND:d31""]",0,0.0,0,0.0,0,0.0,0,0.0,0,0.0,1,1.0,0.0345,"[""168-2025-ND:d57"", ""01-2021-ND:d31"", ""168-2025-ND:d40"", ""01-2021-ND:d63"", ""168-2025-ND:d30"", ""168-2025-ND:d101"", ""168-2025-ND:d71"", ""01-2021-ND:d47"", ""168-2025-ND:d69"", ""168-2025-ND:d54""]",0,0.0,0,0.0,0,0.0,0,0.0,1,1.0,1,1.0,0.0526,"[""89-2024-ND:d13"", ""168-2025-ND:d53"", ""01-2021-ND:d59"", ""01-2021-ND:d77"", ""89-2024-ND:d6"", ""168-2025-ND:d42"", ""168-2025-ND:d44"", ""89-2024-ND:d10"", ""01-2021-ND:d49"", ""168-2025-ND:d46""]",0,0.0,0,0.0,0,0.0,0,0.0,0,0.0,0,0.0,0.0
64,"[""59-2020-QH14:d4"", ""168-2025-ND:d66"", ""23-2022-ND:d23"", ""01-2021-ND:d72"", ""01-2021-ND:d31"", ""01-2021-ND:d98"", ""168-2025-ND:d30"", ""168-2025-ND:d57"", ""01-2021-ND:d66"", ""168-2025-ND:d36""]",0,0.0,0,0.0,0,0.0,0,0.0,0,0.0,0,0.0,0.0,"[""01-2021-ND:d72"", ""59-2020-QH14:d213"", ""168-2025-ND:d66"", ""01-2021-ND:d31"", ""23-2022-ND:d23"", ""01-2021-ND:d98"", ""168-2025-ND:d30"", ""168-2025-ND:d57"", ""59-2020-QH14:d4"", ""89-2024-ND:d12""]",0,0.0,0,0.0,0,0.0,0,0.0,1,0.3333,1,0.3333,0.0526,"[""168-2025-ND:d71"", ""168-2025-ND:d66"", ""01-2021-ND:d98"", ""01-2021-ND:d66"", ""168-2025-ND:d30"", ""01-2021-ND:d31"", ""168-2025-ND:d69"", ""01-2021-ND:d72"", ""168-2025-ND:d60"", ""168-2025-ND:d121""]",0,0.0,0,0.0,0,0.0,0,0.0,1,0.3333,1,0.3333,0.0667,"[""168-2025-ND:d70"", ""01-2021-ND:d92"", ""59-2020-QH14:d160"", ""59-2020-QH14:d174"", ""23-2022-ND:d54"", ""01-2021-ND:d52"", ""89-2024-ND:d12"", ""168-2025-ND:d42"", ""168-2025-ND:d45"", ""168-2025-ND:d66""]",0,0.0,0,0.0,0,0.0,0,0.0,1,0.3333,1,0.3333,0.0909
65,"[""168-2025-ND:d60"", ""100-2019-ND-CP:d13"", ""01-2021-ND:d66"", ""168-2025-ND:d103"", ""168-2025-ND:d36"", ""01-2021-ND:d41"", ""168-2025-ND:d71"", ""168-2025-ND:d98"", ""100-2019-ND-CP:d41"", ""168-2025-ND:d35""]",0,0.0,0,0.0,0,0.0,0,0.0,0,0.0,0,0.0,0.0,"[""168-2025-ND:d60"", ""168-2025-ND:d103"", ""01-2021-ND:d66"", ""01-2021-ND:d91"", ""168-2025-ND:d98"", ""168-2025-ND:d36"", ""100-2019-ND-CP:d13"", ""168-2025-ND:d35"", ""23-2022-ND:d21"", ""01-2021-ND:d41""]",0,0.0,0,0.0,0,0.0,0,0.0,1,1.0,1,1.0,0.0769,"[""168-2025-ND:d69"", ""168-2025-ND:d71"", ""168-2025-ND:d103"", ""168-2025-ND:d63"", ""168-2025-ND:d31"", ""168-2025-ND:d109"", ""01-2021-ND:d69"", ""01-2021-ND:d32"", ""168-2025-ND:d95"", ""168-2025-ND:d117""]",0,0.0,0,0.0,0,0.0,0,0.0,0,0.0,0,0.0,0.0,"[""23-2022-ND:d21"", ""59-2020-QH14:d206"", ""168-2025-ND:d61"", ""168-2025-ND:d60"", ""01-2021-ND:d67"", ""01-2021-ND:d91"", ""47-2021-ND:d26"", ""168-2024-ND-CP:d4"", ""168-2024-ND-CP:d54"", ""168-2025-ND:d72""]",0,0.0,1,1.0,1,1.0,1,1.0,1,1.0,1,1.0,0.5
66,"[""59-2020-QH14:d4"", ""23-2022-ND:d23"", ""168-2024-ND-CP:d27"", ""36-2024-QH15:d46"", ""168-2024-ND-CP:d26"", ""59-2020-QH14:d155"", ""36-2024-QH15:d10"", ""36-2024-QH15:d30"", ""168-2024-ND-CP:d20"", ""36-2024-QH15:d6""]",0,0.0,0,0.0,0,0.0,0,0.0,0,0.0,0,0.0,0.0,"[""23-2022-ND:d23"", ""59-2020-QH14:d4"", ""01-2021-ND:d44"", ""01-2021-ND:d45"", ""168-2025-ND:d39"", ""168-2025-ND:d60"", ""168-2025-ND:d37"", ""168-2025-ND:d38"", ""168-2025-ND:d103"", ""59-2020-QH14:d26""]",0,0.0,0,0.0,0,0.0,0,0.0,0,0.0,1,1.0,0.0357,"[""168-2025-ND:d69"", ""168-2025-ND:d71"", ""168-2025-ND:d119"", ""01-2021-ND:d97"", ""168-2025-ND:d60"", ""01-2021-ND:d96"", ""168-2025-ND:d31"", ""168-2024-ND-CP:d27"", ""168-2025-ND:d118"", ""59-2020-QH14:d209""]",0,0.0,0,0.0,0,0.0,0,0.0,0,0.0,0,0.0,0.0,"[""168-2025-ND:d101"", ""01-2021-ND:d94"", ""89-2024-ND:d13"", ""01-2021-ND:d44"", ""168-2025-ND:d94"", ""59-2020-QH14:d110"", ""168-2025-ND:d122"", ""168-2025-ND:d113"", ""01-2021-ND:d92"", ""168-2025-ND:d71""]",0,0.0,0,0.0,0,0.0,0,0.0,1,1.0,1,1.0,0.0556
68,"[""59-2020-QH14:d4"", ""44-2025-ND:d4"", ""44-2025-ND:d3"", ""59-2020-QH14:d104"", ""59-2020-QH14:d110"", ""23-2022-ND:d6"", ""168-2024-ND-CP:d26"", ""168-2025-ND:d74"", ""168-2025-ND:d89"", ""44-2025-ND:d15""]",0,0.0,0,0.0,0,0.0,0,0.0,0,0.0,0,0.0,0.0,"[""168-2025-ND:d7"", ""01-2021-ND:d7"", ""168-2025-ND:d89"", ""168-2025-ND:d81"", ""168-2025-ND:d74"", ""01-2021-ND:d34"", ""01-2021-ND:d82"", ""01-2021-ND:d89"", ""168-2025-ND:d33"", ""59-2020-QH14:d112""]",0,0.0,0,0.0,0,0.0,0,0.0,0,0.0,0,0.0,0.0,"[""168-2025-ND:d81"", ""168-2025-ND:d71"", ""168-2025-ND:d56"", ""01-2021-ND:d62"", ""01-2021-ND:d39"", ""168-2025-ND:d51"", ""168-2025-ND:d50"", ""168-2025-ND:d66"", ""01-2021-ND:d97"", ""168-2024-ND-CP:d13""]",0,0.0,0,0.0,0,0.0,0,0.0,0,0.0,0,0.0,0.0,"[""168-2025-ND:d119"", ""01-2021-ND:d97"", ""89-2024-ND:d6"", ""89-2024-ND:d10"", ""23-2022-ND:d51"", ""168-2025-ND:d118"", ""168-2025-ND:d123"", ""168-2025-ND:d121"", ""168-2025-ND:d75"", ""89-2024-ND:d13""]",0,0.0,0,0.0,0,0.0,0,0.0,0,0.0,0,0.0,0.0
69,"[""01-2021-ND:d56"", ""59-2020-QH14:d4"", ""01-2021-ND:d7"", ""59-2020-QH14:d181"", ""168-2025-ND:d49"", ""59-2020-QH14:d53"", ""168-2025-ND:d23"", ""59-2020-QH14:d122"", ""59-2020-QH14:d16"", ""01-2021-ND:d15""]",0,0.0,0,0.0,0,0.0,0,0.0,0,0.0,0,0.0,0.0,"[""01-2021-ND:d56"", ""168-2025-ND:d49"", ""01-2021-ND:d7"", ""59-2020-QH14:d48"", ""23-2022-ND:d12"", ""01-2021-ND:d89"", ""168-2025-ND:d7"", ""168-2025-ND:d89"", ""168-2025-ND:d33"", ""59-2020-QH14:d122""]",0,0.0,0,0.0,0,0.0,0,0.0,1,0.25,1,0.25,0.0909,"[""168-2025-ND:d50"", ""01-2021-ND:d98"", ""168-2025-ND:d51"", ""01-2021-ND:d56"", ""01-2021-ND:d52"", ""168-2025-ND:d49"", ""168-2025-ND:d69"", ""168-2025-ND:d45"", ""168-2025-ND:d100"", ""01-2021-ND:d50""]",0,0.0,0,0.0,0,0.0,0,0.0,0,0.0,0,0.0,0.0,"[""01-2021-ND:d28"", ""168-2025-ND:d28"", ""59-2020-QH14:d26"", ""01-2021-ND:d89"", ""168-2025-ND:d118"", ""23-2022-ND:d8"", ""01-2021-ND:d96"", ""01-2021-ND:d5"", ""168-2025-ND:d5"", ""168-2025-ND:d2""]",0,0.0,0,0.0,0,0.0,0,0.0,0,0.0,0,0.0,0.0
71,"[""168-2025-ND:d60"", ""01-2021-ND:d50"", ""168-2025-ND:d43"", ""168-2025-ND:d71"", ""59-2020-QH14:d53"", ""168-2025-ND:d69"", ""59-2020-QH14:d78"", ""23-2022-ND:d36"", ""59-2020-QH14:d145"", ""168-2025-ND:d36""]",0,0.0,0,0.0,0,0.0,0,0.0,0,0.0,0,0.0,0.0,"[""168-2025-ND:d60"", ""01-2021-ND:d50"", ""168-2025-ND:d71"", ""168-2025-ND:d36"", ""59-2020-QH14:d53"", ""168-2025-ND:d43"", ""01-2021-ND:d48"", ""01-2021-ND:d62"", ""168-2025-ND:d56"", ""168-2025-ND:d69""]",0,0.0,0,0.0,0,0.0,0,0.0,0,0.0,0,0.0,0.0,"[""168-2025-ND:d71"", ""168-2025-ND:d43"", ""168-2025-ND:d69"", ""01-2021-ND:d50"", ""168-2025-ND:d60"", ""168-2025-ND:d56"", ""01-2021-ND:d62"", ""168-2025-ND:d54"", ""01-2021-ND:d39"", ""168-2025-ND:d45""]",0,0.0,0,0.0,0,0.0,0,0.0,0,0.0,0,0.0,0.0,"[""168-2025-ND:d67"", ""01-2021-ND:d73"", ""23-2022-ND:d21"", ""59-2020-QH14:d206"", ""168-2025-ND:d61"", ""01-2021-ND:d91"", ""59-2020-QH14:d201"", ""01-2021-ND:d66"", ""01-2021-ND:d67"", ""168-2025-ND:d60""]",0,0.0,0,0.0,1,0.3333,1,0.3333,1,0.3333,1,0.3333,0.25
74,"[""59-2020-QH14:d4"", ""23-2022-ND:d23"", ""59-2020-QH14:d37"", ""168-2025-ND:d40"", ""59-2020-QH14:d31"", ""89-2024-ND:d11"", ""168-2025-ND:d56"", ""89-2024-ND:d7"", ""168-2025-ND:d43"", ""01-2021-ND:d47""]",0,0.0,0,0.0,1,0.5,1,0.5,1,1.0,1,1.0,0.2,"[""23-2022-ND:d23"", ""59-2020-QH14:d4"", ""168-2025-ND:d40"", ""01-2021-ND:d47"", ""59-2020-QH14:d37"", ""168-2025-ND:d56"", ""168-2025-ND:d41"", ""89-2024-ND:d4"", ""59-2020-QH14:d87"", ""89-2024-ND:d9""]",0,0.0,0,0.0,0,0.0,0,0.0,1,0.5,1,1.0,0.0526,"[""168-2025-ND:d54"", ""168-2025-ND:d26"", ""23-2022-ND:d33"", ""01-2021-ND:d26"", ""59-2020-QH14:d205"", ""168-2025-ND:d40"", ""89-2024-ND:d11"", ""23-2022-ND:d35"", ""168-2025-ND:d50"", ""168-2025-ND:d55""]",0,0.0,0,0.0,0,0.0,0,0.0,0,0.0,1,0.5,0.0333,"[""01-2021-ND:d52"", ""59-2020-QH14:d31"", ""168-2025-ND:d45"", ""01-2021-ND:d61"", ""168-2025-ND:d55"", ""168-2025-ND:d100"", ""168-2025-ND:d41"", ""168-2025-ND:d44"", ""59-2020-QH14:d204"", ""01-2021-ND:d51""]",0,0.0,1,0.5,1,0.5,1,0.5,1,0.5,1,0.5,0.5
75,"[""168-2025-ND:d56"", ""168-2025-ND:d40"", ""168-2025-ND:d57"", ""01-2021-ND:d33"", ""168-2025-ND:d54"", ""01-2021-ND:d69"", ""59-2020-QH14:d31"", ""168-2025-ND:d41"", ""168-2025-ND:d32"", ""01-2021-ND:d32""]",0,0.0,0,0.0,0,0.0,1,1.0,1,1.0,1,1.0,0.1429,"[""01-2021-ND:d33"", ""168-2025-ND:d32"", ""168-2025-ND:d40"", ""168-2025-ND:d56"", ""168-2025-ND:d41"", ""168-2025-ND:d57"", ""01-2021-ND:d32"", ""01-2021-ND:d69"", ""168-2025-ND:d101"", ""59-2020-QH14:d31""]",0,0.0,0,0.0,0,0.0,1,1.0,1,1.0,1,1.0,0.1,"[""168-2025-ND:d71"", ""168-2025-ND:d32"", ""168-2025-ND:d69"", ""168-2025-ND:d50"", ""168-2025-ND:d54"", ""168-2025-ND:d57"", ""168-2025-ND:d31"", ""168-2025-ND:d51"", ""01-2021-ND:d31"", ""168-2024-ND-CP:d52""]",0,0.0,0,0.0,0,0.0,0,0.0,0,0.0,1,1.0,0.0435,"[""168-2025-ND:d105"", ""01-2021-ND:d90"", ""01-2021-ND:d94"", ""01-2021-ND:d93"", ""89-2024-ND:d12"", ""168-2025-ND:d100"", ""168-2025-ND:d65"", ""59-2020-QH14:d30"", ""168-2025-ND:d108"", ""168-2025-ND:d107""]",0,0.0,0,0.0,0,0.0,0,0.0,0,0.0,0,0.0,0.0
77,"[""168-2025-ND:d49"", ""59-2020-QH14:d31"", ""59-2020-QH14:d78"", ""01-2021-ND:d56"", ""89-2024-ND:d11"", ""89-2024-ND:d7"", ""89-2024-ND:d9"", ""59-2020-QH14:d164"", ""168-2025-ND:d43"", ""168-2025-ND:d54""]",0,0.0,1,0.5,1,0.5,1,0.5,1,0.5,1,0.5,0.5,"[""168-2025-ND:d49"", ""01-2021-ND:d56"", ""89-2024-ND:d9"", ""89-2024-ND:d5"", ""168-2025-ND:d40"", ""168-2025-ND:d57"", ""168-2025-ND:d101"", ""59-2020-QH14:d31"", ""168-2025-ND:d78"", ""59-2020-QH14:d78""]",0,0.0,0,0.0,0,0.0,1,0.5,1,0.5,1,0.5,0.125,"[""168-2025-ND:d69"", ""89-2024-ND:d11"", ""168-2025-ND:d54"", ""168-2025-ND:d51"", ""168-2025-ND:d50"", ""168-2025-ND:d46"", ""168-2025-ND:d100"", ""168-2025-ND:d43"", ""168-2025-ND:d49"", ""168-2025-ND:d45""]",0,0.0,0,0.0,0,0.0,0,0.0,0,0.0,1,0.5,0.0345,"[""59-2020-QH14:d31"", ""01-2021-ND:d61"", ""168-2025-ND:d55"", ""168-2025-ND:d32"", ""01-2021-ND:d52"", ""168-2025-ND:d49"", ""168-2025-ND:d42"", ""168-2025-ND:d57"", ""168-2025-ND:d45"", ""168-2025-ND:d44""]",1,0.5,1,0.5,1,0.5,1,0.5,1,0.5,1,0.5,1.0
78,"[""01-2021-ND:d7"", ""168-2025-ND:d7"", ""59-2020-QH14:d4"", ""168-2025-ND:d8"", ""01-2021-ND:d8"", ""168-2025-ND:d89"", ""168-2025-ND:d124"", ""59-2020-QH14:d31"", ""168-2025-ND:d81"", ""168-2025-ND:d91""]",0,0.0,0,0.0,0,0.0,1,0.5,1,0.5,1,0.5,0.125,"[""01-2021-ND:d7"", ""168-2025-ND:d7"", ""168-2025-ND:d91"", ""59-2020-QH14:d29"", ""168-2025-ND:d8"", ""01-2021-ND:d89"", ""01-2021-ND:d8"", ""01-2021-ND:d56"", ""168-2025-ND:d89"", ""168-2025-ND:d49""]",0,0.0,0,0.0,0,0.0,0,0.0,0,0.0,1,0.5,0.0476,"[""168-2025-ND:d69"", ""59-2020-QH14:d31"", ""01-2021-ND:d65"", ""168-2025-ND:d49"", ""168-2025-ND:d51"", ""168-2025-ND:d100"", ""168-2025-ND:d71"", ""168-2025-ND:d64"", ""168-2025-ND:d47"", ""168-2025-ND:d50""]",0,0.0,1,0.5,1,0.5,1,0.5,1,0.5,1,0.5,0.5,"[""168-2025-ND:d123"", ""59-2020-QH14:d31"", ""168-2025-ND:d100"", ""168-2025-ND:d64"", ""168-2025-ND:d32"", ""01-2021-ND:d90"", ""168-2025-ND:d122"", ""59-2020-QH14:d30"", ""168-2025-ND:d42"", ""168-2025-ND:d26""]",0,0.0,1,0.5,1,0.5,1,0.5,1,0.5,1,0.5,0.5
80,"[""59-2020-QH14:d4"", ""59-2020-QH14:d204"", ""59-2020-QH14:d203"", ""59-2020-QH14:d199"", ""01-2021-ND:d53"", ""59-2020-QH14:d198"", ""59-2020-QH14:d166"", ""168-2025-ND:d26"", ""59-2020-QH14:d202"", ""01-2021-ND:d26""]",0,0.0,1,1.0,1,1.0,1,1.0,1,1.0,1,1.0,0.3333,"[""59-2020-QH14:d204"", ""59-2020-QH14:d202"", ""59-2020-QH14:d203"", ""23-2022-ND:d22"", ""01-2021-ND:d47"", ""23-2022-ND:d33"", ""59-2020-QH14:d166"", ""59-2020-QH14:d72"", ""59-2020-QH14:d199"", ""59-2020-QH14:d120""]",0,0.0,1,1.0,1,1.0,1,1.0,1,1.0,1,1.0,0.3333,"[""59-2020-QH14:d203"", ""59-2020-QH14:d204"", ""59-2020-QH14:d205"", ""23-2022-ND:d29"", ""59-2020-QH14:d202"", ""168-2025-ND:d45"", ""168-2025-ND:d46"", ""168-2025-ND:d51"", ""168-2025-ND:d54"", ""89-2024-ND:d11""]",1,1.0,1,1.0,1,1.0,1,1.0,1,1.0,1,1.0,1.0,"[""168-2025-ND:d46"", ""168-2025-ND:d45"", ""01-2021-ND:d53"", ""01-2021-ND:d52"", ""168-2025-ND:d43"", ""59-2020-QH14:d52"", ""01-2021-ND:d50"", ""59-2020-QH14:d186"", ""168-2025-ND:d42"", ""01-2021-ND:d49""]",0,0.0,0,0.0,0,0.0,0,0.0,0,0.0,0,0.0,0.0
83,"[""59-2020-QH14:d78"", ""01-2021-ND:d89"", ""01-2021-ND:d67"", ""168-2025-ND:d61"", ""59-2020-QH14:d193"", ""59-2020-QH14:d206"", ""168-2025-ND:d103"", ""168-2025-ND:d60"", ""59-2020-QH14:d53"", ""01-2021-ND:d56""]",0,0.0,0,0.0,0,0.0,1,0.5,1,0.5,1,0.5,0.1667,"[""01-2021-ND:d89"", ""168-2025-ND:d103"", ""01-2021-ND:d67"", ""168-2025-ND:d61"", ""59-2020-QH14:d206"", ""01-2021-ND:d56"", ""168-2025-ND:d60"", ""23-2022-ND:d21"", ""168-2025-ND:d49"", ""01-2021-ND:d91""]",0,0.0,0,0.0,1,0.5,1,0.5,1,0.5,1,0.5,0.2,"[""168-2025-ND:d69"", ""01-2021-ND:d56"", ""168-2025-ND:d49"", ""168-2025-ND:d71"", ""168-2025-ND:d50"", ""168-2025-ND:d51"", ""168-2025-ND:d54"", ""168-2025-ND:d60"", ""01-2021-ND:d66"", ""01-2021-ND:d57""]",0,0.0,0,0.0,0,0.0,0,0.0,0,0.0,1,0.5,0.0345,"[""01-2021-ND:d91"", ""59-2020-QH14:d206"", ""01-2021-ND:d66"", ""168-2025-ND:d67"", ""168-2025-ND:d61"", ""59-2020-QH14:d110"", ""168-2025-ND:d60"", ""168-2025-ND:d49"", ""01-2021-ND:d92"", ""01-2021-ND:d67""]",0,0.0,1,0.5,1,0.5,1,0.5,1,0.5,1,0.5,0.5
85,"[""168-2025-ND:d54"", ""01-2021-ND:d60"", ""01-2021-ND:d28"", ""59-2020-QH14:d31"", ""168-2025-ND:d49"", ""168-2025-ND:d28"", ""01-2021-ND:d7"", ""59-2020-QH14:d110"", ""168-2025-ND:d7"", ""01-2021-ND:d17""]",0,0.0,0,0.0,0,0.0,0,0.0,0,0.0,0,0.0,0.0,"[""168-2025-ND:d54"", ""01-2021-ND:d60"", ""59-2020-QH14:d191"", ""01-2021-ND:d34"", ""168-2025-ND:d49"", ""59-2020-QH14:d29"", ""168-2025-ND:d8"", ""01-2021-ND:d33"", ""168-2025-ND:d7"", ""168-2025-ND:d33""]",0,0.0,0,0.0,0,0.0,0,0.0,0,0.0,0,0.0,0.0,"[""168-2025-ND:d64"", ""168-2025-ND:d50"", ""168-2025-ND:d51"", ""168-2025-ND:d30"", ""168-2025-ND:d43"", ""168-2025-ND:d45"", ""168-2025-ND:d56"", ""168-2025-ND:d57"", ""01-2021-ND:d98"", ""01-2021-ND:d53""]",0,0.0,0,0.0,0,0.0,0,0.0,0,0.0,0,0.0,0.0,"[""89-2024-ND:d13"", ""89-2024-ND:d12"", ""168-2025-ND:d96"", ""01-2021-ND:d32"", ""168-2025-ND:d32"", ""168-2025-ND:d101"", ""168-2025-ND:d110"", ""01-2021-ND:d94"", ""168-2025-ND:d94"", ""168-2025-ND:d122""]",0,0.0,0,0.0,0,0.0,0,0.0,0,0.0,0,0.0,0.0
86,"[""01-2021-ND:d50"", ""168-2025-ND:d43"", ""168-2025-ND:d46"", ""59-2020-QH14:d78"", ""01-2021-ND:d53"", ""89-2024-ND:d7"", ""59-2020-QH14:d12"", ""89-2024-ND:d11"", ""168-2025-ND:d60"", ""168-2025-ND:d54""]",0,0.0,0,0.0,0,0.0,1,0.3333,1,0.3333,1,0.3333,0.1429,"[""01-2021-ND:d50"", ""168-2025-ND:d43"", ""01-2021-ND:d48"", ""01-2021-ND:d47"", ""168-2025-ND:d46"", ""01-2021-ND:d53"", ""168-2025-ND:d40"", ""168-2025-ND:d41"", ""59-2020-QH14:d78"", ""168-2025-ND:d60""]",0,0.0,0,0.0,0,0.0,0,0.0,1,0.3333,1,0.3333,0.0588,"[""01-2021-ND:d50"", ""168-2025-ND:d43"", ""168-2025-ND:d54"", ""168-2025-ND:d69"", ""168-2025-ND:d46"", ""01-2021-ND:d53"", ""89-2024-ND:d7"", ""168-2025-ND:d71"", ""59-2020-QH14:d14"", ""168-2025-ND:d45""]",0,0.0,0,0.0,0,0.0,0,0.0,0,0.0,1,0.3333,0.0417,"[""59-2020-QH14:d78"", ""01-2021-ND:d91"", ""01-2021-ND:d78"", ""89-2024-ND:d12"", ""47-2021-ND:d26"", ""168-2025-ND:d70"", ""01-2021-ND:d50"", ""59-2020-QH14:d110"", ""168-2025-ND:d105"", ""168-2025-ND:d72""]",0,0.0,0,0.0,0,0.0,0,0.0,1,0.3333,1,0.3333,0.0714
89,"[""59-2020-QH14:d4"", ""59-2020-QH14:d68"", ""168-2025-ND:d44"", ""01-2021-ND:d52"", ""168-2025-ND:d45"", ""01-2021-ND:d51"", ""01-2021-ND:d26"", ""168-2025-ND:d26"", ""59-2020-QH14:d87"", ""01-2021-ND:d53""]",0,0.0,1,0.5,1,0.5,1,0.5,1,0.5,1,1.0,0.5,"[""59-2020-QH14:d68"", ""59-2020-QH14:d87"", ""168-2025-ND:d44"", ""01-2021-ND:d51"", ""01-2021-ND:d52"", ""59-2020-QH14:d4"", ""168-2025-ND:d45"", ""59-2020-QH14:d186"", ""01-2021-ND:d55"", ""59-2020-QH14:d35""]",1,0.5,1,0.5,1,0.5,1,0.5,1,1.0,1,1.0,1.0,"[""168-2025-ND:d44"", ""01-2021-ND:d51"", ""89-2024-ND:d7"", ""59-2020-QH14:d68"", ""59-2020-QH14:d47"", ""168-2025-ND:d69"", ""168-2025-ND:d71"", ""168-2024-ND-CP:d20"", ""168-2025-ND:d51"", ""59-2020-QH14:d87""]",0,0.0,0,0.0,1,1.0,1,1.0,1,1.0,1,1.0,0.25,"[""59-2020-QH14:d178"", ""168-2025-ND:d44"", ""01-2021-ND:d51"", ""89-2024-ND:d6"", ""168-2024-ND-CP:d44"", ""89-2024-ND:d13"", ""47-2021-ND:d31"", ""59-2020-QH14:d68"", ""89-2024-ND:d10"", ""248-2025-ND:d1""]",0,0.0,0,0.0,0,0.0,1,0.5,1,0.5,1,1.0,0.125
91,"[""59-2020-QH14:d4"", ""23-2022-ND:d23"", ""168-2025-ND:d44"", ""01-2021-ND:d51"", ""168-2025-ND:d51"", ""168-2025-ND:d45"", ""59-2020-QH14:d155"", ""168-2025-ND:d26"", ""01-2021-ND:d26"", ""168-2025-ND:d46""]",0,0.0,0,0.0,0,0.0,0,0.0,0,0.0,0,0.0,0.0,"[""23-2022-ND:d23"", ""59-2020-QH14:d4"", ""59-2020-QH14:d123"", ""168-2025-ND:d44"", ""01-2021-ND:d51"", ""59-2020-QH14:d125"", ""59-2020-QH14:d124"", ""59-2020-QH14:d112"", ""168-2025-ND:d51"", ""59-2020-QH14:d130""]",0,0.0,0,0.0,0,0.0,0,0.0,0,0.0,1,1.0,0.0435,"[""168-2025-ND:d24"", ""01-2021-ND:d23"", ""01-2021-ND:d28"", ""01-2021-ND:d31"", ""168-2025-ND:d28"", ""168-2025-ND:d30"", ""01-2021-ND:d26"", ""01-2021-ND:d29"", ""168-2025-ND:d26"", ""168-2025-ND:d104""]",0,0.0,0,0.0,0,0.0,0,0.0,0,0.0,0,0.0,0.0,"[""59-2020-QH14:d158"", ""59-2020-QH14:d60"", ""89-2024-ND:d13"", ""59-2020-QH14:d150"", ""01-2021-ND:d77"", ""59-2020-QH14:d73"", ""168-2024-ND-CP:d49"", ""01-2021-ND:d83"", ""47-2021-ND:d21"", ""01-2021-ND:d52""]",0,0.0,0,0.0,0,0.0,0,0.0,0,0.0,0,0.0,0.0
94,"[""23-2022-ND:d23"", ""59-2020-QH14:d4"", ""59-2020-QH14:d155"", ""100-2019-ND-CP:d35"", ""168-2024-ND-CP:d37"", ""168-2024-ND-CP:d26"", ""01-2021-ND:d52"", ""168-2025-ND:d57"", ""59-2020-QH14:d193"", ""168-2025-ND:d11""]",0,0.0,0,0.0,0,0.0,0,0.0,0,0.0,1,1.0,0.037,"[""23-2022-ND:d23"", ""59-2020-QH14:d4"", ""59-2020-QH14:d155"", ""100-2019-ND-CP:d35"", ""168-2025-ND:d60"", ""01-2021-ND:d66"", ""168-2024-ND-CP:d37"", ""23-2022-ND:d21"", ""59-2020-QH14:d206"", ""168-2025-ND:d31""]",0,0.0,0,0.0,0,0.0,1,1.0,1,1.0,1,1.0,0.1111,"[""168-2025-ND:d54"", ""168-2025-ND:d71"", ""01-2021-ND:d60"", ""168-2025-ND:d51"", ""168-2025-ND:d60"", ""44-2025-ND:d29"", ""01-2021-ND:d66"", ""168-2024-ND-CP:d52"", ""168-2025-ND:d30"", ""168-2025-ND:d69""]",0,0.0,0,0.0,0,0.0,0,0.0,0,0.0,0,0.0,0.0,"[""01-2021-ND:d83"", ""01-2021-ND:d11"", ""59-2020-QH14:d41"", ""01-2021-ND:d20"", ""168-2025-ND:d16"", ""168-2025-ND:d70"", ""168-2024-ND-CP:d37"", ""01-2021-ND:d2"", ""168-2025-ND:d11"", ""01-2021-ND:d93""]",0,0.0,0,0.0,0,0.0,0,0.0,0,0.0,0,0.0,0.0
96,"[""23-2022-ND:d23"", ""59-2020-QH14:d4"", ""168-2025-ND:d89"", ""168-2025-ND:d7"", ""01-2021-ND:d7"", ""01-2021-ND:d79"", ""168-2025-ND:d82"", ""59-2020-QH14:d7"", ""01-2021-ND:d89"", ""59-2020-QH14:d176""]",0,0.0,0,0.0,0,0.0,1,1.0,1,1.0,1,1.0,0.125,"[""23-2022-ND:d23"", ""168-2025-ND:d89"", ""168-2025-ND:d7"", ""59-2020-QH14:d4"", ""01-2021-ND:d89"", ""01-2021-ND:d7"", ""01-2021-ND:d82"", ""168-2025-ND:d116"", ""01-2021-ND:d79"", ""168-2025-ND:d85""]",0,0.0,0,0.0,0,0.0,0,0.0,1,1.0,1,1.0,0.0909,"[""168-2025-ND:d89"", ""01-2021-ND:d89"", ""01-2021-ND:d7"", ""168-2025-ND:d49"", ""168-2025-ND:d7"", ""168-2025-ND:d95"", ""59-2020-QH14:d181"", ""01-2021-ND:d56"", ""100-2019-ND-CP:d77"", ""01-2021-ND:d79""]",0,0.0,0,0.0,0,0.0,0,0.0,0,0.0,0,0.0,0.0,"[""168-2025-ND:d120"", ""168-2025-ND:d121"", ""59-2020-QH14:d27"", ""01-2021-ND:d11"", ""01-2021-ND:d97"", ""168-2025-ND:d119"", ""01-2021-ND:d82"", ""01-2021-ND:d2"", ""168-2025-ND:d2"", ""01-2021-ND:d32""]",0,0.0,0,0.0,0,0.0,0,0.0,0,0.0,0,0.0,0.0
98,"[""89-2024-ND:d13"", ""168-2025-ND:d23"", ""01-2021-ND:d62"", ""168-2025-ND:d56"", ""01-2021-ND:d17"", ""168-2025-ND:d71"", ""168-2025-ND:d64"", ""59-2020-QH14:d191"", ""168-2025-ND:d66"", ""59-2020-QH14:d124""]",0,0.0,0,0.0,0,0.0,0,0.0,0,0.0,0,0.0,0.0,"[""59-2020-QH14:d191"", ""01-2021-ND:d62"", ""168-2025-ND:d56"", ""89-2024-ND:d13"", ""168-2025-ND:d6"", ""01-2021-ND:d6"", ""01-2021-ND:d72"", ""89-2024-ND:d12"", ""01-2021-ND:d31"", ""168-2025-ND:d36""]",0,0.0,0,0.0,0,0.0,0,0.0,1,1.0,1,1.0,0.0588,"[""168-2025-ND:d30"", ""01-2021-ND:d31"", ""01-2021-ND:d62"", ""168-2025-ND:d121"", ""168-2025-ND:d71"", ""168-2025-ND:d56"", ""168-2025-ND:d66"", ""01-2021-ND:d29"", ""01-2021-ND:d6"", ""168-2025-ND:d120""]",0,0.0,0,0.0,0,0.0,0,0.0,1,1.0,1,1.0,0.0833,"[""01-2021-ND:d47"", ""89-2024-ND:d13"", ""168-2025-ND:d40"", ""168-2025-ND:d24"", ""59-2020-QH14:d191"", ""168-2025-ND:d46"", ""01-2021-ND:d77"", ""59-2020-QH14:d19"", ""168-2025-ND:d47"", ""89-2024-ND:d12""]",0,0.0,0,0.0,0,0.0,0,0.0,0,0.0,0,0.0,0.0
100,"[""59-2020-QH14:d4"", ""168-2025-ND:d44"", ""01-2021-ND:d51"", ""168-2025-ND:d26"", ""168-2025-ND:d51"", ""59-2020-QH14:d113"", ""01-2021-ND:d28"", ""168-2025-ND:d28"", ""01-2021-ND:d26"", ""59-2020-QH14:d47""]",0,0.0,0,0.0,0,0.0,1,0.5,1,0.5,1,1.0,0.1667,"[""59-2020-QH14:d75"", ""59-2020-QH14:d4"", ""59-2020-QH14:d47"", ""59-2020-QH14:d119"", ""59-2020-QH14:d178"", ""59-2020-QH14:d25"", ""01-2021-ND:d51"", ""168-2025-ND:d44"", ""168-2025-ND:d26"", ""59-2020-QH14:d87""]",0,0.0,0,0.0,0,0.0,0,0.0,1,0.5,1,1.0,0.0769,"[""168-2025-ND:d51"", ""168-2025-ND:d50"", ""168-2025-ND:d54"", ""01-2021-ND:d58"", ""168-2025-ND:d44"", ""59-2020-QH14:d17"", ""01-2021-ND:d57"", ""01-2021-ND:d60"", ""59-2020-QH14:d47"", ""59-2020-QH14:d205""]",0,0.0,0,0.0,0,0.0,0,0.0,1,1.0,1,1.0,0.0769,"[""59-2020-QH14:d133"", ""59-2020-QH14:d132"", ""59-2020-QH14:d113"", ""59-2020-QH14:d143"", ""59-2020-QH14:d145"", ""59-2020-QH14:d142"", ""168-2025-ND:d72"", ""59-2020-QH14:d125"", ""59-2020-QH14:d119"", ""59-2020-QH14:d118""]",0,0.0,1,0.5,1,0.5,1,0.5,1,0.5,1,0.5,0.3333
102,"[""59-2020-QH14:d4"", ""23-2022-ND:d23"", ""59-2020-QH14:d155"", ""168-2025-ND:d44"", ""01-2021-ND:d51"", ""168-2025-ND:d26"", ""01-2021-ND:d26"", ""168-2025-ND:d45"", ""59-2020-QH14:d35"", ""59-2020-QH14:d112""]",0,0.0,0,0.0,0,0.0,0,0.0,0,0.0,0,0.0,0.0,"[""59-2020-QH14:d4"", ""23-2022-ND:d23"", ""59-2020-QH14:d112"", ""168-2025-ND:d44"", ""59-2020-QH14:d52"", ""01-2021-ND:d51"", ""59-2020-QH14:d188"", ""59-2020-QH14:d123"", ""59-2020-QH14:d25"", ""59-2020-QH14:d155""]",0,0.0,0,0.0,0,0.0,0,0.0,0,0.0,0,0.0,0.0,"[""168-2025-ND:d54"", ""59-2020-QH14:d205"", ""168-2025-ND:d24"", ""59-2020-QH14:d25"", ""01-2021-ND:d23"", ""168-2025-ND:d51"", ""59-2020-QH14:d113"", ""01-2021-ND:d26"", ""168-2025-ND:d26"", ""168-2025-ND:d43""]",0,0.0,0,0.0,0,0.0,0,0.0,0,0.0,1,0.5,0.04,"[""168-2025-ND:d51"", ""59-2020-QH14:d120"", ""01-2021-ND:d58"", ""59-2020-QH14:d111"", ""59-2020-QH14:d125"", ""47-2021-ND:d12"", ""59-2020-QH14:d133"", ""59-2020-QH14:d132"", ""01-2021-ND:d98"", ""59-2020-QH14:d112""]",0,0.0,0,0.0,0,0.0,0,0.0,1,0.5,1,0.5,0.0833
103,"[""59-2020-QH14:d4"", ""44-2025-ND:d3"", ""44-2025-ND:d34"", ""168-2025-ND:d28"", ""01-2021-ND:d28"", ""59-2020-QH14:d198"", ""44-2025-ND:d27"", ""59-2020-QH14:d199"", ""59-2020-QH14:d164"", ""44-2025-ND:d29""]",0,0.0,0,0.0,0,0.0,0,0.0,1,1.0,1,1.0,0.0526,"[""59-2020-QH14:d4"", ""168-2025-ND:d28"", ""01-2021-ND:d28"", ""59-2020-QH14:d112"", ""59-2020-QH14:d198"", ""59-2020-QH14:d25"", ""47-2021-ND:d7"", ""44-2025-ND:d3"", ""44-2025-ND:d29"", ""59-2020-QH14:d199""]",0,0.0,0,0.0,0,0.0,1,0.5,1,1.0,1,1.0,0.1667,"[""44-2025-ND:d27"", ""44-2025-ND:d29"", ""89-2024-ND:d7"", ""168-2025-ND:d54"", ""23-2022-ND:d6"", ""47-2021-ND:d7"", ""59-2020-QH14:d205"", ""168-2025-ND:d25"", ""01-2021-ND:d25"", ""23-2022-ND:d38""]",0,0.0,0,0.0,0,0.0,0,0.0,1,0.5,1,0.5,0.0833,"[""59-2020-QH14:d120"", ""23-2022-ND:d5"", ""01-2021-ND:d98"", ""248-2025-ND:d12"", ""23-2022-ND:d2"", ""59-2020-QH14:d111"", ""23-2022-ND:d6"", ""47-2021-ND:d12"", ""248-2025-ND:d2"", ""59-2020-QH14:d137""]",0,0.0,0,0.0,0,0.0,0,0.0,0,0.0,0,0.0,0.0
104,"[""59-2020-QH14:d4"", ""59-2020-QH14:d201"", ""23-2022-ND:d23"", ""59-2020-QH14:d155"", ""168-2025-ND:d26"", ""59-2020-QH14:d14"", ""168-2025-ND:d28"", ""01-2021-ND:d28"", ""59-2020-QH14:d47"", ""59-2020-QH14:d198""]",0,0.0,0,0.0,0,0.0,0,0.0,0,0.0,1,0.5,0.0357,"[""59-2020-QH14:d4"", ""23-2022-ND:d23"", ""59-2020-QH14:d201"", ""01-2021-ND:d61"", ""168-2025-ND:d55"", ""59-2020-QH14:d25"", ""59-2020-QH14:d111"", ""59-2020-QH14:d155"", ""59-2020-QH14:d178"", ""59-2020-QH14:d14""]",0,0.0,0,0.0,0,0.0,1,0.5,1,0.5,1,0.5,0.1429,"[""59-2020-QH14:d47"", ""168-2025-ND:d54"", ""168-2025-ND:d55"", ""01-2021-ND:d61"", ""168-2025-ND:d50"", ""168-2025-ND:d51"", ""59-2020-QH14:d205"", ""89-2024-ND:d7"", ""01-2021-ND:d57"", ""01-2021-ND:d58""]",0,0.0,0,0.0,0,0.0,0,0.0,0,0.0,1,0.5,0.04,"[""01-2021-ND:d23"", ""168-2025-ND:d55"", ""01-2021-ND:d61"", ""59-2020-QH14:d122"", ""168-2025-ND:d50"", ""59-2020-QH14:d120"", ""01-2021-ND:d57"", ""01-2021-ND:d54"", ""168-2025-ND:d47"", ""59-2020-QH14:d111""]",0,0.0,0,0.0,0,0.0,1,0.5,1,0.5,1,0.5,0.1
105,"[""59-2020-QH14:d31"", ""168-2025-ND:d57"", ""168-2025-ND:d100"", ""59-2020-QH14:d16"", ""23-2022-ND:d6"", ""168-2025-ND:d49"", ""59-2020-QH14:d164"", ""168-2025-ND:d101"", ""01-2021-ND:d7"", ""168-2025-ND:d48""]",0,0.0,0,0.0,0,0.0,0,0.0,1,0.2,1,0.2,0.0526,"[""23-2022-ND:d5"", ""168-2025-ND:d49"", ""168-2025-ND:d101"", ""168-2025-ND:d48"", ""168-2025-ND:d57"", ""01-2021-ND:d7"", ""168-2025-ND:d7"", ""59-2020-QH14:d16"", ""168-2025-ND:d40"", ""01-2021-ND:d89""]",0,0.0,0,0.0,0,0.0,0,0.0,1,0.4,1,0.4,0.0667,"[""168-2025-ND:d100"", ""23-2022-ND:d6"", ""168-2025-ND:d69"", ""168-2025-ND:d49"", ""168-2025-ND:d56"", ""23-2022-ND:d21"", ""01-2021-ND:d90"", ""01-2021-ND:d62"", ""168-2025-ND:d40"", ""168-2025-ND:d44""]",0,0.0,0,0.0,0,0.0,0,0.0,0,0.0,0,0.0,0.0,"[""01-2021-ND:d7"", ""59-2020-QH14:d87"", ""01-2021-ND:d98"", ""01-2021-ND:d30"", ""168-2025-ND:d29"", ""168-2025-ND:d49"", ""168-2025-ND:d40"", ""01-2021-ND:d47"", ""168-2025-ND:d44"", ""01-2021-ND:d51""]",0,0.0,1,0.2,1,0.2,1,0.2,1,0.2,1,0.4,0.5
109,"[""168-2025-ND:d77"", ""168-2025-ND:d31"", ""168-2025-ND:d46"", ""01-2021-ND:d40"", ""01-2021-ND:d31"", ""168-2025-ND:d3"", ""01-2021-ND:d58"", ""01-2021-ND:d57"", ""59-2020-QH14:d16"", ""168-2025-ND:d95""]",0,0.0,0,0.0,0,0.0,0,0.0,0,0.0,0,0.0,0.0,"[""01-2021-ND:d9"", ""168-2025-ND:d9"", ""168-2025-ND:d77"", ""168-2025-ND:d90"", ""01-2021-ND:d40"", ""01-2021-ND:d85"", ""01-2021-ND:d39"", ""59-2020-QH14:d48"", ""168-2025-ND:d31"", ""168-2025-ND:d115""]",0,0.0,0,0.0,0,0.0,0,0.0,0,0.0,0,0.0,0.0,"[""01-2021-ND:d25"", ""168-2025-ND:d25"", ""168-2025-ND:d31"", ""01-2021-ND:d97"", ""01-2021-ND:d11"", ""168-2025-ND:d119"", ""23-2022-ND:d6"", ""01-2021-ND:d76"", ""168-2025-ND:d29"", ""59-2020-QH14:d209""]",0,0.0,0,0.0,0,0.0,0,0.0,0,0.0,0,0.0,0.0,"[""168-2025-ND:d105"", ""01-2021-ND:d32"", ""168-2025-ND:d110"", ""01-2021-ND:d94"", ""01-2021-ND:d21"", ""01-2021-ND:d93"", ""59-2020-QH14:d19"", ""168-2025-ND:d77"", ""01-2021-ND:d71"", ""59-2020-QH14:d209""]",0,0.0,0,0.0,0,0.0,0,0.0,0,0.0,0,0.0,0.0
112,"[""59-2020-QH14:d47"", ""168-2025-ND:d44"", ""168-2025-ND:d46"", ""168-2025-ND:d45"", ""59-2020-QH14:d75"", ""59-2020-QH14:d71"", ""168-2025-ND:d51"", ""59-2020-QH14:d49"", ""44-2025-ND:d34"", ""168-2025-ND:d28""]",0,0.0,0,0.0,1,0.5,1,0.5,1,0.5,1,0.5,0.2,"[""59-2020-QH14:d47"", ""59-2020-QH14:d75"", ""168-2025-ND:d46"", ""168-2025-ND:d44"", ""168-2025-ND:d45"", ""59-2020-QH14:d71"", ""59-2020-QH14:d205"", ""59-2020-QH14:d178"", ""59-2020-QH14:d186"", ""59-2020-QH14:d49""]",0,0.0,1,0.5,1,0.5,1,0.5,1,1.0,1,1.0,0.5,"[""89-2024-ND:d7"", ""59-2020-QH14:d47"", ""168-2025-ND:d54"", ""168-2025-ND:d69"", ""168-2025-ND:d44"", ""168-2025-ND:d46"", ""01-2021-ND:d29"", ""168-2025-ND:d51"", ""89-2024-ND:d11"", ""59-2020-QH14:d178""]",0,0.0,0,0.0,0,0.0,0,0.0,0,0.0,1,0.5,0.04,"[""248-2025-ND:d12"", ""59-2020-QH14:d47"", ""168-2025-ND:d120"", ""59-2020-QH14:d178"", ""59-2020-QH14:d50"", ""248-2025-ND:d11"", ""59-2020-QH14:d218"", ""89-2024-ND:d14"", ""59-2020-QH14:d186"", ""168-2025-ND:d72""]",0,0.0,0,0.0,0,0.0,0,0.0,0,0.0,1,0.5,0.0333
113,"[""23-2022-ND:d39"", ""168-2025-ND:d64"", ""168-2025-ND:d69"", ""168-2025-ND:d65"", ""168-2025-ND:d35"", ""01-2021-ND:d41"", ""01-2021-ND:d70"", ""23-2022-ND:d45"", ""168-2025-ND:d107"", ""59-2020-QH14:d110""]",0,0.0,0,0.0,0,0.0,0,0.0,1,0.3333,1,0.6667,0.0526,"[""23-2022-ND:d41"", ""23-2022-ND:d39"", ""168-2025-ND:d65"", ""36-2024-QH15:d64"", ""23-2022-ND:d47"", ""168-2025-ND:d64"", ""01-2021-ND:d71"", ""168-2025-ND:d35"", ""59-2020-QH14:d210"", ""01-2021-ND:d45""]",0,0.0,0,0.0,0,0.0,0,0.0,1,0.3333,1,0.6667,0.0667,"[""168-2025-ND:d69"", ""168-2025-ND:d71"", ""01-2021-ND:d31"", ""168-2025-ND:d30"", ""01-2021-ND:d29"", ""59-2020-QH14:d208"", ""168-2025-ND:d60"", ""168-2025-ND:d64"", ""168-2025-ND:d104"", ""23-2022-ND:d39""]",0,0.0,0,0.0,0,0.0,1,0.3333,1,0.3333,1,0.3333,0.1667,"[""248-2025-ND:d10"", ""168-2025-ND:d124"", ""16-2023-ND:d13"", ""44-2025-ND:d33"", ""168-2024-ND-CP:d53"", ""01-2021-ND:d100"", ""248-2025-ND:d7"", ""168-2025-ND:d72"", ""168-2025-ND:d53"", ""44-2025-ND:d24""]",0,0.0,0,0.0,0,0.0,0,0.0,0,0.0,0,0.0,0.0
115,"[""59-2020-QH14:d4"", ""59-2020-QH14:d98"", ""248-2025-ND:d12"", ""168-2025-ND:d43"", ""01-2021-ND:d50"", ""01-2021-ND:d29"", ""59-2020-QH14:d56"", ""59-2020-QH14:d105"", ""59-2020-QH14:d55"", ""59-2020-QH14:d157""]",0,0.0,0,0.0,0,0.0,1,0.6667,1,0.6667,1,0.6667,0.1429,"[""59-2020-QH14:d54"", ""59-2020-QH14:d93"", ""59-2020-QH14:d79"", ""59-2020-QH14:d101"", ""59-2020-QH14:d137"", ""59-2020-QH14:d105"", ""59-2020-QH14:d90"", ""59-2020-QH14:d82"", ""59-2020-QH14:d66"", ""59-2020-QH14:d85""]",0,0.0,0,0.0,0,0.0,0,0.0,1,0.3333,1,0.6667,0.0667,"[""59-2020-QH14:d71"", ""59-2020-QH14:d83"", ""59-2020-QH14:d66"", ""168-2025-ND:d54"", ""59-2020-QH14:d97"", ""59-2020-QH14:d56"", ""59-2020-QH14:d95"", ""59-2020-QH14:d14"", ""23-2022-ND:d29"", ""59-2020-QH14:d98""]",0,0.0,0,0.0,0,0.0,1,0.3333,1,0.6667,1,0.6667,0.1667,"[""59-2020-QH14:d95"", ""59-2020-QH14:d144"", ""59-2020-QH14:d156"", ""59-2020-QH14:d67"", ""248-2025-ND:d2"", ""59-2020-QH14:d56"", ""01-2021-ND:d53"", ""59-2020-QH14:d100"", ""168-2025-ND:d46"", ""59-2020-QH14:d146""]",0,0.0,0,0.0,0,0.0,1,0.3333,1,0.3333,1,0.3333,0.1667
116,"[""168-2025-ND:d64"", ""168-2025-ND:d65"", ""59-2020-QH14:d4"", ""168-2025-ND:d67"", ""168-2025-ND:d66"", ""01-2021-ND:d29"", ""59-2020-QH14:d213"", ""01-2021-ND:d72"", ""23-2022-ND:d45"", ""168-2025-ND:d71""]",0,0.0,0,0.0,0,0.0,1,0.3333,1,0.3333,1,0.3333,0.1429,"[""59-2020-QH14:d213"", ""01-2021-ND:d72"", ""168-2025-ND:d65"", ""168-2025-ND:d66"", ""168-2025-ND:d64"", ""23-2022-ND:d23"", ""59-2020-QH14:d4"", ""168-2025-ND:d67"", ""168-2025-ND:d36"", ""01-2021-ND:d29""]",1,0.3333,1,0.3333,1,0.3333,1,0.3333,1,0.3333,1,0.3333,1.0,"[""168-2025-ND:d71"", ""168-2025-ND:d69"", ""01-2021-ND:d29"", ""168-2025-ND:d30"", ""01-2021-ND:d31"", ""168-2025-ND:d66"", ""01-2021-ND:d72"", ""168-2025-ND:d104"", ""59-2020-QH14:d213"", ""01-2021-ND:d77""]",0,0.0,0,0.0,0,0.0,1,0.3333,1,0.6667,1,0.6667,0.1111,"[""59-2020-QH14:d195"", ""23-2022-ND:d33"", ""01-2021-ND:d92"", ""59-2020-QH14:d174"", ""01-2021-ND:d72"", ""23-2022-ND:d54"", ""168-2025-ND:d72"", ""168-2025-ND:d66"", ""23-2022-ND:d45"", ""23-2022-ND:d39""]",0,0.0,0,0.0,0,0.0,0,0.0,1,0.3333,1,0.6667,0.0909
118,"[""59-2020-QH14:d4"", ""23-2022-ND:d23"", ""59-2020-QH14:d155"", ""168-2024-ND-CP:d27"", ""36-2024-QH15:d30"", ""36-2024-QH15:d46"", ""168-2024-ND-CP:d26"", ""36-2024-QH15:d10"", ""36-2024-QH15:d2"", ""36-2024-QH15:d6""]",0,0.0,0,0.0,0,0.0,0,0.0,0,0.0,1,0.25,0.0385,"[""23-2022-ND:d23"", ""59-2020-QH14:d4"", ""59-2020-QH14:d155"", ""36-2024-QH15:d10"", ""168-2024-ND-CP:d27"", ""36-2024-QH15:d46"", ""36-2024-QH15:d30"", ""01-2021-ND:d23"", ""36-2024-QH15:d2"", ""168-2024-ND-CP:d26""]",0,0.0,0,0.0,0,0.0,0,0.0,0,0.0,0,0.0,0.0,"[""168-2025-ND:d54"", ""168-2025-ND:d50"", ""59-2020-QH14:d205"", ""59-2020-QH14:d25"", ""01-2021-ND:d23"", ""01-2021-ND:d60"", ""168-2024-ND-CP:d27"", ""23-2022-ND:d33"", ""59-2020-QH14:d15"", ""168-2025-ND:d51""]",0,0.0,0,0.0,0,0.0,0,0.0,0,0.0,0,0.0,0.0,"[""168-2025-ND:d18"", ""59-2020-QH14:d23"", ""59-2020-QH14:d176"", ""59-2020-QH14:d111"", ""168-2025-ND:d29"", ""01-2021-ND:d30"", ""168-2025-ND:d50"", ""01-2021-ND:d57"", ""59-2020-QH14:d125"", ""59-2020-QH14:d121""]",0,0.0,0,0.0,0,0.0,0,0.0,1,0.25,1,0.25,0.0833
119,"[""59-2020-QH14:d210"", ""59-2020-QH14:d134"", ""59-2020-QH14:d198"", ""23-2022-ND:d39"", ""59-2020-QH14:d206"", ""59-2020-QH14:d199"", ""168-2025-ND:d123"", ""36-2024-QH15:d30"", ""59-2020-QH14:d166"", ""01-2021-ND:d83""]",0,0.0,0,0.0,0,0.0,0,0.0,0,0.0,0,0.0,0.0,"[""59-2020-QH14:d90"", ""59-2020-QH14:d210"", ""59-2020-QH14:d101"", ""59-2020-QH14:d93"", ""01-2021-ND:d83"", ""59-2020-QH14:d85"", ""01-2021-ND:d8"", ""59-2020-QH14:d206"", ""168-2025-ND:d8"", ""59-2020-QH14:d190""]",0,0.0,0,0.0,0,0.0,0,0.0,0,0.0,0,0.0,0.0,"[""168-2025-ND:d69"", ""168-2025-ND:d71"", ""168-2024-ND-CP:d47"", ""59-2020-QH14:d163"", ""100-2019-ND-CP:d80"", ""168-2025-ND:d60"", ""168-2025-ND:d121"", ""168-2025-ND:d104"", ""01-2021-ND:d97"", ""01-2021-ND:d8""]",0,0.0,0,0.0,0,0.0,0,0.0,0,0.0,0,0.0,0.0,"[""59-2020-QH14:d102"", ""59-2020-QH14:d160"", ""59-2020-QH14:d174"", ""59-2020-QH14:d108"", ""59-2020-QH14:d156"", ""59-2020-QH14:d82"", ""59-2020-QH14:d63"", ""59-2020-QH14:d94"", ""59-2020-QH14:d99"", ""59-2020-QH14:d162""]",0,0.0,0,0.0,0,0.0,0,0.0,0,0.0,0,0.0,0.0
120,"[""168-2024-ND-CP:d37"", ""47-2021-ND:d14"", ""59-2020-QH14:d39"", ""01-2021-ND:d20"", ""168-2025-ND:d16"", ""168-2025-ND:d86"", ""59-2020-QH14:d156"", ""59-2020-QH14:d41"", ""59-2020-QH14:d217"", ""168-2025-ND:d32""]",0,0.0,0,0.0,0,0.0,0,0.0,0,0.0,1,0.3333,0.0417,"[""59-2020-QH14:d39"", ""23-2022-ND:d11"", ""01-2021-ND:d20"", ""168-2025-ND:d16"", ""01-2021-ND:d10"", ""168-2025-ND:d10"", ""168-2024-ND-CP:d37"", ""168-2025-ND:d86"", ""59-2020-QH14:d41"", ""47-2021-ND:d4""]",0,0.0,0,0.0,0,0.0,0,0.0,1,0.3333,1,0.3333,0.0667,"[""168-2025-ND:d32"", ""168-2025-ND:d57"", ""168-2025-ND:d101"", ""01-2021-ND:d63"", ""100-2019-ND-CP:d28"", ""168-2024-ND-CP:d26"", ""168-2025-ND:d64"", ""168-2025-ND:d115"", ""59-2020-QH14:d39"", ""168-2024-ND-CP:d52""]",0,0.0,0,0.0,0,0.0,0,0.0,0,0.0,1,0.3333,0.0476,"[""168-2025-ND:d43"", ""59-2020-QH14:d41"", ""01-2021-ND:d50"", ""100-2019-ND-CP:d86"", ""01-2021-ND:d88"", ""01-2021-ND:d101"", ""23-2022-ND:d36"", ""168-2025-ND:d46"", ""168-2024-ND-CP:d55"", ""168-2025-ND:d41""]",0,0.0,0,0.0,0,0.0,0,0.0,0,0.0,0,0.0,0.0
121,"[""89-2024-ND:d11"", ""01-2021-ND:d67"", ""168-2025-ND:d61"", ""59-2020-QH14:d155"", ""168-2025-ND:d89"", ""01-2021-ND:d56"", ""59-2020-QH14:d169"", ""168-2025-ND:d49"", ""168-2025-ND:d7"", ""59-2020-QH14:d44""]",0,0.0,0,0.0,0,0.0,1,0.3333,1,0.3333,1,0.6667,0.1,"[""01-2021-ND:d56"", ""168-2025-ND:d89"", ""168-2025-ND:d7"", ""01-2021-ND:d67"", ""23-2022-ND:d5"", ""59-2020-QH14:d169"", ""23-2022-ND:d12"", ""01-2021-ND:d89"", ""59-2020-QH14:d44"", ""36-2024-QH15:d19""]",0,0.0,0,0.0,0,0.0,1,0.3333,1,0.3333,1,0.3333,0.1111,"[""168-2025-ND:d89"", ""01-2021-ND:d7"", ""01-2021-ND:d56"", ""168-2024-ND-CP:d3"", ""168-2025-ND:d7"", ""168-2025-ND:d49"", ""89-2024-ND:d11"", ""01-2021-ND:d89"", ""100-2019-ND-CP:d77"", ""168-2025-ND:d78""]",0,0.0,0,0.0,0,0.0,0,0.0,1,0.3333,1,0.3333,0.0667,"[""23-2022-ND:d53"", ""168-2025-ND:d1"", ""36-2024-QH15:d22"", ""36-2024-QH15:d30"", ""01-2021-ND:d54"", ""23-2022-ND:d14"", ""01-2021-ND:d1"", ""168-2025-ND:d47"", ""168-2025-ND:d49"", ""23-2022-ND:d36""]",0,0.0,0,0.0,0,0.0,0,0.0,0,0.0,0,0.0,0.0
122,"[""59-2020-QH14:d68"", ""59-2020-QH14:d16"", ""59-2020-QH14:d75"", ""59-2020-QH14:d87"", ""168-2025-ND:d28"", ""59-2020-QH14:d53"", ""01-2021-ND:d28"", ""59-2020-QH14:d78"", ""59-2020-QH14:d47"", ""59-2020-QH14:d71""]",1,0.25,1,0.25,1,0.25,1,0.5,1,0.5,1,0.5,1.0,"[""59-2020-QH14:d68"", ""59-2020-QH14:d87"", ""59-2020-QH14:d186"", ""59-2020-QH14:d75"", ""59-2020-QH14:d16"", ""59-2020-QH14:d48"", ""59-2020-QH14:d47"", ""59-2020-QH14:d177"", ""59-2020-QH14:d51"", ""59-2020-QH14:d188""]",1,0.25,1,0.25,1,0.25,1,0.5,1,0.5,1,0.5,1.0,"[""89-2024-ND:d7"", ""59-2020-QH14:d47"", ""59-2020-QH14:d75"", ""168-2025-ND:d45"", ""168-2025-ND:d46"", ""23-2022-ND:d38"", ""01-2021-ND:d98"", ""01-2021-ND:d52"", ""01-2021-ND:d53"", ""01-2021-ND:d25""]",0,0.0,1,0.25,1,0.25,1,0.25,1,0.5,1,0.5,0.5,"[""168-2025-ND:d103"", ""168-2025-ND:d29"", ""01-2021-ND:d30"", ""01-2021-ND:d98"", ""168-2025-ND:d124"", ""89-2024-ND:d12"", ""168-2025-ND:d122"", ""01-2021-ND:d94"", ""01-2021-ND:d91"", ""168-2025-ND:d64""]",0,0.0,0,0.0,0,0.0,0,0.0,1,0.25,1,0.25,0.0833
124,"[""59-2020-QH14:d4"", ""59-2020-QH14:d185"", ""59-2020-QH14:d77"", ""59-2020-QH14:d119"", ""59-2020-QH14:d52"", ""23-2022-ND:d23"", ""59-2020-QH14:d53"", ""01-2021-ND:d26"", ""168-2025-ND:d26"", ""01-2021-ND:d53""]",0,0.0,0,0.0,1,0.3333,1,0.3333,1,0.6667,1,1.0,0.2,"[""59-2020-QH14:d77"", ""59-2020-QH14:d185"", ""59-2020-QH14:d119"", ""59-2020-QH14:d52"", ""23-2022-ND:d23"", ""59-2020-QH14:d4"", ""59-2020-QH14:d50"", ""59-2020-QH14:d51"", ""59-2020-QH14:d187"", ""59-2020-QH14:d204""]",0,0.0,0,0.0,1,0.3333,1,0.6667,1,0.6667,1,1.0,0.25,"[""89-2024-ND:d7"", ""59-2020-QH14:d205"", ""23-2022-ND:d38"", ""59-2020-QH14:d75"", ""59-2020-QH14:d47"", ""89-2024-ND:d11"", ""01-2021-ND:d22"", ""01-2021-ND:d23"", ""01-2021-ND:d24"", ""168-2025-ND:d24""]",0,0.0,0,0.0,0,0.0,0,0.0,0,0.0,1,0.3333,0.04,"[""59-2020-QH14:d118"", ""168-2025-ND:d67"", ""59-2020-QH14:d52"", ""01-2021-ND:d73"", ""168-2025-ND:d55"", ""01-2021-ND:d61"", ""59-2020-QH14:d70"", ""59-2020-QH14:d127"", ""47-2021-ND:d26"", ""59-2020-QH14:d201""]",0,0.0,1,0.3333,1,0.3333,1,0.3333,1,0.3333,1,0.6667,0.3333
125,"[""59-2020-QH14:d4"", ""23-2022-ND:d23"", ""168-2025-ND:d44"", ""168-2025-ND:d45"", ""01-2021-ND:d28"", ""168-2025-ND:d28"", ""01-2021-ND:d52"", ""168-2025-ND:d46"", ""168-2025-ND:d26"", ""01-2021-ND:d51""]",0,0.0,0,0.0,0,0.0,0,0.0,1,0.3333,1,0.3333,0.0625,"[""59-2020-QH14:d4"", ""59-2020-QH14:d186"", ""59-2020-QH14:d75"", ""59-2020-QH14:d47"", ""59-2020-QH14:d178"", ""23-2022-ND:d23"", ""168-2025-ND:d42"", ""168-2025-ND:d44"", ""59-2020-QH14:d210"", ""59-2020-QH14:d187""]",0,0.0,0,0.0,1,0.3333,1,0.3333,1,0.3333,1,0.3333,0.25,"[""89-2024-ND:d7"", ""168-2025-ND:d54"", ""168-2025-ND:d69"", ""89-2024-ND:d11"", ""168-2025-ND:d50"", ""168-2025-ND:d51"", ""168-2025-ND:d55"", ""168-2025-ND:d25"", ""01-2021-ND:d25"", ""168-2025-ND:d45""]",0,0.0,0,0.0,0,0.0,0,0.0,1,0.3333,1,0.3333,0.0714,"[""01-2021-ND:d78"", ""168-2025-ND:d105"", ""168-2025-ND:d72"", ""01-2021-ND:d91"", ""23-2022-ND:d45"", ""01-2021-ND:d92"", ""59-2020-QH14:d206"", ""59-2020-QH14:d110"", ""01-2021-ND:d93"", ""23-2022-ND:d47""]",0,0.0,0,0.0,0,0.0,0,0.0,0,0.0,0,0.0,0.0
127,"[""59-2020-QH14:d4"", ""23-2022-ND:d23"", ""168-2025-ND:d57"", ""168-2025-ND:d54"", ""89-2024-ND:d11"", ""59-2020-QH14:d155"", ""168-2025-ND:d100"", ""168-2025-ND:d101"", ""168-2025-ND:d49"", ""168-2024-ND-CP:d3""]",0,0.0,0,0.0,0,0.0,0,0.0,0,0.0,0,0.0,0.0,"[""59-2020-QH14:d4"", ""23-2022-ND:d23"", ""168-2025-ND:d101"", ""168-2025-ND:d57"", ""168-2025-ND:d49"", ""01-2021-ND:d56"", ""168-2025-ND:d22"", ""168-2025-ND:d85"", ""01-2021-ND:d89"", ""168-2025-ND:d51""]",0,0.0,0,0.0,0,0.0,0,0.0,0,0.0,0,0.0,0.0,"[""168-2025-ND:d54"", ""168-2025-ND:d51"", ""168-2025-ND:d69"", ""168-2025-ND:d40"", ""168-2025-ND:d15"", ""01-2021-ND:d47"", ""168-2025-ND:d121"", ""168-2025-ND:d100"", ""168-2024-ND-CP:d3"", ""168-2025-ND:d49""]",0,0.0,0,0.0,0,0.0,0,0.0,0,0.0,0,0.0,0.0,"[""01-2021-ND:d47"", ""168-2025-ND:d40"", ""168-2025-ND:d41"", ""168-2025-ND:d49"", ""01-2021-ND:d54"", ""168-2025-ND:d47"", ""168-2025-ND:d100"", ""168-2025-ND:d42"", ""01-2021-ND:d48"", ""01-2021-ND:d56""]",0,0.0,0,0.0,0,0.0,0,0.0,0,0.0,0,0.0,0.0
128,"[""168-2025-ND:d124"", ""01-2021-ND:d7"", ""168-2025-ND:d8"", ""01-2021-ND:d8"", ""168-2025-ND:d89"", ""168-2025-ND:d7"", ""01-2021-ND:d17"", ""59-2020-QH14:d48"", ""59-2020-QH14:d150"", ""59-2020-QH14:d164""]",0,0.0,0,0.0,0,0.0,0,0.0,0,0.0,0,0.0,0.0,"[""01-2021-ND:d7"", ""168-2025-ND:d7"", ""01-2021-ND:d89"", ""168-2025-ND:d89"", ""59-2020-QH14:d29"", ""168-2025-ND:d8"", ""01-2021-ND:d8"", ""168-2025-ND:d122"", ""168-2025-ND:d49"", ""01-2021-ND:d56""]",0,0.0,0,0.0,0,0.0,0,0.0,0,0.0,0,0.0,0.0,"[""59-2020-QH14:d31"", ""168-2025-ND:d69"", ""168-2025-ND:d49"", ""168-2025-ND:d54"", ""01-2021-ND:d56"", ""168-2025-ND:d8"", ""01-2021-ND:d8"", ""168-2025-ND:d55"", ""01-2021-ND:d17"", ""01-2021-ND:d60""]",0,0.0,0,0.0,0,0.0,0,0.0,0,0.0,0,0.0,0.0,"[""168-2025-ND:d122"", ""168-2025-ND:d64"", ""168-2025-ND:d124"", ""01-2021-ND:d8"", ""01-2021-ND:d100"", ""168-2025-ND:d8"", ""248-2025-ND:d10"", ""01-2021-ND:d42"", ""168-2025-ND:d91"", ""47-2021-ND:d25""]",0,0.0,0,0.0,0,0.0,0,0.0,0,0.0,0,0.0,0.0
130,"[""168-2025-ND:d26"", ""01-2021-ND:d26"", ""59-2020-QH14:d203"", ""168-2025-ND:d51"", ""01-2021-ND:d58"", ""01-2021-ND:d51"", ""59-2020-QH14:d127"", ""59-2020-QH14:d120"", ""168-2025-ND:d44"", ""59-2020-QH14:d31""]",0,0.0,0,0.0,0,0.0,1,0.6667,1,0.6667,1,0.6667,0.1429,"[""59-2020-QH14:d203"", ""59-2020-QH14:d120"", ""59-2020-QH14:d111"", ""59-2020-QH14:d127"", ""59-2020-QH14:d204"", ""01-2021-ND:d58"", ""168-2025-ND:d51"", ""168-2025-ND:d26"", ""01-2021-ND:d26"", ""47-2021-ND:d12""]",0,0.0,1,0.3333,1,0.6667,1,0.6667,1,0.6667,1,0.6667,0.5,"[""168-2025-ND:d24"", ""01-2021-ND:d23"", ""59-2020-QH14:d22"", ""59-2020-QH14:d203"", ""59-2020-QH14:d204"", ""59-2020-QH14:d202"", ""59-2020-QH14:d205"", ""01-2021-ND:d50"", ""01-2021-ND:d58"", ""168-2025-ND:d43""]",0,0.0,0,0.0,0,0.0,0,0.0,1,0.6667,1,0.6667,0.0667,"[""59-2020-QH14:d132"", ""59-2020-QH14:d121"", ""59-2020-QH14:d111"", ""59-2020-QH14:d112"", ""59-2020-QH14:d125"", ""168-2025-ND:d50"", ""59-2020-QH14:d123"", ""59-2020-QH14:d122"", ""01-2021-ND:d57"", ""59-2020-QH14:d118""]",0,0.0,0,0.0,0,0.0,1,0.3333,1,1.0,1,1.0,0.125
131,"[""59-2020-QH14:d4"", ""23-2022-ND:d23"", ""59-2020-QH14:d155"", ""168-2024-ND-CP:d26"", ""36-2024-QH15:d2"", ""36-2024-QH15:d10"", ""168-2024-ND-CP:d27"", ""168-2025-ND:d28"", ""01-2021-ND:d28"", ""36-2024-QH15:d46""]",0,0.0,0,0.0,0,0.0,0,0.0,0,0.0,0,0.0,0.0,"[""23-2022-ND:d23"", ""59-2020-QH14:d4"", ""59-2020-QH14:d155"", ""36-2024-QH15:d10"", ""59-2020-QH14:d188"", ""59-2020-QH14:d51"", ""36-2024-QH15:d51"", ""59-2020-QH14:d87"", ""59-2020-QH14:d75"", ""59-2020-QH14:d202""]",0,0.0,0,0.0,0,0.0,0,0.0,0,0.0,0,0.0,0.0,"[""59-2020-QH14:d205"", ""01-2021-ND:d25"", ""168-2025-ND:d25"", ""23-2022-ND:d6"", ""01-2021-ND:d23"", ""59-2020-QH14:d47"", ""168-2025-ND:d24"", ""168-2025-ND:d54"", ""59-2020-QH14:d25"", ""01-2021-ND:d98""]",0,0.0,0,0.0,0,0.0,0,0.0,0,0.0,0,0.0,0.0,"[""47-2021-ND:d31"", ""59-2020-QH14:d73"", ""01-2021-ND:d23"", ""01-2021-ND:d24"", ""59-2020-QH14:d33"", ""168-2025-ND:d99"", ""59-2020-QH14:d32"", ""47-2021-ND:d25"", ""89-2024-ND:d10"", ""89-2024-ND:d13""]",0,0.0,0,0.0,0,0.0,0,0.0,0,0.0,1,0.3333,0.0345
133,"[""59-2020-QH14:d4"", ""01-2021-ND:d51"", ""168-2025-ND:d44"", ""01-2021-ND:d52"", ""168-2025-ND:d45"", ""168-2025-ND:d26"", ""59-2020-QH14:d47"", ""01-2021-ND:d26"", ""59-2020-QH14:d68"", ""59-2020-QH14:d52""]",0,0.0,0,0.0,0,0.0,1,0.5,1,0.5,1,0.5,0.1,"[""01-2021-ND:d51"", ""168-2025-ND:d44"", ""59-2020-QH14:d52"", ""01-2021-ND:d52"", ""59-2020-QH14:d68"", ""168-2025-ND:d45"", ""59-2020-QH14:d4"", ""01-2021-ND:d49"", ""01-2021-ND:d58"", ""59-2020-QH14:d47""]",0,0.0,1,0.5,1,0.5,1,0.5,1,0.5,1,1.0,0.3333,"[""168-2025-ND:d54"", ""168-2025-ND:d45"", ""01-2021-ND:d52"", ""168-2025-ND:d46"", ""59-2020-QH14:d205"", ""01-2021-ND:d53"", ""89-2024-ND:d11"", ""59-2020-QH14:d203"", ""59-2020-QH14:d25"", ""01-2021-ND:d23""]",0,0.0,0,0.0,0,0.0,0,0.0,0,0.0,0,0.0,0.0,"[""01-2021-ND:d52"", ""168-2025-ND:d45"", ""01-2021-ND:d53"", ""168-2025-ND:d46"", ""59-2020-QH14:d177"", ""01-2021-ND:d50"", ""168-2025-ND:d43"", ""168-2025-ND:d55"", ""01-2021-ND:d61"", ""59-2020-QH14:d204""]",0,0.0,0,0.0,0,0.0,0,0.0,0,0.0,0,0.0,0.0
134,"[""59-2020-QH14:d4"", ""168-2025-ND:d44"", ""01-2021-ND:d51"", ""168-2025-ND:d26"", ""01-2021-ND:d26"", ""168-2025-ND:d28"", ""01-2021-ND:d28"", ""168-2025-ND:d45"", ""168-2025-ND:d51"", ""01-2021-ND:d52""]",0,0.0,0,0.0,0,0.0,0,0.0,0,0.0,0,0.0,0.0,"[""59-2020-QH14:d87"", ""168-2025-ND:d44"", ""59-2020-QH14:d123"", ""01-2021-ND:d51"", ""59-2020-QH14:d68"", ""168-2025-ND:d51"", ""168-2025-ND:d26"", ""01-2021-ND:d9"", ""01-2021-ND:d26"", ""168-2025-ND:d55""]",0,0.0,0,0.0,0,0.0,0,0.0,1,0.5,1,0.5,0.0625,"[""168-2025-ND:d69"", ""168-2025-ND:d51"", ""168-2025-ND:d54"", ""168-2025-ND:d50"", ""01-2021-ND:d23"", ""168-2025-ND:d43"", ""168-2025-ND:d24"", ""59-2020-QH14:d203"", ""59-2020-QH14:d205"", ""168-2025-ND:d71""]",0,0.0,0,0.0,0,0.0,0,0.0,0,0.0,1,0.5,0.0476,"[""01-2021-ND:d51"", ""168-2025-ND:d44"", ""01-2021-ND:d52"", ""01-2021-ND:d23"", ""168-2025-ND:d46"", ""01-2021-ND:d53"", ""168-2025-ND:d45"", ""59-2020-QH14:d78"", ""59-2020-QH14:d87"", ""168-2025-ND:d43""]",0,0.0,0,0.0,0,0.0,0,0.0,1,0.5,1,0.5,0.0526
135,"[""59-2020-QH14:d4"", ""23-2022-ND:d23"", ""168-2025-ND:d28"", ""01-2021-ND:d28"", ""36-2024-QH15:d2"", ""59-2020-QH14:d155"", ""01-2021-ND:d53"", ""168-2025-ND:d46"", ""168-2024-ND-CP:d26"", ""01-2021-ND:d52""]",0,0.0,0,0.0,0,0.0,0,0.0,0,0.0,0,0.0,0.0,"[""23-2022-ND:d23"", ""59-2020-QH14:d4"", ""168-2025-ND:d28"", ""01-2021-ND:d28"", ""01-2021-ND:d9"", ""01-2021-ND:d53"", ""168-2025-ND:d9"", ""59-2020-QH14:d155"", ""59-2020-QH14:d198"", ""168-2025-ND:d46""]",0,0.0,0,0.0,0,0.0,0,0.0,0,0.0,0,0.0,0.0,"[""168-2025-ND:d50"", ""01-2021-ND:d23"", ""168-2025-ND:d26"", ""01-2021-ND:d25"", ""168-2025-ND:d25"", ""168-2025-ND:d69"", ""01-2021-ND:d26"", ""168-2025-ND:d54"", ""168-2025-ND:d51"", ""01-2021-ND:d28""]",0,0.0,0,0.0,0,0.0,0,0.0,0,0.0,0,0.0,0.0,"[""168-2025-ND:d42"", ""01-2021-ND:d52"", ""01-2021-ND:d49"", ""01-2021-ND:d61"", ""168-2025-ND:d55"", ""01-2021-ND:d54"", ""168-2025-ND:d44"", ""168-2025-ND:d45"", ""168-2025-ND:d100"", ""168-2025-ND:d47""]",0,0.0,0,0.0,0,0.0,0,0.0,0,0.0,0,0.0,0.0
136,"[""01-2021-ND:d43"", ""01-2021-ND:d44"", ""168-2025-ND:d38"", ""168-2025-ND:d3"", ""59-2020-QH14:d26"", ""01-2021-ND:d45"", ""168-2025-ND:d12"", ""168-2025-ND:d93"", ""168-2025-ND:d45"", ""168-2025-ND:d39""]",0,0.0,0,0.0,0,0.0,0,0.0,0,0.0,0,0.0,0.0,"[""01-2021-ND:d44"", ""59-2020-QH14:d26"", ""01-2021-ND:d45"", ""168-2025-ND:d38"", ""01-2021-ND:d43"", ""168-2025-ND:d94"", ""168-2025-ND:d37"", ""01-2021-ND:d42"", ""01-2021-ND:d96"", ""168-2025-ND:d111""]",0,0.0,0,0.0,0,0.0,0,0.0,0,0.0,0,0.0,0.0,"[""168-2025-ND:d69"", ""168-2025-ND:d71"", ""01-2021-ND:d44"", ""168-2025-ND:d31"", ""01-2021-ND:d43"", ""01-2021-ND:d45"", ""01-2021-ND:d6"", ""168-2025-ND:d85"", ""168-2025-ND:d121"", ""168-2025-ND:d95""]",0,0.0,0,0.0,0,0.0,0,0.0,0,0.0,0,0.0,0.0,"[""01-2021-ND:d44"", ""168-2025-ND:d77"", ""01-2021-ND:d42"", ""168-2025-ND:d115"", ""01-2021-ND:d94"", ""168-2025-ND:d95"", ""01-2021-ND:d71"", ""168-2025-ND:d105"", ""168-2025-ND:d112"", ""168-2025-ND:d107""]",0,0.0,0,0.0,0,0.0,0,0.0,0,0.0,0,0.0,0.0
137,"[""168-2025-ND:d49"", ""01-2021-ND:d56"", ""168-2025-ND:d7"", ""01-2021-ND:d7"", ""59-2020-QH14:d16"", ""01-2021-ND:d67"", ""168-2025-ND:d61"", ""23-2022-ND:d35"", ""168-2025-ND:d22"", ""168-2025-ND:d89""]",0,0.0,0,0.0,0,0.0,0,0.0,0,0.0,0,0.0,0.0,"[""168-2025-ND:d49"", ""01-2021-ND:d56"", ""168-2025-ND:d7"", ""01-2021-ND:d89"", ""01-2021-ND:d7"", ""01-2021-ND:d33"", ""168-2025-ND:d57"", ""01-2021-ND:d67"", ""168-2025-ND:d85"", ""168-2025-ND:d61""]",0,0.0,0,0.0,0,0.0,0,0.0,0,0.0,0,0.0,0.0,"[""168-2025-ND:d49"", ""01-2021-ND:d56"", ""168-2025-ND:d54"", ""168-2025-ND:d50"", ""168-2025-ND:d69"", ""89-2024-ND:d11"", ""01-2021-ND:d7"", ""168-2025-ND:d7"", ""168-2025-ND:d30"", ""168-2025-ND:d51""]",0,0.0,0,0.0,0,0.0,0,0.0,0,0.0,0,0.0,0.0,"[""168-2025-ND:d64"", ""168-2025-ND:d26"", ""01-2021-ND:d26"", ""168-2025-ND:d100"", ""59-2020-QH14:d30"", ""01-2021-ND:d89"", ""01-2021-ND:d56"", ""168-2025-ND:d123"", ""168-2025-ND:d49"", ""01-2021-ND:d7""]",0,0.0,0,0.0,0,0.0,0,0.0,0,0.0,0,0.0,0.0
138,"[""168-2025-ND:d64"", ""01-2021-ND:d70"", ""168-2025-ND:d65"", ""168-2025-ND:d67"", ""01-2021-ND:d41"", ""168-2025-ND:d69"", ""168-2025-ND:d71"", ""168-2025-ND:d66"", ""01-2021-ND:d28"", ""59-2020-QH14:d209""]",0,0.0,0,0.0,0,0.0,1,0.3333,1,0.6667,1,0.6667,0.1,"[""23-2022-ND:d41"", ""168-2025-ND:d64"", ""168-2025-ND:d65"", ""01-2021-ND:d70"", ""168-2025-ND:d67"", ""01-2021-ND:d72"", ""168-2025-ND:d66"", ""01-2021-ND:d71"", ""01-2021-ND:d32"", ""01-2021-ND:d9""]",0,0.0,0,0.0,0,0.0,0,0.0,1,0.3333,1,0.3333,0.0588,"[""168-2025-ND:d69"", ""168-2025-ND:d71"", ""59-2020-QH14:d209"", ""23-2022-ND:d6"", ""168-2025-ND:d65"", ""01-2021-ND:d71"", ""168-2025-ND:d31"", ""16-2023-ND:d11"", ""168-2025-ND:d104"", ""01-2021-ND:d28""]",0,0.0,1,0.3333,1,0.3333,1,0.3333,1,0.3333,1,0.3333,0.3333,"[""01-2021-ND:d92"", ""59-2020-QH14:d210"", ""168-2025-ND:d104"", ""59-2020-QH14:d109"", ""47-2021-ND:d23"", ""23-2022-ND:d41"", ""59-2020-QH14:d208"", ""01-2021-ND:d78"", ""16-2023-ND:d13"", ""23-2022-ND:d42""]",0,0.0,0,0.0,0,0.0,1,0.3333,1,0.3333,1,0.3333,0.1429
140,"[""59-2020-QH14:d4"", ""168-2025-ND:d86"", ""168-2025-ND:d41"", ""168-2025-ND:d28"", ""01-2021-ND:d28"", ""01-2021-ND:d48"", ""89-2024-ND:d11"", ""01-2021-ND:d50"", ""168-2025-ND:d40"", ""168-2025-ND:d43""]",0,0.0,0,0.0,0,0.0,0,0.0,0,0.0,0,0.0,0.0,"[""01-2021-ND:d48"", ""168-2025-ND:d41"", ""59-2020-QH14:d4"", ""01-2021-ND:d47"", ""168-2025-ND:d40"", ""89-2024-ND:d9"", ""89-2024-ND:d5"", ""89-2024-ND:d10"", ""89-2024-ND:d6"", ""23-2022-ND:d23""]",0,0.0,0,0.0,0,0.0,0,0.0,0,0.0,0,0.0,0.0,"[""168-2025-ND:d46"", ""168-2025-ND:d54"", ""01-2021-ND:d53"", ""168-2025-ND:d45"", ""168-2025-ND:d55"", ""01-2021-ND:d52"", ""168-2025-ND:d43"", ""01-2021-ND:d61"", ""01-2021-ND:d50"", ""168-2025-ND:d40""]",0,0.0,0,0.0,0,0.0,0,0.0,0,0.0,0,0.0,0.0,"[""168-2025-ND:d46"", ""01-2021-ND:d53"", ""168-2025-ND:d47"", ""168-2025-ND:d45"", ""168-2025-ND:d55"", ""01-2021-ND:d61"", ""168-2025-ND:d43"", ""01-2021-ND:d54"", ""59-2020-QH14:d204"", ""59-2020-QH14:d202""]",0,0.0,0,0.0,0,0.0,0,0.0,0,0.0,0,0.0,0.0
141,"[""23-2022-ND:d23"", ""59-2020-QH14:d4"", ""59-2020-QH14:d155"", ""168-2025-ND:d28"", ""36-2024-QH15:d4"", ""01-2021-ND:d28"", ""36-2024-QH15:d2"", ""168-2025-ND:d64"", ""01-2021-ND:d73"", ""100-2019-ND-CP:d31""]",0,0.0,0,0.0,0,0.0,0,0.0,0,0.0,0,0.0,0.0,"[""23-2022-ND:d23"", ""59-2020-QH14:d4"", ""59-2020-QH14:d155"", ""168-2025-ND:d40"", ""01-2021-ND:d47"", ""168-2025-ND:d28"", ""01-2021-ND:d28"", ""01-2021-ND:d73"", ""168-2025-ND:d27"", ""59-2020-QH14:d125""]",0,0.0,0,0.0,0,0.0,0,0.0,0,0.0,0,0.0,0.0,"[""168-2025-ND:d69"", ""168-2025-ND:d54"", ""59-2020-QH14:d205"", ""01-2021-ND:d97"", ""168-2025-ND:d119"", ""168-2025-ND:d55"", ""01-2021-ND:d98"", ""89-2024-ND:d7"", ""23-2022-ND:d35"", ""168-2025-ND:d40""]",0,0.0,0,0.0,0,0.0,0,0.0,0,0.0,0,0.0,0.0,"[""89-2024-ND:d8"", ""248-2025-ND:d11"", ""01-2021-ND:d30"", ""168-2025-ND:d29"", ""23-2022-ND:d49"", ""01-2021-ND:d98"", ""168-2025-ND:d40"", ""01-2021-ND:d47"", ""89-2024-ND:d4"", ""23-2022-ND:d51""]",0,0.0,0,0.0,0,0.0,0,0.0,0,0.0,1,0.5,0.0333
143,"[""59-2020-QH14:d4"", ""168-2025-ND:d3"", ""168-2025-ND:d26"", ""23-2022-ND:d23"", ""01-2021-ND:d26"", ""01-2021-ND:d53"", ""01-2021-ND:d58"", ""168-2025-ND:d51"", ""168-2025-ND:d46"", ""168-2025-ND:d45""]",0,0.0,0,0.0,0,0.0,0,0.0,1,0.3333,1,0.6667,0.0588,"[""59-2020-QH14:d4"", ""23-2022-ND:d23"", ""01-2021-ND:d11"", ""59-2020-QH14:d52"", ""01-2021-ND:d58"", ""01-2021-ND:d53"", ""168-2025-ND:d3"", ""168-2025-ND:d26"", ""01-2021-ND:d26"", ""168-2025-ND:d51""]",0,0.0,0,0.0,1,0.3333,1,0.3333,1,0.3333,1,0.6667,0.25,"[""59-2020-QH14:d47"", ""59-2020-QH14:d178"", ""168-2025-ND:d26"", ""59-2020-QH14:d52"", ""01-2021-ND:d51"", ""01-2021-ND:d26"", ""168-2025-ND:d44"", ""168-2025-ND:d95"", ""01-2021-ND:d69"", ""01-2021-ND:d28""]",0,0.0,0,0.0,1,0.3333,1,0.3333,1,0.6667,1,1.0,0.25,"[""01-2021-ND:d11"", ""59-2020-QH14:d34"", ""168-2025-ND:d10"", ""01-2021-ND:d10"", ""01-2021-ND:d83"", ""36-2024-QH15:d55"", ""59-2020-QH14:d17"", ""168-2025-ND:d29"", ""01-2021-ND:d30"", ""168-2024-ND-CP:d37""]",0,0.0,0,0.0,0,0.0,1,0.3333,1,0.3333,1,0.6667,0.1429
144,"[""59-2020-QH14:d16"", ""59-2020-QH14:d8"", ""168-2025-ND:d89"", ""01-2021-ND:d89"", ""23-2022-ND:d6"", ""01-2021-ND:d67"", ""59-2020-QH14:d206"", ""168-2025-ND:d61"", ""23-2022-ND:d35"", ""168-2025-ND:d23""]",0,0.0,0,0.0,0,0.0,0,0.0,0,0.0,0,0.0,0.0,"[""01-2021-ND:d89"", ""168-2025-ND:d33"", ""23-2022-ND:d4"", ""168-2025-ND:d89"", ""59-2020-QH14:d16"", ""59-2020-QH14:d8"", ""01-2021-ND:d34"", ""23-2022-ND:d12"", ""01-2021-ND:d67"", ""01-2021-ND:d82""]",0,0.0,0,0.0,0,0.0,0,0.0,0,0.0,0,0.0,0.0,"[""168-2025-ND:d119"", ""01-2021-ND:d97"", ""168-2025-ND:d71"", ""01-2021-ND:d98"", ""168-2024-ND-CP:d13"", ""168-2025-ND:d121"", ""168-2025-ND:d23"", ""168-2025-ND:d89"", ""01-2021-ND:d67"", ""100-2019-ND-CP:d81""]",0,0.0,0,0.0,0,0.0,0,0.0,0,0.0,0,0.0,0.0,"[""23-2022-ND:d33"", ""01-2021-ND:d95"", ""89-2024-ND:d2"", ""168-2025-ND:d35"", ""168-2025-ND:d89"", ""01-2021-ND:d89"", ""168-2025-ND:d15"", ""89-2024-ND:d1"", ""01-2021-ND:d7"", ""59-2020-QH14:d212""]",0,0.0,0,0.0,0,0.0,0,0.0,0,0.0,0,0.0,0.0
145,"[""168-2025-ND:d40"", ""168-2025-ND:d57"", ""01-2021-ND:d90"", ""01-2021-ND:d47"", ""168-2025-ND:d100"", ""01-2021-ND:d63"", ""168-2025-ND:d101"", ""168-2025-ND:d56"", ""59-2020-QH14:d31"", ""59-2020-QH14:d122""]",0,0.0,0,0.0,0,0.0,0,0.0,0,0.0,0,0.0,0.0,"[""168-2025-ND:d40"", ""01-2021-ND:d47"", ""01-2021-ND:d90"", ""168-2025-ND:d57"", ""168-2025-ND:d101"", ""01-2021-ND:d59"", ""01-2021-ND:d63"", ""168-2025-ND:d53"", ""168-2025-ND:d56"", ""168-2025-ND:d100""]",0,0.0,0,0.0,0,0.0,0,0.0,0,0.0,0,0.0,0.0,"[""168-2025-ND:d40"", ""01-2021-ND:d47"", ""168-2025-ND:d69"", ""01-2021-ND:d39"", ""168-2025-ND:d121"", ""168-2025-ND:d71"", ""168-2025-ND:d50"", ""168-2025-ND:d54"", ""01-2021-ND:d65"", ""168-2025-ND:d56""]",0,0.0,0,0.0,0,0.0,0,0.0,0,0.0,0,0.0,0.0,"[""168-2025-ND:d40"", ""01-2021-ND:d47"", ""168-2025-ND:d53"", ""01-2021-ND:d62"", ""01-2021-ND:d59"", ""168-2025-ND:d56"", ""168-2025-ND:d118"", ""168-2025-ND:d48"", ""01-2021-ND:d90"", ""168-2025-ND:d41""]",0,0.0,0,0.0,0,0.0,0,0.0,0,0.0,0,0.0,0.0
146,"[""36-2024-QH15:d24"", ""36-2024-QH15:d36"", ""168-2024-ND-CP:d3"", ""59-2020-QH14:d193"", ""59-2020-QH14:d53"", ""168-2025-ND:d82"", ""36-2024-QH15:d27"", ""59-2020-QH14:d181"", ""59-2020-QH14:d135"", ""01-2021-ND:d79""]",0,0.0,0,0.0,0,0.0,0,0.0,0,0.0,0,0.0,0.0,"[""36-2024-QH15:d36"", ""23-2022-ND:d12"", ""59-2020-QH14:d117"", ""01-2021-ND:d89"", ""168-2025-ND:d7"", ""59-2020-QH14:d135"", ""168-2025-ND:d89"", ""36-2024-QH15:d24"", ""01-2021-ND:d7"", ""59-2020-QH14:d180""]",0,0.0,0,0.0,0,0.0,0,0.0,0,0.0,0,0.0,0.0,"[""168-2025-ND:d71"", ""01-2021-ND:d7"", ""168-2025-ND:d7"", ""168-2025-ND:d89"", ""168-2025-ND:d49"", ""01-2021-ND:d56"", ""01-2021-ND:d89"", ""168-2024-ND-CP:d3"", ""168-2025-ND:d82"", ""168-2025-ND:d23""]",0,0.0,0,0.0,0,0.0,0,0.0,0,0.0,0,0.0,0.0,"[""168-2025-ND:d67"", ""23-2022-ND:d45"", ""23-2022-ND:d39"", ""59-2020-QH14:d214"", ""168-2025-ND:d61"", ""01-2021-ND:d67"", ""01-2021-ND:d73"", ""23-2022-ND:d21"", ""01-2021-ND:d41"", ""01-2021-ND:d78""]",0,0.0,0,0.0,0,0.0,0,0.0,0,0.0,0,0.0,0.0
148,"[""59-2020-QH14:d4"", ""23-2022-ND:d23"", ""168-2024-ND-CP:d27"", ""36-2024-QH15:d46"", ""168-2024-ND-CP:d26"", ""59-2020-QH14:d155"", ""36-2024-QH15:d6"", ""168-2025-ND:d7"", ""01-2021-ND:d7"", ""168-2025-ND:d89""]",0,0.0,0,0.0,0,0.0,0,0.0,1,0.5,1,0.5,0.0588,"[""168-2025-ND:d7"", ""23-2022-ND:d23"", ""01-2021-ND:d7"", ""168-2025-ND:d89"", ""59-2020-QH14:d4"", ""01-2021-ND:d89"", ""23-2022-ND:d12"", ""59-2020-QH14:d155"", ""59-2020-QH14:d180"", ""168-2025-ND:d33""]",0,0.0,0,0.0,0,0.0,0,0.0,1,0.5,1,0.5,0.05,"[""01-2021-ND:d7"", ""168-2024-ND-CP:d27"", ""168-2025-ND:d7"", ""168-2025-ND:d49"", ""168-2025-ND:d89"", ""168-2025-ND:d69"", ""01-2021-ND:d97"", ""168-2025-ND:d119"", ""59-2020-QH14:d45"", ""168-2024-ND-CP:d3""]",0,0.0,0,0.0,0,0.0,0,0.0,0,0.0,0,0.0,0.0,"[""01-2021-ND:d7"", ""01-2021-ND:d89"", ""01-2021-ND:d56"", ""168-2025-ND:d7"", ""168-2025-ND:d49"", ""01-2021-ND:d70"", ""168-2025-ND:d27"", ""168-2025-ND:d115"", ""01-2021-ND:d26"", ""47-2021-ND:d25""]",0,0.0,0,0.0,0,0.0,0,0.0,0,0.0,0,0.0,0.0
151,"[""168-2025-ND:d121"", ""168-2025-ND:d3"", ""59-2020-QH14:d4"", ""36-2024-QH15:d74"", ""168-2025-ND:d36"", ""36-2024-QH15:d3"", ""36-2024-QH15:d70"", ""36-2024-QH15:d36"", ""168-2025-ND:d23"", ""01-2021-ND:d79""]",0,0.0,0,0.0,0,0.0,0,0.0,1,0.5,1,0.5,0.0769,"[""168-2025-ND:d121"", ""59-2020-QH14:d45"", ""168-2025-ND:d36"", ""168-2025-ND:d6"", ""01-2021-ND:d31"", ""59-2020-QH14:d213"", ""168-2025-ND:d30"", ""01-2021-ND:d79"", ""01-2021-ND:d6"", ""59-2020-QH14:d40""]",0,0.0,1,0.5,1,0.5,1,0.5,1,1.0,1,1.0,0.5,"[""168-2025-ND:d121"", ""01-2021-ND:d31"", ""168-2025-ND:d30"", ""168-2025-ND:d15"", ""168-2025-ND:d36"", ""01-2021-ND:d98"", ""01-2021-ND:d62"", ""01-2021-ND:d39"", ""168-2025-ND:d56"", ""168-2025-ND:d120""]",0,0.0,0,0.0,0,0.0,0,0.0,1,0.5,1,0.5,0.0909,"[""59-2020-QH14:d125"", ""59-2020-QH14:d140"", ""59-2020-QH14:d123"", ""01-2021-ND:d77"", ""23-2022-ND:d3"", ""59-2020-QH14:d130"", ""59-2020-QH14:d147"", ""59-2020-QH14:d148"", ""59-2020-QH14:d124"", ""47-2021-ND:d12""]",0,0.0,0,0.0,0,0.0,0,0.0,0,0.0,0,0.0,0.0
152,"[""59-2020-QH14:d4"", ""23-2022-ND:d23"", ""59-2020-QH14:d155"", ""01-2021-ND:d8"", ""168-2025-ND:d8"", ""168-2024-ND-CP:d27"", ""168-2025-ND:d123"", ""59-2020-QH14:d31"", ""168-2025-ND:d100"", ""36-2024-QH15:d46""]",0,0.0,0,0.0,0,0.0,0,0.0,0,0.0,0,0.0,0.0,"[""23-2022-ND:d23"", ""59-2020-QH14:d4"", ""59-2020-QH14:d155"", ""01-2021-ND:d8"", ""168-2025-ND:d8"", ""01-2021-ND:d56"", ""168-2025-ND:d49"", ""168-2025-ND:d40"", ""01-2021-ND:d47"", ""59-2020-QH14:d29""]",0,0.0,0,0.0,0,0.0,0,0.0,0,0.0,0,0.0,0.0,"[""168-2025-ND:d100"", ""168-2025-ND:d69"", ""168-2025-ND:d54"", ""168-2025-ND:d55"", ""168-2025-ND:d56"", ""168-2025-ND:d49"", ""168-2025-ND:d50"", ""168-2025-ND:d71"", ""01-2021-ND:d61"", ""01-2021-ND:d62""]",0,0.0,0,0.0,0,0.0,0,0.0,0,0.0,0,0.0,0.0,"[""168-2025-ND:d123"", ""168-2025-ND:d100"", ""168-2025-ND:d118"", ""59-2020-QH14:d30"", ""01-2021-ND:d90"", ""168-2025-ND:d26"", ""59-2020-QH14:d31"", ""01-2021-ND:d26"", ""01-2021-ND:d96"", ""168-2025-ND:d41""]",0,0.0,0,0.0,0,0.0,0,0.0,0,0.0,0,0.0,0.0
153,"[""59-2020-QH14:d4"", ""23-2022-ND:d23"", ""59-2020-QH14:d155"", ""59-2020-QH14:d164"", ""44-2025-ND:d9"", ""59-2020-QH14:d53"", ""59-2020-QH14:d193"", ""168-2025-ND:d7"", ""59-2020-QH14:d78"", ""01-2021-ND:d7""]",0,0.0,0,0.0,0,0.0,0,0.0,0,0.0,0,0.0,0.0,"[""23-2022-ND:d23"", ""168-2025-ND:d78"", ""59-2020-QH14:d4"", ""168-2025-ND:d7"", ""59-2020-QH14:d29"", ""168-2025-ND:d33"", ""01-2021-ND:d7"", ""01-2021-ND:d34"", ""168-2025-ND:d89"", ""23-2022-ND:d5""]",0,0.0,0,0.0,0,0.0,0,0.0,0,0.0,0,0.0,0.0,"[""168-2025-ND:d78"", ""168-2025-ND:d7"", ""168-2025-ND:d69"", ""168-2025-ND:d57"", ""59-2020-QH14:d209"", ""168-2025-ND:d64"", ""168-2025-ND:d49"", ""01-2021-ND:d63"", ""168-2025-ND:d23"", ""168-2025-ND:d71""]",0,0.0,0,0.0,0,0.0,0,0.0,0,0.0,0,0.0,0.0,"[""168-2025-ND:d64"", ""59-2020-QH14:d31"", ""23-2022-ND:d47"", ""168-2025-ND:d124"", ""168-2025-ND:d123"", ""248-2025-ND:d10"", ""01-2021-ND:d100"", ""168-2025-ND:d1"", ""01-2021-ND:d91"", ""168-2025-ND:d32""]",0,0.0,0,0.0,0,0.0,0,0.0,0,0.0,0,0.0,0.0
154,"[""23-2022-ND:d23"", ""44-2025-ND:d15"", ""59-2020-QH14:d4"", ""59-2020-QH14:d210"", ""01-2021-ND:d37"", ""100-2019-ND-CP:d15"", ""168-2025-ND:d97"", ""44-2025-ND:d12"", ""23-2022-ND:d39"", ""59-2020-QH14:d47""]",0,0.0,0,0.0,0,0.0,0,0.0,1,0.3333,1,0.3333,0.0769,"[""23-2022-ND:d23"", ""44-2025-ND:d15"", ""59-2020-QH14:d210"", ""44-2025-ND:d12"", ""59-2020-QH14:d4"", ""01-2021-ND:d9"", ""59-2020-QH14:d92"", ""168-2025-ND:d97"", ""01-2021-ND:d37"", ""168-2025-ND:d9""]",0,0.0,0,0.0,0,0.0,0,0.0,1,0.3333,1,0.3333,0.05,"[""59-2020-QH14:d113"", ""23-2022-ND:d6"", ""168-2025-ND:d69"", ""23-2022-ND:d9"", ""59-2020-QH14:d210"", ""44-2025-ND:d15"", ""59-2020-QH14:d47"", ""59-2020-QH14:d205"", ""59-2020-QH14:d185"", ""01-2021-ND:d97""]",0,0.0,0,0.0,0,0.0,0,0.0,1,0.3333,1,0.6667,0.0625,"[""248-2025-ND:d7"", ""168-2024-ND-CP:d53"", ""248-2025-ND:d10"", ""44-2025-ND:d24"", ""36-2024-QH15:d88"", ""44-2025-ND:d18"", ""100-2019-ND-CP:d84"", ""168-2025-ND:d124"", ""44-2025-ND:d7"", ""44-2025-ND:d32""]",0,0.0,0,0.0,0,0.0,0,0.0,0,0.0,0,0.0,0.0
164,"[""59-2020-QH14:d4"", ""23-2022-ND:d23"", ""168-2025-ND:d7"", ""59-2020-QH14:d30"", ""59-2020-QH14:d155"", ""23-2022-ND:d54"", ""168-2024-ND-CP:d26"", ""36-2024-QH15:d30"", ""168-2024-ND-CP:d27"", ""168-2025-ND:d32""]",0,0.0,0,0.0,0,0.0,0,0.0,0,0.0,0,0.0,0.0,"[""23-2022-ND:d23"", ""59-2020-QH14:d4"", ""168-2025-ND:d32"", ""168-2025-ND:d7"", ""59-2020-QH14:d30"", ""168-2025-ND:d39"", ""168-2025-ND:d9"", ""168-2025-ND:d117"", ""168-2025-ND:d53"", ""01-2021-ND:d7""]",0,0.0,0,0.0,0,0.0,0,0.0,0,0.0,0,0.0,0.0,"[""168-2025-ND:d31"", ""168-2025-ND:d69"", ""168-2025-ND:d100"", ""168-2025-ND:d95"", ""23-2022-ND:d6"", ""168-2025-ND:d71"", ""01-2021-ND:d69"", ""168-2025-ND:d30"", ""23-2022-ND:d8"", ""168-2025-ND:d26""]",0,0.0,0,0.0,0,0.0,0,0.0,0,0.0,0,0.0,0.0,"[""168-2025-ND:d124"", ""16-2023-ND:d13"", ""01-2021-ND:d100"", ""168-2025-ND:d64"", ""23-2022-ND:d47"", ""01-2021-ND:d91"", ""168-2025-ND:d78"", ""47-2021-ND:d18"", ""01-2021-ND:d78"", ""23-2022-ND:d54""]",0,0.0,0,0.0,0,0.0,0,0.0,0,0.0,0,0.0,0.0
165,"[""59-2020-QH14:d4"", ""44-2025-ND:d29"", ""168-2025-ND:d28"", ""01-2021-ND:d28"", ""59-2020-QH14:d155"", ""168-2025-ND:d64"", ""36-2024-QH15:d2"", ""01-2021-ND:d70"", ""168-2024-ND-CP:d27"", ""59-2020-QH14:d146""]",0,0.0,0,0.0,0,0.0,0,0.0,1,1.0,1,1.0,0.0769,"[""59-2020-QH14:d207"", ""23-2022-ND:d44"", ""01-2021-ND:d70"", ""168-2025-ND:d28"", ""168-2025-ND:d64"", ""01-2021-ND:d64"", ""01-2021-ND:d28"", ""168-2025-ND:d58"", ""23-2022-ND:d43"", ""44-2025-ND:d29""]",1,0.3333,1,0.3333,1,0.3333,1,0.3333,1,0.3333,1,0.6667,1.0,"[""168-2025-ND:d69"", ""59-2020-QH14:d149"", ""01-2021-ND:d70"", ""168-2025-ND:d64"", ""168-2025-ND:d54"", ""23-2022-ND:d43"", ""44-2025-ND:d29"", ""59-2020-QH14:d146"", ""59-2020-QH14:d208"", ""01-2021-ND:d60""]",0,0.0,0,0.0,0,0.0,1,0.3333,1,0.6667,1,1.0,0.1111,"[""59-2020-QH14:d149"", ""59-2020-QH14:d147"", ""59-2020-QH14:d123"", ""59-2020-QH14:d148"", ""59-2020-QH14:d125"", ""59-2020-QH14:d151"", ""168-2025-ND:d72"", ""59-2020-QH14:d23"", ""59-2020-QH14:d145"", ""01-2021-ND:d30""]",0,0.0,0,0.0,1,0.3333,1,0.3333,1,0.3333,1,0.6667,0.25
168,"[""59-2020-QH14:d4"", ""59-2020-QH14:d47"", ""168-2024-ND-CP:d26"", ""168-2025-ND:d44"", ""01-2021-ND:d51"", ""168-2024-ND-CP:d27"", ""168-2024-ND-CP:d20"", ""59-2020-QH14:d68"", ""168-2025-ND:d45"", ""168-2025-ND:d26""]",0,0.0,1,0.5,1,0.5,1,0.5,1,0.5,1,0.5,0.5,"[""59-2020-QH14:d47"", ""59-2020-QH14:d4"", ""59-2020-QH14:d68"", ""59-2020-QH14:d178"", ""01-2021-ND:d51"", ""168-2025-ND:d44"", ""59-2020-QH14:d87"", ""59-2020-QH14:d75"", ""01-2021-ND:d61"", ""168-2025-ND:d55""]",1,0.5,1,0.5,1,0.5,1,0.5,1,0.5,1,1.0,1.0,"[""89-2024-ND:d7"", ""168-2025-ND:d44"", ""59-2020-QH14:d47"", ""23-2022-ND:d6"", ""44-2025-ND:d27"", ""01-2021-ND:d51"", ""44-2025-ND:d29"", ""59-2020-QH14:d53"", ""59-2020-QH14:d187"", ""168-2025-ND:d55""]",0,0.0,1,0.5,1,0.5,1,0.5,1,0.5,1,0.5,0.3333,"[""59-2020-QH14:d70"", ""59-2020-QH14:d52"", ""59-2020-QH14:d51"", ""59-2020-QH14:d178"", ""59-2020-QH14:d136"", ""01-2021-ND:d51"", ""168-2025-ND:d44"", ""59-2020-QH14:d68"", ""59-2020-QH14:d50"", ""59-2020-QH14:d218""]",0,0.0,0,0.0,0,0.0,0,0.0,1,0.5,1,0.5,0.0769
169,"[""59-2020-QH14:d4"", ""23-2022-ND:d23"", ""59-2020-QH14:d155"", ""168-2025-ND:d28"", ""01-2021-ND:d28"", ""59-2020-QH14:d61"", ""59-2020-QH14:d149"", ""47-2021-ND:d30"", ""59-2020-QH14:d17"", ""23-2022-ND:d6""]",0,0.0,0,0.0,0,0.0,0,0.0,0,0.0,0,0.0,0.0,"[""23-2022-ND:d23"", ""59-2020-QH14:d4"", ""59-2020-QH14:d155"", ""01-2021-ND:d9"", ""168-2025-ND:d9"", ""168-2025-ND:d90"", ""23-2022-ND:d12"", ""168-2025-ND:d5"", ""89-2024-ND:d6"", ""89-2024-ND:d5""]",0,0.0,0,0.0,0,0.0,0,0.0,0,0.0,0,0.0,0.0,"[""01-2021-ND:d25"", ""168-2025-ND:d25"", ""01-2021-ND:d23"", ""01-2021-ND:d24"", ""23-2022-ND:d6"", ""01-2021-ND:d98"", ""01-2021-ND:d30"", ""168-2025-ND:d24"", ""168-2025-ND:d29"", ""59-2020-QH14:d113""]",0,0.0,0,0.0,0,0.0,0,0.0,0,0.0,0,0.0,0.0,"[""168-2025-ND:d115"", ""168-2025-ND:d99"", ""01-2021-ND:d94"", ""168-2025-ND:d77"", ""01-2021-ND:d21"", ""168-2025-ND:d32"", ""168-2025-ND:d100"", ""59-2020-QH14:d23"", ""01-2021-ND:d68"", ""168-2025-ND:d110""]",0,0.0,0,0.0,0,0.0,0,0.0,0,0.0,0,0.0,0.0
170,"[""59-2020-QH14:d4"", ""59-2020-QH14:d14"", ""89-2024-ND:d11"", ""01-2021-ND:d52"", ""168-2025-ND:d46"", ""01-2021-ND:d53"", ""01-2021-ND:d23"", ""59-2020-QH14:d197"", ""59-2020-QH14:d12"", ""89-2024-ND:d10""]",0,0.0,0,0.0,0,0.0,0,0.0,0,0.0,0,0.0,0.0,"[""59-2020-QH14:d14"", ""59-2020-QH14:d195"", ""89-2024-ND:d10"", ""59-2020-QH14:d21"", ""01-2021-ND:d24"", ""01-2021-ND:d22"", ""47-2021-ND:d7"", ""59-2020-QH14:d197"", ""59-2020-QH14:d194"", ""89-2024-ND:d8""]",0,0.0,0,0.0,0,0.0,0,0.0,0,0.0,0,0.0,0.0,"[""168-2025-ND:d43"", ""59-2020-QH14:d14"", ""01-2021-ND:d50"", ""168-2025-ND:d54"", ""59-2020-QH14:d15"", ""89-2024-ND:d7"", ""59-2020-QH14:d71"", ""59-2020-QH14:d47"", ""59-2020-QH14:d12"", ""44-2025-ND:d29""]",0,0.0,0,0.0,0,0.0,0,0.0,0,0.0,0,0.0,0.0,"[""59-2020-QH14:d14"", ""168-2025-ND:d46"", ""59-2020-QH14:d67"", ""59-2020-QH14:d51"", ""01-2021-ND:d53"", ""59-2020-QH14:d195"", ""168-2025-ND:d43"", ""89-2024-ND:d10"", ""89-2024-ND:d11"", ""59-2020-QH14:d21""]",0,0.0,0,0.0,0,0.0,0,0.0,0,0.0,0,0.0,0.0
172,"[""23-2022-ND:d6"", ""168-2025-ND:d30"", ""168-2025-ND:d8"", ""36-2024-QH15:d9"", ""01-2021-ND:d8"", ""01-2021-ND:d31"", ""168-2024-ND-CP:d32"", ""168-2025-ND:d11"", ""36-2024-QH15:d39"", ""168-2024-ND-CP:d3""]",0,0.0,0,0.0,0,0.0,0,0.0,0,0.0,0,0.0,0.0,"[""01-2021-ND:d31"", ""168-2025-ND:d30"", ""01-2021-ND:d9"", ""59-2020-QH14:d45"", ""168-2025-ND:d9"", ""168-2025-ND:d56"", ""168-2025-ND:d90"", ""168-2025-ND:d8"", ""01-2021-ND:d8"", ""168-2025-ND:d57""]",0,0.0,0,0.0,1,0.5,1,0.5,1,0.5,1,0.5,0.25,"[""23-2022-ND:d6"", ""36-2024-QH15:d39"", ""168-2025-ND:d30"", ""89-2024-ND:d7"", ""01-2021-ND:d31"", ""168-2025-ND:d54"", ""01-2021-ND:d29"", ""168-2024-ND-CP:d3"", ""168-2025-ND:d23"", ""168-2025-ND:d8""]",0,0.0,0,0.0,0,0.0,0,0.0,0,0.0,0,0.0,0.0,"[""01-2021-ND:d83"", ""89-2024-ND:d13"", ""168-2025-ND:d30"", ""01-2021-ND:d77"", ""01-2021-ND:d31"", ""89-2024-ND:d12"", ""59-2020-QH14:d73"", ""59-2020-QH14:d45"", ""59-2020-QH14:d40"", ""168-2025-ND:d71""]",0,0.0,0,0.0,0,0.0,1,0.5,1,1.0,1,1.0,0.125
173,"[""59-2020-QH14:d4"", ""23-2022-ND:d23"", ""59-2020-QH14:d155"", ""168-2025-ND:d50"", ""59-2020-QH14:d120"", ""168-2025-ND:d51"", ""168-2025-ND:d24"", ""01-2021-ND:d57"", ""168-2025-ND:d26"", ""168-2025-ND:d28""]",0,0.0,0,0.0,1,0.5,1,0.5,1,0.5,1,0.5,0.2,"[""59-2020-QH14:d4"", ""59-2020-QH14:d120"", ""23-2022-ND:d23"", ""168-2025-ND:d50"", ""01-2021-ND:d57"", ""59-2020-QH14:d22"", ""168-2025-ND:d25"", ""01-2021-ND:d23"", ""168-2025-ND:d24"", ""168-2025-ND:d51""]",0,0.0,1,0.5,1,0.5,1,0.5,1,0.5,1,0.5,0.5,"[""168-2025-ND:d50"", ""168-2025-ND:d51"", ""168-2025-ND:d54"", ""168-2025-ND:d24"", ""01-2021-ND:d23"", ""01-2021-ND:d57"", ""59-2020-QH14:d25"", ""59-2020-QH14:d205"", ""168-2025-ND:d43"", ""168-2025-ND:d25""]",0,0.0,0,0.0,0,0.0,0,0.0,0,0.0,1,0.5,0.04,"[""01-2021-ND:d57"", ""59-2020-QH14:d122"", ""168-2025-ND:d50"", ""59-2020-QH14:d22"", ""01-2021-ND:d23"", ""59-2020-QH14:d120"", ""59-2020-QH14:d23"", ""168-2025-ND:d44"", ""59-2020-QH14:d121"", ""59-2020-QH14:d176""]",0,0.0,0,0.0,0,0.0,1,0.5,1,0.5,1,0.5,0.1667
174,"[""59-2020-QH14:d4"", ""23-2022-ND:d23"", ""01-2021-ND:d50"", ""168-2025-ND:d43"", ""01-2021-ND:d52"", ""168-2025-ND:d45"", ""168-2025-ND:d46"", ""01-2021-ND:d53"", ""01-2021-ND:d28"", ""168-2025-ND:d28""]",0,0.0,0,0.0,0,0.0,0,0.0,0,0.0,0,0.0,0.0,"[""23-2022-ND:d23"", ""59-2020-QH14:d4"", ""59-2020-QH14:d21"", ""01-2021-ND:d48"", ""01-2021-ND:d47"", ""01-2021-ND:d50"", ""01-2021-ND:d22"", ""01-2021-ND:d49"", ""89-2024-ND:d10"", ""168-2025-ND:d41""]",0,0.0,0,0.0,0,0.0,0,0.0,0,0.0,0,0.0,0.0,"[""168-2025-ND:d54"", ""168-2025-ND:d43"", ""59-2020-QH14:d71"", ""01-2021-ND:d50"", ""168-2025-ND:d71"", ""168-2025-ND:d69"", ""168-2025-ND:d46"", ""168-2025-ND:d45"", ""01-2021-ND:d53"", ""01-2021-ND:d60""]",0,0.0,0,0.0,0,0.0,0,0.0,0,0.0,0,0.0,0.0,"[""59-2020-QH14:d94"", ""168-2025-ND:d45"", ""168-2025-ND:d43"", ""59-2020-QH14:d160"", ""01-2021-ND:d50"", ""89-2024-ND:d13"", ""01-2021-ND:d49"", ""59-2020-QH14:d144"", ""59-2020-QH14:d49"", ""168-2025-ND:d42""]",0,0.0,0,0.0,0,0.0,0,0.0,0,0.0,0,0.0,0.0
175,"[""168-2024-ND-CP:d27"", ""59-2020-QH14:d4"", ""36-2024-QH15:d46"", ""36-2024-QH15:d10"", ""168-2024-ND-CP:d3"", ""36-2024-QH15:d30"", ""168-2024-ND-CP:d26"", ""36-2024-QH15:d31"", ""23-2022-ND:d23"", ""36-2024-QH15:d2""]",0,0.0,0,0.0,0,0.0,0,0.0,0,0.0,0,0.0,0.0,"[""168-2025-ND:d34"", ""01-2021-ND:d9"", ""168-2025-ND:d9"", ""168-2025-ND:d90"", ""01-2021-ND:d85"", ""168-2025-ND:d32"", ""01-2021-ND:d44"", ""168-2025-ND:d56"", ""168-2025-ND:d40"", ""01-2021-ND:d45""]",0,0.0,0,0.0,0,0.0,0,0.0,0,0.0,0,0.0,0.0,"[""168-2025-ND:d40"", ""168-2025-ND:d100"", ""168-2025-ND:d31"", ""168-2025-ND:d56"", ""168-2025-ND:d57"", ""168-2025-ND:d50"", ""01-2021-ND:d69"", ""01-2021-ND:d31"", ""01-2021-ND:d32"", ""168-2025-ND:d51""]",0,0.0,0,0.0,0,0.0,0,0.0,0,0.0,0,0.0,0.0,"[""89-2024-ND:d13"", ""168-2025-ND:d70"", ""01-2021-ND:d49"", ""168-2025-ND:d40"", ""168-2025-ND:d42"", ""168-2025-ND:d101"", ""168-2025-ND:d44"", ""01-2021-ND:d90"", ""01-2021-ND:d47"", ""01-2021-ND:d51""]",0,0.0,0,0.0,0,0.0,0,0.0,0,0.0,1,0.5,0.0435
176,"[""59-2020-QH14:d110"", ""59-2020-QH14:d205"", ""168-2025-ND:d23"", ""59-2020-QH14:d181"", ""59-2020-QH14:d196"", ""59-2020-QH14:d17"", ""59-2020-QH14:d98"", ""59-2020-QH14:d115"", ""59-2020-QH14:d188"", ""59-2020-QH14:d71""]",0,0.0,0,0.0,0,0.0,0,0.0,0,0.0,0,0.0,0.0,"[""59-2020-QH14:d110"", ""59-2020-QH14:d188"", ""168-2025-ND:d33"", ""59-2020-QH14:d205"", ""01-2021-ND:d97"", ""168-2025-ND:d119"", ""01-2021-ND:d98"", ""168-2025-ND:d87"", ""59-2020-QH14:d1"", ""01-2021-ND:d34""]",0,0.0,0,0.0,0,0.0,0,0.0,0,0.0,0,0.0,0.0,"[""01-2021-ND:d98"", ""01-2021-ND:d97"", ""168-2025-ND:d119"", ""168-2025-ND:d69"", ""168-2025-ND:d71"", ""01-2021-ND:d31"", ""168-2025-ND:d30"", ""168-2025-ND:d121"", ""01-2021-ND:d39"", ""168-2025-ND:d118""]",0,0.0,0,0.0,0,0.0,0,0.0,0,0.0,0,0.0,0.0,"[""01-2021-ND:d91"", ""168-2025-ND:d103"", ""59-2020-QH14:d206"", ""89-2024-ND:d12"", ""168-2025-ND:d105"", ""01-2021-ND:d94"", ""168-2025-ND:d107"", ""01-2021-ND:d90"", ""01-2021-ND:d66"", ""01-2021-ND:d33""]",0,0.0,1,0.3333,1,0.3333,1,0.3333,1,0.3333,1,0.3333,0.3333
178,"[""59-2020-QH14:d4"", ""59-2020-QH14:d195"", ""89-2024-ND:d11"", ""59-2020-QH14:d196"", ""23-2022-ND:d54"", ""89-2024-ND:d9"", ""59-2020-QH14:d88"", ""89-2024-ND:d2"", ""59-2020-QH14:d194"", ""59-2020-QH14:d197""]",0,0.0,0,0.0,0,0.0,0,0.0,0,0.0,0,0.0,0.0,"[""59-2020-QH14:d195"", ""89-2024-ND:d8"", ""59-2020-QH14:d194"", ""89-2024-ND:d9"", ""47-2021-ND:d7"", ""59-2020-QH14:d88"", ""59-2020-QH14:d197"", ""59-2020-QH14:d196"", ""89-2024-ND:d2"", ""47-2021-ND:d10""]",0,0.0,0,0.0,0,0.0,0,0.0,0,0.0,0,0.0,0.0,"[""89-2024-ND:d7"", ""89-2024-ND:d11"", ""168-2025-ND:d46"", ""01-2021-ND:d25"", ""168-2025-ND:d25"", ""01-2021-ND:d24"", ""01-2021-ND:d53"", ""168-2025-ND:d54"", ""59-2020-QH14:d47"", ""59-2020-QH14:d75""]",0,0.0,0,0.0,0,0.0,0,0.0,1,0.3333,1,0.3333,0.0625,"[""168-2025-ND:d99"", ""248-2025-ND:d2"", ""59-2020-QH14:d75"", ""59-2020-QH14:d47"", ""01-2021-ND:d24"", ""168-2025-ND:d46"", ""59-2020-QH14:d78"", ""168-2025-ND:d82"", ""168-2025-ND:d25"", ""59-2020-QH14:d23""]",0,0.0,0,0.0,0,0.0,0,0.0,0,0.0,0,0.0,0.0
185,"[""59-2020-QH14:d203"", ""168-2025-ND:d40"", ""168-2025-ND:d51"", ""59-2020-QH14:d31"", ""168-2025-ND:d56"", ""168-2025-ND:d46"", ""59-2020-QH14:d204"", ""168-2025-ND:d44"", ""168-2025-ND:d26"", ""01-2021-ND:d58""]",0,0.0,0,0.0,0,0.0,0,0.0,1,0.5,1,0.5,0.0625,"[""59-2020-QH14:d203"", ""168-2025-ND:d40"", ""168-2025-ND:d56"", ""59-2020-QH14:d204"", ""168-2025-ND:d51"", ""01-2021-ND:d47"", ""01-2021-ND:d58"", ""59-2020-QH14:d31"", ""59-2020-QH14:d120"", ""59-2020-QH14:d127""]",0,0.0,0,0.0,0,0.0,1,0.5,1,0.5,1,0.5,0.1,"[""168-2025-ND:d69"", ""168-2025-ND:d51"", ""168-2025-ND:d50"", ""168-2025-ND:d43"", ""168-2025-ND:d100"", ""59-2020-QH14:d203"", ""01-2021-ND:d50"", ""168-2025-ND:d71"", ""59-2020-QH14:d204"", ""59-2020-QH14:d205""]",0,0.0,0,0.0,0,0.0,0,0.0,0,0.0,0,0.0,0.0,"[""59-2020-QH14:d132"", ""168-2025-ND:d50"", ""59-2020-QH14:d122"", ""59-2020-QH14:d127"", ""168-2025-ND:d44"", ""59-2020-QH14:d133"", ""01-2021-ND:d57"", ""01-2021-ND:d55"", ""168-2025-ND:d48"", ""01-2021-ND:d51""]",0,0.0,0,0.0,1,0.5,1,0.5,1,0.5,1,0.5,0.25
190,"[""59-2020-QH14:d4"", ""23-2022-ND:d23"", ""23-2022-ND:d27"", ""23-2022-ND:d36"", ""59-2020-QH14:d8"", ""59-2020-QH14:d10"", ""23-2022-ND:d35"", ""59-2020-QH14:d105"", ""59-2020-QH14:d16"", ""47-2021-ND:d16""]",0,0.0,0,0.0,0,0.0,0,0.0,0,0.0,0,0.0,0.0,"[""59-2020-QH14:d4"", ""23-2022-ND:d23"", ""59-2020-QH14:d8"", ""23-2022-ND:d4"", ""59-2020-QH14:d188"", ""23-2022-ND:d36"", ""168-2025-ND:d27"", ""59-2020-QH14:d105"", ""23-2022-ND:d27"", ""59-2020-QH14:d16""]",0,0.0,0,0.0,0,0.0,0,0.0,0,0.0,0,0.0,0.0,"[""168-2025-ND:d54"", ""59-2020-QH14:d205"", ""01-2021-ND:d98"", ""168-2025-ND:d119"", ""01-2021-ND:d97"", ""168-2025-ND:d69"", ""168-2025-ND:d121"", ""168-2025-ND:d78"", ""23-2022-ND:d29"", ""168-2025-ND:d24""]",0,0.0,0,0.0,0,0.0,0,0.0,0,0.0,0,0.0,0.0,"[""23-2022-ND:d8"", ""01-2021-ND:d89"", ""01-2021-ND:d7"", ""59-2020-QH14:d2"", ""168-2025-ND:d7"", ""59-2020-QH14:d23"", ""23-2022-ND:d35"", ""168-2025-ND:d28"", ""01-2021-ND:d28"", ""59-2020-QH14:d8""]",0,0.0,0,0.0,0,0.0,0,0.0,1,0.2,1,0.2,0.0667
196,"[""59-2020-QH14:d4"", ""59-2020-QH14:d47"", ""59-2020-QH14:d71"", ""168-2025-ND:d45"", ""59-2020-QH14:d52"", ""01-2021-ND:d51"", ""168-2025-ND:d44"", ""59-2020-QH14:d68"", ""01-2021-ND:d52"", ""59-2020-QH14:d187""]",0,0.0,0,0.0,1,0.3333,1,0.3333,1,0.6667,1,0.6667,0.2,"[""59-2020-QH14:d52"", ""59-2020-QH14:d186"", ""59-2020-QH14:d51"", ""59-2020-QH14:d180"", ""59-2020-QH14:d4"", ""59-2020-QH14:d50"", ""59-2020-QH14:d75"", ""59-2020-QH14:d177"", ""59-2020-QH14:d47"", ""59-2020-QH14:d187""]",1,0.3333,1,0.6667,1,0.6667,1,0.6667,1,0.6667,1,0.6667,1.0,"[""89-2024-ND:d7"", ""23-2022-ND:d38"", ""89-2024-ND:d11"", ""59-2020-QH14:d203"", ""23-2022-ND:d33"", ""168-2025-ND:d45"", ""59-2020-QH14:d204"", ""23-2022-ND:d35"", ""168-2025-ND:d54"", ""59-2020-QH14:d47""]",0,0.0,0,0.0,0,0.0,0,0.0,0,0.0,0,0.0,0.0,"[""59-2020-QH14:d52"", ""59-2020-QH14:d46"", ""168-2025-ND:d45"", ""01-2021-ND:d52"", ""168-2025-ND:d46"", ""59-2020-QH14:d50"", ""59-2020-QH14:d204"", ""01-2021-ND:d53"", ""168-2025-ND:d42"", ""01-2021-ND:d49""]",1,0.3333,1,0.3333,1,0.3333,1,0.3333,1,0.6667,1,0.6667,1.0
200,"[""168-2025-ND:d57"", ""59-2020-QH14:d122"", ""168-2025-ND:d101"", ""01-2021-ND:d63"", ""59-2020-QH14:d198"", ""01-2021-ND:d60"", ""01-2021-ND:d90"", ""168-2025-ND:d54"", ""168-2025-ND:d11"", ""01-2021-ND:d31""]",0,0.0,0,0.0,0,0.0,0,0.0,0,0.0,1,0.3333,0.0345,"[""168-2025-ND:d57"", ""01-2021-ND:d63"", ""168-2025-ND:d101"", ""01-2021-ND:d47"", ""168-2025-ND:d40"", ""59-2020-QH14:d122"", ""01-2021-ND:d90"", ""01-2021-ND:d31"", ""01-2021-ND:d60"", ""47-2021-ND:d30""]",0,0.0,0,0.0,0,0.0,0,0.0,0,0.0,1,0.3333,0.0417,"[""168-2025-ND:d40"", ""01-2021-ND:d47"", ""168-2025-ND:d71"", ""168-2025-ND:d57"", ""168-2024-ND-CP:d3"", ""168-2025-ND:d26"", ""168-2025-ND:d69"", ""168-2025-ND:d54"", ""01-2021-ND:d63"", ""01-2021-ND:d26""]",0,0.0,0,0.0,0,0.0,0,0.0,0,0.0,0,0.0,0.0,"[""168-2025-ND:d40"", ""01-2021-ND:d90"", ""01-2021-ND:d47"", ""59-2020-QH14:d30"", ""168-2025-ND:d41"", ""168-2025-ND:d101"", ""168-2025-ND:d42"", ""168-2025-ND:d32"", ""01-2021-ND:d49"", ""168-2025-ND:d100""]",0,0.0,0,0.0,0,0.0,0,0.0,0,0.0,0,0.0,0.0
212,"[""59-2020-QH14:d4"", ""23-2022-ND:d23"", ""168-2025-ND:d43"", ""168-2025-ND:d46"", ""01-2021-ND:d50"", ""01-2021-ND:d53"", ""89-2024-ND:d7"", ""89-2024-ND:d11"", ""23-2022-ND:d36"", ""01-2021-ND:d52""]",0,0.0,0,0.0,0,0.0,0,0.0,0,0.0,0,0.0,0.0,"[""23-2022-ND:d23"", ""01-2021-ND:d24"", ""01-2021-ND:d48"", ""89-2024-ND:d6"", ""168-2025-ND:d46"", ""168-2025-ND:d43"", ""59-2020-QH14:d4"", ""01-2021-ND:d53"", ""01-2021-ND:d47"", ""168-2025-ND:d41""]",0,0.0,0,0.0,0,0.0,0,0.0,0,0.0,0,0.0,0.0,"[""168-2025-ND:d43"", ""168-2025-ND:d54"", ""01-2021-ND:d50"", ""59-2020-QH14:d14"", ""89-2024-ND:d7"", ""59-2020-QH14:d15"", ""168-2025-ND:d46"", ""01-2021-ND:d53"", ""168-2025-ND:d71"", ""168-2025-ND:d15""]",0,0.0,0,0.0,0,0.0,0,0.0,0,0.0,1,0.5,0.0476,"[""01-2021-ND:d50"", ""168-2025-ND:d43"", ""168-2025-ND:d46"", ""01-2021-ND:d53"", ""89-2024-ND:d6"", ""89-2024-ND:d10"", ""01-2021-ND:d49"", ""168-2025-ND:d42"", ""01-2021-ND:d52"", ""01-2021-ND:d54""]",0,0.0,0,0.0,0,0.0,0,0.0,0,0.0,0,0.0,0.0
215,"[""59-2020-QH14:d4"", ""23-2022-ND:d23"", ""168-2025-ND:d46"", ""168-2025-ND:d43"", ""01-2021-ND:d50"", ""01-2021-ND:d52"", ""01-2021-ND:d53"", ""59-2020-QH14:d31"", ""168-2025-ND:d56"", ""168-2025-ND:d4""]",0,0.0,0,0.0,0,0.0,0,0.0,0,0.0,0,0.0,0.0,"[""23-2022-ND:d23"", ""01-2021-ND:d48"", ""01-2021-ND:d59"", ""59-2020-QH14:d4"", ""168-2025-ND:d4"", ""168-2025-ND:d41"", ""168-2025-ND:d56"", ""168-2025-ND:d46"", ""89-2024-ND:d10"", ""89-2024-ND:d6""]",0,0.0,0,0.0,0,0.0,0,0.0,0,0.0,0,0.0,0.0,"[""168-2025-ND:d43"", ""168-2025-ND:d69"", ""168-2025-ND:d54"", ""01-2021-ND:d50"", ""59-2020-QH14:d31"", ""01-2021-ND:d60"", ""01-2021-ND:d39"", ""168-2025-ND:d56"", ""01-2021-ND:d62"", ""168-2025-ND:d71""]",0,0.0,0,0.0,0,0.0,0,0.0,0,0.0,0,0.0,0.0,"[""168-2025-ND:d43"", ""01-2021-ND:d50"", ""01-2021-ND:d49"", ""168-2025-ND:d42"", ""89-2024-ND:d10"", ""89-2024-ND:d6"", ""01-2021-ND:d52"", ""168-2025-ND:d46"", ""01-2021-ND:d48"", ""01-2021-ND:d53""]",0,0.0,0,0.0,0,0.0,0,0.0,0,0.0,0,0.0,0.0
217,"[""59-2020-QH14:d35"", ""59-2020-QH14:d4"", ""59-2020-QH14:d47"", ""168-2025-ND:d46"", ""168-2025-ND:d44"", ""168-2025-ND:d51"", ""168-2025-ND:d45"", ""01-2021-ND:d53"", ""59-2020-QH14:d48"", ""59-2020-QH14:d186""]",1,0.3333,1,0.6667,1,0.6667,1,0.6667,1,1.0,1,1.0,1.0,"[""59-2020-QH14:d35"", ""59-2020-QH14:d34"", ""59-2020-QH14:d186"", ""59-2020-QH14:d75"", ""59-2020-QH14:d47"", ""59-2020-QH14:d48"", ""59-2020-QH14:d178"", ""59-2020-QH14:d179"", ""59-2020-QH14:d36"", ""168-2025-ND:d46""]",1,0.3333,1,0.6667,1,1.0,1,1.0,1,1.0,1,1.0,1.0,"[""59-2020-QH14:d35"", ""59-2020-QH14:d34"", ""59-2020-QH14:d36"", ""59-2020-QH14:d47"", ""59-2020-QH14:d178"", ""168-2025-ND:d44"", ""01-2021-ND:d51"", ""168-2024-ND-CP:d13"", ""59-2020-QH14:d75"", ""89-2024-ND:d7""]",1,0.3333,1,0.6667,1,1.0,1,1.0,1,1.0,1,1.0,1.0,"[""59-2020-QH14:d34"", ""59-2020-QH14:d36"", ""168-2025-ND:d112"", ""59-2020-QH14:d23"", ""59-2020-QH14:d149"", ""59-2020-QH14:d178"", ""23-2022-ND:d51"", ""59-2020-QH14:d52"", ""168-2025-ND:d38"", ""47-2021-ND:d31""]",1,0.3333,1,0.3333,1,0.3333,1,0.3333,1,0.3333,1,0.6667,1.0
219,"[""168-2025-ND:d4"", ""01-2021-ND:d4"", ""168-2025-ND:d80"", ""100-2019-ND-CP:d43"", ""59-2020-QH14:d185"", ""59-2020-QH14:d210"", ""100-2019-ND-CP:d44"", ""89-2024-ND:d3"", ""36-2024-QH15:d24"", ""59-2020-QH14:d53""]",0,0.0,0,0.0,0,0.0,0,0.0,0,0.0,0,0.0,0.0,"[""168-2025-ND:d4"", ""01-2021-ND:d4"", ""89-2024-ND:d4"", ""59-2020-QH14:d185"", ""89-2024-ND:d1"", ""168-2025-ND:d80"", ""59-2020-QH14:d53"", ""59-2020-QH14:d210"", ""36-2024-QH15:d64"", ""89-2024-ND:d8""]",0,0.0,0,0.0,0,0.0,0,0.0,1,0.3333,1,0.3333,0.0714,"[""01-2021-ND:d30"", ""168-2024-ND-CP:d47"", ""168-2025-ND:d29"", ""59-2020-QH14:d47"", ""59-2020-QH14:d75"", ""01-2021-ND:d98"", ""100-2019-ND-CP:d80"", ""168-2025-ND:d99"", ""01-2021-ND:d25"", ""168-2025-ND:d25""]",0,0.0,0,0.0,0,0.0,0,0.0,0,0.0,0,0.0,0.0,"[""248-2025-ND:d10"", ""44-2025-ND:d33"", ""23-2022-ND:d54"", ""89-2024-ND:d14"", ""168-2025-ND:d124"", ""59-2020-QH14:d168"", ""01-2021-ND:d100"", ""248-2025-ND:d7"", ""01-2021-ND:d91"", ""47-2021-ND:d33""]",0,0.0,0,0.0,0,0.0,0,0.0,0,0.0,0,0.0,0.0
220,"[""01-2021-ND:d26"", ""168-2025-ND:d28"", ""168-2025-ND:d45"", ""01-2021-ND:d28"", ""168-2025-ND:d26"", ""59-2020-QH14:d4"", ""168-2025-ND:d46"", ""01-2021-ND:d52"", ""01-2021-ND:d53"", ""168-2025-ND:d44""]",0,0.0,0,0.0,0,0.0,0,0.0,1,0.6667,1,0.6667,0.0833,"[""59-2020-QH14:d186"", ""59-2020-QH14:d202"", ""59-2020-QH14:d188"", ""59-2020-QH14:d35"", ""59-2020-QH14:d204"", ""59-2020-QH14:d68"", ""01-2021-ND:d26"", ""59-2020-QH14:d87"", ""168-2025-ND:d26"", ""168-2025-ND:d46""]",0,0.0,1,0.3333,1,0.6667,1,0.6667,1,1.0,1,1.0,0.5,"[""23-2022-ND:d6"", ""89-2024-ND:d11"", ""01-2021-ND:d26"", ""168-2025-ND:d26"", ""59-2020-QH14:d203"", ""01-2021-ND:d23"", ""59-2020-QH14:d204"", ""59-2020-QH14:d205"", ""59-2020-QH14:d187"", ""89-2024-ND:d7""]",0,0.0,0,0.0,0,0.0,0,0.0,1,0.3333,1,0.3333,0.0833,"[""168-2025-ND:d44"", ""59-2020-QH14:d52"", ""01-2021-ND:d51"", ""168-2025-ND:d45"", ""59-2020-QH14:d204"", ""01-2021-ND:d52"", ""168-2025-ND:d46"", ""168-2025-ND:d43"", ""59-2020-QH14:d68"", ""01-2021-ND:d53""]",0,0.0,0,0.0,0,0.0,0,0.0,1,0.3333,1,0.6667,0.0625
222,"[""01-2021-ND:d53"", ""168-2025-ND:d46"", ""168-2025-ND:d43"", ""01-2021-ND:d50"", ""168-2025-ND:d54"", ""01-2021-ND:d60"", ""01-2021-ND:d52"", ""01-2021-ND:d90"", ""59-2020-QH14:d24"", ""01-2021-ND:d28""]",0,0.0,0,0.0,0,0.0,0,0.0,0,0.0,0,0.0,0.0,"[""01-2021-ND:d53"", ""168-2025-ND:d46"", ""01-2021-ND:d90"", ""168-2025-ND:d54"", ""01-2021-ND:d60"", ""168-2025-ND:d43"", ""168-2025-ND:d17"", ""01-2021-ND:d50"", ""01-2021-ND:d47"", ""01-2021-ND:d48""]",0,0.0,0,0.0,0,0.0,0,0.0,0,0.0,0,0.0,0.0,"[""168-2025-ND:d54"", ""01-2021-ND:d60"", ""168-2025-ND:d43"", ""01-2021-ND:d50"", ""59-2020-QH14:d14"", ""01-2021-ND:d31"", ""168-2025-ND:d30"", ""01-2021-ND:d29"", ""168-2025-ND:d71"", ""23-2022-ND:d51""]",0,0.0,0,0.0,0,0.0,0,0.0,0,0.0,0,0.0,0.0,"[""168-2025-ND:d43"", ""01-2021-ND:d50"", ""01-2021-ND:d53"", ""168-2025-ND:d46"", ""168-2025-ND:d45"", ""168-2025-ND:d44"", ""89-2024-ND:d6"", ""01-2021-ND:d51"", ""01-2021-ND:d54"", ""01-2021-ND:d52""]",0,0.0,0,0.0,0,0.0,0,0.0,0,0.0,0,0.0,0.0
223,"[""59-2020-QH14:d122"", ""01-2021-ND:d57"", ""168-2025-ND:d50"", ""59-2020-QH14:d31"", ""01-2021-ND:d58"", ""59-2020-QH14:d120"", ""168-2025-ND:d51"", ""01-2021-ND:d28"", ""168-2025-ND:d28"", ""01-2021-ND:d60""]",0,0.0,0,0.0,0,0.0,0,0.0,1,0.5,1,0.5,0.0526,"[""59-2020-QH14:d120"", ""01-2021-ND:d57"", ""168-2025-ND:d50"", ""59-2020-QH14:d122"", ""01-2021-ND:d58"", ""59-2020-QH14:d203"", ""168-2025-ND:d51"", ""01-2021-ND:d60"", ""59-2020-QH14:d31"", ""59-2020-QH14:d25""]",0,0.0,0,0.0,0,0.0,0,0.0,1,1.0,1,1.0,0.0909,"[""168-2025-ND:d50"", ""01-2021-ND:d57"", ""168-2025-ND:d51"", ""168-2025-ND:d54"", ""01-2021-ND:d60"", ""01-2021-ND:d58"", ""59-2020-QH14:d120"", ""168-2025-ND:d43"", ""59-2020-QH14:d113"", ""59-2020-QH14:d115""]",0,0.0,0,0.0,0,0.0,0,0.0,0,0.0,1,0.5,0.0476,"[""168-2025-ND:d51"", ""168-2025-ND:d50"", ""01-2021-ND:d57"", ""01-2021-ND:d58"", ""01-2021-ND:d60"", ""59-2020-QH14:d123"", ""59-2020-QH14:d132"", ""168-2025-ND:d54"", ""59-2020-QH14:d124"", ""59-2020-QH14:d133""]",0,0.0,0,0.0,0,0.0,0,0.0,0,0.0,1,0.5,0.04
224,"[""59-2020-QH14:d4"", ""168-2025-ND:d44"", ""01-2021-ND:d51"", ""23-2022-ND:d23"", ""168-2025-ND:d26"", ""168-2025-ND:d46"", ""01-2021-ND:d52"", ""168-2025-ND:d45"", ""01-2021-ND:d26"", ""01-2021-ND:d53""]",0,0.0,0,0.0,0,0.0,0,0.0,0,0.0,1,0.5,0.0417,"[""59-2020-QH14:d4"", ""01-2021-ND:d51"", ""168-2025-ND:d44"", ""59-2020-QH14:d87"", ""23-2022-ND:d23"", ""01-2021-ND:d4"", ""59-2020-QH14:d68"", ""01-2021-ND:d24"", ""168-2025-ND:d4"", ""168-2025-ND:d18""]",0,0.0,0,0.0,0,0.0,1,0.5,1,0.5,1,0.5,0.1429,"[""168-2025-ND:d54"", ""89-2024-ND:d7"", ""168-2025-ND:d29"", ""01-2021-ND:d30"", ""168-2025-ND:d51"", ""01-2021-ND:d98"", ""01-2021-ND:d29"", ""168-2025-ND:d46"", ""59-2020-QH14:d25"", ""168-2025-ND:d55""]",0,0.0,0,0.0,0,0.0,0,0.0,0,0.0,1,0.5,0.0357,"[""168-2025-ND:d17"", ""168-2025-ND:d18"", ""59-2020-QH14:d164"", ""59-2020-QH14:d52"", ""59-2020-QH14:d87"", ""59-2020-QH14:d51"", ""23-2022-ND:d26"", ""23-2022-ND:d43"", ""44-2025-ND:d30"", ""59-2020-QH14:d177""]",0,0.0,0,0.0,0,0.0,0,0.0,1,0.5,1,0.5,0.0909
226,"[""59-2020-QH14:d4"", ""23-2022-ND:d23"", ""59-2020-QH14:d155"", ""168-2024-ND-CP:d26"", ""89-2024-ND:d9"", ""168-2025-ND:d69"", ""168-2025-ND:d64"", ""89-2024-ND:d11"", ""168-2024-ND-CP:d3"", ""89-2024-ND:d5""]",0,0.0,0,0.0,0,0.0,0,0.0,0,0.0,0,0.0,0.0,"[""23-2022-ND:d23"", ""59-2020-QH14:d4"", ""59-2020-QH14:d155"", ""89-2024-ND:d9"", ""89-2024-ND:d5"", ""168-2025-ND:d40"", ""89-2024-ND:d3"", ""168-2025-ND:d64"", ""89-2024-ND:d13"", ""23-2022-ND:d44""]",0,0.0,0,0.0,0,0.0,0,0.0,0,0.0,1,0.5,0.0435,"[""168-2025-ND:d69"", ""168-2025-ND:d54"", ""168-2025-ND:d71"", ""168-2025-ND:d51"", ""89-2024-ND:d11"", ""168-2025-ND:d50"", ""23-2022-ND:d35"", ""168-2025-ND:d55"", ""59-2020-QH14:d205"", ""89-2024-ND:d7""]",0,0.0,0,0.0,0,0.0,0,0.0,0,0.0,0,0.0,0.0,"[""168-2025-ND:d40"", ""01-2021-ND:d94"", ""01-2021-ND:d47"", ""168-2025-ND:d44"", ""168-2025-ND:d100"", ""01-2021-ND:d51"", ""89-2024-ND:d13"", ""168-2025-ND:d41"", ""89-2024-ND:d12"", ""01-2021-ND:d90""]",0,0.0,0,0.0,0,0.0,0,0.0,0,0.0,0,0.0,0.0
227,"[""59-2020-QH14:d4"", ""59-2020-QH14:d53"", ""59-2020-QH14:d52"", ""59-2020-QH14:d35"", ""01-2021-ND:d52"", ""59-2020-QH14:d49"", ""59-2020-QH14:d51"", ""01-2021-ND:d51"", ""168-2025-ND:d45"", ""59-2020-QH14:d135""]",0,0.0,1,0.5,1,0.5,1,1.0,1,1.0,1,1.0,0.3333,"[""59-2020-QH14:d52"", ""59-2020-QH14:d51"", ""59-2020-QH14:d4"", ""59-2020-QH14:d35"", ""59-2020-QH14:d53"", ""23-2022-ND:d33"", ""89-2024-ND:d4"", ""47-2021-ND:d12"", ""59-2020-QH14:d47"", ""01-2021-ND:d51""]",1,0.5,1,1.0,1,1.0,1,1.0,1,1.0,1,1.0,1.0,"[""23-2022-ND:d38"", ""89-2024-ND:d7"", ""23-2022-ND:d35"", ""59-2020-QH14:d205"", ""89-2024-ND:d11"", ""59-2020-QH14:d47"", ""59-2020-QH14:d203"", ""23-2022-ND:d34"", ""23-2022-ND:d33"", ""168-2025-ND:d45""]",0,0.0,0,0.0,0,0.0,0,0.0,1,0.5,1,0.5,0.0526,"[""59-2020-QH14:d52"", ""59-2020-QH14:d51"", ""59-2020-QH14:d70"", ""59-2020-QH14:d35"", ""59-2020-QH14:d203"", ""59-2020-QH14:d68"", ""59-2020-QH14:d136"", ""59-2020-QH14:d36"", ""59-2020-QH14:d204"", ""47-2021-ND:d12""]",1,0.5,1,1.0,1,1.0,1,1.0,1,1.0,1,1.0,1.0
228,"[""01-2021-ND:d8"", ""168-2025-ND:d8"", ""59-2020-QH14:d31"", ""01-2021-ND:d60"", ""168-2025-ND:d54"", ""59-2020-QH14:d48"", ""59-2020-QH14:d122"", ""168-2025-ND:d56"", ""01-2021-ND:d62"", ""168-2025-ND:d40""]",0,0.0,0,0.0,0,0.0,0,0.0,0,0.0,0,0.0,0.0,"[""59-2020-QH14:d29"", ""168-2025-ND:d8"", ""01-2021-ND:d8"", ""01-2021-ND:d59"", ""59-2020-QH14:d28"", ""01-2021-ND:d48"", ""168-2025-ND:d40"", ""168-2025-ND:d41"", ""168-2025-ND:d56"", ""01-2021-ND:d47""]",1,0.3333,1,0.3333,1,0.3333,1,0.3333,1,0.3333,1,0.3333,1.0,"[""01-2021-ND:d39"", ""01-2021-ND:d47"", ""01-2021-ND:d62"", ""168-2025-ND:d40"", ""168-2025-ND:d41"", ""168-2025-ND:d56"", ""59-2020-QH14:d31"", ""168-2025-ND:d69"", ""01-2021-ND:d65"", ""168-2025-ND:d55""]",0,0.0,0,0.0,0,0.0,0,0.0,0,0.0,0,0.0,0.0,"[""168-2025-ND:d40"", ""01-2021-ND:d59"", ""168-2025-ND:d53"", ""01-2021-ND:d47"", ""168-2025-ND:d41"", ""168-2025-ND:d118"", ""168-2025-ND:d47"", ""01-2021-ND:d54"", ""01-2021-ND:d62"", ""01-2021-ND:d96""]",0,0.0,0,0.0,0,0.0,0,0.0,0,0.0,0,0.0,0.0
234,"[""59-2020-QH14:d4"", ""168-2025-ND:d60"", ""01-2021-ND:d66"", ""168-2025-ND:d57"", ""01-2021-ND:d31"", ""168-2025-ND:d36"", ""168-2025-ND:d30"", ""168-2025-ND:d66"", ""168-2025-ND:d71"", ""89-2024-ND:d12""]",0,0.0,0,0.0,0,0.0,0,0.0,0,0.0,1,0.5,0.0417,"[""168-2025-ND:d60"", ""01-2021-ND:d66"", ""59-2020-QH14:d4"", ""168-2025-ND:d57"", ""01-2021-ND:d31"", ""89-2024-ND:d12"", ""168-2025-ND:d36"", ""23-2022-ND:d23"", ""168-2025-ND:d30"", ""168-2025-ND:d56""]",0,0.0,0,0.0,0,0.0,0,0.0,1,0.5,1,0.5,0.0588,"[""168-2025-ND:d71"", ""168-2025-ND:d60"", ""168-2025-ND:d30"", ""01-2021-ND:d66"", ""01-2021-ND:d31"", ""168-2025-ND:d69"", ""168-2025-ND:d121"", ""168-2025-ND:d56"", ""01-2021-ND:d30"", ""168-2025-ND:d29""]",0,0.0,0,0.0,0,0.0,0,0.0,0,0.0,1,0.5,0.0435,"[""168-2025-ND:d16"", ""01-2021-ND:d20"", ""59-2020-QH14:d40"", ""59-2020-QH14:d42"", ""01-2021-ND:d66"", ""168-2025-ND:d29"", ""01-2021-ND:d30"", ""59-2020-QH14:d158"", ""89-2024-ND:d8"", ""01-2021-ND:d98""]",0,0.0,0,0.0,0,0.0,0,0.0,1,0.5,1,0.5,0.05
235,"[""59-2020-QH14:d4"", ""36-2024-QH15:d30"", ""36-2024-QH15:d31"", ""36-2024-QH15:d46"", ""23-2022-ND:d23"", ""01-2021-ND:d28"", ""89-2024-ND:d13"", ""168-2025-ND:d28"", ""36-2024-QH15:d2"", ""47-2021-ND:d20""]",0,0.0,0,0.0,0,0.0,0,0.0,0,0.0,1,0.5,0.04,"[""89-2024-ND:d10"", ""89-2024-ND:d12"", ""89-2024-ND:d6"", ""89-2024-ND:d13"", ""89-2024-ND:d5"", ""59-2020-QH14:d4"", ""01-2021-ND:d4"", ""168-2025-ND:d56"", ""01-2021-ND:d49"", ""59-2020-QH14:d190""]",0,0.0,0,0.0,0,0.0,0,0.0,0,0.0,0,0.0,0.0,"[""168-2025-ND:d43"", ""01-2021-ND:d50"", ""59-2020-QH14:d71"", ""59-2020-QH14:d12"", ""168-2025-ND:d54"", ""59-2020-QH14:d13"", ""59-2020-QH14:d14"", ""01-2021-ND:d60"", ""89-2024-ND:d7"", ""59-2020-QH14:d15""]",0,0.0,0,0.0,1,0.5,1,0.5,1,0.5,1,0.5,0.25,"[""59-2020-QH14:d73"", ""01-2021-ND:d52"", ""168-2025-ND:d45"", ""01-2021-ND:d49"", ""168-2025-ND:d43"", ""168-2025-ND:d42"", ""01-2021-ND:d50"", ""59-2020-QH14:d46"", ""01-2021-ND:d23"", ""59-2020-QH14:d186""]",0,0.0,0,0.0,0,0.0,0,0.0,0,0.0,0,0.0,0.0
238,"[""59-2020-QH14:d17"", ""168-2025-ND:d28"", ""01-2021-ND:d28"", ""59-2020-QH14:d188"", ""23-2022-ND:d35"", ""59-2020-QH14:d164"", ""59-2020-QH14:d146"", ""59-2020-QH14:d124"", ""59-2020-QH14:d52"", ""59-2020-QH14:d119""]",0,0.0,0,0.0,0,0.0,0,0.0,0,0.0,0,0.0,0.0,"[""59-2020-QH14:d188"", ""59-2020-QH14:d52"", ""59-2020-QH14:d123"", ""59-2020-QH14:d112"", ""168-2025-ND:d28"", ""01-2021-ND:d28"", ""59-2020-QH14:d124"", ""59-2020-QH14:d120"", ""59-2020-QH14:d17"", ""59-2020-QH14:d125""]",0,0.0,0,0.0,0,0.0,0,0.0,0,0.0,0,0.0,0.0,"[""01-2021-ND:d98"", ""168-2025-ND:d43"", ""168-2025-ND:d45"", ""168-2025-ND:d54"", ""01-2021-ND:d50"", ""168-2025-ND:d46"", ""01-2021-ND:d25"", ""01-2021-ND:d52"", ""168-2025-ND:d25"", ""168-2025-ND:d50""]",0,0.0,0,0.0,0,0.0,0,0.0,1,0.3333,1,0.3333,0.0667,"[""168-2025-ND:d100"", ""59-2020-QH14:d99"", ""01-2021-ND:d66"", ""23-2022-ND:d54"", ""59-2020-QH14:d31"", ""59-2020-QH14:d102"", ""59-2020-QH14:d206"", ""01-2021-ND:d48"", ""168-2025-ND:d103"", ""89-2024-ND:d12""]",0,0.0,0,0.0,0,0.0,0,0.0,0,0.0,0,0.0,0.0
239,"[""168-2025-ND:d71"", ""59-2020-QH14:d209"", ""168-2025-ND:d65"", ""59-2020-QH14:d4"", ""01-2021-ND:d26"", ""168-2025-ND:d57"", ""01-2021-ND:d90"", ""01-2021-ND:d77"", ""01-2021-ND:d75"", ""168-2025-ND:d31""]",0,0.0,0,0.0,0,0.0,0,0.0,0,0.0,0,0.0,0.0,"[""01-2021-ND:d96"", ""01-2021-ND:d6"", ""01-2021-ND:d82"", ""168-2025-ND:d6"", ""168-2025-ND:d93"", ""168-2025-ND:d70"", ""168-2025-ND:d31"", ""89-2024-ND:d12"", ""01-2021-ND:d39"", ""01-2021-ND:d76""]",0,0.0,0,0.0,0,0.0,0,0.0,0,0.0,0,0.0,0.0,"[""168-2025-ND:d71"", ""168-2025-ND:d69"", ""01-2021-ND:d39"", ""168-2025-ND:d107"", ""01-2021-ND:d93"", ""168-2025-ND:d120"", ""01-2021-ND:d6"", ""01-2021-ND:d75"", ""168-2025-ND:d121"", ""168-2025-ND:d6""]",0,0.0,0,0.0,0,0.0,0,0.0,0,0.0,1,0.5,0.0417,"[""168-2025-ND:d105"", ""168-2025-ND:d77"", ""168-2025-ND:d115"", ""01-2021-ND:d94"", ""01-2021-ND:d90"", ""01-2021-ND:d93"", ""168-2025-ND:d101"", ""168-2025-ND:d110"", ""168-2025-ND:d122"", ""168-2025-ND:d123""]",0,0.0,0,0.0,0,0.0,0,0.0,0,0.0,0,0.0,0.0
240,"[""59-2020-QH14:d4"", ""23-2022-ND:d23"", ""59-2020-QH14:d155"", ""01-2021-ND:d51"", ""168-2025-ND:d44"", ""59-2020-QH14:d68"", ""168-2024-ND-CP:d26"", ""168-2024-ND-CP:d27"", ""36-2024-QH15:d2"", ""36-2024-QH15:d46""]",0,0.0,0,0.0,0,0.0,1,0.3333,1,0.3333,1,0.3333,0.1667,"[""23-2022-ND:d23"", ""59-2020-QH14:d4"", ""59-2020-QH14:d68"", ""59-2020-QH14:d155"", ""01-2021-ND:d51"", ""168-2025-ND:d44"", ""01-2021-ND:d55"", ""59-2020-QH14:d189"", ""168-2025-ND:d48"", ""01-2021-ND:d80""]",0,0.0,1,0.3333,1,0.3333,1,0.3333,1,0.3333,1,0.3333,0.3333,"[""89-2024-ND:d7"", ""59-2020-QH14:d187"", ""23-2022-ND:d6"", ""59-2020-QH14:d98"", ""168-2025-ND:d84"", ""168-2025-ND:d69"", ""59-2020-QH14:d181"", ""89-2024-ND:d11"", ""168-2025-ND:d54"", ""59-2020-QH14:d155""]",0,0.0,0,0.0,0,0.0,0,0.0,0,0.0,0,0.0,0.0,"[""59-2020-QH14:d178"", ""168-2025-ND:d44"", ""59-2020-QH14:d210"", ""01-2021-ND:d51"", ""01-2021-ND:d52"", ""168-2025-ND:d45"", ""168-2025-ND:d48"", ""59-2020-QH14:d46"", ""59-2020-QH14:d68"", ""59-2020-QH14:d47""]",0,0.0,0,0.0,0,0.0,1,0.6667,1,0.6667,1,0.6667,0.1111
241,"[""01-2021-ND:d53"", ""168-2025-ND:d46"", ""01-2021-ND:d52"", ""59-2020-QH14:d4"", ""168-2025-ND:d45"", ""01-2021-ND:d28"", ""168-2025-ND:d63"", ""168-2025-ND:d28"", ""01-2021-ND:d29"", ""01-2021-ND:d58""]",0,0.0,0,0.0,0,0.0,0,0.0,0,0.0,0,0.0,0.0,"[""01-2021-ND:d53"", ""168-2025-ND:d46"", ""01-2021-ND:d49"", ""168-2025-ND:d63"", ""168-2025-ND:d56"", ""01-2021-ND:d52"", ""01-2021-ND:d47"", ""01-2021-ND:d69"", ""01-2021-ND:d90"", ""01-2021-ND:d62""]",0,0.0,0,0.0,0,0.0,0,0.0,0,0.0,0,0.0,0.0,"[""168-2025-ND:d54"", ""168-2025-ND:d43"", ""01-2021-ND:d50"", ""01-2021-ND:d62"", ""168-2025-ND:d56"", ""89-2024-ND:d7"", ""01-2021-ND:d29"", ""01-2021-ND:d60"", ""168-2025-ND:d30"", ""01-2021-ND:d31""]",0,0.0,0,0.0,0,0.0,0,0.0,0,0.0,0,0.0,0.0,"[""168-2025-ND:d43"", ""168-2025-ND:d45"", ""01-2021-ND:d50"", ""01-2021-ND:d52"", ""168-2025-ND:d46"", ""168-2025-ND:d44"", ""01-2021-ND:d53"", ""01-2021-ND:d49"", ""01-2021-ND:d51"", ""168-2025-ND:d42""]",0,0.0,0,0.0,0,0.0,0,0.0,1,0.3333,1,0.3333,0.0625
242,"[""01-2021-ND:d50"", ""168-2025-ND:d43"", ""248-2025-ND:d3"", ""01-2021-ND:d53"", ""59-2020-QH14:d15"", ""168-2025-ND:d46"", ""23-2022-ND:d36"", ""59-2020-QH14:d24"", ""248-2025-ND:d9"", ""44-2025-ND:d2""]",0,0.0,0,0.0,0,0.0,0,0.0,0,0.0,0,0.0,0.0,"[""59-2020-QH14:d15"", ""59-2020-QH14:d91"", ""59-2020-QH14:d177"", ""01-2021-ND:d48"", ""89-2024-ND:d4"", ""44-2025-ND:d2"", ""59-2020-QH14:d54"", ""59-2020-QH14:d24"", ""01-2021-ND:d24"", ""89-2024-ND:d10""]",0,0.0,0,0.0,0,0.0,0,0.0,1,0.3333,1,0.3333,0.0714,"[""168-2025-ND:d54"", ""01-2021-ND:d50"", ""168-2025-ND:d43"", ""59-2020-QH14:d14"", ""59-2020-QH14:d15"", ""89-2024-ND:d7"", ""01-2021-ND:d53"", ""59-2020-QH14:d71"", ""168-2025-ND:d46"", ""01-2021-ND:d52""]",0,0.0,0,0.0,0,0.0,0,0.0,1,0.3333,1,0.6667,0.0833,"[""59-2020-QH14:d204"", ""59-2020-QH14:d78"", ""01-2021-ND:d53"", ""01-2021-ND:d50"", ""168-2025-ND:d46"", ""168-2025-ND:d43"", ""89-2024-ND:d8"", ""168-2025-ND:d45"", ""89-2024-ND:d4"", ""59-2020-QH14:d202""]",0,0.0,0,0.0,0,0.0,0,0.0,0,0.0,0,0.0,0.0
243,"[""59-2020-QH14:d135"", ""168-2025-ND:d44"", ""59-2020-QH14:d35"", ""59-2020-QH14:d68"", ""01-2021-ND:d51"", ""23-2022-ND:d28"", ""168-2025-ND:d51"", ""59-2020-QH14:d113"", ""168-2025-ND:d45"", ""23-2022-ND:d48""]",0,0.0,0,0.0,0,0.0,0,0.0,0,0.0,0,0.0,0.0,"[""59-2020-QH14:d68"", ""168-2025-ND:d44"", ""23-2022-ND:d48"", ""59-2020-QH14:d35"", ""01-2021-ND:d51"", ""59-2020-QH14:d113"", ""59-2020-QH14:d87"", ""59-2020-QH14:d51"", ""168-2025-ND:d45"", ""168-2025-ND:d51""]",0,0.0,0,0.0,0,0.0,0,0.0,1,0.5,1,0.5,0.0833,"[""168-2025-ND:d51"", ""168-2025-ND:d69"", ""168-2025-ND:d50"", ""168-2024-ND-CP:d47"", ""168-2025-ND:d63"", ""168-2025-ND:d71"", ""100-2019-ND-CP:d80"", ""01-2021-ND:d69"", ""89-2024-ND:d7"", ""168-2024-ND-CP:d21""]",0,0.0,0,0.0,0,0.0,0,0.0,0,0.0,0,0.0,0.0,"[""59-2020-QH14:d52"", ""59-2020-QH14:d70"", ""59-2020-QH14:d136"", ""59-2020-QH14:d148"", ""36-2024-QH15:d38"", ""59-2020-QH14:d51"", ""59-2020-QH14:d135"", ""59-2020-QH14:d218"", ""59-2020-QH14:d130"", ""44-2025-ND:d18""]",1,0.5,1,0.5,1,0.5,1,0.5,1,0.5,1,0.5,1.0
245,"[""59-2020-QH14:d35"", ""59-2020-QH14:d17"", ""59-2020-QH14:d14"", ""59-2020-QH14:d4"", ""01-2021-ND:d52"", ""59-2020-QH14:d71"", ""168-2025-ND:d46"", ""01-2021-ND:d53"", ""59-2020-QH14:d48"", ""168-2025-ND:d26""]",0,0.0,0,0.0,0,0.0,0,0.0,0,0.0,0,0.0,0.0,"[""59-2020-QH14:d188"", ""59-2020-QH14:d35"", ""59-2020-QH14:d14"", ""59-2020-QH14:d48"", ""59-2020-QH14:d202"", ""59-2020-QH14:d25"", ""59-2020-QH14:d180"", ""59-2020-QH14:d24"", ""01-2021-ND:d24"", ""59-2020-QH14:d71""]",0,0.0,0,0.0,0,0.0,0,0.0,0,0.0,0,0.0,0.0,"[""168-2025-ND:d54"", ""59-2020-QH14:d14"", ""168-2025-ND:d43"", ""59-2020-QH14:d47"", ""89-2024-ND:d7"", ""01-2021-ND:d50"", ""59-2020-QH14:d15"", ""168-2025-ND:d51"", ""01-2021-ND:d60"", ""59-2020-QH14:d17""]",0,0.0,0,0.0,0,0.0,0,0.0,0,0.0,0,0.0,0.0,"[""59-2020-QH14:d204"", ""01-2021-ND:d23"", ""59-2020-QH14:d198"", ""47-2021-ND:d12"", ""23-2022-ND:d33"", ""59-2020-QH14:d46"", ""59-2020-QH14:d202"", ""59-2020-QH14:d177"", ""59-2020-QH14:d195"", ""248-2025-ND:d2""]",0,0.0,0,0.0,0,0.0,0,0.0,0,0.0,0,0.0,0.0
246,"[""59-2020-QH14:d68"", ""59-2020-QH14:d4"", ""59-2020-QH14:d47"", ""59-2020-QH14:d49"", ""59-2020-QH14:d198"", ""168-2025-ND:d44"", ""01-2021-ND:d51"", ""168-2025-ND:d45"", ""59-2020-QH14:d57"", ""01-2021-ND:d52""]",1,0.5,1,1.0,1,1.0,1,1.0,1,1.0,1,1.0,1.0,"[""59-2020-QH14:d68"", ""59-2020-QH14:d47"", ""59-2020-QH14:d186"", ""59-2020-QH14:d87"", ""59-2020-QH14:d198"", ""59-2020-QH14:d75"", ""59-2020-QH14:d35"", ""59-2020-QH14:d49"", ""168-2025-ND:d44"", ""01-2021-ND:d51""]",1,0.5,1,1.0,1,1.0,1,1.0,1,1.0,1,1.0,1.0,"[""168-2025-ND:d44"", ""89-2024-ND:d7"", ""01-2021-ND:d51"", ""23-2022-ND:d6"", ""23-2022-ND:d38"", ""59-2020-QH14:d47"", ""168-2025-ND:d45"", ""59-2020-QH14:d68"", ""168-2025-ND:d46"", ""59-2020-QH14:d75""]",0,0.0,0,0.0,0,0.0,1,1.0,1,1.0,1,1.0,0.1667,"[""59-2020-QH14:d47"", ""59-2020-QH14:d178"", ""59-2020-QH14:d186"", ""23-2022-ND:d5"", ""59-2020-QH14:d75"", ""23-2022-ND:d38"", ""59-2020-QH14:d46"", ""59-2020-QH14:d70"", ""59-2020-QH14:d68"", ""59-2020-QH14:d177""]",1,0.5,1,0.5,1,0.5,1,1.0,1,1.0,1,1.0,1.0
247,"[""168-2025-ND:d57"", ""59-2020-QH14:d48"", ""59-2020-QH14:d201"", ""01-2021-ND:d8"", ""168-2025-ND:d8"", ""59-2020-QH14:d122"", ""01-2021-ND:d17"", ""59-2020-QH14:d4"", ""168-2024-ND-CP:d26"", ""01-2021-ND:d63""]",0,0.0,0,0.0,0,0.0,0,0.0,0,0.0,0,0.0,0.0,"[""01-2021-ND:d86"", ""168-2025-ND:d57"", ""59-2020-QH14:d29"", ""59-2020-QH14:d28"", ""168-2025-ND:d8"", ""01-2021-ND:d8"", ""01-2021-ND:d63"", ""168-2025-ND:d101"", ""59-2020-QH14:d48"", ""168-2025-ND:d116""]",0,0.0,0,0.0,0,0.0,0,0.0,0,0.0,0,0.0,0.0,"[""01-2021-ND:d8"", ""168-2025-ND:d8"", ""168-2025-ND:d71"", ""168-2025-ND:d56"", ""168-2025-ND:d30"", ""01-2021-ND:d31"", ""01-2021-ND:d62"", ""168-2025-ND:d66"", ""168-2025-ND:d40"", ""59-2020-QH14:d45""]",0,0.0,0,0.0,0,0.0,1,0.5,1,0.5,1,0.5,0.1,"[""01-2021-ND:d83"", ""168-2025-ND:d122"", ""168-2025-ND:d116"", ""01-2021-ND:d47"", ""168-2025-ND:d40"", ""168-2025-ND:d101"", ""168-2025-ND:d115"", ""01-2021-ND:d36"", ""59-2020-QH14:d42"", ""168-2025-ND:d74""]",0,0.0,0,0.0,0,0.0,0,0.0,0,0.0,0,0.0,0.0
248,"[""168-2025-ND:d57"", ""168-2025-ND:d40"", ""168-2025-ND:d101"", ""59-2020-QH14:d31"", ""168-2025-ND:d54"", ""168-2025-ND:d56"", ""01-2021-ND:d43"", ""01-2021-ND:d63"", ""01-2021-ND:d33"", ""168-2025-ND:d100""]",0,0.0,0,0.0,1,0.3333,1,0.3333,1,0.3333,1,0.3333,0.25,"[""168-2025-ND:d57"", ""168-2025-ND:d40"", ""168-2025-ND:d53"", ""01-2021-ND:d33"", ""168-2025-ND:d101"", ""01-2021-ND:d63"", ""01-2021-ND:d32"", ""168-2025-ND:d32"", ""168-2025-ND:d63"", ""168-2025-ND:d77""]",0,0.0,0,0.0,0,0.0,0,0.0,0,0.0,0,0.0,0.0,"[""168-2025-ND:d69"", ""168-2025-ND:d40"", ""168-2025-ND:d57"", ""168-2025-ND:d32"", ""168-2025-ND:d31"", ""01-2021-ND:d69"", ""01-2021-ND:d39"", ""168-2025-ND:d64"", ""168-2025-ND:d71"", ""01-2021-ND:d63""]",0,0.0,0,0.0,0,0.0,0,0.0,1,0.3333,1,0.3333,0.0714,"[""168-2025-ND:d40"", ""01-2021-ND:d47"", ""01-2021-ND:d50"", ""01-2021-ND:d52"", ""168-2025-ND:d41"", ""168-2025-ND:d45"", ""168-2025-ND:d43"", ""168-2025-ND:d44"", ""01-2021-ND:d49"", ""01-2021-ND:d51""]",0,0.0,0,0.0,0,0.0,0,0.0,1,0.3333,1,0.3333,0.0625
251,"[""168-2025-ND:d44"", ""01-2021-ND:d51"", ""168-2025-ND:d48"", ""59-2020-QH14:d68"", ""168-2025-ND:d28"", ""44-2025-ND:d34"", ""01-2021-ND:d28"", ""248-2025-ND:d12"", ""168-2025-ND:d55"", ""168-2025-ND:d45""]",0,0.0,0,0.0,1,0.5,1,0.5,1,1.0,1,1.0,0.25,"[""01-2021-ND:d55"", ""168-2025-ND:d48"", ""59-2020-QH14:d20"", ""59-2020-QH14:d68"", ""168-2025-ND:d44"", ""01-2021-ND:d51"", ""01-2021-ND:d22"", ""59-2020-QH14:d47"", ""59-2020-QH14:d189"", ""59-2020-QH14:d87""]",0,0.0,0,0.0,1,0.5,1,1.0,1,1.0,1,1.0,0.25,"[""89-2024-ND:d7"", ""168-2025-ND:d54"", ""168-2025-ND:d51"", ""59-2020-QH14:d47"", ""01-2021-ND:d98"", ""168-2025-ND:d29"", ""44-2025-ND:d27"", ""01-2021-ND:d58"", ""168-2025-ND:d48"", ""59-2020-QH14:d25""]",0,0.0,0,0.0,1,0.5,1,0.5,1,1.0,1,1.0,0.25,"[""59-2020-QH14:d113"", ""23-2022-ND:d47"", ""01-2021-ND:d58"", ""168-2025-ND:d55"", ""01-2021-ND:d61"", ""59-2020-QH14:d133"", ""23-2022-ND:d5"", ""168-2025-ND:d54"", ""248-2025-ND:d12"", ""01-2021-ND:d98""]",0,0.0,0,0.0,0,0.0,0,0.0,1,0.5,1,1.0,0.0667
255,"[""168-2024-ND-CP:d27"", ""168-2024-ND-CP:d26"", ""168-2025-ND:d57"", ""168-2025-ND:d56"", ""168-2025-ND:d40"", ""168-2025-ND:d63"", ""168-2025-ND:d100"", ""168-2025-ND:d41"", ""168-2025-ND:d60"", ""01-2021-ND:d69""]",0,0.0,0,0.0,0,0.0,0,0.0,0,0.0,1,0.3333,0.0385,"[""168-2025-ND:d48"", ""168-2025-ND:d34"", ""168-2025-ND:d56"", ""168-2025-ND:d53"", ""168-2025-ND:d41"", ""168-2025-ND:d40"", ""168-2025-ND:d32"", ""168-2025-ND:d63"", ""01-2021-ND:d69"", ""168-2025-ND:d57""]",0,0.0,0,0.0,0,0.0,0,0.0,1,0.3333,1,0.3333,0.0667,"[""168-2025-ND:d71"", ""01-2021-ND:d31"", ""168-2025-ND:d30"", ""168-2025-ND:d69"", ""168-2025-ND:d56"", ""168-2025-ND:d60"", ""168-2025-ND:d64"", ""168-2025-ND:d100"", ""168-2025-ND:d66"", ""168-2025-ND:d31""]",0,0.0,0,0.0,0,0.0,0,0.0,1,0.3333,1,0.3333,0.0769,"[""168-2025-ND:d105"", ""01-2021-ND:d93"", ""168-2025-ND:d102"", ""59-2020-QH14:d212"", ""168-2025-ND:d108"", ""01-2021-ND:d94"", ""168-2025-ND:d110"", ""01-2021-ND:d65"", ""168-2025-ND:d115"", ""168-2025-ND:d107""]",0,0.0,0,0.0,0,0.0,0,0.0,0,0.0,0,0.0,0.0
257,"[""23-2022-ND:d23"", ""59-2020-QH14:d4"", ""168-2024-ND-CP:d26"", ""59-2020-QH14:d155"", ""01-2021-ND:d43"", ""168-2024-ND-CP:d3"", ""168-2024-ND-CP:d37"", ""36-2024-QH15:d10"", ""168-2025-ND:d112"", ""168-2024-ND-CP:d20""]",0,0.0,0,0.0,0,0.0,0,0.0,0,0.0,0,0.0,0.0,"[""23-2022-ND:d23"", ""59-2020-QH14:d4"", ""01-2021-ND:d43"", ""01-2021-ND:d34"", ""168-2025-ND:d112"", ""168-2025-ND:d85"", ""01-2021-ND:d82"", ""59-2020-QH14:d155"", ""01-2021-ND:d97"", ""168-2025-ND:d38""]",0,0.0,0,0.0,0,0.0,0,0.0,0,0.0,0,0.0,0.0,"[""01-2021-ND:d97"", ""168-2025-ND:d119"", ""01-2021-ND:d69"", ""168-2025-ND:d51"", ""168-2025-ND:d69"", ""168-2025-ND:d71"", ""168-2025-ND:d95"", ""168-2025-ND:d23"", ""168-2024-ND-CP:d52"", ""168-2025-ND:d85""]",0,0.0,0,0.0,0,0.0,0,0.0,0,0.0,0,0.0,0.0,"[""168-2025-ND:d105"", ""01-2021-ND:d93"", ""59-2020-QH14:d212"", ""01-2021-ND:d76"", ""59-2020-QH14:d27"", ""168-2025-ND:d107"", ""01-2021-ND:d82"", ""01-2021-ND:d70"", ""01-2021-ND:d100"", ""168-2025-ND:d98""]",0,0.0,0,0.0,0,0.0,0,0.0,0,0.0,1,0.5,0.0417
258,"[""168-2025-ND:d69"", ""168-2025-ND:d63"", ""168-2025-ND:d109"", ""01-2021-ND:d69"", ""01-2021-ND:d75"", ""168-2025-ND:d51"", ""168-2025-ND:d100"", ""168-2025-ND:d107"", ""59-2020-QH14:d4"", ""168-2024-ND-CP:d26""]",0,0.0,0,0.0,0,0.0,0,0.0,0,0.0,0,0.0,0.0,"[""59-2020-QH14:d32"", ""01-2021-ND:d59"", ""168-2025-ND:d63"", ""168-2025-ND:d53"", ""168-2025-ND:d49"", ""01-2021-ND:d96"", ""01-2021-ND:d33"", ""01-2021-ND:d39"", ""168-2025-ND:d109"", ""01-2021-ND:d56""]",1,0.3333,1,0.3333,1,0.3333,1,0.3333,1,0.3333,1,0.3333,1.0,"[""168-2025-ND:d69"", ""01-2021-ND:d39"", ""168-2025-ND:d62"", ""168-2025-ND:d71"", ""01-2021-ND:d33"", ""01-2021-ND:d68"", ""01-2021-ND:d69"", ""59-2020-QH14:d30"", ""01-2021-ND:d75"", ""168-2025-ND:d31""]",0,0.0,0,0.0,0,0.0,0,0.0,1,0.3333,1,0.3333,0.0667,"[""01-2021-ND:d90"", ""01-2021-ND:d68"", ""59-2020-QH14:d30"", ""168-2025-ND:d110"", ""168-2025-ND:d62"", ""168-2025-ND:d115"", ""168-2025-ND:d123"", ""168-2025-ND:d100"", ""01-2021-ND:d94"", ""01-2021-ND:d27""]",0,0.0,0,0.0,0,0.0,0,0.0,0,0.0,0,0.0,0.0
260,"[""23-2022-ND:d35"", ""89-2024-ND:d7"", ""89-2024-ND:d11"", ""23-2022-ND:d25"", ""23-2022-ND:d39"", ""59-2020-QH14:d4"", ""44-2025-ND:d34"", ""59-2020-QH14:d115"", ""23-2022-ND:d6"", ""44-2025-ND:d27""]",0,0.0,0,0.0,0,0.0,0,0.0,0,0.0,1,0.3333,0.0455,"[""23-2022-ND:d35"", ""168-2025-ND:d13"", ""59-2020-QH14:d179"", ""168-2025-ND:d96"", ""59-2020-QH14:d1"", ""23-2022-ND:d25"", ""23-2022-ND:d39"", ""89-2024-ND:d7"", ""89-2024-ND:d11"", ""59-2020-QH14:d207""]",0,0.0,0,0.0,0,0.0,0,0.0,1,0.3333,1,0.3333,0.0556,"[""168-2025-ND:d121"", ""01-2021-ND:d98"", ""168-2025-ND:d69"", ""168-2025-ND:d51"", ""168-2025-ND:d71"", ""168-2025-ND:d54"", ""01-2021-ND:d58"", ""59-2020-QH14:d205"", ""89-2024-ND:d7"", ""100-2019-ND-CP:d52""]",0,0.0,0,0.0,0,0.0,0,0.0,0,0.0,0,0.0,0.0,"[""59-2020-QH14:d124"", ""59-2020-QH14:d120"", ""01-2021-ND:d57"", ""59-2020-QH14:d202"", ""59-2020-QH14:d123"", ""59-2020-QH14:d78"", ""01-2021-ND:d55"", ""168-2025-ND:d50"", ""47-2021-ND:d12"", ""01-2021-ND:d98""]",0,0.0,0,0.0,0,0.0,0,0.0,1,0.3333,1,0.3333,0.0667
261,"[""01-2021-ND:d41"", ""168-2025-ND:d64"", ""59-2020-QH14:d208"", ""01-2021-ND:d70"", ""01-2021-ND:d65"", ""168-2025-ND:d69"", ""168-2025-ND:d65"", ""59-2020-QH14:d209"", ""168-2025-ND:d66"", ""01-2021-ND:d75""]",0,0.0,0,0.0,0,0.0,1,0.5,1,0.5,1,0.5,0.125,"[""01-2021-ND:d65"", ""168-2025-ND:d66"", ""01-2021-ND:d70"", ""168-2025-ND:d64"", ""01-2021-ND:d41"", ""01-2021-ND:d71"", ""168-2025-ND:d65"", ""01-2021-ND:d32"", ""59-2020-QH14:d209"", ""168-2025-ND:d60""]",0,0.0,0,0.0,0,0.0,1,0.5,1,0.5,1,0.5,0.1111,"[""168-2025-ND:d69"", ""168-2025-ND:d71"", ""168-2025-ND:d30"", ""01-2021-ND:d31"", ""168-2025-ND:d60"", ""01-2021-ND:d29"", ""59-2020-QH14:d209"", ""168-2025-ND:d64"", ""01-2021-ND:d69"", ""01-2021-ND:d70""]",0,0.0,0,0.0,0,0.0,1,0.5,1,0.5,1,0.5,0.1429,"[""168-2025-ND:d53"", ""01-2021-ND:d59"", ""59-2020-QH14:d110"", ""168-2025-ND:d70"", ""89-2024-ND:d12"", ""01-2021-ND:d63"", ""01-2021-ND:d65"", ""168-2025-ND:d57"", ""89-2024-ND:d13"", ""168-2025-ND:d105""]",0,0.0,0,0.0,0,0.0,0,0.0,1,0.5,1,0.5,0.0625
263,"[""01-2021-ND:d66"", ""168-2025-ND:d60"", ""168-2025-ND:d71"", ""59-2020-QH14:d4"", ""168-2025-ND:d36"", ""01-2021-ND:d97"", ""168-2025-ND:d119"", ""01-2021-ND:d31"", ""168-2025-ND:d118"", ""01-2021-ND:d62""]",0,0.0,0,0.0,0,0.0,0,0.0,1,0.5,1,0.5,0.05,"[""01-2021-ND:d66"", ""168-2025-ND:d60"", ""01-2021-ND:d31"", ""168-2025-ND:d36"", ""59-2020-QH14:d213"", ""01-2021-ND:d62"", ""168-2025-ND:d118"", ""168-2025-ND:d30"", ""59-2020-QH14:d45"", ""23-2022-ND:d23""]",0,0.0,0,0.0,0,0.0,1,0.5,1,0.5,1,1.0,0.1111,"[""168-2025-ND:d71"", ""01-2021-ND:d66"", ""168-2025-ND:d60"", ""168-2025-ND:d29"", ""01-2021-ND:d31"", ""168-2025-ND:d30"", ""01-2021-ND:d30"", ""01-2021-ND:d29"", ""01-2021-ND:d98"", ""01-2021-ND:d62""]",0,0.0,0,0.0,0,0.0,0,0.0,1,0.5,1,0.5,0.0625,"[""59-2020-QH14:d213"", ""168-2025-ND:d66"", ""01-2021-ND:d72"", ""168-2025-ND:d36"", ""01-2021-ND:d66"", ""01-2021-ND:d77"", ""01-2021-ND:d92"", ""59-2020-QH14:d45"", ""59-2020-QH14:d102"", ""59-2020-QH14:d185""]",0,0.0,0,0.0,0,0.0,1,0.5,1,0.5,1,0.5,0.125
277,"[""100-2019-ND-CP:d28"", ""168-2024-ND-CP:d26"", ""16-2023-ND:d7"", ""44-2025-ND:d4"", ""36-2024-QH15:d51"", ""168-2025-ND:d8"", ""01-2021-ND:d8"", ""47-2021-ND:d16"", ""248-2025-ND:d10"", ""16-2023-ND:d16""]",0,0.0,0,0.0,0,0.0,0,0.0,0,0.0,0,0.0,0.0,"[""36-2024-QH15:d51"", ""168-2025-ND:d8"", ""59-2020-QH14:d112"", ""59-2020-QH14:d92"", ""01-2021-ND:d8"", ""168-2024-ND-CP:d26"", ""16-2023-ND:d12"", ""100-2019-ND-CP:d28"", ""01-2021-ND:d1"", ""16-2023-ND:d7""]",0,0.0,0,0.0,0,0.0,0,0.0,0,0.0,0,0.0,0.0,"[""100-2019-ND-CP:d28"", ""168-2024-ND-CP:d26"", ""01-2021-ND:d98"", ""168-2024-ND-CP:d13"", ""168-2024-ND-CP:d6"", ""168-2024-ND-CP:d47"", ""23-2022-ND:d29"", ""168-2025-ND:d69"", ""168-2025-ND:d71"", ""36-2024-QH15:d52""]",0,0.0,0,0.0,0,0.0,0,0.0,0,0.0,0,0.0,0.0,"[""168-2025-ND:d2"", ""23-2022-ND:d26"", ""59-2020-QH14:d75"", ""01-2021-ND:d2"", ""89-2024-ND:d2"", ""01-2021-ND:d30"", ""168-2025-ND:d29"", ""23-2022-ND:d10"", ""47-2021-ND:d31"", ""89-2024-ND:d14""]",0,0.0,0,0.0,0,0.0,0,0.0,0,0.0,0,0.0,0.0
278,"[""23-2022-ND:d35"", ""168-2025-ND:d24"", ""23-2022-ND:d39"", ""16-2023-ND:d7"", ""47-2021-ND:d16"", ""59-2020-QH14:d193"", ""59-2020-QH14:d5"", ""59-2020-QH14:d4"", ""59-2020-QH14:d149"", ""59-2020-QH14:d10""]",0,0.0,0,0.0,0,0.0,0,0.0,1,0.3333,1,0.3333,0.0714,"[""59-2020-QH14:d3"", ""168-2025-ND:d24"", ""59-2020-QH14:d5"", ""59-2020-QH14:d13"", ""59-2020-QH14:d193"", ""23-2022-ND:d35"", ""01-2021-ND:d21"", ""23-2022-ND:d39"", ""59-2020-QH14:d19"", ""59-2020-QH14:d191""]",0,0.0,0,0.0,0,0.0,0,0.0,0,0.0,1,0.3333,0.0417,"[""59-2020-QH14:d193"", ""01-2021-ND:d97"", ""168-2025-ND:d24"", ""168-2025-ND:d119"", ""168-2025-ND:d54"", ""23-2022-ND:d39"", ""47-2021-ND:d16"", ""01-2021-ND:d96"", ""16-2023-ND:d7"", ""168-2025-ND:d118""]",0,0.0,0,0.0,0,0.0,0,0.0,0,0.0,0,0.0,0.0,"[""168-2025-ND:d2"", ""89-2024-ND:d1"", ""59-2020-QH14:d217"", ""16-2023-ND:d13"", ""59-2020-QH14:d3"", ""59-2020-QH14:d89"", ""89-2024-ND:d2"", ""01-2021-ND:d2"", ""168-2025-ND:d118"", ""23-2022-ND:d39""]",0,0.0,0,0.0,0,0.0,0,0.0,0,0.0,0,0.0,0.0
279,"[""59-2020-QH14:d4"", ""23-2022-ND:d23"", ""36-2024-QH15:d46"", ""168-2024-ND-CP:d27"", ""168-2024-ND-CP:d26"", ""23-2022-ND:d27"", ""36-2024-QH15:d10"", ""59-2020-QH14:d170"", ""36-2024-QH15:d6"", ""59-2020-QH14:d99""]",0,0.0,0,0.0,0,0.0,1,0.0204,1,0.0816,1,0.1224,0.125,"[""23-2022-ND:d24"", ""59-2020-QH14:d4"", ""36-2024-QH15:d10"", ""59-2020-QH14:d188"", ""59-2020-QH14:d99"", ""23-2022-ND:d27"", ""23-2022-ND:d23"", ""36-2024-QH15:d46"", ""23-2022-ND:d35"", ""59-2020-QH14:d180""]",0,0.0,0,0.0,0,0.0,0,0.0,1,0.0408,1,0.0816,0.0667,"[""23-2022-ND:d32"", ""01-2021-ND:d97"", ""168-2025-ND:d119"", ""168-2025-ND:d23"", ""168-2025-ND:d69"", ""23-2022-ND:d27"", ""59-2020-QH14:d205"", ""23-2022-ND:d9"", ""23-2022-ND:d30"", ""01-2021-ND:d17""]",0,0.0,0,0.0,0,0.0,0,0.0,1,0.0204,1,0.0204,0.0556,"[""168-2025-ND:d15"", ""01-2021-ND:d54"", ""47-2021-ND:d25"", ""59-2020-QH14:d102"", ""168-2025-ND:d47"", ""248-2025-ND:d2"", ""01-2021-ND:d55"", ""59-2020-QH14:d110"", ""01-2021-ND:d52"", ""01-2021-ND:d50""]",0,0.0,0,0.0,0,0.0,0,0.0,0,0.0,0,0.0,0.0
280,"[""168-2025-ND:d57"", ""168-2025-ND:d101"", ""01-2021-ND:d63"", ""59-2020-QH14:d4"", ""168-2025-ND:d54"", ""01-2021-ND:d60"", ""59-2020-QH14:d122"", ""59-2020-QH14:d201"", ""59-2020-QH14:d198"", ""59-2020-QH14:d200""]",0,0.0,0,0.0,0,0.0,0,0.0,0,0.0,0,0.0,0.0,"[""168-2025-ND:d57"", ""168-2025-ND:d101"", ""01-2021-ND:d63"", ""01-2021-ND:d56"", ""168-2025-ND:d49"", ""23-2022-ND:d23"", ""01-2021-ND:d47"", ""168-2025-ND:d40"", ""01-2021-ND:d60"", ""168-2025-ND:d78""]",0,0.0,0,0.0,0,0.0,0,0.0,0,0.0,0,0.0,0.0,"[""168-2025-ND:d40"", ""168-2025-ND:d54"", ""01-2021-ND:d47"", ""168-2025-ND:d15"", ""168-2025-ND:d57"", ""168-2025-ND:d60"", ""168-2025-ND:d66"", ""168-2025-ND:d71"", ""168-2025-ND:d56"", ""01-2021-ND:d31""]",0,0.0,0,0.0,0,0.0,0,0.0,0,0.0,0,0.0,0.0,"[""168-2025-ND:d40"", ""01-2021-ND:d47"", ""59-2020-QH14:d31"", ""168-2025-ND:d49"", ""168-2025-ND:d100"", ""01-2021-ND:d56"", ""01-2021-ND:d54"", ""168-2025-ND:d41"", ""01-2021-ND:d55"", ""01-2021-ND:d62""]",0,0.0,1,0.3333,1,0.3333,1,0.3333,1,0.3333,1,0.3333,0.3333
284,"[""59-2020-QH14:d156"", ""59-2020-QH14:d105"", ""59-2020-QH14:d98"", ""59-2020-QH14:d99"", ""168-2025-ND:d43"", ""168-2025-ND:d23"", ""23-2022-ND:d36"", ""01-2021-ND:d50"", ""59-2020-QH14:d71"", ""23-2022-ND:d27""]",0,0.0,0,0.0,0,0.0,0,0.0,0,0.0,0,0.0,0.0,"[""59-2020-QH14:d105"", ""59-2020-QH14:d156"", ""59-2020-QH14:d99"", ""59-2020-QH14:d72"", ""59-2020-QH14:d13"", ""47-2021-ND:d4"", ""168-2025-ND:d43"", ""23-2022-ND:d36"", ""01-2021-ND:d50"", ""59-2020-QH14:d21""]",0,0.0,0,0.0,0,0.0,0,0.0,0,0.0,0,0.0,0.0,"[""168-2025-ND:d43"", ""01-2021-ND:d50"", ""168-2025-ND:d54"", ""59-2020-QH14:d71"", ""168-2025-ND:d56"", ""89-2024-ND:d7"", ""01-2021-ND:d62"", ""59-2020-QH14:d14"", ""59-2020-QH14:d12"", ""59-2020-QH14:d13""]",0,0.0,0,0.0,0,0.0,1,0.5,1,0.5,1,0.5,0.1111,"[""89-2024-ND:d12"", ""168-2025-ND:d45"", ""01-2021-ND:d50"", ""59-2020-QH14:d12"", ""168-2025-ND:d43"", ""89-2024-ND:d13"", ""01-2021-ND:d52"", ""168-2025-ND:d47"", ""89-2024-ND:d6"", ""168-2025-ND:d46""]",0,0.0,0,0.0,1,0.5,1,0.5,1,0.5,1,0.5,0.25
288,"[""59-2020-QH14:d205"", ""23-2022-ND:d39"", ""168-2025-ND:d69"", ""47-2021-ND:d17"", ""59-2020-QH14:d68"", ""168-2025-ND:d40"", ""36-2024-QH15:d13"", ""16-2023-ND:d9"", ""168-2025-ND:d107"", ""01-2021-ND:d75""]",0,0.0,0,0.0,0,0.0,0,0.0,0,0.0,0,0.0,0.0,"[""59-2020-QH14:d205"", ""01-2021-ND:d96"", ""168-2025-ND:d75"", ""01-2021-ND:d67"", ""168-2025-ND:d40"", ""168-2025-ND:d61"", ""23-2022-ND:d39"", ""89-2024-ND:d4"", ""168-2025-ND:d53"", ""01-2021-ND:d71""]",0,0.0,0,0.0,0,0.0,0,0.0,0,0.0,0,0.0,0.0,"[""168-2025-ND:d69"", ""168-2025-ND:d121"", ""01-2021-ND:d97"", ""168-2025-ND:d119"", ""01-2021-ND:d96"", ""168-2025-ND:d120"", ""168-2025-ND:d118"", ""168-2025-ND:d71"", ""01-2021-ND:d98"", ""168-2025-ND:d23""]",0,0.0,0,0.0,0,0.0,0,0.0,0,0.0,0,0.0,0.0,"[""168-2025-ND:d118"", ""01-2021-ND:d96"", ""168-2025-ND:d121"", ""01-2021-ND:d27"", ""168-2025-ND:d119"", ""01-2021-ND:d97"", ""168-2025-ND:d27"", ""01-2021-ND:d94"", ""168-2025-ND:d2"", ""168-2025-ND:d110""]",0,0.0,0,0.0,0,0.0,0,0.0,0,0.0,0,0.0,0.0
289,"[""59-2020-QH14:d4"", ""23-2022-ND:d23"", ""59-2020-QH14:d155"", ""36-2024-QH15:d2"", ""168-2025-ND:d123"", ""01-2021-ND:d90"", ""59-2020-QH14:d37"", ""168-2025-ND:d104"", ""100-2019-ND-CP:d31"", ""168-2025-ND:d27""]",0,0.0,0,0.0,0,0.0,0,0.0,0,0.0,0,0.0,0.0,"[""23-2022-ND:d23"", ""59-2020-QH14:d4"", ""168-2025-ND:d90"", ""01-2021-ND:d85"", ""168-2025-ND:d99"", ""59-2020-QH14:d155"", ""168-2025-ND:d83"", ""01-2021-ND:d87"", ""01-2021-ND:d90"", ""01-2021-ND:d84""]",0,0.0,0,0.0,0,0.0,0,0.0,0,0.0,0,0.0,0.0,"[""01-2021-ND:d23"", ""01-2021-ND:d24"", ""23-2022-ND:d35"", ""59-2020-QH14:d205"", ""168-2025-ND:d100"", ""01-2021-ND:d98"", ""168-2025-ND:d95"", ""168-2025-ND:d99"", ""168-2025-ND:d104"", ""89-2024-ND:d11""]",0,0.0,0,0.0,0,0.0,0,0.0,0,0.0,0,0.0,0.0,"[""01-2021-ND:d23"", ""01-2021-ND:d52"", ""168-2025-ND:d99"", ""168-2025-ND:d26"", ""01-2021-ND:d27"", ""01-2021-ND:d54"", ""168-2025-ND:d45"", ""168-2025-ND:d47"", ""23-2022-ND:d33"", ""01-2021-ND:d26""]",0,0.0,0,0.0,0,0.0,0,0.0,0,0.0,0,0.0,0.0
290,"[""59-2020-QH14:d4"", ""23-2022-ND:d23"", ""168-2025-ND:d64"", ""168-2025-ND:d69"", ""168-2025-ND:d66"", ""01-2021-ND:d70"", ""168-2025-ND:d63"", ""100-2019-ND-CP:d56"", ""168-2025-ND:d8"", ""168-2025-ND:d71""]",0,0.0,0,0.0,0,0.0,0,0.0,0,0.0,0,0.0,0.0,"[""23-2022-ND:d23"", ""01-2021-ND:d96"", ""168-2025-ND:d40"", ""59-2020-QH14:d4"", ""168-2025-ND:d64"", ""168-2025-ND:d63"", ""168-2025-ND:d66"", ""168-2025-ND:d56"", ""89-2024-ND:d13"", ""01-2021-ND:d70""]",0,0.0,0,0.0,0,0.0,0,0.0,0,0.0,0,0.0,0.0,"[""168-2025-ND:d69"", ""168-2025-ND:d121"", ""168-2025-ND:d60"", ""168-2025-ND:d71"", ""89-2024-ND:d11"", ""01-2021-ND:d66"", ""168-2025-ND:d63"", ""168-2025-ND:d15"", ""01-2021-ND:d69"", ""59-2020-QH14:d209""]",0,0.0,0,0.0,0,0.0,0,0.0,0,0.0,0,0.0,0.0,"[""248-2025-ND:d7"", ""44-2025-ND:d24"", ""47-2021-ND:d33"", ""89-2024-ND:d14"", ""59-2020-QH14:d50"", ""59-2020-QH14:d218"", ""100-2019-ND-CP:d77"", ""59-2020-QH14:d72"", ""01-2021-ND:d93"", ""168-2024-ND-CP:d44""]",0,0.0,0,0.0,0,0.0,0,0.0,0,0.0,0,0.0,0.0
293,"[""248-2025-ND:d11"", ""59-2020-QH14:d68"", ""59-2020-QH14:d4"", ""44-2025-ND:d9"", ""248-2025-ND:d10"", ""23-2022-ND:d23"", ""44-2025-ND:d34"", ""44-2025-ND:d33"", ""47-2021-ND:d34"", ""59-2020-QH14:d189""]",0,0.0,1,0.25,1,0.25,1,0.25,1,0.25,1,0.25,0.5,"[""248-2025-ND:d11"", ""59-2020-QH14:d68"", ""23-2022-ND:d23"", ""01-2021-ND:d55"", ""59-2020-QH14:d189"", ""59-2020-QH14:d87"", ""168-2025-ND:d122"", ""248-2025-ND:d10"", ""59-2020-QH14:d4"", ""44-2025-ND:d9""]",0,0.0,1,0.25,1,0.25,1,0.25,1,0.25,1,0.25,0.5,"[""01-2021-ND:d55"", ""168-2025-ND:d48"", ""44-2025-ND:d27"", ""59-2020-QH14:d189"", ""23-2022-ND:d48"", ""23-2022-ND:d6"", ""23-2022-ND:d51"", ""44-2025-ND:d26"", ""44-2025-ND:d28"", ""44-2025-ND:d29""]",0,0.0,0,0.0,0,0.0,0,0.0,1,0.25,1,0.25,0.0769,"[""59-2020-QH14:d87"", ""59-2020-QH14:d68"", ""248-2025-ND:d11"", ""248-2025-ND:d10"", ""23-2022-ND:d5"", ""44-2025-ND:d33"", ""44-2025-ND:d9"", ""23-2022-ND:d47"", ""01-2021-ND:d100"", ""168-2025-ND:d124""]",0,0.0,1,0.25,1,0.25,1,0.25,1,0.25,1,0.25,0.5
296,"[""168-2025-ND:d44"", ""168-2025-ND:d55"", ""01-2021-ND:d61"", ""59-2020-QH14:d115"", ""01-2021-ND:d51"", ""59-2020-QH14:d148"", ""59-2020-QH14:d134"", ""59-2020-QH14:d113"", ""59-2020-QH14:d68"", ""59-2020-QH14:d112""]",0,0.0,0,0.0,0,0.0,1,0.25,1,0.5,1,0.5,0.1,"[""59-2020-QH14:d112"", ""168-2025-ND:d44"", ""168-2025-ND:d55"", ""59-2020-QH14:d68"", ""01-2021-ND:d61"", ""01-2021-ND:d51"", ""01-2021-ND:d55"", ""59-2020-QH14:d113"", ""59-2020-QH14:d87"", ""59-2020-QH14:d134""]",1,0.25,1,0.25,1,0.25,1,0.25,1,0.5,1,0.5,1.0,"[""168-2025-ND:d51"", ""168-2025-ND:d50"", ""168-2025-ND:d44"", ""01-2021-ND:d51"", ""01-2021-ND:d50"", ""168-2025-ND:d43"", ""168-2025-ND:d69"", ""01-2021-ND:d26"", ""168-2025-ND:d26"", ""44-2025-ND:d29""]",0,0.0,0,0.0,0,0.0,0,0.0,0,0.0,0,0.0,0.0,"[""59-2020-QH14:d133"", ""59-2020-QH14:d68"", ""168-2025-ND:d50"", ""01-2021-ND:d57"", ""59-2020-QH14:d119"", ""59-2020-QH14:d123"", ""59-2020-QH14:d132"", ""59-2020-QH14:d87"", ""59-2020-QH14:d126"", ""01-2021-ND:d60""]",0,0.0,0,0.0,0,0.0,0,0.0,0,0.0,1,0.5,0.0357
297,"[""59-2020-QH14:d4"", ""59-2020-QH14:d61"", ""59-2020-QH14:d47"", ""168-2025-ND:d44"", ""59-2020-QH14:d59"", ""59-2020-QH14:d182"", ""59-2020-QH14:d187"", ""168-2025-ND:d46"", ""59-2020-QH14:d57"", ""23-2022-ND:d23""]",0,0.0,1,0.2,1,0.2,1,0.2,1,0.4,1,0.4,0.3333,"[""59-2020-QH14:d4"", ""59-2020-QH14:d47"", ""23-2022-ND:d23"", ""59-2020-QH14:d187"", ""59-2020-QH14:d178"", ""59-2020-QH14:d182"", ""59-2020-QH14:d68"", ""59-2020-QH14:d61"", ""59-2020-QH14:d48"", ""168-2025-ND:d44""]",0,0.0,1,0.2,1,0.2,1,0.4,1,0.4,1,0.4,0.5,"[""168-2025-ND:d44"", ""89-2024-ND:d7"", ""01-2021-ND:d51"", ""168-2025-ND:d54"", ""23-2022-ND:d48"", ""23-2022-ND:d6"", ""59-2020-QH14:d47"", ""168-2025-ND:d51"", ""44-2025-ND:d27"", ""168-2025-ND:d64""]",0,0.0,0,0.0,0,0.0,1,0.2,1,0.2,1,0.2,0.1429,"[""59-2020-QH14:d178"", ""23-2022-ND:d38"", ""59-2020-QH14:d87"", ""59-2020-QH14:d68"", ""248-2025-ND:d12"", ""23-2022-ND:d5"", ""44-2025-ND:d25"", ""248-2025-ND:d2"", ""47-2021-ND:d25"", ""248-2025-ND:d1""]",0,0.0,0,0.0,1,0.2,1,0.2,1,0.2,1,0.4,0.25
300,"[""59-2020-QH14:d112"", ""59-2020-QH14:d124"", ""59-2020-QH14:d4"", ""59-2020-QH14:d123"", ""59-2020-QH14:d122"", ""59-2020-QH14:d125"", ""59-2020-QH14:d138"", ""59-2020-QH14:d128"", ""59-2020-QH14:d130"", ""59-2020-QH14:d120""]",1,0.3333,1,0.3333,1,0.3333,1,0.6667,1,0.6667,1,0.6667,1.0,"[""59-2020-QH14:d123"", ""59-2020-QH14:d112"", ""59-2020-QH14:d125"", ""59-2020-QH14:d124"", ""59-2020-QH14:d130"", ""59-2020-QH14:d122"", ""59-2020-QH14:d52"", ""59-2020-QH14:d120"", ""59-2020-QH14:d128"", ""59-2020-QH14:d4""]",0,0.0,1,0.3333,1,0.3333,1,0.6667,1,0.6667,1,1.0,0.5,"[""59-2020-QH14:d113"", ""59-2020-QH14:d17"", ""59-2020-QH14:d124"", ""59-2020-QH14:d125"", ""44-2025-ND:d29"", ""44-2025-ND:d27"", ""59-2020-QH14:d205"", ""01-2021-ND:d23"", ""59-2020-QH14:d123"", ""168-2025-ND:d24""]",0,0.0,0,0.0,0,0.0,0,0.0,1,0.6667,1,1.0,0.0769,"[""59-2020-QH14:d124"", ""59-2020-QH14:d123"", ""59-2020-QH14:d125"", ""59-2020-QH14:d128"", ""59-2020-QH14:d118"", ""59-2020-QH14:d112"", ""59-2020-QH14:d126"", ""168-2025-ND:d50"", ""59-2020-QH14:d132"", ""01-2021-ND:d57""]",0,0.0,0,0.0,0,0.0,1,0.3333,1,0.3333,1,1.0,0.1667
301,"[""59-2020-QH14:d72"", ""59-2020-QH14:d53"", ""59-2020-QH14:d166"", ""59-2020-QH14:d193"", ""59-2020-QH14:d17"", ""59-2020-QH14:d56"", ""59-2020-QH14:d98"", ""168-2025-ND:d82"", ""59-2020-QH14:d156"", ""01-2021-ND:d50""]",0,0.0,0,0.0,0,0.0,0,0.0,0,0.0,0,0.0,0.0,"[""89-2024-ND:d14"", ""59-2020-QH14:d72"", ""59-2020-QH14:d53"", ""59-2020-QH14:d166"", ""89-2024-ND:d4"", ""59-2020-QH14:d56"", ""59-2020-QH14:d1"", ""59-2020-QH14:d193"", ""89-2024-ND:d8"", ""59-2020-QH14:d188""]",0,0.0,0,0.0,0,0.0,0,0.0,0,0.0,1,0.25,0.0476,"[""168-2025-ND:d69"", ""59-2020-QH14:d98"", ""36-2024-QH15:d68"", ""89-2024-ND:d7"", ""89-2024-ND:d11"", ""01-2021-ND:d98"", ""59-2020-QH14:d75"", ""59-2020-QH14:d78"", ""168-2025-ND:d67"", ""168-2025-ND:d50""]",0,0.0,0,0.0,0,0.0,0,0.0,0,0.0,1,0.25,0.04,"[""168-2025-ND:d67"", ""01-2021-ND:d78"", ""168-2025-ND:d72"", ""89-2024-ND:d14"", ""47-2021-ND:d34"", ""23-2022-ND:d45"", ""168-2025-ND:d61"", ""23-2022-ND:d21"", ""59-2020-QH14:d206"", ""47-2021-ND:d26""]",0,0.0,0,0.0,0,0.0,0,0.0,0,0.0,1,0.25,0.0357
303,"[""59-2020-QH14:d4"", ""23-2022-ND:d23"", ""168-2024-ND-CP:d26"", ""36-2024-QH15:d23"", ""59-2020-QH14:d155"", ""01-2021-ND:d17"", ""36-2024-QH15:d46"", ""36-2024-QH15:d30"", ""100-2019-ND-CP:d28"", ""36-2024-QH15:d2""]",0,0.0,0,0.0,0,0.0,0,0.0,0,0.0,0,0.0,0.0,"[""23-2022-ND:d23"", ""59-2020-QH14:d4"", ""59-2020-QH14:d155"", ""168-2025-ND:d39"", ""168-2024-ND-CP:d26"", ""168-2025-ND:d113"", ""168-2025-ND:d32"", ""168-2025-ND:d53"", ""59-2020-QH14:d216"", ""01-2021-ND:d17""]",0,0.0,0,0.0,0,0.0,0,0.0,0,0.0,0,0.0,0.0,"[""168-2025-ND:d95"", ""168-2025-ND:d31"", ""168-2025-ND:d69"", ""168-2025-ND:d54"", ""59-2020-QH14:d98"", ""01-2021-ND:d69"", ""168-2025-ND:d32"", ""01-2021-ND:d43"", ""168-2025-ND:d109"", ""89-2024-ND:d11""]",0,0.0,0,0.0,0,0.0,0,0.0,0,0.0,0,0.0,0.0,"[""168-2025-ND:d45"", ""89-2024-ND:d13"", ""168-2025-ND:d46"", ""59-2020-QH14:d73"", ""89-2024-ND:d12"", ""01-2021-ND:d53"", ""01-2021-ND:d52"", ""59-2020-QH14:d158"", ""59-2020-QH14:d159"", ""47-2021-ND:d25""]",0,0.0,0,0.0,0,0.0,0,0.0,0,0.0,1,0.3333,0.04
304,"[""168-2025-ND:d52"", ""01-2021-ND:d90"", ""44-2025-ND:d3"", ""168-2025-ND:d17"", ""59-2020-QH14:d184"", ""23-2022-ND:d37"", ""59-2020-QH14:d71"", ""248-2025-ND:d3"", ""59-2020-QH14:d164"", ""59-2020-QH14:d4""]",0,0.0,0,0.0,0,0.0,0,0.0,0,0.0,0,0.0,0.0,"[""168-2025-ND:d52"", ""168-2025-ND:d19"", ""01-2021-ND:d90"", ""168-2025-ND:d18"", ""168-2025-ND:d17"", ""01-2021-ND:d49"", ""59-2020-QH14:d184"", ""59-2020-QH14:d180"", ""23-2022-ND:d37"", ""168-2025-ND:d42""]",0,0.0,0,0.0,0,0.0,0,0.0,1,0.1667,1,0.1667,0.0588,"[""168-2025-ND:d54"", ""59-2020-QH14:d66"", ""01-2021-ND:d49"", ""168-2025-ND:d42"", ""59-2020-QH14:d163"", ""168-2025-ND:d46"", ""59-2020-QH14:d71"", ""89-2024-ND:d11"", ""168-2025-ND:d45"", ""01-2021-ND:d52""]",0,0.0,0,0.0,0,0.0,0,0.0,0,0.0,0,0.0,0.0,"[""168-2025-ND:d45"", ""01-2021-ND:d52"", ""59-2020-QH14:d204"", ""01-2021-ND:d60"", ""59-2020-QH14:d68"", ""01-2021-ND:d50"", ""168-2025-ND:d52"", ""168-2025-ND:d54"", ""59-2020-QH14:d160"", ""59-2020-QH14:d31""]",0,0.0,0,0.0,0,0.0,1,0.1667,1,0.1667,1,0.5,0.1
307,"[""168-2025-ND:d57"", ""01-2021-ND:d41"", ""168-2025-ND:d60"", ""168-2025-ND:d66"", ""168-2025-ND:d54"", ""168-2025-ND:d43"", ""01-2021-ND:d28"", ""168-2025-ND:d28"", ""168-2025-ND:d101"", ""01-2021-ND:d31""]",0,0.0,0,0.0,0,0.0,0,0.0,0,0.0,0,0.0,0.0,"[""168-2025-ND:d57"", ""168-2025-ND:d60"", ""01-2021-ND:d63"", ""168-2025-ND:d101"", ""01-2021-ND:d41"", ""168-2025-ND:d78"", ""01-2021-ND:d31"", ""168-2025-ND:d66"", ""168-2025-ND:d76"", ""01-2021-ND:d44""]",0,0.0,0,0.0,0,0.0,0,0.0,0,0.0,0,0.0,0.0,"[""168-2025-ND:d57"", ""168-2025-ND:d71"", ""168-2025-ND:d101"", ""01-2021-ND:d63"", ""168-2025-ND:d54"", ""168-2025-ND:d31"", ""168-2025-ND:d69"", ""168-2025-ND:d109"", ""01-2021-ND:d69"", ""01-2021-ND:d31""]",0,0.0,0,0.0,0,0.0,0,0.0,0,0.0,0,0.0,0.0,"[""168-2025-ND:d124"", ""01-2021-ND:d100"", ""248-2025-ND:d11"", ""248-2025-ND:d10"", ""47-2021-ND:d18"", ""47-2021-ND:d26"", ""23-2022-ND:d54"", ""89-2024-ND:d14"", ""47-2021-ND:d34"", ""47-2021-ND:d17""]",0,0.0,0,0.0,0,0.0,0,0.0,0,0.0,0,0.0,0.0
308,"[""59-2020-QH14:d4"", ""168-2025-ND:d51"", ""01-2021-ND:d31"", ""168-2025-ND:d45"", ""168-2025-ND:d46"", ""16-2023-ND:d9"", ""168-2024-ND-CP:d48"", ""59-2020-QH14:d5"", ""168-2025-ND:d26"", ""01-2021-ND:d28""]",0,0.0,0,0.0,0,0.0,0,0.0,0,0.0,0,0.0,0.0,"[""01-2021-ND:d9"", ""168-2025-ND:d9"", ""01-2021-ND:d22"", ""01-2021-ND:d24"", ""59-2020-QH14:d5"", ""59-2020-QH14:d188"", ""59-2020-QH14:d22"", ""01-2021-ND:d31"", ""01-2021-ND:d23"", ""168-2025-ND:d51""]",0,0.0,0,0.0,0,0.0,1,0.25,1,0.5,1,0.5,0.1429,"[""168-2025-ND:d69"", ""168-2025-ND:d54"", ""01-2021-ND:d60"", ""168-2025-ND:d120"", ""01-2021-ND:d98"", ""16-2023-ND:d7"", ""168-2025-ND:d71"", ""16-2023-ND:d9"", ""01-2021-ND:d97"", ""01-2021-ND:d29""]",0,0.0,0,0.0,0,0.0,0,0.0,0,0.0,0,0.0,0.0,"[""168-2025-ND:d39"", ""168-2025-ND:d30"", ""168-2025-ND:d11"", ""168-2025-ND:d31"", ""168-2025-ND:d112"", ""168-2025-ND:d38"", ""168-2025-ND:d113"", ""01-2021-ND:d45"", ""168-2025-ND:d92"", ""01-2021-ND:d44""]",0,0.0,0,0.0,0,0.0,0,0.0,1,0.25,1,0.25,0.0526
309,"[""59-2020-QH14:d4"", ""23-2022-ND:d23"", ""59-2020-QH14:d155"", ""168-2025-ND:d60"", ""01-2021-ND:d66"", ""168-2024-ND-CP:d27"", ""01-2021-ND:d99"", ""59-2020-QH14:d98"", ""01-2021-ND:d91"", ""36-2024-QH15:d46""]",0,0.0,0,0.0,0,0.0,0,0.0,1,0.25,1,0.25,0.0714,"[""23-2022-ND:d23"", ""59-2020-QH14:d4"", ""168-2025-ND:d60"", ""01-2021-ND:d91"", ""01-2021-ND:d66"", ""23-2022-ND:d21"", ""59-2020-QH14:d155"", ""01-2021-ND:d99"", ""59-2020-QH14:d206"", ""168-2025-ND:d103""]",0,0.0,0,0.0,0,0.0,1,0.25,1,0.25,1,0.5,0.1111,"[""168-2025-ND:d60"", ""168-2025-ND:d71"", ""01-2021-ND:d67"", ""01-2021-ND:d97"", ""168-2025-ND:d61"", ""168-2025-ND:d69"", ""59-2020-QH14:d206"", ""168-2024-ND-CP:d27"", ""168-2025-ND:d119"", ""01-2021-ND:d98""]",0,0.0,0,0.0,0,0.0,1,0.25,1,0.25,1,0.25,0.1429,"[""47-2021-ND:d26"", ""59-2020-QH14:d151"", ""59-2020-QH14:d142"", ""59-2020-QH14:d174"", ""59-2020-QH14:d206"", ""01-2021-ND:d92"", ""23-2022-ND:d45"", ""23-2022-ND:d21"", ""59-2020-QH14:d110"", ""168-2025-ND:d61""]",0,0.0,0,0.0,1,0.25,1,0.25,1,0.25,1,0.5,0.2
311,"[""59-2020-QH14:d4"", ""23-2022-ND:d23"", ""59-2020-QH14:d210"", ""168-2025-ND:d4"", ""01-2021-ND:d4"", ""59-2020-QH14:d155"", ""89-2024-ND:d3"", ""168-2024-ND-CP:d27"", ""36-2024-QH15:d2"", ""168-2024-ND-CP:d26""]",0,0.0,0,0.0,0,0.0,0,0.0,1,0.3333,1,0.3333,0.0526,"[""59-2020-QH14:d210"", ""23-2022-ND:d23"", ""01-2021-ND:d4"", ""168-2025-ND:d4"", ""59-2020-QH14:d4"", ""59-2020-QH14:d85"", ""89-2024-ND:d3"", ""59-2020-QH14:d155"", ""168-2025-ND:d117"", ""59-2020-QH14:d90""]",0,0.0,0,0.0,0,0.0,0,0.0,0,0.0,1,0.3333,0.0333,"[""168-2025-ND:d69"", ""59-2020-QH14:d210"", ""59-2020-QH14:d209"", ""168-2025-ND:d31"", ""23-2022-ND:d6"", ""01-2021-ND:d71"", ""168-2025-ND:d65"", ""168-2025-ND:d71"", ""168-2025-ND:d95"", ""59-2020-QH14:d98""]",0,0.0,0,0.0,0,0.0,0,0.0,1,0.3333,1,0.3333,0.0526,"[""47-2021-ND:d26"", ""59-2020-QH14:d110"", ""01-2021-ND:d92"", ""23-2022-ND:d45"", ""59-2020-QH14:d151"", ""01-2021-ND:d78"", ""168-2025-ND:d70"", ""01-2021-ND:d91"", ""59-2020-QH14:d206"", ""168-2025-ND:d72""]",0,0.0,0,0.0,0,0.0,0,0.0,0,0.0,0,0.0,0.0
318,"[""01-2021-ND:d58"", ""168-2025-ND:d51"", ""168-2025-ND:d26"", ""59-2020-QH14:d4"", ""01-2021-ND:d26"", ""59-2020-QH14:d116"", ""168-2025-ND:d44"", ""59-2020-QH14:d203"", ""01-2021-ND:d51"", ""59-2020-QH14:d127""]",0,0.0,0,0.0,0,0.0,1,0.3333,1,0.6667,1,0.6667,0.1,"[""01-2021-ND:d58"", ""23-2022-ND:d5"", ""59-2020-QH14:d203"", ""59-2020-QH14:d127"", ""168-2025-ND:d51"", ""59-2020-QH14:d116"", ""59-2020-QH14:d111"", ""59-2020-QH14:d120"", ""168-2025-ND:d26"", ""23-2022-ND:d24""]",0,0.0,0,0.0,1,0.3333,1,0.6667,1,0.6667,1,0.6667,0.25,"[""168-2025-ND:d51"", ""44-2025-ND:d27"", ""01-2021-ND:d58"", ""168-2025-ND:d71"", ""168-2025-ND:d69"", ""44-2025-ND:d29"", ""59-2020-QH14:d127"", ""59-2020-QH14:d205"", ""168-2025-ND:d44"", ""23-2022-ND:d51""]",0,0.0,0,0.0,0,0.0,1,0.3333,1,0.3333,1,0.3333,0.1429,"[""59-2020-QH14:d119"", ""59-2020-QH14:d133"", ""59-2020-QH14:d135"", ""59-2020-QH14:d136"", ""59-2020-QH14:d126"", ""59-2020-QH14:d127"", ""59-2020-QH14:d132"", ""59-2020-QH14:d117"", ""59-2020-QH14:d125"", ""59-2020-QH14:d36""]",0,0.0,0,0.0,0,0.0,1,0.3333,1,0.3333,1,0.6667,0.1667
320,"[""59-2020-QH14:d4"", ""23-2022-ND:d23"", ""168-2025-ND:d44"", ""168-2025-ND:d51"", ""168-2025-ND:d45"", ""01-2021-ND:d51"", ""168-2025-ND:d26"", ""168-2025-ND:d46"", ""01-2021-ND:d26"", ""23-2022-ND:d6""]",0,0.0,0,0.0,0,0.0,0,0.0,0,0.0,1,0.3333,0.0435,"[""23-2022-ND:d23"", ""59-2020-QH14:d4"", ""59-2020-QH14:d20"", ""168-2025-ND:d44"", ""168-2025-ND:d51"", ""01-2021-ND:d22"", ""01-2021-ND:d51"", ""01-2021-ND:d24"", ""168-2025-ND:d45"", ""168-2025-ND:d48""]",0,0.0,0,0.0,0,0.0,0,0.0,0,0.0,0,0.0,0.0,"[""168-2025-ND:d51"", ""168-2025-ND:d29"", ""01-2021-ND:d98"", ""01-2021-ND:d30"", ""168-2025-ND:d54"", ""168-2025-ND:d69"", ""01-2021-ND:d97"", ""168-2025-ND:d119"", ""89-2024-ND:d7"", ""168-2025-ND:d71""]",0,0.0,0,0.0,0,0.0,0,0.0,0,0.0,0,0.0,0.0,"[""59-2020-QH14:d20"", ""01-2021-ND:d55"", ""168-2025-ND:d48"", ""01-2021-ND:d30"", ""168-2025-ND:d29"", ""01-2021-ND:d98"", ""168-2025-ND:d119"", ""59-2020-QH14:d32"", ""01-2021-ND:d97"", ""168-2025-ND:d120""]",0,0.0,0,0.0,0,0.0,0,0.0,0,0.0,1,0.3333,0.037
321,"[""59-2020-QH14:d4"", ""23-2022-ND:d23"", ""59-2020-QH14:d155"", ""168-2024-ND-CP:d26"", ""36-2024-QH15:d4"", ""168-2024-ND-CP:d27"", ""36-2024-QH15:d46"", ""168-2024-ND-CP:d20"", ""44-2025-ND:d4"", ""23-2022-ND:d29""]",0,0.0,0,0.0,0,0.0,0,0.0,0,0.0,0,0.0,0.0,"[""23-2022-ND:d23"", ""59-2020-QH14:d4"", ""59-2020-QH14:d155"", ""168-2025-ND:d84"", ""59-2020-QH14:d63"", ""168-2025-ND:d123"", ""59-2020-QH14:d82"", ""59-2020-QH14:d99"", ""59-2020-QH14:d184"", ""23-2022-ND:d29""]",0,0.0,0,0.0,0,0.0,1,0.2,1,0.2,1,0.2,0.1429,"[""168-2025-ND:d54"", ""168-2025-ND:d15"", ""168-2025-ND:d71"", ""168-2024-ND-CP:d27"", ""168-2025-ND:d121"", ""168-2025-ND:d69"", ""89-2024-ND:d7"", ""168-2024-ND-CP:d20"", ""01-2021-ND:d98"", ""168-2025-ND:d84""]",0,0.0,0,0.0,0,0.0,0,0.0,0,0.0,0,0.0,0.0,"[""01-2021-ND:d81"", ""168-2025-ND:d84"", ""01-2021-ND:d79"", ""59-2020-QH14:d77"", ""01-2021-ND:d2"", ""168-2025-ND:d47"", ""59-2020-QH14:d78"", ""01-2021-ND:d99"", ""59-2020-QH14:d191"", ""168-2025-ND:d83""]",0,0.0,0,0.0,1,0.2,1,0.4,1,0.4,1,0.4,0.25
322,"[""59-2020-QH14:d53"", ""168-2025-ND:d28"", ""01-2021-ND:d28"", ""89-2024-ND:d11"", ""89-2024-ND:d7"", ""59-2020-QH14:d185"", ""100-2019-ND-CP:d31"", ""23-2022-ND:d51"", ""59-2020-QH14:d4"", ""59-2020-QH14:d78""]",0,0.0,0,0.0,0,0.0,1,0.25,1,0.25,1,0.25,0.1,"[""01-2021-ND:d48"", ""89-2024-ND:d4"", ""168-2025-ND:d41"", ""168-2025-ND:d28"", ""01-2021-ND:d28"", ""59-2020-QH14:d53"", ""23-2022-ND:d51"", ""89-2024-ND:d8"", ""59-2020-QH14:d204"", ""59-2020-QH14:d35""]",0,0.0,0,0.0,0,0.0,0,0.0,0,0.0,1,0.5,0.0455,"[""168-2025-ND:d54"", ""89-2024-ND:d11"", ""168-2025-ND:d46"", ""59-2020-QH14:d205"", ""59-2020-QH14:d78"", ""01-2021-ND:d19"", ""168-2025-ND:d15"", ""59-2020-QH14:d202"", ""59-2020-QH14:d203"", ""59-2020-QH14:d204""]",0,0.0,0,0.0,1,0.25,1,0.25,1,0.25,1,0.25,0.2,"[""168-2025-ND:d46"", ""01-2021-ND:d53"", ""168-2025-ND:d41"", ""168-2025-ND:d47"", ""59-2020-QH14:d202"", ""59-2020-QH14:d78"", ""168-2025-ND:d43"", ""01-2021-ND:d50"", ""01-2021-ND:d54"", ""89-2024-ND:d4""]",0,0.0,0,0.0,0,0.0,1,0.25,1,0.25,1,0.25,0.1667
324,"[""36-2024-QH15:d20"", ""01-2021-ND:d41"", ""168-2025-ND:d23"", ""168-2025-ND:d101"", ""168-2025-ND:d56"", ""01-2021-ND:d8"", ""168-2025-ND:d57"", ""168-2025-ND:d8"", ""01-2021-ND:d62"", ""100-2019-ND-CP:d6""]",0,0.0,0,0.0,0,0.0,0,0.0,0,0.0,0,0.0,0.0,"[""36-2024-QH15:d21"", ""01-2021-ND:d59"", ""168-2025-ND:d56"", ""01-2021-ND:d86"", ""168-2025-ND:d87"", ""168-2025-ND:d101"", ""168-2025-ND:d111"", ""01-2021-ND:d62"", ""168-2025-ND:d40"", ""36-2024-QH15:d20""]",0,0.0,0,0.0,0,0.0,0,0.0,0,0.0,0,0.0,0.0,"[""01-2021-ND:d39"", ""01-2021-ND:d62"", ""168-2025-ND:d56"", ""168-2025-ND:d15"", ""01-2021-ND:d47"", ""168-2025-ND:d40"", ""01-2021-ND:d8"", ""168-2025-ND:d121"", ""168-2025-ND:d8"", ""168-2025-ND:d87""]",0,0.0,0,0.0,0,0.0,0,0.0,1,0.3333,1,0.3333,0.0667,"[""01-2021-ND:d47"", ""168-2025-ND:d40"", ""168-2025-ND:d87"", ""01-2021-ND:d86"", ""59-2020-QH14:d42"", ""01-2021-ND:d66"", ""01-2021-ND:d91"", ""01-2021-ND:d27"", ""168-2025-ND:d100"", ""01-2021-ND:d94""]",0,0.0,0,0.0,0,0.0,0,0.0,0,0.0,0,0.0,0.0
325,"[""01-2021-ND:d33"", ""168-2025-ND:d101"", ""168-2025-ND:d57"", ""01-2021-ND:d63"", ""168-2025-ND:d32"", ""59-2020-QH14:d57"", ""59-2020-QH14:d51"", ""59-2020-QH14:d141"", ""168-2025-ND:d95"", ""168-2025-ND:d54""]",0,0.0,0,0.0,0,0.0,0,0.0,1,0.3333,1,0.3333,0.0625,"[""01-2021-ND:d33"", ""168-2025-ND:d32"", ""01-2021-ND:d63"", ""168-2025-ND:d101"", ""168-2025-ND:d57"", ""59-2020-QH14:d51"", ""168-2025-ND:d48"", ""168-2025-ND:d52"", ""168-2025-ND:d53"", ""168-2025-ND:d17""]",0,0.0,0,0.0,0,0.0,0,0.0,0,0.0,0,0.0,0.0,"[""168-2025-ND:d32"", ""168-2025-ND:d69"", ""168-2025-ND:d57"", ""168-2025-ND:d101"", ""168-2024-ND-CP:d52"", ""01-2021-ND:d63"", ""168-2025-ND:d64"", ""168-2025-ND:d71"", ""168-2025-ND:d115"", ""44-2025-ND:d16""]",0,0.0,0,0.0,0,0.0,0,0.0,0,0.0,1,0.3333,0.0455,"[""168-2025-ND:d19"", ""168-2025-ND:d52"", ""44-2025-ND:d32"", ""168-2025-ND:d57"", ""01-2021-ND:d44"", ""59-2020-QH14:d109"", ""47-2021-ND:d21"", ""59-2020-QH14:d73"", ""168-2025-ND:d122"", ""47-2021-ND:d25""]",0,0.0,0,0.0,0,0.0,0,0.0,0,0.0,1,0.3333,0.0455
326,"[""23-2022-ND:d23"", ""59-2020-QH14:d4"", ""59-2020-QH14:d155"", ""168-2024-ND-CP:d26"", ""23-2022-ND:d44"", ""168-2024-ND-CP:d27"", ""01-2021-ND:d38"", ""168-2025-ND:d20"", ""47-2021-ND:d16"", ""89-2024-ND:d3""]",0,0.0,0,0.0,0,0.0,0,0.0,0,0.0,0,0.0,0.0,"[""23-2022-ND:d23"", ""59-2020-QH14:d4"", ""59-2020-QH14:d43"", ""59-2020-QH14:d155"", ""23-2022-ND:d44"", ""89-2024-ND:d3"", ""168-2025-ND:d20"", ""01-2021-ND:d38"", ""89-2024-ND:d9"", ""01-2021-ND:d4""]",0,0.0,1,0.3333,1,0.3333,1,0.3333,1,0.3333,1,0.3333,0.3333,"[""01-2021-ND:d74"", ""168-2025-ND:d68"", ""168-2025-ND:d69"", ""168-2025-ND:d57"", ""23-2022-ND:d6"", ""01-2021-ND:d26"", ""01-2021-ND:d28"", ""01-2021-ND:d63"", ""168-2025-ND:d26"", ""168-2025-ND:d28""]",0,0.0,0,0.0,0,0.0,0,0.0,0,0.0,0,0.0,0.0,"[""168-2025-ND:d110"", ""01-2021-ND:d94"", ""01-2021-ND:d76"", ""01-2021-ND:d68"", ""168-2025-ND:d108"", ""89-2024-ND:d13"", ""168-2025-ND:d62"", ""01-2021-ND:d93"", ""168-2025-ND:d107"", ""168-2025-ND:d32""]",0,0.0,0,0.0,0,0.0,0,0.0,0,0.0,0,0.0,0.0
327,"[""59-2020-QH14:d71"", ""59-2020-QH14:d164"", ""59-2020-QH14:d110"", ""168-2025-ND:d57"", ""168-2025-ND:d101"", ""59-2020-QH14:d198"", ""168-2024-ND-CP:d26"", ""59-2020-QH14:d171"", ""01-2021-ND:d63"", ""168-2025-ND:d60""]",0,0.0,0,0.0,0,0.0,0,0.0,0,0.0,0,0.0,0.0,"[""59-2020-QH14:d90"", ""59-2020-QH14:d85"", ""59-2020-QH14:d71"", ""168-2025-ND:d101"", ""168-2025-ND:d57"", ""59-2020-QH14:d171"", ""01-2021-ND:d63"", ""59-2020-QH14:d190"", ""59-2020-QH14:d101"", ""59-2020-QH14:d93""]",0,0.0,0,0.0,0,0.0,0,0.0,0,0.0,0,0.0,0.0,"[""168-2025-ND:d69"", ""168-2025-ND:d43"", ""168-2025-ND:d50"", ""168-2025-ND:d51"", ""168-2025-ND:d54"", ""59-2020-QH14:d71"", ""01-2021-ND:d57"", ""01-2021-ND:d58"", ""01-2021-ND:d60"", ""01-2021-ND:d50""]",0,0.0,0,0.0,0,0.0,0,0.0,0,0.0,1,0.25,0.04,"[""59-2020-QH14:d160"", ""59-2020-QH14:d174"", ""59-2020-QH14:d94"", ""59-2020-QH14:d108"", ""59-2020-QH14:d102"", ""59-2020-QH14:d168"", ""23-2022-ND:d54"", ""59-2020-QH14:d156"", ""59-2020-QH14:d65"", ""47-2021-ND:d34""]",0,0.0,0,0.0,0,0.0,0,0.0,0,0.0,0,0.0,0.0
328,"[""168-2025-ND:d54"", ""168-2025-ND:d11"", ""01-2021-ND:d60"", ""59-2020-QH14:d164"", ""01-2021-ND:d17"", ""36-2024-QH15:d36"", ""59-2020-QH14:d176"", ""59-2020-QH14:d4"", ""59-2020-QH14:d71"", ""168-2025-ND:d28""]",0,0.0,0,0.0,0,0.0,0,0.0,1,0.3333,1,0.3333,0.0769,"[""01-2021-ND:d60"", ""168-2025-ND:d54"", ""168-2025-ND:d91"", ""59-2020-QH14:d176"", ""168-2025-ND:d11"", ""59-2020-QH14:d28"", ""168-2025-ND:d57"", ""59-2020-QH14:d164"", ""168-2025-ND:d8"", ""59-2020-QH14:d29""]",0,0.0,0,0.0,0,0.0,0,0.0,0,0.0,1,0.3333,0.0333,"[""168-2025-ND:d54"", ""01-2021-ND:d60"", ""168-2025-ND:d121"", ""168-2024-ND-CP:d47"", ""36-2024-QH15:d55"", ""168-2024-ND-CP:d20"", ""168-2025-ND:d109"", ""168-2025-ND:d71"", ""59-2020-QH14:d14"", ""59-2020-QH14:d71""]",0,0.0,0,0.0,0,0.0,0,0.0,0,0.0,0,0.0,0.0,"[""01-2021-ND:d11"", ""59-2020-QH14:d41"", ""168-2025-ND:d120"", ""89-2024-ND:d13"", ""01-2021-ND:d83"", ""01-2021-ND:d50"", ""168-2025-ND:d11"", ""01-2021-ND:d2"", ""168-2025-ND:d43"", ""168-2025-ND:d16""]",0,0.0,0,0.0,0,0.0,0,0.0,0,0.0,0,0.0,0.0
329,"[""59-2020-QH14:d4"", ""23-2022-ND:d23"", ""59-2020-QH14:d155"", ""36-2024-QH15:d46"", ""59-2020-QH14:d103"", ""168-2024-ND-CP:d27"", ""168-2024-ND-CP:d26"", ""36-2024-QH15:d6"", ""59-2020-QH14:d209"", ""59-2020-QH14:d208""]",0,0.0,0,0.0,0,0.0,1,0.5,1,0.5,1,0.5,0.1111,"[""23-2022-ND:d23"", ""59-2020-QH14:d4"", ""59-2020-QH14:d155"", ""59-2020-QH14:d103"", ""36-2024-QH15:d10"", ""36-2024-QH15:d46"", ""23-2022-ND:d41"", ""01-2021-ND:d71"", ""59-2020-QH14:d209"", ""59-2020-QH14:d207""]",0,0.0,0,0.0,0,0.0,1,0.5,1,0.75,1,1.0,0.1111,"[""168-2025-ND:d69"", ""168-2025-ND:d71"", ""59-2020-QH14:d208"", ""168-2025-ND:d29"", ""01-2021-ND:d30"", ""100-2019-ND-CP:d80"", ""168-2024-ND-CP:d47"", ""168-2025-ND:d4"", ""168-2025-ND:d93"", ""01-2021-ND:d4""]",0,0.0,1,0.25,1,0.25,1,0.25,1,0.5,1,0.5,0.3333,"[""59-2020-QH14:d78"", ""59-2020-QH14:d47"", ""23-2022-ND:d41"", ""89-2024-ND:d12"", ""168-2025-ND:d104"", ""59-2020-QH14:d75"", ""89-2024-ND:d9"", ""01-2021-ND:d92"", ""01-2021-ND:d91"", ""01-2021-ND:d61""]",0,0.0,0,0.0,0,0.0,0,0.0,1,0.25,1,0.25,0.0833
330,"[""23-2022-ND:d35"", ""23-2022-ND:d5"", ""23-2022-ND:d27"", ""23-2022-ND:d6"", ""59-2020-QH14:d105"", ""23-2022-ND:d36"", ""23-2022-ND:d9"", ""59-2020-QH14:d99"", ""23-2022-ND:d18"", ""23-2022-ND:d4""]",0,0.0,0,0.0,0,0.0,0,0.0,0,0.0,0,0.0,0.0,"[""23-2022-ND:d12"", ""23-2022-ND:d4"", ""23-2022-ND:d5"", ""168-2025-ND:d7"", ""23-2022-ND:d35"", ""59-2020-QH14:d188"", ""168-2025-ND:d33"", ""23-2022-ND:d8"", ""01-2021-ND:d7"", ""168-2025-ND:d78""]",0,0.0,0,0.0,0,0.0,0,0.0,0,0.0,0,0.0,0.0,"[""23-2022-ND:d9"", ""168-2025-ND:d78"", ""23-2022-ND:d6"", ""23-2022-ND:d10"", ""01-2021-ND:d98"", ""01-2021-ND:d5"", ""168-2025-ND:d27"", ""168-2025-ND:d54"", ""23-2022-ND:d7"", ""23-2022-ND:d8""]",0,0.0,0,0.0,0,0.0,0,0.0,1,0.2,1,0.2,0.0833,"[""59-2020-QH14:d2"", ""01-2021-ND:d89"", ""01-2021-ND:d86"", ""168-2025-ND:d2"", ""23-2022-ND:d8"", ""47-2021-ND:d4"", ""59-2020-QH14:d8"", ""23-2022-ND:d35"", ""23-2022-ND:d10"", ""01-2021-ND:d28""]",0,0.0,0,0.0,0,0.0,1,0.2,1,0.2,1,0.2,0.1429
331,"[""59-2020-QH14:d4"", ""23-2022-ND:d23"", ""168-2025-ND:d40"", ""168-2025-ND:d56"", ""89-2024-ND:d13"", ""168-2025-ND:d100"", ""168-2025-ND:d57"", ""168-2025-ND:d53"", ""01-2021-ND:d47"", ""168-2025-ND:d63""]",0,0.0,0,0.0,0,0.0,0,0.0,1,0.3333,1,0.3333,0.0667,"[""23-2022-ND:d23"", ""168-2025-ND:d40"", ""168-2025-ND:d56"", ""59-2020-QH14:d4"", ""01-2021-ND:d47"", ""168-2025-ND:d53"", ""01-2021-ND:d96"", ""89-2024-ND:d13"", ""01-2021-ND:d86"", ""168-2025-ND:d57""]",0,0.0,0,0.0,0,0.0,0,0.0,0,0.0,1,0.3333,0.0455,"[""168-2025-ND:d40"", ""01-2021-ND:d47"", ""168-2025-ND:d56"", ""01-2021-ND:d62"", ""01-2021-ND:d90"", ""168-2025-ND:d100"", ""168-2025-ND:d41"", ""168-2025-ND:d23"", ""168-2025-ND:d31"", ""168-2025-ND:d54""]",0,0.0,0,0.0,0,0.0,0,0.0,1,0.3333,1,0.6667,0.0909,"[""168-2025-ND:d40"", ""01-2021-ND:d47"", ""248-2025-ND:d7"", ""01-2021-ND:d83"", ""168-2025-ND:d53"", ""168-2025-ND:d70"", ""36-2024-QH15:d37"", ""168-2025-ND:d47"", ""89-2024-ND:d13"", ""89-2024-ND:d6""]",0,0.0,0,0.0,0,0.0,0,0.0,0,0.0,0,0.0,0.0
332,"[""168-2025-ND:d44"", ""01-2021-ND:d51"", ""168-2025-ND:d51"", ""168-2025-ND:d26"", ""59-2020-QH14:d68"", ""47-2021-ND:d12"", ""168-2025-ND:d45"", ""59-2020-QH14:d123"", ""01-2021-ND:d26"", ""01-2021-ND:d52""]",0,0.0,0,0.0,0,0.0,1,0.2,1,0.6,1,0.6,0.125,"[""168-2025-ND:d44"", ""01-2021-ND:d51"", ""59-2020-QH14:d68"", ""59-2020-QH14:d123"", ""168-2025-ND:d51"", ""59-2020-QH14:d87"", ""47-2021-ND:d12"", ""59-2020-QH14:d111"", ""59-2020-QH14:d112"", ""59-2020-QH14:d124""]",0,0.0,0,0.0,1,0.2,1,0.4,1,0.6,1,0.8,0.25,"[""59-2020-QH14:d68"", ""168-2025-ND:d44"", ""23-2022-ND:d6"", ""44-2025-ND:d29"", ""59-2020-QH14:d87"", ""01-2021-ND:d51"", ""44-2025-ND:d27"", ""47-2021-ND:d7"", ""168-2025-ND:d51"", ""59-2020-QH14:d17""]",0,0.0,0,0.0,0,0.0,0,0.0,1,0.2,1,0.2,0.0909,"[""59-2020-QH14:d68"", ""59-2020-QH14:d133"", ""59-2020-QH14:d87"", ""59-2020-QH14:d119"", ""59-2020-QH14:d135"", ""59-2020-QH14:d124"", ""59-2020-QH14:d123"", ""59-2020-QH14:d117"", ""59-2020-QH14:d131"", ""59-2020-QH14:d120""]",0,0.0,0,0.0,0,0.0,1,0.2,1,0.2,1,0.4,0.1429
334,"[""59-2020-QH14:d4"", ""23-2022-ND:d23"", ""168-2025-ND:d60"", ""01-2021-ND:d66"", ""168-2025-ND:d36"", ""168-2025-ND:d71"", ""01-2021-ND:d31"", ""168-2025-ND:d30"", ""59-2020-QH14:d45"", ""168-2025-ND:d118""]",0,0.0,0,0.0,0,0.0,1,0.3333,1,0.3333,1,0.3333,0.1111,"[""23-2022-ND:d23"", ""59-2020-QH14:d4"", ""168-2025-ND:d60"", ""01-2021-ND:d66"", ""168-2025-ND:d36"", ""59-2020-QH14:d213"", ""168-2025-ND:d6"", ""59-2020-QH14:d45"", ""01-2021-ND:d31"", ""01-2021-ND:d72""]",0,0.0,0,0.0,0,0.0,1,0.3333,1,0.6667,1,0.6667,0.125,"[""168-2025-ND:d71"", ""168-2025-ND:d60"", ""01-2021-ND:d66"", ""168-2025-ND:d120"", ""168-2025-ND:d121"", ""59-2020-QH14:d45"", ""01-2021-ND:d31"", ""168-2025-ND:d30"", ""168-2025-ND:d36"", ""59-2020-QH14:d213""]",0,0.0,0,0.0,0,0.0,1,0.3333,1,0.3333,1,0.6667,0.1667,"[""01-2021-ND:d72"", ""59-2020-QH14:d213"", ""168-2025-ND:d66"", ""59-2020-QH14:d185"", ""59-2020-QH14:d94"", ""168-2025-ND:d36"", ""01-2021-ND:d77"", ""168-2025-ND:d72"", ""59-2020-QH14:d58"", ""59-2020-QH14:d160""]",0,0.0,0,0.0,0,0.0,0,0.0,1,0.6667,1,0.6667,0.0769
335,"[""59-2020-QH14:d4"", ""23-2022-ND:d23"", ""01-2021-ND:d28"", ""168-2025-ND:d28"", ""168-2025-ND:d26"", ""01-2021-ND:d26"", ""59-2020-QH14:d155"", ""01-2021-ND:d52"", ""168-2025-ND:d124"", ""168-2025-ND:d46""]",0,0.0,0,0.0,0,0.0,0,0.0,0,0.0,0,0.0,0.0,"[""59-2020-QH14:d4"", ""23-2022-ND:d23"", ""59-2020-QH14:d20"", ""01-2021-ND:d22"", ""01-2021-ND:d24"", ""59-2020-QH14:d21"", ""01-2021-ND:d23"", ""168-2025-ND:d26"", ""168-2025-ND:d28"", ""01-2021-ND:d28""]",0,0.0,0,0.0,0,0.0,0,0.0,1,0.5,1,0.5,0.0625,"[""168-2025-ND:d54"", ""01-2021-ND:d98"", ""59-2020-QH14:d205"", ""59-2020-QH14:d25"", ""168-2025-ND:d29"", ""23-2022-ND:d6"", ""01-2021-ND:d60"", ""89-2024-ND:d7"", ""01-2021-ND:d30"", ""168-2025-ND:d119""]",0,0.0,0,0.0,0,0.0,0,0.0,0,0.0,0,0.0,0.0,"[""59-2020-QH14:d17"", ""01-2021-ND:d98"", ""01-2021-ND:d30"", ""168-2025-ND:d29"", ""23-2022-ND:d6"", ""23-2022-ND:d11"", ""59-2020-QH14:d34"", ""01-2021-ND:d2"", ""47-2021-ND:d4"", ""168-2025-ND:d2""]",0,0.0,0,0.0,0,0.0,0,0.0,0,0.0,0,0.0,0.0
336,"[""59-2020-QH14:d4"", ""23-2022-ND:d23"", ""59-2020-QH14:d155"", ""168-2024-ND-CP:d27"", ""168-2024-ND-CP:d26"", ""36-2024-QH15:d46"", ""168-2024-ND-CP:d20"", ""36-2024-QH15:d5"", ""01-2021-ND:d43"", ""36-2024-QH15:d10""]",1,0.5,1,0.5,1,0.5,1,0.5,1,0.5,1,0.5,1.0,"[""23-2022-ND:d23"", ""59-2020-QH14:d4"", ""59-2020-QH14:d26"", ""01-2021-ND:d44"", ""59-2020-QH14:d155"", ""168-2025-ND:d38"", ""01-2021-ND:d43"", ""168-2025-ND:d37"", ""01-2021-ND:d45"", ""23-2022-ND:d12""]",0,0.0,1,0.5,1,0.5,1,0.5,1,0.5,1,0.5,0.5,"[""168-2025-ND:d69"", ""168-2025-ND:d71"", ""168-2025-ND:d120"", ""168-2025-ND:d23"", ""01-2021-ND:d97"", ""168-2025-ND:d119"", ""168-2025-ND:d31"", ""01-2021-ND:d98"", ""01-2021-ND:d75"", ""168-2024-ND-CP:d27""]",0,0.0,0,0.0,0,0.0,0,0.0,0,0.0,0,0.0,0.0,"[""01-2021-ND:d94"", ""168-2025-ND:d110"", ""01-2021-ND:d32"", ""01-2021-ND:d44"", ""168-2025-ND:d77"", ""59-2020-QH14:d32"", ""168-2025-ND:d70"", ""01-2021-ND:d71"", ""168-2025-ND:d31"", ""168-2025-ND:d123""]",0,0.0,0,0.0,0,0.0,0,0.0,0,0.0,0,0.0,0.0
338,"[""59-2020-QH14:d4"", ""59-2020-QH14:d35"", ""59-2020-QH14:d49"", ""44-2025-ND:d3"", ""59-2020-QH14:d53"", ""59-2020-QH14:d181"", ""59-2020-QH14:d75"", ""59-2020-QH14:d187"", ""59-2020-QH14:d185"", ""59-2020-QH14:d17""]",0,0.0,1,0.3333,1,0.3333,1,0.3333,1,0.3333,1,0.3333,0.5,"[""59-2020-QH14:d35"", ""59-2020-QH14:d75"", ""59-2020-QH14:d177"", ""59-2020-QH14:d188"", ""59-2020-QH14:d51"", ""59-2020-QH14:d4"", ""59-2020-QH14:d52"", ""59-2020-QH14:d34"", ""59-2020-QH14:d187"", ""59-2020-QH14:d47""]",1,0.3333,1,0.3333,1,0.3333,1,0.6667,1,0.6667,1,0.6667,1.0,"[""59-2020-QH14:d35"", ""59-2020-QH14:d205"", ""59-2020-QH14:d17"", ""23-2022-ND:d48"", ""59-2020-QH14:d47"", ""44-2025-ND:d27"", ""89-2024-ND:d7"", ""59-2020-QH14:d181"", ""168-2025-ND:d54"", ""23-2022-ND:d51""]",1,0.3333,1,0.3333,1,0.3333,1,0.3333,1,0.3333,1,0.3333,1.0,"[""59-2020-QH14:d35"", ""47-2021-ND:d12"", ""59-2020-QH14:d17"", ""59-2020-QH14:d34"", ""23-2022-ND:d2"", ""23-2022-ND:d48"", ""59-2020-QH14:d179"", ""59-2020-QH14:d52"", ""59-2020-QH14:d218"", ""59-2020-QH14:d70""]",1,0.3333,1,0.3333,1,0.6667,1,0.6667,1,0.6667,1,1.0,1.0
346,"[""59-2020-QH14:d4"", ""23-2022-ND:d23"", ""168-2025-ND:d46"", ""168-2025-ND:d43"", ""01-2021-ND:d53"", ""01-2021-ND:d50"", ""01-2021-ND:d28"", ""168-2025-ND:d28"", ""168-2025-ND:d54"", ""89-2024-ND:d7""]",0,0.0,0,0.0,0,0.0,0,0.0,1,0.6667,1,0.6667,0.0714,"[""59-2020-QH14:d4"", ""23-2022-ND:d23"", ""168-2025-ND:d52"", ""01-2021-ND:d49"", ""168-2025-ND:d46"", ""168-2025-ND:d19"", ""01-2021-ND:d53"", ""01-2021-ND:d48"", ""89-2024-ND:d6"", ""01-2021-ND:d47""]",0,0.0,0,0.0,0,0.0,0,0.0,0,0.0,0,0.0,0.0,"[""168-2025-ND:d54"", ""168-2025-ND:d43"", ""01-2021-ND:d50"", ""59-2020-QH14:d14"", ""89-2024-ND:d7"", ""59-2020-QH14:d15"", ""59-2020-QH14:d71"", ""59-2020-QH14:d12"", ""168-2025-ND:d46"", ""23-2022-ND:d51""]",0,0.0,0,0.0,0,0.0,1,0.3333,1,0.6667,1,0.6667,0.125,"[""01-2021-ND:d50"", ""168-2025-ND:d43"", ""01-2021-ND:d52"", ""168-2025-ND:d46"", ""168-2025-ND:d45"", ""01-2021-ND:d53"", ""01-2021-ND:d49"", ""168-2025-ND:d42"", ""59-2020-QH14:d160"", ""01-2021-ND:d56""]",0,0.0,0,0.0,0,0.0,0,0.0,0,0.0,0,0.0,0.0
347,"[""59-2020-QH14:d12"", ""168-2025-ND:d43"", ""01-2021-ND:d50"", ""168-2025-ND:d11"", ""100-2019-ND-CP:d81"", ""59-2020-QH14:d56"", ""89-2024-ND:d7"", ""59-2020-QH14:d53"", ""89-2024-ND:d11"", ""59-2020-QH14:d4""]",0,0.0,0,0.0,0,0.0,0,0.0,1,0.3333,1,0.3333,0.0714,"[""59-2020-QH14:d180"", ""59-2020-QH14:d12"", ""168-2025-ND:d12"", ""01-2021-ND:d50"", ""168-2025-ND:d43"", ""100-2019-ND-CP:d81"", ""59-2020-QH14:d188"", ""168-2025-ND:d11"", ""168-2025-ND:d93"", ""59-2020-QH14:d177""]",0,0.0,0,0.0,0,0.0,0,0.0,0,0.0,0,0.0,0.0,"[""168-2025-ND:d69"", ""168-2025-ND:d54"", ""168-2025-ND:d71"", ""59-2020-QH14:d205"", ""168-2025-ND:d121"", ""59-2020-QH14:d78"", ""59-2020-QH14:d193"", ""59-2020-QH14:d209"", ""89-2024-ND:d7"", ""168-2025-ND:d24""]",0,0.0,0,0.0,0,0.0,0,0.0,0,0.0,0,0.0,0.0,"[""168-2025-ND:d120"", ""01-2021-ND:d11"", ""01-2021-ND:d2"", ""168-2025-ND:d27"", ""59-2020-QH14:d28"", ""01-2021-ND:d18"", ""01-2021-ND:d27"", ""168-2025-ND:d14"", ""01-2021-ND:d93"", ""168-2025-ND:d110""]",0,0.0,0,0.0,0,0.0,0,0.0,0,0.0,0,0.0,0.0
348,"[""59-2020-QH14:d4"", ""23-2022-ND:d23"", ""59-2020-QH14:d35"", ""36-2024-QH15:d2"", ""59-2020-QH14:d155"", ""59-2020-QH14:d47"", ""100-2019-ND-CP:d12"", ""168-2024-ND-CP:d26"", ""59-2020-QH14:d36"", ""36-2024-QH15:d23""]",0,0.0,1,0.25,1,0.25,1,0.5,1,0.75,1,0.75,0.3333,"[""59-2020-QH14:d4"", ""23-2022-ND:d23"", ""59-2020-QH14:d35"", ""59-2020-QH14:d179"", ""59-2020-QH14:d34"", ""59-2020-QH14:d75"", ""59-2020-QH14:d188"", ""59-2020-QH14:d25"", ""59-2020-QH14:d186"", ""59-2020-QH14:d47""]",0,0.0,1,0.25,1,0.5,1,0.75,1,1.0,1,1.0,0.3333,"[""59-2020-QH14:d35"", ""59-2020-QH14:d36"", ""59-2020-QH14:d205"", ""168-2025-ND:d69"", ""59-2020-QH14:d47"", ""59-2020-QH14:d179"", ""23-2022-ND:d6"", ""59-2020-QH14:d17"", ""59-2020-QH14:d34"", ""89-2024-ND:d7""]",1,0.25,1,0.5,1,0.5,1,0.75,1,0.75,1,0.75,1.0,"[""47-2021-ND:d12"", ""59-2020-QH14:d199"", ""59-2020-QH14:d52"", ""59-2020-QH14:d111"", ""59-2020-QH14:d179"", ""59-2020-QH14:d198"", ""59-2020-QH14:d132"", ""59-2020-QH14:d112"", ""59-2020-QH14:d34"", ""59-2020-QH14:d202""]",0,0.0,0,0.0,0,0.0,1,0.25,1,0.25,1,0.75,0.1111
350,"[""36-2024-QH15:d46"", ""168-2024-ND-CP:d27"", ""168-2024-ND-CP:d26"", ""59-2020-QH14:d4"", ""36-2024-QH15:d10"", ""23-2022-ND:d23"", ""36-2024-QH15:d30"", ""36-2024-QH15:d6"", ""36-2024-QH15:d5"", ""36-2024-QH15:d2""]",0,0.0,0,0.0,0,0.0,0,0.0,1,0.3333,1,0.3333,0.0714,"[""59-2020-QH14:d68"", ""44-2025-ND:d14"", ""36-2024-QH15:d46"", ""59-2020-QH14:d87"", ""36-2024-QH15:d10"", ""168-2024-ND-CP:d27"", ""168-2025-ND:d44"", ""168-2025-ND:d48"", ""59-2020-QH14:d186"", ""01-2021-ND:d86""]",1,0.3333,1,0.3333,1,0.6667,1,0.6667,1,0.6667,1,1.0,1.0,"[""168-2024-ND-CP:d27"", ""36-2024-QH15:d46"", ""168-2025-ND:d60"", ""168-2025-ND:d69"", ""168-2025-ND:d71"", ""36-2024-QH15:d30"", ""59-2020-QH14:d45"", ""168-2025-ND:d44"", ""168-2025-ND:d66"", ""168-2025-ND:d56""]",0,0.0,0,0.0,0,0.0,0,0.0,0,0.0,1,0.3333,0.0385,"[""44-2025-ND:d15"", ""44-2025-ND:d9"", ""44-2025-ND:d13"", ""59-2020-QH14:d68"", ""44-2025-ND:d11"", ""59-2020-QH14:d87"", ""44-2025-ND:d12"", ""44-2025-ND:d22"", ""44-2025-ND:d18"", ""44-2025-ND:d14""]",0,0.0,0,0.0,1,0.3333,1,0.6667,1,0.6667,1,0.6667,0.25
351,"[""59-2020-QH14:d4"", ""23-2022-ND:d23"", ""168-2025-ND:d18"", ""168-2025-ND:d19"", ""59-2020-QH14:d155"", ""168-2025-ND:d52"", ""59-2020-QH14:d164"", ""168-2025-ND:d17"", ""59-2020-QH14:d196"", ""168-2025-ND:d11""]",1,0.3333,1,0.3333,1,0.3333,1,0.3333,1,0.3333,1,0.3333,1.0,"[""168-2025-ND:d19"", ""23-2022-ND:d23"", ""168-2025-ND:d18"", ""59-2020-QH14:d4"", ""168-2025-ND:d52"", ""59-2020-QH14:d155"", ""168-2025-ND:d17"", ""59-2020-QH14:d164"", ""168-2025-ND:d24"", ""59-2020-QH14:d84""]",0,0.0,0,0.0,1,0.3333,1,0.3333,1,0.3333,1,0.3333,0.25,"[""168-2025-ND:d18"", ""168-2025-ND:d52"", ""168-2025-ND:d19"", ""168-2025-ND:d17"", ""23-2022-ND:d48"", ""01-2021-ND:d19"", ""168-2025-ND:d15"", ""01-2021-ND:d69"", ""59-2020-QH14:d78"", ""168-2025-ND:d63""]",0,0.0,0,0.0,0,0.0,0,0.0,0,0.0,0,0.0,0.0,"[""168-2025-ND:d17"", ""168-2025-ND:d18"", ""59-2020-QH14:d164"", ""23-2022-ND:d33"", ""168-2025-ND:d19"", ""168-2025-ND:d52"", ""01-2021-ND:d95"", ""23-2022-ND:d40"", ""23-2022-ND:d28"", ""59-2020-QH14:d205""]",0,0.0,0,0.0,0,0.0,0,0.0,0,0.0,0,0.0,0.0
354,"[""168-2025-ND:d48"", ""59-2020-QH14:d16"", ""168-2025-ND:d44"", ""168-2025-ND:d51"", ""168-2025-ND:d42"", ""168-2025-ND:d55"", ""168-2025-ND:d32"", ""168-2025-ND:d88"", ""59-2020-QH14:d4"", ""168-2025-ND:d53""]",0,0.0,0,0.0,0,0.0,0,0.0,0,0.0,0,0.0,0.0,"[""01-2021-ND:d9"", ""168-2025-ND:d48"", ""168-2025-ND:d90"", ""01-2021-ND:d85"", ""168-2025-ND:d34"", ""168-2025-ND:d9"", ""59-2020-QH14:d68"", ""01-2021-ND:d55"", ""59-2020-QH14:d87"", ""01-2021-ND:d95""]",0,0.0,0,0.0,0,0.0,1,0.6667,1,0.6667,1,0.6667,0.1429,"[""168-2025-ND:d31"", ""168-2025-ND:d57"", ""168-2025-ND:d100"", ""01-2021-ND:d31"", ""168-2025-ND:d32"", ""23-2022-ND:d6"", ""01-2021-ND:d69"", ""168-2025-ND:d63"", ""168-2025-ND:d30"", ""168-2025-ND:d69""]",0,0.0,0,0.0,0,0.0,0,0.0,0,0.0,0,0.0,0.0,"[""59-2020-QH14:d158"", ""59-2020-QH14:d150"", ""01-2021-ND:d83"", ""168-2025-ND:d29"", ""01-2021-ND:d30"", ""168-2025-ND:d10"", ""01-2021-ND:d10"", ""59-2020-QH14:d17"", ""59-2020-QH14:d34"", ""01-2021-ND:d11""]",0,0.0,0,0.0,0,0.0,0,0.0,0,0.0,1,0.3333,0.0476
355,"[""59-2020-QH14:d4"", ""23-2022-ND:d23"", ""59-2020-QH14:d155"", ""59-2020-QH14:d122"", ""59-2020-QH14:d164"", ""168-2025-ND:d54"", ""168-2025-ND:d52"", ""168-2024-ND-CP:d26"", ""59-2020-QH14:d71"", ""36-2024-QH15:d46""]",1,0.3333,1,0.3333,1,0.3333,1,0.3333,1,0.3333,1,0.3333,1.0,"[""23-2022-ND:d23"", ""59-2020-QH14:d4"", ""59-2020-QH14:d155"", ""168-2025-ND:d52"", ""01-2021-ND:d56"", ""59-2020-QH14:d122"", ""168-2025-ND:d49"", ""168-2025-ND:d57"", ""168-2025-ND:d101"", ""01-2021-ND:d63""]",0,0.0,1,0.3333,1,0.3333,1,0.3333,1,0.3333,1,0.3333,0.5,"[""168-2025-ND:d54"", ""168-2025-ND:d40"", ""59-2020-QH14:d205"", ""168-2025-ND:d46"", ""168-2025-ND:d50"", ""168-2025-ND:d51"", ""01-2021-ND:d47"", ""168-2025-ND:d52"", ""168-2025-ND:d43"", ""168-2025-ND:d55""]",0,0.0,0,0.0,0,0.0,0,0.0,0,0.0,1,0.3333,0.0476,"[""168-2025-ND:d49"", ""59-2020-QH14:d31"", ""01-2021-ND:d52"", ""168-2025-ND:d52"", ""01-2021-ND:d56"", ""168-2025-ND:d41"", ""168-2025-ND:d100"", ""168-2025-ND:d46"", ""168-2025-ND:d40"", ""01-2021-ND:d53""]",0,0.0,1,0.3333,1,0.3333,1,0.3333,1,0.3333,1,0.3333,0.5
356,"[""168-2025-ND:d100"", ""59-2020-QH14:d4"", ""168-2025-ND:d124"", ""168-2025-ND:d46"", ""01-2021-ND:d75"", ""168-2025-ND:d11"", ""168-2025-ND:d40"", ""168-2025-ND:d69"", ""23-2022-ND:d6"", ""89-2024-ND:d11""]",0,0.0,0,0.0,0,0.0,0,0.0,0,0.0,0,0.0,0.0,"[""168-2025-ND:d40"", ""168-2025-ND:d100"", ""168-2025-ND:d46"", ""01-2021-ND:d47"", ""168-2025-ND:d123"", ""168-2025-ND:d27"", ""01-2021-ND:d75"", ""01-2021-ND:d90"", ""01-2021-ND:d27"", ""168-2025-ND:d109""]",0,0.0,0,0.0,0,0.0,0,0.0,0,0.0,0,0.0,0.0,"[""168-2025-ND:d54"", ""89-2024-ND:d7"", ""168-2025-ND:d69"", ""89-2024-ND:d11"", ""168-2025-ND:d121"", ""168-2025-ND:d46"", ""168-2025-ND:d71"", ""168-2025-ND:d23"", ""168-2025-ND:d51"", ""168-2025-ND:d29""]",0,0.0,0,0.0,0,0.0,0,0.0,0,0.0,0,0.0,0.0,"[""01-2021-ND:d47"", ""168-2025-ND:d40"", ""89-2024-ND:d8"", ""59-2020-QH14:d42"", ""89-2024-ND:d4"", ""168-2025-ND:d87"", ""168-2025-ND:d46"", ""01-2021-ND:d53"", ""01-2021-ND:d98"", ""59-2020-QH14:d78""]",0,0.0,0,0.0,1,0.3333,1,0.3333,1,0.3333,1,0.3333,0.25
359,"[""168-2025-ND:d51"", ""59-2020-QH14:d31"", ""01-2021-ND:d58"", ""59-2020-QH14:d127"", ""59-2020-QH14:d115"", ""168-2025-ND:d26"", ""59-2020-QH14:d122"", ""59-2020-QH14:d141"", ""59-2020-QH14:d176"", ""59-2020-QH14:d135""]",0,0.0,0,0.0,1,0.3333,1,0.6667,1,0.6667,1,0.6667,0.25,"[""01-2021-ND:d58"", ""168-2025-ND:d51"", ""59-2020-QH14:d122"", ""59-2020-QH14:d127"", ""59-2020-QH14:d120"", ""59-2020-QH14:d31"", ""59-2020-QH14:d22"", ""59-2020-QH14:d111"", ""59-2020-QH14:d141"", ""168-2025-ND:d46""]",0,0.0,1,0.3333,1,0.6667,1,0.6667,1,0.6667,1,0.6667,0.3333,"[""01-2021-ND:d58"", ""168-2025-ND:d51"", ""168-2025-ND:d54"", ""01-2021-ND:d57"", ""01-2021-ND:d60"", ""168-2025-ND:d50"", ""168-2025-ND:d69"", ""168-2025-ND:d43"", ""59-2020-QH14:d115"", ""59-2020-QH14:d141""]",0,0.0,0,0.0,0,0.0,0,0.0,0,0.0,1,0.6667,0.0476,"[""01-2021-ND:d57"", ""168-2025-ND:d50"", ""168-2025-ND:d51"", ""01-2021-ND:d58"", ""59-2020-QH14:d133"", ""59-2020-QH14:d132"", ""59-2020-QH14:d118"", ""59-2020-QH14:d117"", ""59-2020-QH14:d119"", ""59-2020-QH14:d125""]",0,0.0,0,0.0,0,0.0,0,0.0,1,0.6667,1,0.6667,0.0588
365,"[""59-2020-QH14:d31"", ""168-2025-ND:d51"", ""01-2021-ND:d58"", ""168-2025-ND:d54"", ""59-2020-QH14:d149"", ""168-2025-ND:d43"", ""59-2020-QH14:d148"", ""59-2020-QH14:d127"", ""01-2021-ND:d28"", ""01-2021-ND:d60""]",0,0.0,0,0.0,0,0.0,1,0.3333,1,0.3333,1,0.3333,0.125,"[""01-2021-ND:d58"", ""01-2021-ND:d45"", ""168-2025-ND:d51"", ""59-2020-QH14:d31"", ""01-2021-ND:d57"", ""59-2020-QH14:d22"", ""01-2021-ND:d60"", ""59-2020-QH14:d120"", ""168-2025-ND:d54"", ""168-2025-ND:d56""]",0,0.0,0,0.0,0,0.0,0,0.0,1,0.3333,1,0.3333,0.0833,"[""168-2025-ND:d43"", ""01-2021-ND:d50"", ""168-2025-ND:d54"", ""01-2021-ND:d60"", ""168-2025-ND:d51"", ""01-2021-ND:d58"", ""168-2025-ND:d69"", ""44-2025-ND:d29"", ""59-2020-QH14:d14"", ""01-2021-ND:d57""]",0,0.0,0,0.0,0,0.0,0,0.0,0,0.0,1,0.6667,0.04,"[""59-2020-QH14:d118"", ""59-2020-QH14:d149"", ""168-2025-ND:d50"", ""01-2021-ND:d58"", ""59-2020-QH14:d132"", ""01-2021-ND:d54"", ""01-2021-ND:d57"", ""59-2020-QH14:d148"", ""59-2020-QH14:d135"", ""59-2020-QH14:d133""]",0,0.0,0,0.0,0,0.0,0,0.0,0,0.0,0,0.0,0.0
366,"[""23-2022-ND:d23"", ""59-2020-QH14:d4"", ""59-2020-QH14:d164"", ""168-2025-ND:d43"", ""59-2020-QH14:d71"", ""16-2023-ND:d14"", ""168-2025-ND:d74"", ""59-2020-QH14:d155"", ""01-2021-ND:d50"", ""168-2025-ND:d52""]",0,0.0,0,0.0,0,0.0,0,0.0,0,0.0,0,0.0,0.0,"[""23-2022-ND:d23"", ""168-2025-ND:d52"", ""168-2025-ND:d19"", ""168-2025-ND:d4"", ""168-2025-ND:d57"", ""59-2020-QH14:d71"", ""59-2020-QH14:d4"", ""168-2025-ND:d18"", ""168-2025-ND:d74"", ""16-2023-ND:d14""]",0,0.0,0,0.0,0,0.0,0,0.0,0,0.0,0,0.0,0.0,"[""168-2025-ND:d54"", ""168-2025-ND:d43"", ""168-2025-ND:d52"", ""59-2020-QH14:d12"", ""01-2021-ND:d50"", ""23-2022-ND:d51"", ""01-2021-ND:d60"", ""59-2020-QH14:d71"", ""168-2025-ND:d15"", ""168-2025-ND:d69""]",0,0.0,0,0.0,0,0.0,0,0.0,0,0.0,1,0.25,0.0333,"[""168-2025-ND:d70"", ""01-2021-ND:d50"", ""59-2020-QH14:d31"", ""16-2023-ND:d15"", ""168-2025-ND:d43"", ""59-2020-QH14:d30"", ""01-2021-ND:d76"", ""168-2024-ND-CP:d51"", ""168-2025-ND:d123"", ""47-2021-ND:d34""]",0,0.0,1,0.25,1,0.25,1,0.5,1,0.5,1,0.5,0.3333
370,"[""168-2024-ND-CP:d26"", ""59-2020-QH14:d4"", ""100-2019-ND-CP:d28"", ""23-2022-ND:d23"", ""36-2024-QH15:d10"", ""44-2025-ND:d4"", ""36-2024-QH15:d31"", ""168-2024-ND-CP:d20"", ""16-2023-ND:d7"", ""168-2024-ND-CP:d47""]",0,0.0,0,0.0,0,0.0,0,0.0,0,0.0,0,0.0,0.0,"[""59-2020-QH14:d4"", ""23-2022-ND:d23"", ""168-2025-ND:d87"", ""01-2021-ND:d86"", ""36-2024-QH15:d10"", ""168-2025-ND:d90"", ""168-2024-ND-CP:d26"", ""44-2025-ND:d4"", ""168-2025-ND:d111"", ""59-2020-QH14:d7""]",0,0.0,0,0.0,0,0.0,0,0.0,0,0.0,1,0.5,0.0385,"[""168-2025-ND:d87"", ""01-2021-ND:d8"", ""168-2025-ND:d8"", ""168-2025-ND:d71"", ""168-2024-ND-CP:d27"", ""168-2025-ND:d120"", ""168-2025-ND:d66"", ""168-2025-ND:d15"", ""168-2025-ND:d107"", ""16-2023-ND:d8""]",0,0.0,0,0.0,0,0.0,0,0.0,0,0.0,0,0.0,0.0,"[""168-2025-ND:d87"", ""01-2021-ND:d86"", ""59-2020-QH14:d42"", ""168-2025-ND:d116"", ""01-2021-ND:d14"", ""01-2021-ND:d36"", ""01-2021-ND:d83"", ""01-2021-ND:d66"", ""01-2021-ND:d91"", ""168-2025-ND:d20""]",0,0.0,0,0.0,0,0.0,0,0.0,0,0.0,0,0.0,0.0
376,"[""89-2024-ND:d13"", ""168-2025-ND:d23"", ""01-2021-ND:d62"", ""168-2025-ND:d56"", ""01-2021-ND:d17"", ""168-2025-ND:d71"", ""168-2025-ND:d64"", ""59-2020-QH14:d191"", ""168-2025-ND:d66"", ""59-2020-QH14:d124""]",0,0.0,0,0.0,0,0.0,0,0.0,0,0.0,0,0.0,0.0,"[""59-2020-QH14:d191"", ""01-2021-ND:d62"", ""168-2025-ND:d56"", ""89-2024-ND:d13"", ""168-2025-ND:d6"", ""01-2021-ND:d6"", ""01-2021-ND:d72"", ""89-2024-ND:d12"", ""01-2021-ND:d31"", ""168-2025-ND:d36""]",0,0.0,0,0.0,0,0.0,0,0.0,1,0.3333,1,0.3333,0.0588,"[""168-2025-ND:d30"", ""01-2021-ND:d31"", ""01-2021-ND:d62"", ""168-2025-ND:d121"", ""168-2025-ND:d71"", ""168-2025-ND:d56"", ""168-2025-ND:d66"", ""01-2021-ND:d29"", ""01-2021-ND:d6"", ""168-2025-ND:d120""]",0,0.0,0,0.0,0,0.0,0,0.0,1,0.3333,1,0.3333,0.0833,"[""01-2021-ND:d47"", ""89-2024-ND:d13"", ""168-2025-ND:d40"", ""168-2025-ND:d24"", ""59-2020-QH14:d191"", ""168-2025-ND:d46"", ""01-2021-ND:d77"", ""59-2020-QH14:d19"", ""168-2025-ND:d47"", ""89-2024-ND:d12""]",0,0.0,0,0.0,0,0.0,0,0.0,0,0.0,0,0.0,0.0
380,"[""100-2019-ND-CP:d11"", ""36-2024-QH15:d9"", ""168-2024-ND-CP:d12"", ""168-2024-ND-CP:d6"", ""168-2024-ND-CP:d8"", ""100-2019-ND-CP:d8"", ""100-2019-ND-CP:d6"", ""100-2019-ND-CP:d5"", ""100-2019-ND-CP:d48"", ""36-2024-QH15:d27""]",0,0.0,1,0.1667,1,0.1667,1,0.1667,1,0.5,1,0.5,0.5,"[""100-2019-ND-CP:d11"", ""36-2024-QH15:d80"", ""36-2024-QH15:d28"", ""36-2024-QH15:d10"", ""100-2019-ND-CP:d48"", ""168-2024-ND-CP:d12"", ""36-2024-QH15:d9"", ""36-2024-QH15:d83"", ""36-2024-QH15:d45"", ""168-2024-ND-CP:d6""]",0,0.0,1,0.1667,1,0.1667,1,0.3333,1,0.3333,1,0.5,0.5,"[""168-2024-ND-CP:d20"", ""168-2024-ND-CP:d21"", ""100-2019-ND-CP:d23"", ""100-2019-ND-CP:d31"", ""168-2024-ND-CP:d13"", ""36-2024-QH15:d80"", ""100-2019-ND-CP:d8"", ""100-2019-ND-CP:d24"", ""168-2024-ND-CP:d6"", ""168-2024-ND-CP:d47""]",0,0.0,1,0.1667,1,0.1667,1,0.3333,1,0.3333,1,0.3333,0.5,"[""36-2024-QH15:d29"", ""168-2024-ND-CP:d21"", ""100-2019-ND-CP:d24"", ""100-2019-ND-CP:d3"", ""36-2024-QH15:d76"", ""36-2024-QH15:d51"", ""36-2024-QH15:d52"", ""36-2024-QH15:d69"", ""36-2024-QH15:d28"", ""168-2024-ND-CP:d15""]",0,0.0,1,0.1667,1,0.1667,1,0.1667,1,0.5,1,0.5,0.5
381,"[""168-2024-ND-CP:d13"", ""168-2024-ND-CP:d18"", ""168-2024-ND-CP:d16"", ""100-2019-ND-CP:d28"", ""168-2024-ND-CP:d48"", ""100-2019-ND-CP:d16"", ""100-2019-ND-CP:d80"", ""100-2019-ND-CP:d82"", ""100-2019-ND-CP:d37"", ""100-2019-ND-CP:d21""]",0,0.0,0,0.0,0,0.0,0,0.0,1,0.25,1,0.25,0.0714,"[""100-2019-ND-CP:d82"", ""168-2024-ND-CP:d48"", ""100-2019-ND-CP:d80"", ""168-2024-ND-CP:d30"", ""168-2024-ND-CP:d18"", ""168-2024-ND-CP:d14"", ""168-2024-ND-CP:d29"", ""100-2019-ND-CP:d21"", ""168-2024-ND-CP:d16"", ""168-2024-ND-CP:d47""]",0,0.0,0,0.0,0,0.0,1,0.25,1,0.5,1,0.5,0.1667,"[""100-2019-ND-CP:d6"", ""168-2024-ND-CP:d13"", ""168-2024-ND-CP:d6"", ""168-2024-ND-CP:d18"", ""100-2019-ND-CP:d17"", ""100-2019-ND-CP:d8"", ""100-2019-ND-CP:d23"", ""168-2024-ND-CP:d14"", ""168-2024-ND-CP:d16"", ""168-2024-ND-CP:d17""]",0,0.0,0,0.0,0,0.0,1,0.25,1,0.25,1,0.25,0.125,"[""168-2024-ND-CP:d27"", ""36-2024-QH15:d46"", ""36-2024-QH15:d10"", ""100-2019-ND-CP:d21"", ""168-2024-ND-CP:d18"", ""168-2024-ND-CP:d15"", ""100-2019-ND-CP:d37"", ""100-2019-ND-CP:d18"", ""100-2019-ND-CP:d7"", ""100-2019-ND-CP:d43""]",0,0.0,0,0.0,0,0.0,0,0.0,0,0.0,1,0.25,0.0385
382,"[""168-2024-ND-CP:d26"", ""168-2024-ND-CP:d27"", ""100-2019-ND-CP:d31"", ""168-2024-ND-CP:d20"", ""100-2019-ND-CP:d37"", ""168-2024-ND-CP:d39"", ""168-2024-ND-CP:d7"", ""100-2019-ND-CP:d6"", ""168-2024-ND-CP:d9"", ""100-2019-ND-CP:d8""]",0,0.0,0,0.0,0,0.0,0,0.0,0,0.0,1,0.6667,0.0417,"[""36-2024-QH15:d10"", ""168-2024-ND-CP:d27"", ""168-2024-ND-CP:d29"", ""168-2024-ND-CP:d30"", ""36-2024-QH15:d62"", ""100-2019-ND-CP:d31"", ""168-2024-ND-CP:d19"", ""100-2019-ND-CP:d27"", ""168-2024-ND-CP:d25"", ""100-2019-ND-CP:d18""]",0,0.0,0,0.0,0,0.0,0,0.0,0,0.0,0,0.0,0.0,"[""100-2019-ND-CP:d16"", ""168-2024-ND-CP:d6"", ""100-2019-ND-CP:d19"", ""168-2024-ND-CP:d13"", ""168-2024-ND-CP:d16"", ""100-2019-ND-CP:d6"", ""100-2019-ND-CP:d8"", ""168-2024-ND-CP:d9"", ""168-2024-ND-CP:d7"", ""168-2024-ND-CP:d8""]",0,0.0,0,0.0,0,0.0,0,0.0,0,0.0,1,0.3333,0.04,"[""100-2019-ND-CP:d5"", ""168-2024-ND-CP:d32"", ""168-2024-ND-CP:d34"", ""168-2024-ND-CP:d20"", ""100-2019-ND-CP:d16"", ""100-2019-ND-CP:d18"", ""168-2024-ND-CP:d17"", ""100-2019-ND-CP:d7"", ""100-2019-ND-CP:d23"", ""100-2019-ND-CP:d33""]",0,0.0,1,0.3333,1,0.3333,1,0.3333,1,0.3333,1,0.3333,0.5
383,"[""168-2024-ND-CP:d27"", ""36-2024-QH15:d46"", ""168-2024-ND-CP:d26"", ""36-2024-QH15:d10"", ""168-2024-ND-CP:d3"", ""168-2024-ND-CP:d20"", ""36-2024-QH15:d30"", ""168-2024-ND-CP:d32"", ""100-2019-ND-CP:d31"", ""36-2024-QH15:d31""]",0,0.0,0,0.0,0,0.0,1,0.25,1,0.75,1,1.0,0.125,"[""168-2024-ND-CP:d27"", ""36-2024-QH15:d10"", ""36-2024-QH15:d46"", ""100-2019-ND-CP:d82"", ""100-2019-ND-CP:d22"", ""168-2024-ND-CP:d26"", ""168-2024-ND-CP:d1"", ""168-2024-ND-CP:d48"", ""36-2024-QH15:d59"", ""168-2024-ND-CP:d19""]",0,0.0,0,0.0,0,0.0,0,0.0,1,0.5,1,0.5,0.0909,"[""168-2024-ND-CP:d27"", ""168-2024-ND-CP:d32"", ""168-2024-ND-CP:d6"", ""168-2024-ND-CP:d13"", ""168-2024-ND-CP:d20"", ""168-2024-ND-CP:d21"", ""168-2024-ND-CP:d7"", ""168-2024-ND-CP:d14"", ""168-2024-ND-CP:d18"", ""168-2025-ND:d50""]",0,0.0,1,0.25,1,0.25,1,0.5,1,0.5,1,0.5,0.5,"[""168-2024-ND-CP:d27"", ""100-2019-ND-CP:d18"", ""168-2024-ND-CP:d17"", ""168-2024-ND-CP:d34"", ""100-2019-ND-CP:d16"", ""36-2024-QH15:d37"", ""168-2024-ND-CP:d6"", ""168-2024-ND-CP:d20"", ""168-2024-ND-CP:d22"", ""168-2024-ND-CP:d18""]",0,0.0,0,0.0,0,0.0,0,0.0,1,0.5,1,0.5,0.0769
384,"[""36-2024-QH15:d11"", ""36-2024-QH15:d15"", ""36-2024-QH15:d14"", ""36-2024-QH15:d27"", ""168-2024-ND-CP:d7"", ""168-2024-ND-CP:d8"", ""36-2024-QH15:d24"", ""168-2024-ND-CP:d6"", ""100-2019-ND-CP:d47"", ""23-2022-ND:d23""]",1,0.5,1,0.5,1,0.5,1,1.0,1,1.0,1,1.0,1.0,"[""36-2024-QH15:d15"", ""36-2024-QH15:d11"", ""36-2024-QH15:d14"", ""23-2022-ND:d23"", ""36-2024-QH15:d27"", ""59-2020-QH14:d4"", ""36-2024-QH15:d24"", ""100-2019-ND-CP:d47"", ""36-2024-QH15:d36"", ""168-2024-ND-CP:d7""]",0,0.0,1,0.5,1,0.5,1,0.5,1,1.0,1,1.0,0.5,"[""168-2025-ND:d50"", ""01-2021-ND:d19"", ""168-2025-ND:d51"", ""36-2024-QH15:d11"", ""59-2020-QH14:d67"", ""168-2025-ND:d86"", ""168-2025-ND:d15"", ""36-2024-QH15:d55"", ""01-2021-ND:d18"", ""168-2025-ND:d14""]",0,0.0,0,0.0,1,0.5,1,0.5,1,1.0,1,1.0,0.25,"[""36-2024-QH15:d20"", ""36-2024-QH15:d24"", ""36-2024-QH15:d26"", ""36-2024-QH15:d19"", ""36-2024-QH15:d16"", ""36-2024-QH15:d21"", ""168-2024-ND-CP:d15"", ""100-2019-ND-CP:d39"", ""36-2024-QH15:d32"", ""36-2024-QH15:d22""]",0,0.0,0,0.0,0,0.0,0,0.0,1,0.5,1,0.5,0.0909
385,"[""100-2019-ND-CP:d8"", ""100-2019-ND-CP:d6"", ""168-2024-ND-CP:d7"", ""100-2019-ND-CP:d60"", ""168-2024-ND-CP:d6"", ""100-2019-ND-CP:d7"", ""168-2024-ND-CP:d9"", ""100-2019-ND-CP:d5"", ""168-2024-ND-CP:d50"", ""168-2024-ND-CP:d8""]",0,0.0,1,0.3333,1,0.3333,1,0.3333,1,0.3333,1,0.6667,0.3333,"[""168-2024-ND-CP:d50"", ""100-2019-ND-CP:d60"", ""100-2019-ND-CP:d36"", ""36-2024-QH15:d58"", ""168-2024-ND-CP:d5"", ""59-2020-QH14:d72"", ""168-2024-ND-CP:d25"", ""100-2019-ND-CP:d8"", ""36-2024-QH15:d10"", ""100-2019-ND-CP:d6""]",0,0.0,0,0.0,0,0.0,0,0.0,0,0.0,1,0.3333,0.0476,"[""168-2024-ND-CP:d7"", ""100-2019-ND-CP:d8"", ""100-2019-ND-CP:d6"", ""168-2024-ND-CP:d6"", ""168-2024-ND-CP:d9"", ""100-2019-ND-CP:d60"", ""168-2024-ND-CP:d8"", ""168-2024-ND-CP:d12"", ""168-2024-ND-CP:d20"", ""100-2019-ND-CP:d7""]",1,0.3333,1,0.3333,1,0.3333,1,0.3333,1,0.3333,1,0.3333,1.0,"[""36-2024-QH15:d33"", ""36-2024-QH15:d16"", ""36-2024-QH15:d17"", ""100-2019-ND-CP:d17"", ""36-2024-QH15:d81"", ""36-2024-QH15:d76"", ""100-2019-ND-CP:d6"", ""36-2024-QH15:d13"", ""168-2024-ND-CP:d8"", ""36-2024-QH15:d66""]",1,0.3333,1,0.3333,1,0.3333,1,0.3333,1,0.6667,1,0.6667,1.0
386,"[""168-2024-ND-CP:d18"", ""168-2024-ND-CP:d20"", ""168-2024-ND-CP:d7"", ""100-2019-ND-CP:d23"", ""100-2019-ND-CP:d21"", ""100-2019-ND-CP:d81"", ""168-2024-ND-CP:d32"", ""100-2019-ND-CP:d6"", ""36-2024-QH15:d9"", ""168-2024-ND-CP:d6""]",0,0.0,0,0.0,0,0.0,1,0.4,1,0.6,1,0.6,0.1429,"[""100-2019-ND-CP:d81"", ""168-2024-ND-CP:d18"", ""100-2019-ND-CP:d21"", ""59-2020-QH14:d99"", ""01-2021-ND:d24"", ""168-2024-ND-CP:d48"", ""168-2024-ND-CP:d20"", ""168-2024-ND-CP:d5"", ""100-2019-ND-CP:d82"", ""168-2024-ND-CP:d22""]",0,0.0,0,0.0,0,0.0,0,0.0,0,0.0,0,0.0,0.0,"[""168-2024-ND-CP:d32"", ""168-2024-ND-CP:d6"", ""168-2024-ND-CP:d20"", ""168-2024-ND-CP:d7"", ""168-2024-ND-CP:d12"", ""168-2024-ND-CP:d13"", ""168-2024-ND-CP:d21"", ""168-2024-ND-CP:d14"", ""100-2019-ND-CP:d23"", ""168-2025-ND:d54""]",1,0.2,1,0.2,1,0.2,1,0.2,1,0.2,1,0.2,1.0,"[""168-2024-ND-CP:d34"", ""100-2019-ND-CP:d18"", ""100-2019-ND-CP:d35"", ""100-2019-ND-CP:d33"", ""168-2024-ND-CP:d20"", ""100-2019-ND-CP:d7"", ""100-2019-ND-CP:d16"", ""100-2019-ND-CP:d23"", ""168-2024-ND-CP:d17"", ""100-2019-ND-CP:d25""]",0,0.0,0,0.0,0,0.0,0,0.0,1,0.4,1,0.4,0.0667
387,"[""100-2019-ND-CP:d37"", ""168-2024-ND-CP:d20"", ""168-2024-ND-CP:d1"", ""168-2024-ND-CP:d24"", ""100-2019-ND-CP:d17"", ""100-2019-ND-CP:d21"", ""100-2019-ND-CP:d81"", ""168-2024-ND-CP:d39"", ""100-2019-ND-CP:d22"", ""100-2019-ND-CP:d32""]",0,0.0,0,0.0,0,0.0,0,0.0,1,0.5,1,0.75,0.0769,"[""100-2019-ND-CP:d22"", ""168-2024-ND-CP:d1"", ""100-2019-ND-CP:d1"", ""168-2024-ND-CP:d33"", ""100-2019-ND-CP:d32"", ""168-2024-ND-CP:d24"", ""168-2024-ND-CP:d45"", ""100-2019-ND-CP:d17"", ""100-2019-ND-CP:d37"", ""100-2019-ND-CP:d82""]",0,0.0,0,0.0,0,0.0,0,0.0,1,0.25,1,0.75,0.0556,"[""100-2019-ND-CP:d37"", ""168-2024-ND-CP:d39"", ""100-2019-ND-CP:d6"", ""100-2019-ND-CP:d8"", ""100-2019-ND-CP:d23"", ""168-2024-ND-CP:d6"", ""168-2024-ND-CP:d7"", ""168-2024-ND-CP:d8"", ""168-2024-ND-CP:d9"", ""168-2024-ND-CP:d20""]",0,0.0,0,0.0,0,0.0,0,0.0,1,0.25,1,0.5,0.0588,"[""100-2019-ND-CP:d23"", ""100-2019-ND-CP:d5"", ""100-2019-ND-CP:d18"", ""100-2019-ND-CP:d7"", ""100-2019-ND-CP:d16"", ""100-2019-ND-CP:d25"", ""100-2019-ND-CP:d30"", ""100-2019-ND-CP:d33"", ""168-2024-ND-CP:d6"", ""100-2019-ND-CP:d35""]",0,0.0,0,0.0,0,0.0,0,0.0,0,0.0,0,0.0,0.0
388,"[""168-2024-ND-CP:d8"", ""100-2019-ND-CP:d7"", ""168-2024-ND-CP:d6"", ""168-2024-ND-CP:d7"", ""100-2019-ND-CP:d5"", ""100-2019-ND-CP:d6"", ""36-2024-QH15:d15"", ""168-2024-ND-CP:d9"", ""100-2019-ND-CP:d8"", ""36-2024-QH15:d18""]",0,0.0,0,0.0,1,0.3333,1,0.6667,1,0.6667,1,0.6667,0.25,"[""36-2024-QH15:d15"", ""168-2024-ND-CP:d8"", ""168-2024-ND-CP:d6"", ""100-2019-ND-CP:d7"", ""100-2019-ND-CP:d5"", ""168-2024-ND-CP:d7"", ""100-2019-ND-CP:d6"", ""36-2024-QH15:d14"", ""100-2019-ND-CP:d34"", ""36-2024-QH15:d18""]",1,0.3333,1,0.3333,1,0.3333,1,0.6667,1,0.6667,1,0.6667,1.0,"[""100-2019-ND-CP:d6"", ""168-2024-ND-CP:d7"", ""168-2024-ND-CP:d8"", ""100-2019-ND-CP:d7"", ""168-2024-ND-CP:d6"", ""100-2019-ND-CP:d5"", ""168-2024-ND-CP:d9"", ""100-2019-ND-CP:d8"", ""100-2019-ND-CP:d60"", ""168-2024-ND-CP:d21""]",0,0.0,1,0.3333,1,0.3333,1,0.3333,1,0.3333,1,0.3333,0.5,"[""100-2019-ND-CP:d9"", ""168-2024-ND-CP:d10"", ""168-2024-ND-CP:d8"", ""100-2019-ND-CP:d35"", ""36-2024-QH15:d11"", ""100-2019-ND-CP:d33"", ""36-2024-QH15:d25"", ""100-2019-ND-CP:d7"", ""100-2019-ND-CP:d5"", ""168-2024-ND-CP:d9""]",0,0.0,0,0.0,1,0.3333,1,0.3333,1,0.3333,1,0.6667,0.2
389,"[""100-2019-ND-CP:d66"", ""168-2024-ND-CP:d8"", ""100-2019-ND-CP:d9"", ""100-2019-ND-CP:d5"", ""100-2019-ND-CP:d6"", ""168-2024-ND-CP:d6"", ""168-2024-ND-CP:d7"", ""100-2019-ND-CP:d7"", ""100-2019-ND-CP:d45"", ""36-2024-QH15:d34""]",0,0.0,0,0.0,0,0.0,1,1.0,1,1.0,1,1.0,0.1667,"[""100-2019-ND-CP:d9"", ""100-2019-ND-CP:d45"", ""100-2019-ND-CP:d46"", ""100-2019-ND-CP:d66"", ""36-2024-QH15:d25"", ""168-2024-ND-CP:d10"", ""168-2025-ND:d83"", ""59-2020-QH14:d211"", ""59-2020-QH14:d190"", ""59-2020-QH14:d188""]",0,0.0,0,0.0,0,0.0,0,0.0,0,0.0,1,1.0,0.037,"[""168-2024-ND-CP:d6"", ""168-2024-ND-CP:d13"", ""100-2019-ND-CP:d36"", ""100-2019-ND-CP:d45"", ""168-2024-ND-CP:d8"", ""168-2024-ND-CP:d38"", ""100-2019-ND-CP:d23"", ""100-2019-ND-CP:d24"", ""168-2024-ND-CP:d20"", ""100-2019-ND-CP:d5""]",1,0.5,1,0.5,1,0.5,1,0.5,1,1.0,1,1.0,1.0,"[""100-2019-ND-CP:d66"", ""100-2019-ND-CP:d23"", ""36-2024-QH15:d33"", ""36-2024-QH15:d12"", ""100-2019-ND-CP:d10"", ""168-2024-ND-CP:d15"", ""168-2024-ND-CP:d28"", ""100-2019-ND-CP:d7"", ""100-2019-ND-CP:d33"", ""100-2019-ND-CP:d21""]",0,0.0,0,0.0,0,0.0,0,0.0,1,0.5,1,0.5,0.0769
390,"[""59-2020-QH14:d4"", ""168-2024-ND-CP:d27"", ""23-2022-ND:d23"", ""168-2024-ND-CP:d26"", ""36-2024-QH15:d46"", ""36-2024-QH15:d10"", ""100-2019-ND-CP:d6"", ""168-2024-ND-CP:d7"", ""36-2024-QH15:d31"", ""168-2024-ND-CP:d9""]",0,0.0,0,0.0,0,0.0,0,0.0,0,0.0,0,0.0,0.0,"[""36-2024-QH15:d10"", ""23-2022-ND:d23"", ""59-2020-QH14:d4"", ""168-2024-ND-CP:d27"", ""100-2019-ND-CP:d79"", ""01-2021-ND:d64"", ""168-2025-ND:d58"", ""100-2019-ND-CP:d6"", ""36-2024-QH15:d46"", ""36-2024-QH15:d64""]",0,0.0,0,0.0,0,0.0,0,0.0,0,0.0,0,0.0,0.0,"[""168-2024-ND-CP:d27"", ""168-2024-ND-CP:d3"", ""168-2024-ND-CP:d6"", ""100-2019-ND-CP:d6"", ""168-2024-ND-CP:d13"", ""168-2024-ND-CP:d52"", ""100-2019-ND-CP:d80"", ""168-2024-ND-CP:d7"", ""100-2019-ND-CP:d81"", ""168-2024-ND-CP:d5""]",0,0.0,0,0.0,0,0.0,0,0.0,0,0.0,0,0.0,0.0,"[""36-2024-QH15:d88"", ""248-2025-ND:d10"", ""168-2024-ND-CP:d53"", ""168-2024-ND-CP:d22"", ""168-2025-ND:d124"", ""100-2019-ND-CP:d35"", ""44-2025-ND:d24"", ""100-2019-ND-CP:d84"", ""100-2019-ND-CP:d30"", ""168-2024-ND-CP:d34""]",0,0.0,0,0.0,0,0.0,0,0.0,1,0.5,1,0.5,0.0769
391,"[""36-2024-QH15:d2"", ""100-2019-ND-CP:d41"", ""100-2019-ND-CP:d6"", ""168-2024-ND-CP:d7"", ""100-2019-ND-CP:d5"", ""36-2024-QH15:d20"", ""36-2024-QH15:d31"", ""168-2024-ND-CP:d6"", ""168-2024-ND-CP:d9"", ""36-2024-QH15:d14""]",0,0.0,0,0.0,0,0.0,0,0.0,0,0.0,0,0.0,0.0,"[""36-2024-QH15:d2"", ""36-2024-QH15:d21"", ""36-2024-QH15:d20"", ""36-2024-QH15:d31"", ""36-2024-QH15:d19"", ""100-2019-ND-CP:d6"", ""168-2024-ND-CP:d7"", ""59-2020-QH14:d68"", ""100-2019-ND-CP:d41"", ""36-2024-QH15:d14""]",0,0.0,0,0.0,0,0.0,0,0.0,0,0.0,0,0.0,0.0,"[""100-2019-ND-CP:d6"", ""100-2019-ND-CP:d23"", ""168-2024-ND-CP:d6"", ""168-2024-ND-CP:d7"", ""168-2024-ND-CP:d9"", ""168-2024-ND-CP:d20"", ""100-2019-ND-CP:d5"", ""100-2019-ND-CP:d8"", ""100-2019-ND-CP:d32"", ""100-2019-ND-CP:d37""]",0,0.0,0,0.0,0,0.0,0,0.0,0,0.0,0,0.0,0.0,"[""36-2024-QH15:d17"", ""100-2019-ND-CP:d16"", ""36-2024-QH15:d16"", ""36-2024-QH15:d14"", ""36-2024-QH15:d29"", ""36-2024-QH15:d69"", ""36-2024-QH15:d76"", ""100-2019-ND-CP:d5"", ""100-2019-ND-CP:d7"", ""168-2024-ND-CP:d6""]",0,0.0,0,0.0,0,0.0,0,0.0,0,0.0,0,0.0,0.0
392,"[""36-2024-QH15:d46"", ""168-2024-ND-CP:d27"", ""36-2024-QH15:d30"", ""36-2024-QH15:d10"", ""168-2024-ND-CP:d26"", ""36-2024-QH15:d2"", ""36-2024-QH15:d31"", ""23-2022-ND:d23"", ""36-2024-QH15:d5"", ""36-2024-QH15:d6""]",0,0.0,0,0.0,1,0.3333,1,0.3333,1,0.6667,1,1.0,0.25,"[""36-2024-QH15:d10"", ""36-2024-QH15:d46"", ""168-2024-ND-CP:d27"", ""36-2024-QH15:d27"", ""36-2024-QH15:d31"", ""36-2024-QH15:d2"", ""36-2024-QH15:d30"", ""100-2019-ND-CP:d47"", ""36-2024-QH15:d11"", ""100-2019-ND-CP:d6""]",1,0.3333,1,0.3333,1,0.3333,1,0.6667,1,1.0,1,1.0,1.0,"[""36-2024-QH15:d46"", ""168-2024-ND-CP:d27"", ""36-2024-QH15:d30"", ""100-2019-ND-CP:d6"", ""168-2024-ND-CP:d7"", ""168-2024-ND-CP:d6"", ""100-2019-ND-CP:d8"", ""168-2024-ND-CP:d13"", ""168-2024-ND-CP:d9"", ""168-2024-ND-CP:d32""]",0,0.0,0,0.0,1,0.3333,1,0.3333,1,0.3333,1,0.3333,0.2,"[""36-2024-QH15:d20"", ""36-2024-QH15:d26"", ""36-2024-QH15:d24"", ""36-2024-QH15:d16"", ""36-2024-QH15:d25"", ""168-2024-ND-CP:d15"", ""36-2024-QH15:d11"", ""36-2024-QH15:d14"", ""36-2024-QH15:d13"", ""36-2024-QH15:d17""]",0,0.0,0,0.0,0,0.0,1,0.3333,1,0.6667,1,0.6667,0.1429
393,"[""168-2024-ND-CP:d51"", ""168-2024-ND-CP:d6"", ""168-2024-ND-CP:d7"", ""168-2024-ND-CP:d50"", ""100-2019-ND-CP:d6"", ""248-2025-ND:d10"", ""100-2019-ND-CP:d5"", ""248-2025-ND:d11"", ""36-2024-QH15:d58"", ""36-2024-QH15:d2""]",0,0.0,1,0.25,1,0.25,1,0.25,1,0.5,1,0.5,0.5,"[""248-2025-ND:d11"", ""168-2024-ND-CP:d51"", ""168-2025-ND:d122"", ""168-2024-ND-CP:d50"", ""248-2025-ND:d10"", ""01-2021-ND:d82"", ""168-2025-ND:d93"", ""168-2025-ND:d24"", ""168-2025-ND:d64"", ""36-2024-QH15:d58""]",0,0.0,0,0.0,0,0.0,0,0.0,1,0.5,1,0.5,0.0909,"[""59-2020-QH14:d209"", ""168-2024-ND-CP:d47"", ""168-2025-ND:d64"", ""168-2025-ND:d71"", ""168-2025-ND:d69"", ""100-2019-ND-CP:d48"", ""168-2024-ND-CP:d6"", ""168-2025-ND:d65"", ""01-2021-ND:d71"", ""168-2024-ND-CP:d32""]",0,0.0,1,0.25,1,0.25,1,0.5,1,0.5,1,0.5,0.5,"[""168-2024-ND-CP:d37"", ""100-2019-ND-CP:d35"", ""168-2024-ND-CP:d43"", ""100-2019-ND-CP:d76"", ""168-2024-ND-CP:d52"", ""248-2025-ND:d10"", ""168-2024-ND-CP:d44"", ""36-2024-QH15:d88"", ""100-2019-ND-CP:d75"", ""248-2025-ND:d7""]",0,0.0,0,0.0,0,0.0,0,0.0,0,0.0,1,0.25,0.037
394,"[""100-2019-ND-CP:d6"", ""36-2024-QH15:d31"", ""168-2024-ND-CP:d14"", ""168-2024-ND-CP:d27"", ""168-2024-ND-CP:d16"", ""168-2024-ND-CP:d3"", ""168-2024-ND-CP:d7"", ""100-2019-ND-CP:d5"", ""168-2024-ND-CP:d13"", ""100-2019-ND-CP:d7""]",0,0.0,0,0.0,0,0.0,0,0.0,0,0.0,1,0.4,0.0476,"[""36-2024-QH15:d64"", ""36-2024-QH15:d31"", ""36-2024-QH15:d10"", ""168-2024-ND-CP:d14"", ""168-2024-ND-CP:d27"", ""100-2019-ND-CP:d6"", ""168-2024-ND-CP:d16"", ""100-2019-ND-CP:d18"", ""100-2019-ND-CP:d7"", ""100-2019-ND-CP:d5""]",0,0.0,0,0.0,0,0.0,0,0.0,0,0.0,1,0.4,0.0476,"[""100-2019-ND-CP:d6"", ""168-2024-ND-CP:d32"", ""168-2024-ND-CP:d13"", ""168-2024-ND-CP:d27"", ""36-2024-QH15:d39"", ""01-2021-ND:d69"", ""168-2024-ND-CP:d16"", ""168-2024-ND-CP:d6"", ""168-2024-ND-CP:d7"", ""168-2024-ND-CP:d20""]",0,0.0,0,0.0,0,0.0,0,0.0,1,0.2,1,0.2,0.0526,"[""168-2024-ND-CP:d22"", ""36-2024-QH15:d62"", ""168-2024-ND-CP:d34"", ""36-2024-QH15:d89"", ""168-2024-ND-CP:d32"", ""168-2024-ND-CP:d20"", ""100-2019-ND-CP:d18"", ""36-2024-QH15:d37"", ""168-2024-ND-CP:d17"", ""168-2024-ND-CP:d29""]",0,0.0,0,0.0,0,0.0,0,0.0,0,0.0,0,0.0,0.0
395,"[""168-2024-ND-CP:d20"", ""168-2024-ND-CP:d26"", ""168-2024-ND-CP:d3"", ""100-2019-ND-CP:d6"", ""168-2024-ND-CP:d27"", ""168-2024-ND-CP:d6"", ""168-2024-ND-CP:d7"", ""168-2024-ND-CP:d14"", ""100-2019-ND-CP:d15"", ""100-2019-ND-CP:d5""]",0,0.0,0,0.0,0,0.0,1,0.25,1,0.5,1,0.75,0.1429,"[""168-2024-ND-CP:d25"", ""168-2024-ND-CP:d19"", ""168-2024-ND-CP:d50"", ""36-2024-QH15:d10"", ""168-2024-ND-CP:d28"", ""168-2024-ND-CP:d27"", ""168-2024-ND-CP:d14"", ""168-2024-ND-CP:d20"", ""100-2019-ND-CP:d27"", ""36-2024-QH15:d62""]",0,0.0,0,0.0,0,0.0,0,0.0,1,0.25,1,0.25,0.05,"[""168-2024-ND-CP:d20"", ""168-2024-ND-CP:d32"", ""168-2024-ND-CP:d13"", ""168-2024-ND-CP:d21"", ""168-2024-ND-CP:d14"", ""168-2024-ND-CP:d18"", ""168-2024-ND-CP:d23"", ""168-2024-ND-CP:d6"", ""168-2024-ND-CP:d22"", ""168-2024-ND-CP:d27""]",0,0.0,0,0.0,0,0.0,0,0.0,1,0.25,1,0.5,0.0667,"[""168-2024-ND-CP:d34"", ""168-2024-ND-CP:d32"", ""100-2019-ND-CP:d18"", ""100-2019-ND-CP:d33"", ""100-2019-ND-CP:d35"", ""100-2019-ND-CP:d7"", ""100-2019-ND-CP:d30"", ""168-2024-ND-CP:d22"", ""100-2019-ND-CP:d5"", ""100-2019-ND-CP:d14""]",0,0.0,0,0.0,0,0.0,0,0.0,0,0.0,0,0.0,0.0
396,"[""100-2019-ND-CP:d37"", ""59-2020-QH14:d185"", ""100-2019-ND-CP:d44"", ""01-2021-ND:d50"", ""59-2020-QH14:d53"", ""168-2024-ND-CP:d3"", ""168-2024-ND-CP:d20"", ""100-2019-ND-CP:d21"", ""168-2024-ND-CP:d39"", ""100-2019-ND-CP:d81""]",0,0.0,0,0.0,0,0.0,0,0.0,1,1.0,1,1.0,0.0556,"[""59-2020-QH14:d72"", ""168-2024-ND-CP:d54"", ""59-2020-QH14:d166"", ""59-2020-QH14:d185"", ""01-2021-ND:d75"", ""168-2024-ND-CP:d4"", ""01-2021-ND:d77"", ""59-2020-QH14:d53"", ""01-2021-ND:d50"", ""100-2019-ND-CP:d37""]",0,0.0,0,0.0,0,0.0,0,0.0,0,0.0,0,0.0,0.0,"[""100-2019-ND-CP:d83"", ""168-2025-ND:d71"", ""168-2025-ND:d69"", ""100-2019-ND-CP:d61"", ""168-2024-ND-CP:d47"", ""100-2019-ND-CP:d15"", ""100-2019-ND-CP:d16"", ""100-2019-ND-CP:d39"", ""100-2019-ND-CP:d48"", ""100-2019-ND-CP:d80""]",0,0.0,0,0.0,1,1.0,1,1.0,1,1.0,1,1.0,0.2,"[""168-2024-ND-CP:d44"", ""168-2024-ND-CP:d42"", ""100-2019-ND-CP:d75"", ""168-2024-ND-CP:d43"", ""168-2024-ND-CP:d39"", ""100-2019-ND-CP:d25"", ""100-2019-ND-CP:d76"", ""100-2019-ND-CP:d38"", ""168-2024-ND-CP:d54"", ""100-2019-ND-CP:d42""]",0,0.0,0,0.0,0,0.0,0,0.0,0,0.0,0,0.0,0.0
397,"[""168-2024-ND-CP:d3"", ""168-2024-ND-CP:d5"", ""168-2024-ND-CP:d27"", ""168-2024-ND-CP:d26"", ""168-2024-ND-CP:d47"", ""100-2019-ND-CP:d81"", ""36-2024-QH15:d6"", ""168-2024-ND-CP:d32"", ""168-2024-ND-CP:d13"", ""100-2019-ND-CP:d82""]",0,0.0,0,0.0,1,0.5,1,0.5,1,0.5,1,0.5,0.2,"[""168-2024-ND-CP:d46"", ""168-2025-ND:d7"", ""168-2024-ND-CP:d5"", ""100-2019-ND-CP:d82"", ""01-2021-ND:d56"", ""01-2021-ND:d7"", ""168-2024-ND-CP:d3"", ""168-2024-ND-CP:d1"", ""168-2025-ND:d89"", ""168-2024-ND-CP:d27""]",1,0.5,1,0.5,1,0.5,1,0.5,1,1.0,1,1.0,1.0,"[""100-2019-ND-CP:d83"", ""168-2024-ND-CP:d47"", ""01-2021-ND:d69"", ""168-2025-ND:d69"", ""23-2022-ND:d29"", ""01-2021-ND:d65"", ""168-2024-ND-CP:d13"", ""168-2024-ND-CP:d46"", ""100-2019-ND-CP:d20"", ""100-2019-ND-CP:d80""]",0,0.0,1,0.5,1,0.5,1,1.0,1,1.0,1,1.0,0.5,"[""168-2024-ND-CP:d27"", ""36-2024-QH15:d46"", ""100-2019-ND-CP:d37"", ""168-2024-ND-CP:d29"", ""36-2024-QH15:d63"", ""100-2019-ND-CP:d35"", ""100-2019-ND-CP:d9"", ""100-2019-ND-CP:d7"", ""100-2019-ND-CP:d18"", ""36-2024-QH15:d56""]",0,0.0,0,0.0,0,0.0,0,0.0,0,0.0,0,0.0,0.0
398,"[""23-2022-ND:d23"", ""59-2020-QH14:d4"", ""168-2024-ND-CP:d27"", ""36-2024-QH15:d46"", ""168-2024-ND-CP:d26"", ""36-2024-QH15:d10"", ""36-2024-QH15:d30"", ""100-2019-ND-CP:d31"", ""36-2024-QH15:d33"", ""100-2019-ND-CP:d6""]",0,0.0,0,0.0,0,0.0,0,0.0,1,0.3333,1,0.6667,0.0909,"[""23-2022-ND:d23"", ""36-2024-QH15:d10"", ""59-2020-QH14:d4"", ""168-2024-ND-CP:d27"", ""36-2024-QH15:d46"", ""36-2024-QH15:d59"", ""168-2024-ND-CP:d26"", ""59-2020-QH14:d155"", ""36-2024-QH15:d30"", ""168-2024-ND-CP:d48""]",0,0.0,0,0.0,0,0.0,1,0.3333,1,0.5,1,0.6667,0.1667,"[""168-2024-ND-CP:d27"", ""168-2024-ND-CP:d32"", ""168-2025-ND:d55"", ""89-2024-ND:d7"", ""168-2025-ND:d54"", ""36-2024-QH15:d46"", ""16-2023-ND:d7"", ""168-2024-ND-CP:d6"", ""59-2020-QH14:d205"", ""89-2024-ND:d11""]",0,0.0,1,0.1667,1,0.1667,1,0.1667,1,0.1667,1,0.1667,0.5,"[""100-2019-ND-CP:d21"", ""168-2024-ND-CP:d18"", ""168-2024-ND-CP:d27"", ""100-2019-ND-CP:d22"", ""168-2024-ND-CP:d34"", ""100-2019-ND-CP:d18"", ""100-2019-ND-CP:d34"", ""168-2024-ND-CP:d32"", ""36-2024-QH15:d10"", ""100-2019-ND-CP:d33""]",0,0.0,1,0.1667,1,0.1667,1,0.3333,1,0.5,1,0.5,0.5
399,"[""36-2024-QH15:d18"", ""168-2024-ND-CP:d6"", ""100-2019-ND-CP:d7"", ""100-2019-ND-CP:d5"", ""168-2024-ND-CP:d8"", ""168-2024-ND-CP:d7"", ""168-2024-ND-CP:d12"", ""100-2019-ND-CP:d6"", ""100-2019-ND-CP:d12"", ""168-2024-ND-CP:d9""]",0,0.0,0,0.0,0,0.0,1,0.3333,1,0.3333,1,0.3333,0.1667,"[""36-2024-QH15:d18"", ""36-2024-QH15:d77"", ""168-2024-ND-CP:d6"", ""36-2024-QH15:d30"", ""168-2024-ND-CP:d11"", ""100-2019-ND-CP:d7"", ""168-2024-ND-CP:d8"", ""168-2024-ND-CP:d7"", ""100-2019-ND-CP:d5"", ""36-2024-QH15:d31""]",0,0.0,0,0.0,0,0.0,1,0.3333,1,0.3333,1,0.6667,0.125,"[""168-2024-ND-CP:d8"", ""100-2019-ND-CP:d7"", ""168-2024-ND-CP:d7"", ""168-2024-ND-CP:d12"", ""100-2019-ND-CP:d6"", ""100-2019-ND-CP:d8"", ""168-2024-ND-CP:d6"", ""168-2024-ND-CP:d9"", ""100-2019-ND-CP:d5"", ""168-2024-ND-CP:d21""]",0,0.0,1,0.3333,1,0.3333,1,0.3333,1,0.3333,1,0.3333,0.3333,"[""36-2024-QH15:d33"", ""36-2024-QH15:d13"", ""36-2024-QH15:d10"", ""168-2024-ND-CP:d7"", ""168-2024-ND-CP:d9"", ""36-2024-QH15:d52"", ""36-2024-QH15:d42"", ""100-2019-ND-CP:d6"", ""36-2024-QH15:d17"", ""168-2024-ND-CP:d8""]",0,0.0,1,0.6667,1,1.0,1,1.0,1,1.0,1,1.0,0.5
400,"[""100-2019-ND-CP:d15"", ""100-2019-ND-CP:d28"", ""168-2024-ND-CP:d3"", ""168-2024-ND-CP:d7"", ""100-2019-ND-CP:d37"", ""168-2024-ND-CP:d26"", ""168-2024-ND-CP:d6"", ""168-2024-ND-CP:d20"", ""36-2024-QH15:d58"", ""100-2019-ND-CP:d19""]",0,0.0,0,0.0,0,0.0,0,0.0,0,0.0,1,0.3333,0.0333,"[""36-2024-QH15:d58"", ""168-2024-ND-CP:d50"", ""100-2019-ND-CP:d80"", ""168-2024-ND-CP:d5"", ""168-2024-ND-CP:d48"", ""168-2024-ND-CP:d51"", ""100-2019-ND-CP:d82"", ""01-2021-ND:d95"", ""168-2024-ND-CP:d20"", ""100-2019-ND-CP:d15""]",0,0.0,0,0.0,1,0.3333,1,0.3333,1,0.6667,1,0.6667,0.2,"[""168-2024-ND-CP:d32"", ""168-2024-ND-CP:d6"", ""168-2024-ND-CP:d20"", ""168-2024-ND-CP:d21"", ""168-2024-ND-CP:d7"", ""168-2024-ND-CP:d13"", ""168-2024-ND-CP:d52"", ""100-2019-ND-CP:d37"", ""168-2024-ND-CP:d39"", ""36-2024-QH15:d71""]",0,0.0,0,0.0,0,0.0,0,0.0,1,0.3333,1,0.3333,0.0588,"[""36-2024-QH15:d88"", ""168-2024-ND-CP:d53"", ""168-2024-ND-CP:d34"", ""100-2019-ND-CP:d84"", ""248-2025-ND:d10"", ""168-2024-ND-CP:d52"", ""168-2024-ND-CP:d32"", ""100-2019-ND-CP:d30"", ""100-2019-ND-CP:d18"", ""168-2024-ND-CP:d37""]",0,0.0,0,0.0,0,0.0,0,0.0,0,0.0,0,0.0,0.0
401,"[""168-2024-ND-CP:d36"", ""168-2024-ND-CP:d6"", ""168-2024-ND-CP:d8"", ""100-2019-ND-CP:d8"", ""100-2019-ND-CP:d5"", ""36-2024-QH15:d14"", ""100-2019-ND-CP:d7"", ""100-2019-ND-CP:d16"", ""100-2019-ND-CP:d47"", ""100-2019-ND-CP:d6""]",0,0.0,0,0.0,0,0.0,0,0.0,1,0.3333,1,0.3333,0.0909,"[""168-2024-ND-CP:d36"", ""36-2024-QH15:d14"", ""36-2024-QH15:d20"", ""168-2024-ND-CP:d25"", ""36-2024-QH15:d36"", ""36-2024-QH15:d26"", ""36-2024-QH15:d31"", ""168-2024-ND-CP:d15"", ""36-2024-QH15:d47"", ""100-2019-ND-CP:d17""]",0,0.0,0,0.0,0,0.0,0,0.0,0,0.0,0,0.0,0.0,"[""168-2024-ND-CP:d6"", ""168-2024-ND-CP:d7"", ""168-2024-ND-CP:d13"", ""168-2024-ND-CP:d12"", ""168-2024-ND-CP:d20"", ""100-2019-ND-CP:d6"", ""168-2024-ND-CP:d14"", ""168-2024-ND-CP:d21"", ""168-2024-ND-CP:d32"", ""100-2019-ND-CP:d5""]",0,0.0,1,0.3333,1,0.3333,1,0.3333,1,0.3333,1,0.3333,0.5,"[""36-2024-QH15:d20"", ""168-2024-ND-CP:d15"", ""36-2024-QH15:d26"", ""36-2024-QH15:d16"", ""36-2024-QH15:d17"", ""36-2024-QH15:d24"", ""36-2024-QH15:d15"", ""36-2024-QH15:d25"", ""36-2024-QH15:d35"", ""36-2024-QH15:d14""]",0,0.0,0,0.0,0,0.0,0,0.0,1,0.3333,1,0.6667,0.0526
402,"[""36-2024-QH15:d30"", ""168-2024-ND-CP:d9"", ""36-2024-QH15:d31"", ""100-2019-ND-CP:d6"", ""168-2024-ND-CP:d6"", ""168-2024-ND-CP:d27"", ""36-2024-QH15:d14"", ""168-2024-ND-CP:d7"", ""168-2024-ND-CP:d26"", ""36-2024-QH15:d11""]",0,0.0,0,0.0,1,0.2,1,0.6,1,0.8,1,0.8,0.2,"[""36-2024-QH15:d14"", ""36-2024-QH15:d20"", ""36-2024-QH15:d31"", ""36-2024-QH15:d10"", ""36-2024-QH15:d11"", ""100-2019-ND-CP:d6"", ""168-2024-ND-CP:d6"", ""168-2024-ND-CP:d7"", ""168-2024-ND-CP:d27"", ""168-2024-ND-CP:d9""]",0,0.0,0,0.0,1,0.4,1,0.8,1,0.8,1,0.8,0.25,"[""168-2024-ND-CP:d27"", ""168-2024-ND-CP:d6"", ""36-2024-QH15:d30"", ""100-2019-ND-CP:d6"", ""168-2024-ND-CP:d7"", ""168-2024-ND-CP:d13"", ""36-2024-QH15:d46"", ""100-2019-ND-CP:d7"", ""100-2019-ND-CP:d8"", ""100-2019-ND-CP:d16""]",0,0.0,1,0.2,1,0.4,1,0.4,1,0.4,1,0.4,0.5,"[""36-2024-QH15:d20"", ""36-2024-QH15:d24"", ""36-2024-QH15:d26"", ""168-2024-ND-CP:d15"", ""36-2024-QH15:d16"", ""36-2024-QH15:d17"", ""36-2024-QH15:d19"", ""100-2019-ND-CP:d39"", ""36-2024-QH15:d21"", ""36-2024-QH15:d25""]",0,0.0,0,0.0,0,0.0,0,0.0,1,0.4,1,0.6,0.0526
403,"[""168-2024-ND-CP:d3"", ""100-2019-ND-CP:d6"", ""168-2024-ND-CP:d26"", ""168-2024-ND-CP:d13"", ""168-2024-ND-CP:d6"", ""168-2024-ND-CP:d27"", ""100-2019-ND-CP:d8"", ""36-2024-QH15:d62"", ""168-2024-ND-CP:d18"", ""168-2024-ND-CP:d14""]",0,0.0,0,0.0,0,0.0,0,0.0,0,0.0,1,0.5,0.0345,"[""36-2024-QH15:d62"", ""01-2021-ND:d45"", ""168-2024-ND-CP:d1"", ""100-2019-ND-CP:d82"", ""59-2020-QH14:d35"", ""36-2024-QH15:d58"", ""168-2024-ND-CP:d2"", ""168-2024-ND-CP:d3"", ""168-2024-ND-CP:d48"", ""36-2024-QH15:d56""]",0,0.0,0,0.0,0,0.0,0,0.0,0,0.0,0,0.0,0.0,"[""168-2024-ND-CP:d6"", ""168-2024-ND-CP:d13"", ""168-2024-ND-CP:d20"", ""168-2024-ND-CP:d7"", ""168-2024-ND-CP:d21"", ""168-2024-ND-CP:d32"", ""100-2019-ND-CP:d6"", ""168-2025-ND:d69"", ""100-2019-ND-CP:d5"", ""168-2025-ND:d71""]",0,0.0,0,0.0,0,0.0,0,0.0,1,0.5,1,0.5,0.0714,"[""168-2024-ND-CP:d27"", ""36-2024-QH15:d10"", ""168-2024-ND-CP:d34"", ""168-2024-ND-CP:d22"", ""168-2024-ND-CP:d32"", ""100-2019-ND-CP:d18"", ""100-2019-ND-CP:d9"", ""36-2024-QH15:d62"", ""100-2019-ND-CP:d7"", ""100-2019-ND-CP:d33""]",0,0.0,0,0.0,0,0.0,0,0.0,0,0.0,0,0.0,0.0
404,"[""168-2024-ND-CP:d26"", ""168-2024-ND-CP:d27"", ""168-2024-ND-CP:d20"", ""100-2019-ND-CP:d23"", ""100-2019-ND-CP:d31"", ""100-2019-ND-CP:d64"", ""36-2024-QH15:d46"", ""100-2019-ND-CP:d6"", ""100-2019-ND-CP:d36"", ""168-2024-ND-CP:d7""]",0,0.0,1,0.3333,1,0.3333,1,0.3333,1,0.6667,1,0.6667,0.3333,"[""168-2024-ND-CP:d27"", ""168-2024-ND-CP:d20"", ""100-2019-ND-CP:d31"", ""100-2019-ND-CP:d64"", ""100-2019-ND-CP:d36"", ""168-2024-ND-CP:d28"", ""36-2024-QH15:d10"", ""168-2024-ND-CP:d26"", ""168-2024-ND-CP:d38"", ""100-2019-ND-CP:d35""]",0,0.0,1,0.3333,1,0.3333,1,0.3333,1,1.0,1,1.0,0.5,"[""100-2019-ND-CP:d23"", ""100-2019-ND-CP:d31"", ""168-2024-ND-CP:d20"", ""168-2024-ND-CP:d27"", ""168-2024-ND-CP:d21"", ""100-2019-ND-CP:d24"", ""168-2024-ND-CP:d13"", ""168-2024-ND-CP:d32"", ""168-2024-ND-CP:d23"", ""168-2024-ND-CP:d47""]",0,0.0,1,0.3333,1,0.3333,1,0.6667,1,0.6667,1,0.6667,0.3333,"[""168-2024-ND-CP:d34"", ""168-2024-ND-CP:d22"", ""168-2024-ND-CP:d20"", ""100-2019-ND-CP:d18"", ""100-2019-ND-CP:d32"", ""168-2024-ND-CP:d32"", ""100-2019-ND-CP:d25"", ""36-2024-QH15:d62"", ""168-2024-ND-CP:d33"", ""168-2024-ND-CP:d23""]",0,0.0,1,0.3333,1,0.3333,1,0.3333,1,0.3333,1,0.3333,0.3333
405,"[""168-2024-ND-CP:d9"", ""36-2024-QH15:d31"", ""100-2019-ND-CP:d6"", ""100-2019-ND-CP:d8"", ""168-2024-ND-CP:d7"", ""100-2019-ND-CP:d11"", ""36-2024-QH15:d33"", ""168-2024-ND-CP:d12"", ""168-2024-ND-CP:d26"", ""168-2024-ND-CP:d3""]",0,0.0,0,0.0,1,0.25,1,0.25,1,0.5,1,0.5,0.2,"[""36-2024-QH15:d31"", ""168-2024-ND-CP:d9"", ""100-2019-ND-CP:d6"", ""168-2024-ND-CP:d7"", ""36-2024-QH15:d64"", ""100-2019-ND-CP:d8"", ""168-2024-ND-CP:d19"", ""100-2019-ND-CP:d11"", ""36-2024-QH15:d33"", ""168-2024-ND-CP:d27""]",0,0.0,0,0.0,1,0.25,1,0.25,1,0.25,1,0.5,0.25,"[""100-2019-ND-CP:d6"", ""168-2024-ND-CP:d7"", ""168-2024-ND-CP:d9"", ""100-2019-ND-CP:d83"", ""100-2019-ND-CP:d8"", ""168-2024-ND-CP:d16"", ""168-2024-ND-CP:d21"", ""168-2024-ND-CP:d27"", ""168-2024-ND-CP:d8"", ""168-2024-ND-CP:d13""]",0,0.0,1,0.25,1,0.25,1,0.25,1,0.25,1,0.5,0.5,"[""100-2019-ND-CP:d22"", ""168-2024-ND-CP:d19"", ""168-2024-ND-CP:d8"", ""168-2024-ND-CP:d7"", ""168-2024-ND-CP:d28"", ""100-2019-ND-CP:d11"", ""168-2024-ND-CP:d12"", ""168-2024-ND-CP:d6"", ""168-2024-ND-CP:d34"", ""168-2024-ND-CP:d30""]",0,0.0,0,0.0,1,0.25,1,0.25,1,0.25,1,0.25,0.25
406,"[""100-2019-ND-CP:d82"", ""168-2024-ND-CP:d48"", ""168-2024-ND-CP:d27"", ""168-2024-ND-CP:d47"", ""168-2024-ND-CP:d26"", ""01-2021-ND:d50"", ""59-2020-QH14:d4"", ""23-2022-ND:d23"", ""36-2024-QH15:d46"", ""168-2024-ND-CP:d3""]",0,0.0,0,0.0,1,0.5,1,0.5,1,0.5,1,0.5,0.25,"[""100-2019-ND-CP:d82"", ""168-2024-ND-CP:d48"", ""168-2024-ND-CP:d27"", ""100-2019-ND-CP:d1"", ""59-2020-QH14:d198"", ""01-2021-ND:d50"", ""59-2020-QH14:d5"", ""36-2024-QH15:d10"", ""168-2024-ND-CP:d47"", ""100-2019-ND-CP:d79""]",0,0.0,0,0.0,0,0.0,1,0.5,1,1.0,1,1.0,0.1111,"[""168-2024-ND-CP:d47"", ""100-2019-ND-CP:d80"", ""100-2019-ND-CP:d48"", ""168-2024-ND-CP:d32"", ""168-2024-ND-CP:d13"", ""168-2024-ND-CP:d16"", ""168-2025-ND:d71"", ""01-2021-ND:d71"", ""100-2019-ND-CP:d60"", ""168-2025-ND:d65""]",1,0.5,1,0.5,1,0.5,1,0.5,1,0.5,1,0.5,1.0,"[""168-2024-ND-CP:d54"", ""168-2024-ND-CP:d4"", ""100-2019-ND-CP:d38"", ""168-2024-ND-CP:d40"", ""168-2024-ND-CP:d39"", ""168-2024-ND-CP:d8"", ""168-2024-ND-CP:d44"", ""100-2019-ND-CP:d35"", ""168-2024-ND-CP:d38"", ""100-2019-ND-CP:d77""]",0,0.0,0,0.0,0,0.0,0,0.0,0,0.0,0,0.0,0.0
407,"[""36-2024-QH15:d46"", ""168-2024-ND-CP:d27"", ""168-2024-ND-CP:d26"", ""36-2024-QH15:d2"", ""100-2019-ND-CP:d6"", ""23-2022-ND:d23"", ""59-2020-QH14:d4"", ""36-2024-QH15:d10"", ""168-2024-ND-CP:d7"", ""168-2024-ND-CP:d9""]",0,0.0,0,0.0,0,0.0,0,0.0,1,0.5,1,0.5,0.0667,"[""36-2024-QH15:d10"", ""23-2022-ND:d23"", ""100-2019-ND-CP:d6"", ""168-2024-ND-CP:d27"", ""36-2024-QH15:d46"", ""36-2024-QH15:d2"", ""36-2024-QH15:d14"", ""168-2024-ND-CP:d7"", ""59-2020-QH14:d4"", ""168-2024-ND-CP:d9""]",0,0.0,0,0.0,0,0.0,0,0.0,1,0.5,1,0.5,0.0833,"[""168-2024-ND-CP:d27"", ""168-2025-ND:d31"", ""168-2025-ND:d69"", ""168-2025-ND:d95"", ""168-2024-ND-CP:d52"", ""168-2025-ND:d64"", ""59-2020-QH14:d209"", ""01-2021-ND:d69"", ""168-2024-ND-CP:d6"", ""100-2019-ND-CP:d6""]",0,0.0,0,0.0,0,0.0,1,0.25,1,0.5,1,0.5,0.1111,"[""100-2019-ND-CP:d35"", ""16-2023-ND:d15"", ""100-2019-ND-CP:d84"", ""36-2024-QH15:d62"", ""36-2024-QH15:d89"", ""100-2019-ND-CP:d25"", ""36-2024-QH15:d88"", ""168-2024-ND-CP:d54"", ""100-2019-ND-CP:d7"", ""36-2024-QH15:d56""]",0,0.0,0,0.0,0,0.0,0,0.0,0,0.0,0,0.0,0.0
408,"[""100-2019-ND-CP:d15"", ""168-2024-ND-CP:d27"", ""168-2024-ND-CP:d3"", ""168-2024-ND-CP:d32"", ""100-2019-ND-CP:d37"", ""100-2019-ND-CP:d30"", ""100-2019-ND-CP:d44"", ""168-2024-ND-CP:d20"", ""168-2024-ND-CP:d26"", ""168-2024-ND-CP:d39""]",0,0.0,0,0.0,0,0.0,0,0.0,1,0.25,1,0.25,0.0769,"[""100-2019-ND-CP:d15"", ""168-2024-ND-CP:d30"", ""168-2024-ND-CP:d29"", ""168-2024-ND-CP:d19"", ""168-2024-ND-CP:d32"", ""100-2019-ND-CP:d22"", ""01-2021-ND:d37"", ""168-2024-ND-CP:d27"", ""168-2024-ND-CP:d3"", ""100-2019-ND-CP:d37""]",0,0.0,0,0.0,0,0.0,0,0.0,0,0.0,1,0.25,0.0455,"[""168-2024-ND-CP:d6"", ""168-2024-ND-CP:d32"", ""100-2019-ND-CP:d37"", ""168-2024-ND-CP:d27"", ""100-2019-ND-CP:d5"", ""100-2019-ND-CP:d7"", ""100-2019-ND-CP:d14"", ""100-2019-ND-CP:d23"", ""100-2019-ND-CP:d24"", ""100-2019-ND-CP:d38""]",1,0.25,1,0.25,1,0.25,1,0.25,1,0.5,1,0.5,1.0,"[""100-2019-ND-CP:d35"", ""100-2019-ND-CP:d23"", ""100-2019-ND-CP:d9"", ""100-2019-ND-CP:d5"", ""100-2019-ND-CP:d30"", ""100-2019-ND-CP:d7"", ""100-2019-ND-CP:d18"", ""100-2019-ND-CP:d33"", ""168-2024-ND-CP:d9"", ""100-2019-ND-CP:d24""]",0,0.0,0,0.0,0,0.0,0,0.0,1,0.25,1,0.5,0.0556
409,"[""36-2024-QH15:d11"", ""100-2019-ND-CP:d47"", ""168-2024-ND-CP:d8"", ""168-2024-ND-CP:d6"", ""36-2024-QH15:d24"", ""100-2019-ND-CP:d5"", ""36-2024-QH15:d25"", ""36-2024-QH15:d27"", ""100-2019-ND-CP:d7"", ""36-2024-QH15:d18""]",1,0.25,1,0.25,1,0.25,1,0.25,1,0.5,1,0.75,1.0,"[""36-2024-QH15:d24"", ""100-2019-ND-CP:d47"", ""36-2024-QH15:d11"", ""36-2024-QH15:d25"", ""36-2024-QH15:d26"", ""36-2024-QH15:d18"", ""36-2024-QH15:d14"", ""168-2024-ND-CP:d8"", ""168-2024-ND-CP:d6"", ""100-2019-ND-CP:d5""]",0,0.0,1,0.25,1,0.25,1,0.25,1,0.75,1,1.0,0.3333,"[""168-2024-ND-CP:d6"", ""100-2019-ND-CP:d5"", ""168-2024-ND-CP:d21"", ""100-2019-ND-CP:d6"", ""100-2019-ND-CP:d24"", ""168-2024-ND-CP:d7"", ""168-2024-ND-CP:d13"", ""100-2019-ND-CP:d7"", ""168-2024-ND-CP:d8"", ""100-2019-ND-CP:d8""]",0,0.0,0,0.0,0,0.0,1,0.25,1,0.25,1,0.25,0.1667,"[""36-2024-QH15:d20"", ""168-2024-ND-CP:d15"", ""36-2024-QH15:d16"", ""36-2024-QH15:d26"", ""36-2024-QH15:d17"", ""36-2024-QH15:d24"", ""36-2024-QH15:d25"", ""36-2024-QH15:d15"", ""36-2024-QH15:d14"", ""36-2024-QH15:d66""]",0,0.0,0,0.0,0,0.0,0,0.0,1,0.5,1,0.5,0.0833
410,"[""36-2024-QH15:d46"", ""168-2024-ND-CP:d27"", ""168-2024-ND-CP:d26"", ""36-2024-QH15:d10"", ""23-2022-ND:d23"", ""36-2024-QH15:d4"", ""59-2020-QH14:d4"", ""36-2024-QH15:d30"", ""36-2024-QH15:d2"", ""36-2024-QH15:d5""]",0,0.0,0,0.0,0,0.0,0,0.0,0,0.0,0,0.0,0.0,"[""36-2024-QH15:d10"", ""168-2024-ND-CP:d27"", ""36-2024-QH15:d46"", ""36-2024-QH15:d51"", ""36-2024-QH15:d49"", ""23-2022-ND:d23"", ""01-2021-ND:d47"", ""36-2024-QH15:d4"", ""01-2021-ND:d91"", ""36-2024-QH15:d47""]",0,0.0,0,0.0,0,0.0,0,0.0,0,0.0,0,0.0,0.0,"[""01-2021-ND:d97"", ""168-2025-ND:d119"", ""36-2024-QH15:d46"", ""168-2024-ND-CP:d6"", ""168-2024-ND-CP:d27"", ""168-2024-ND-CP:d47"", ""89-2024-ND:d11"", ""100-2019-ND-CP:d16"", ""100-2019-ND-CP:d80"", ""168-2024-ND-CP:d13""]",0,0.0,0,0.0,0,0.0,0,0.0,0,0.0,0,0.0,0.0,"[""01-2021-ND:d83"", ""01-2021-ND:d47"", ""59-2020-QH14:d42"", ""01-2021-ND:d20"", ""168-2025-ND:d16"", ""168-2025-ND:d87"", ""59-2020-QH14:d158"", ""59-2020-QH14:d108"", ""168-2025-ND:d40"", ""59-2020-QH14:d72""]",0,0.0,0,0.0,0,0.0,0,0.0,1,0.5,1,0.5,0.0909
411,"[""168-2024-ND-CP:d20"", ""168-2024-ND-CP:d26"", ""168-2024-ND-CP:d6"", ""168-2024-ND-CP:d32"", ""100-2019-ND-CP:d30"", ""100-2019-ND-CP:d23"", ""100-2019-ND-CP:d6"", ""100-2019-ND-CP:d5"", ""168-2024-ND-CP:d21"", ""100-2019-ND-CP:d7""]",0,0.0,0,0.0,1,0.1667,1,0.1667,1,0.6667,1,0.6667,0.25,"[""168-2024-ND-CP:d30"", ""168-2024-ND-CP:d29"", ""168-2024-ND-CP:d19"", ""100-2019-ND-CP:d82"", ""168-2024-ND-CP:d25"", ""168-2024-ND-CP:d48"", ""100-2019-ND-CP:d21"", ""59-2020-QH14:d158"", ""100-2019-ND-CP:d80"", ""168-2024-ND-CP:d20""]",0,0.0,0,0.0,0,0.0,1,0.1667,1,0.5,1,0.5,0.1667,"[""168-2024-ND-CP:d7"", ""168-2024-ND-CP:d6"", ""168-2024-ND-CP:d32"", ""100-2019-ND-CP:d6"", ""168-2024-ND-CP:d13"", ""168-2024-ND-CP:d20"", ""168-2024-ND-CP:d21"", ""100-2019-ND-CP:d5"", ""168-2024-ND-CP:d14"", ""100-2019-ND-CP:d7""]",1,0.1667,1,0.3333,1,0.3333,1,0.3333,1,0.5,1,0.6667,1.0,"[""100-2019-ND-CP:d30"", ""168-2024-ND-CP:d32"", ""168-2024-ND-CP:d34"", ""100-2019-ND-CP:d23"", ""168-2024-ND-CP:d12"", ""168-2024-ND-CP:d22"", ""168-2024-ND-CP:d17"", ""100-2019-ND-CP:d18"", ""168-2024-ND-CP:d7"", ""100-2019-ND-CP:d33""]",0,0.0,1,0.1667,1,0.1667,1,0.3333,1,0.3333,1,0.3333,0.5
412,"[""168-2024-ND-CP:d9"", ""100-2019-ND-CP:d6"", ""100-2019-ND-CP:d7"", ""100-2019-ND-CP:d8"", ""168-2024-ND-CP:d7"", ""100-2019-ND-CP:d5"", ""36-2024-QH15:d18"", ""59-2020-QH14:d185"", ""100-2019-ND-CP:d42"", ""168-2024-ND-CP:d3""]",0,0.0,0,0.0,0,0.0,0,0.0,1,0.5,1,0.5,0.05,"[""168-2024-ND-CP:d19"", ""100-2019-ND-CP:d22"", ""36-2024-QH15:d64"", ""168-2024-ND-CP:d29"", ""100-2019-ND-CP:d7"", ""168-2024-ND-CP:d30"", ""100-2019-ND-CP:d6"", ""168-2024-ND-CP:d9"", ""168-2024-ND-CP:d40"", ""36-2024-QH15:d54""]",0,0.0,0,0.0,0,0.0,0,0.0,0,0.0,1,0.5,0.04,"[""100-2019-ND-CP:d6"", ""168-2024-ND-CP:d7"", ""168-2024-ND-CP:d8"", ""168-2024-ND-CP:d9"", ""100-2019-ND-CP:d5"", ""100-2019-ND-CP:d7"", ""100-2019-ND-CP:d8"", ""100-2019-ND-CP:d68"", ""168-2024-ND-CP:d6"", ""36-2024-QH15:d47""]",0,0.0,0,0.0,0,0.0,0,0.0,1,0.5,1,0.5,0.0588,"[""100-2019-ND-CP:d22"", ""168-2024-ND-CP:d19"", ""100-2019-ND-CP:d11"", ""168-2024-ND-CP:d8"", ""168-2024-ND-CP:d12"", ""100-2019-ND-CP:d30"", ""168-2024-ND-CP:d30"", ""168-2024-ND-CP:d9"", ""168-2024-ND-CP:d7"", ""168-2024-ND-CP:d34""]",0,0.0,0,0.0,0,0.0,0,0.0,0,0.0,0,0.0,0.0
413,"[""168-2024-ND-CP:d5"", ""168-2024-ND-CP:d18"", ""59-2020-QH14:d56"", ""100-2019-ND-CP:d37"", ""168-2024-ND-CP:d50"", ""36-2024-QH15:d33"", ""100-2019-ND-CP:d21"", ""168-2024-ND-CP:d28"", ""168-2024-ND-CP:d39"", ""100-2019-ND-CP:d81""]",0,0.0,0,0.0,0,0.0,0,0.0,0,0.0,1,0.3333,0.0357,"[""168-2024-ND-CP:d28"", ""168-2024-ND-CP:d5"", ""168-2024-ND-CP:d50"", ""168-2024-ND-CP:d19"", ""59-2020-QH14:d56"", ""168-2024-ND-CP:d25"", ""168-2024-ND-CP:d18"", ""36-2024-QH15:d33"", ""100-2019-ND-CP:d37"", ""36-2024-QH15:d40""]",0,0.0,0,0.0,0,0.0,0,0.0,1,0.3333,1,0.3333,0.0625,"[""168-2024-ND-CP:d6"", ""168-2024-ND-CP:d13"", ""168-2024-ND-CP:d7"", ""168-2024-ND-CP:d32"", ""100-2019-ND-CP:d5"", ""100-2019-ND-CP:d37"", ""100-2019-ND-CP:d16"", ""168-2024-ND-CP:d14"", ""168-2024-ND-CP:d20"", ""168-2024-ND-CP:d21""]",0,0.0,0,0.0,0,0.0,0,0.0,0,0.0,0,0.0,0.0,"[""168-2024-ND-CP:d34"", ""100-2019-ND-CP:d33"", ""168-2024-ND-CP:d32"", ""168-2024-ND-CP:d22"", ""168-2024-ND-CP:d6"", ""168-2024-ND-CP:d30"", ""100-2019-ND-CP:d5"", ""100-2019-ND-CP:d18"", ""100-2019-ND-CP:d30"", ""100-2019-ND-CP:d23""]",0,0.0,0,0.0,0,0.0,0,0.0,0,0.0,0,0.0,0.0
414,"[""100-2019-ND-CP:d82"", ""168-2024-ND-CP:d48"", ""168-2024-ND-CP:d3"", ""168-2024-ND-CP:d14"", ""168-2024-ND-CP:d47"", ""100-2019-ND-CP:d79"", ""168-2024-ND-CP:d16"", ""59-2020-QH14:d68"", ""168-2024-ND-CP:d27"", ""59-2020-QH14:d150""]",0,0.0,0,0.0,1,1.0,1,1.0,1,1.0,1,1.0,0.2,"[""100-2019-ND-CP:d82"", ""168-2024-ND-CP:d46"", ""100-2019-ND-CP:d1"", ""59-2020-QH14:d29"", ""100-2019-ND-CP:d79"", ""168-2024-ND-CP:d48"", ""59-2020-QH14:d68"", ""59-2020-QH14:d208"", ""168-2024-ND-CP:d27"", ""59-2020-QH14:d158""]",0,0.0,0,0.0,0,0.0,0,0.0,0,0.0,1,1.0,0.04,"[""168-2024-ND-CP:d47"", ""100-2019-ND-CP:d80"", ""100-2019-ND-CP:d48"", ""168-2024-ND-CP:d52"", ""168-2024-ND-CP:d32"", ""168-2024-ND-CP:d13"", ""168-2024-ND-CP:d16"", ""168-2024-ND-CP:d3"", ""168-2024-ND-CP:d14"", ""100-2019-ND-CP:d65""]",1,1.0,1,1.0,1,1.0,1,1.0,1,1.0,1,1.0,1.0,"[""168-2024-ND-CP:d44"", ""47-2021-ND:d33"", ""168-2024-ND-CP:d38"", ""168-2024-ND-CP:d42"", ""100-2019-ND-CP:d75"", ""100-2019-ND-CP:d76"", ""168-2024-ND-CP:d39"", ""100-2019-ND-CP:d13"", ""100-2019-ND-CP:d38"", ""100-2019-ND-CP:d65""]",0,0.0,0,0.0,0,0.0,0,0.0,0,0.0,0,0.0,0.0
415,"[""168-2024-ND-CP:d27"", ""168-2024-ND-CP:d7"", ""168-2024-ND-CP:d26"", ""100-2019-ND-CP:d6"", ""168-2024-ND-CP:d9"", ""168-2024-ND-CP:d6"", ""168-2024-ND-CP:d20"", ""36-2024-QH15:d46"", ""100-2019-ND-CP:d8"", ""100-2019-ND-CP:d31""]",0,0.0,0,0.0,0,0.0,1,0.3333,1,0.3333,1,0.6667,0.1667,"[""168-2024-ND-CP:d27"", ""168-2024-ND-CP:d7"", ""36-2024-QH15:d64"", ""100-2019-ND-CP:d6"", ""168-2024-ND-CP:d54"", ""168-2024-ND-CP:d26"", ""168-2024-ND-CP:d9"", ""168-2024-ND-CP:d20"", ""168-2024-ND-CP:d6"", ""36-2024-QH15:d46""]",0,0.0,0,0.0,0,0.0,1,0.3333,1,0.6667,1,0.6667,0.1111,"[""168-2024-ND-CP:d6"", ""168-2024-ND-CP:d13"", ""100-2019-ND-CP:d6"", ""168-2024-ND-CP:d7"", ""168-2024-ND-CP:d20"", ""100-2019-ND-CP:d83"", ""168-2024-ND-CP:d32"", ""168-2024-ND-CP:d27"", ""100-2019-ND-CP:d16"", ""100-2019-ND-CP:d23""]",1,0.3333,1,0.3333,1,0.3333,1,0.3333,1,1.0,1,1.0,1.0,"[""168-2024-ND-CP:d37"", ""100-2019-ND-CP:d35"", ""168-2024-ND-CP:d8"", ""168-2024-ND-CP:d10"", ""100-2019-ND-CP:d9"", ""100-2019-ND-CP:d66"", ""100-2019-ND-CP:d7"", ""100-2019-ND-CP:d33"", ""36-2024-QH15:d12"", ""59-2020-QH14:d168""]",0,0.0,0,0.0,0,0.0,0,0.0,1,0.3333,1,0.3333,0.0909
416,"[""168-2024-ND-CP:d27"", ""23-2022-ND:d23"", ""168-2024-ND-CP:d26"", ""36-2024-QH15:d46"", ""59-2020-QH14:d4"", ""100-2019-ND-CP:d6"", ""168-2024-ND-CP:d7"", ""168-2024-ND-CP:d9"", ""100-2019-ND-CP:d8"", ""36-2024-QH15:d10""]",0,0.0,0,0.0,0,0.0,0,0.0,1,0.3333,1,0.3333,0.0909,"[""23-2022-ND:d23"", ""100-2019-ND-CP:d6"", ""168-2024-ND-CP:d7"", ""59-2020-QH14:d4"", ""168-2024-ND-CP:d27"", ""36-2024-QH15:d10"", ""168-2024-ND-CP:d9"", ""168-2024-ND-CP:d6"", ""168-2024-ND-CP:d37"", ""36-2024-QH15:d14""]",0,0.0,0,0.0,0,0.0,1,0.3333,1,0.3333,1,0.3333,0.125,"[""168-2024-ND-CP:d27"", ""168-2024-ND-CP:d6"", ""168-2024-ND-CP:d13"", ""168-2024-ND-CP:d3"", ""168-2024-ND-CP:d52"", ""100-2019-ND-CP:d6"", ""168-2024-ND-CP:d32"", ""100-2019-ND-CP:d80"", ""168-2024-ND-CP:d7"", ""168-2024-ND-CP:d47""]",0,0.0,1,0.3333,1,0.3333,1,0.3333,1,0.3333,1,0.3333,0.5,"[""100-2019-ND-CP:d9"", ""168-2024-ND-CP:d10"", ""100-2019-ND-CP:d47"", ""100-2019-ND-CP:d65"", ""100-2019-ND-CP:d44"", ""100-2019-ND-CP:d50"", ""100-2019-ND-CP:d18"", ""100-2019-ND-CP:d60"", ""100-2019-ND-CP:d76"", ""100-2019-ND-CP:d32""]",0,0.0,0,0.0,0,0.0,0,0.0,0,0.0,0,0.0,0.0
417,"[""168-2024-ND-CP:d27"", ""36-2024-QH15:d46"", ""168-2024-ND-CP:d26"", ""36-2024-QH15:d10"", ""36-2024-QH15:d30"", ""23-2022-ND:d23"", ""59-2020-QH14:d4"", ""168-2024-ND-CP:d20"", ""36-2024-QH15:d5"", ""36-2024-QH15:d2""]",0,0.0,0,0.0,1,0.3333,1,0.3333,1,0.6667,1,0.6667,0.25,"[""168-2024-ND-CP:d27"", ""36-2024-QH15:d10"", ""36-2024-QH15:d24"", ""36-2024-QH15:d46"", ""168-2024-ND-CP:d6"", ""168-2024-ND-CP:d26"", ""168-2024-ND-CP:d20"", ""36-2024-QH15:d30"", ""100-2019-ND-CP:d6"", ""168-2024-ND-CP:d8""]",0,0.0,1,0.3333,1,0.3333,1,0.3333,1,0.3333,1,0.6667,0.5,"[""168-2024-ND-CP:d27"", ""36-2024-QH15:d46"", ""36-2024-QH15:d30"", ""168-2024-ND-CP:d6"", ""168-2024-ND-CP:d32"", ""168-2024-ND-CP:d7"", ""168-2024-ND-CP:d13"", ""168-2025-ND:d51"", ""168-2024-ND-CP:d20"", ""168-2024-ND-CP:d47""]",0,0.0,0,0.0,0,0.0,1,0.3333,1,0.3333,1,0.3333,0.1667,"[""168-2024-ND-CP:d10"", ""100-2019-ND-CP:d9"", ""100-2019-ND-CP:d47"", ""248-2025-ND:d7"", ""100-2019-ND-CP:d43"", ""100-2019-ND-CP:d37"", ""168-2024-ND-CP:d15"", ""44-2025-ND:d24"", ""59-2020-QH14:d206"", ""100-2019-ND-CP:d12""]",0,0.0,0,0.0,0,0.0,0,0.0,0,0.0,1,0.3333,0.0455
418,"[""168-2024-ND-CP:d27"", ""36-2024-QH15:d46"", ""36-2024-QH15:d4"", ""36-2024-QH15:d6"", ""168-2024-ND-CP:d26"", ""36-2024-QH15:d2"", ""168-2024-ND-CP:d43"", ""36-2024-QH15:d31"", ""36-2024-QH15:d5"", ""100-2019-ND-CP:d31""]",0,0.0,0,0.0,0,0.0,0,0.0,0,0.0,0,0.0,0.0,"[""168-2024-ND-CP:d43"", ""36-2024-QH15:d4"", ""168-2024-ND-CP:d27"", ""100-2019-ND-CP:d76"", ""36-2024-QH15:d6"", ""36-2024-QH15:d10"", ""36-2024-QH15:d71"", ""36-2024-QH15:d46"", ""36-2024-QH15:d87"", ""36-2024-QH15:d5""]",0,0.0,0,0.0,0,0.0,0,0.0,0,0.0,0,0.0,0.0,"[""168-2024-ND-CP:d26"", ""168-2024-ND-CP:d47"", ""36-2024-QH15:d46"", ""168-2024-ND-CP:d20"", ""100-2019-ND-CP:d31"", ""36-2024-QH15:d4"", ""36-2024-QH15:d71"", ""168-2024-ND-CP:d6"", ""168-2024-ND-CP:d21"", ""168-2024-ND-CP:d27""]",0,0.0,1,0.5,1,0.5,1,0.5,1,1.0,1,1.0,0.5,"[""100-2019-ND-CP:d35"", ""168-2024-ND-CP:d30"", ""168-2024-ND-CP:d29"", ""100-2019-ND-CP:d7"", ""168-2024-ND-CP:d10"", ""168-2024-ND-CP:d43"", ""100-2019-ND-CP:d9"", ""100-2019-ND-CP:d76"", ""100-2019-ND-CP:d30"", ""100-2019-ND-CP:d77""]",0,0.0,0,0.0,0,0.0,0,0.0,0,0.0,0,0.0,0.0
419,"[""59-2020-QH14:d166"", ""59-2020-QH14:d72"", ""100-2019-ND-CP:d72"", ""168-2024-ND-CP:d31"", ""100-2019-ND-CP:d29"", ""100-2019-ND-CP:d42"", ""100-2019-ND-CP:d31"", ""100-2019-ND-CP:d40"", ""100-2019-ND-CP:d47"", ""100-2019-ND-CP:d37""]",0,0.0,0,0.0,0,0.0,0,0.0,1,1.0,1,1.0,0.0833,"[""59-2020-QH14:d72"", ""59-2020-QH14:d166"", ""100-2019-ND-CP:d27"", ""100-2019-ND-CP:d29"", ""168-2024-ND-CP:d31"", ""168-2024-ND-CP:d25"", ""100-2019-ND-CP:d72"", ""100-2019-ND-CP:d1"", ""100-2019-ND-CP:d62"", ""168-2025-ND:d34""]",0,0.0,0,0.0,0,0.0,0,0.0,0,0.0,0,0.0,0.0,"[""100-2019-ND-CP:d39"", ""100-2019-ND-CP:d59"", ""100-2019-ND-CP:d60"", ""100-2019-ND-CP:d61"", ""100-2019-ND-CP:d83"", ""100-2019-ND-CP:d80"", ""168-2024-ND-CP:d3"", ""168-2024-ND-CP:d6"", ""168-2024-ND-CP:d8"", ""168-2024-ND-CP:d13""]",0,0.0,0,0.0,0,0.0,0,0.0,1,0.5,1,0.5,0.0909,"[""168-2024-ND-CP:d39"", ""100-2019-ND-CP:d25"", ""100-2019-ND-CP:d41"", ""168-2024-ND-CP:d10"", ""100-2019-ND-CP:d37"", ""100-2019-ND-CP:d43"", ""100-2019-ND-CP:d32"", ""100-2019-ND-CP:d9"", ""100-2019-ND-CP:d7"", ""100-2019-ND-CP:d23""]",0,0.0,0,0.0,0,0.0,0,0.0,0,0.0,0,0.0,0.0
420,"[""36-2024-QH15:d2"", ""36-2024-QH15:d31"", ""36-2024-QH15:d23"", ""36-2024-QH15:d30"", ""36-2024-QH15:d10"", ""36-2024-QH15:d46"", ""168-2024-ND-CP:d27"", ""168-2024-ND-CP:d7"", ""168-2024-ND-CP:d9"", ""100-2019-ND-CP:d6""]",0,0.0,0,0.0,0,0.0,1,0.3333,1,0.3333,1,0.3333,0.125,"[""36-2024-QH15:d10"", ""36-2024-QH15:d2"", ""36-2024-QH15:d31"", ""36-2024-QH15:d64"", ""36-2024-QH15:d23"", ""168-2024-ND-CP:d19"", ""36-2024-QH15:d43"", ""100-2019-ND-CP:d22"", ""36-2024-QH15:d63"", ""36-2024-QH15:d30""]",0,0.0,0,0.0,0,0.0,0,0.0,1,0.3333,1,0.3333,0.0714,"[""100-2019-ND-CP:d6"", ""168-2024-ND-CP:d7"", ""168-2024-ND-CP:d6"", ""168-2024-ND-CP:d9"", ""100-2019-ND-CP:d8"", ""100-2019-ND-CP:d7"", ""168-2024-ND-CP:d8"", ""168-2024-ND-CP:d21"", ""100-2019-ND-CP:d5"", ""100-2019-ND-CP:d19""]",0,0.0,1,0.3333,1,0.3333,1,0.3333,1,0.3333,1,0.3333,0.5,"[""100-2019-ND-CP:d6"", ""168-2024-ND-CP:d7"", ""36-2024-QH15:d33"", ""100-2019-ND-CP:d7"", ""100-2019-ND-CP:d17"", ""168-2024-ND-CP:d8"", ""168-2024-ND-CP:d9"", ""100-2019-ND-CP:d19"", ""168-2024-ND-CP:d16"", ""168-2024-ND-CP:d36""]",0,0.0,1,0.3333,1,0.3333,1,0.3333,1,0.3333,1,0.6667,0.5
421,"[""59-2020-QH14:d4"", ""168-2024-ND-CP:d6"", ""168-2024-ND-CP:d7"", ""100-2019-ND-CP:d6"", ""168-2024-ND-CP:d9"", ""168-2024-ND-CP:d8"", ""100-2019-ND-CP:d7"", ""100-2019-ND-CP:d5"", ""23-2022-ND:d23"", ""100-2019-ND-CP:d8""]",0,0.0,1,0.3333,1,0.3333,1,0.3333,1,0.3333,1,0.3333,0.5,"[""23-2022-ND:d23"", ""59-2020-QH14:d4"", ""36-2024-QH15:d10"", ""100-2019-ND-CP:d6"", ""168-2024-ND-CP:d7"", ""168-2024-ND-CP:d6"", ""100-2019-ND-CP:d7"", ""59-2020-QH14:d155"", ""59-2020-QH14:d200"", ""100-2019-ND-CP:d5""]",0,0.0,0,0.0,0,0.0,1,0.3333,1,0.3333,1,0.3333,0.1667,"[""168-2025-ND:d71"", ""168-2025-ND:d60"", ""168-2025-ND:d69"", ""168-2025-ND:d50"", ""168-2025-ND:d51"", ""168-2025-ND:d54"", ""100-2019-ND-CP:d39"", ""01-2021-ND:d66"", ""168-2024-ND-CP:d6"", ""168-2025-ND:d30""]",0,0.0,0,0.0,0,0.0,1,0.3333,1,0.3333,1,0.6667,0.1111,"[""59-2020-QH14:d110"", ""59-2020-QH14:d142"", ""47-2021-ND:d26"", ""47-2021-ND:d25"", ""47-2021-ND:d24"", ""168-2025-ND:d30"", ""01-2021-ND:d91"", ""36-2024-QH15:d21"", ""59-2020-QH14:d206"", ""01-2021-ND:d66""]",0,0.0,0,0.0,0,0.0,0,0.0,0,0.0,0,0.0,0.0
422,"[""168-2024-ND-CP:d8"", ""100-2019-ND-CP:d15"", ""168-2024-ND-CP:d6"", ""100-2019-ND-CP:d7"", ""100-2019-ND-CP:d5"", ""36-2024-QH15:d18"", ""100-2019-ND-CP:d6"", ""168-2024-ND-CP:d7"", ""36-2024-QH15:d14"", ""36-2024-QH15:d12""]",0,0.0,0,0.0,0,0.0,1,0.3333,1,0.6667,1,0.6667,0.125,"[""36-2024-QH15:d10"", ""36-2024-QH15:d15"", ""168-2024-ND-CP:d8"", ""100-2019-ND-CP:d15"", ""36-2024-QH15:d18"", ""100-2019-ND-CP:d7"", ""36-2024-QH15:d17"", ""36-2024-QH15:d14"", ""36-2024-QH15:d16"", ""36-2024-QH15:d13""]",1,0.3333,1,0.3333,1,0.3333,1,0.3333,1,0.3333,1,0.6667,1.0,"[""168-2024-ND-CP:d6"", ""100-2019-ND-CP:d5"", ""100-2019-ND-CP:d7"", ""168-2024-ND-CP:d8"", ""100-2019-ND-CP:d6"", ""168-2024-ND-CP:d47"", ""100-2019-ND-CP:d80"", ""168-2024-ND-CP:d7"", ""168-2024-ND-CP:d21"", ""168-2024-ND-CP:d9""]",0,0.0,0,0.0,0,0.0,1,0.3333,1,0.3333,1,0.3333,0.125,"[""100-2019-ND-CP:d7"", ""100-2019-ND-CP:d5"", ""100-2019-ND-CP:d25"", ""168-2024-ND-CP:d8"", ""168-2024-ND-CP:d10"", ""100-2019-ND-CP:d33"", ""100-2019-ND-CP:d35"", ""100-2019-ND-CP:d9"", ""168-2024-ND-CP:d15"", ""100-2019-ND-CP:d18""]",0,0.0,0,0.0,0,0.0,0,0.0,1,0.3333,1,0.6667,0.0556
423,"[""23-2022-ND:d29"", ""100-2019-ND-CP:d81"", ""01-2021-ND:d47"", ""59-2020-QH14:d12"", ""100-2019-ND-CP:d8"", ""168-2025-ND:d97"", ""59-2020-QH14:d56"", ""59-2020-QH14:d181"", ""89-2024-ND:d7"", ""100-2019-ND-CP:d42""]",0,0.0,0,0.0,0,0.0,0,0.0,0,0.0,1,1.0,0.04,"[""01-2021-ND:d47"", ""168-2025-ND:d97"", ""59-2020-QH14:d51"", ""100-2019-ND-CP:d81"", ""59-2020-QH14:d12"", ""23-2022-ND:d29"", ""89-2024-ND:d4"", ""01-2021-ND:d37"", ""01-2021-ND:d14"", ""59-2020-QH14:d56""]",0,0.0,0,0.0,0,0.0,0,0.0,0,0.0,0,0.0,0.0,"[""100-2019-ND-CP:d80"", ""168-2024-ND-CP:d47"", ""100-2019-ND-CP:d68"", ""100-2019-ND-CP:d48"", ""23-2022-ND:d29"", ""100-2019-ND-CP:d6"", ""100-2019-ND-CP:d28"", ""168-2024-ND-CP:d32"", ""100-2019-ND-CP:d30"", ""100-2019-ND-CP:d37""]",0,0.0,1,1.0,1,1.0,1,1.0,1,1.0,1,1.0,0.5,"[""100-2019-ND-CP:d28"", ""100-2019-ND-CP:d9"", ""100-2019-ND-CP:d35"", ""168-2024-ND-CP:d26"", ""168-2024-ND-CP:d10"", ""100-2019-ND-CP:d15"", ""100-2019-ND-CP:d11"", ""100-2019-ND-CP:d27"", ""100-2019-ND-CP:d76"", ""168-2024-ND-CP:d3""]",0,0.0,0,0.0,0,0.0,0,0.0,0,0.0,0,0.0,0.0
424,"[""36-2024-QH15:d14"", ""168-2024-ND-CP:d9"", ""100-2019-ND-CP:d6"", ""100-2019-ND-CP:d5"", ""100-2019-ND-CP:d8"", ""168-2024-ND-CP:d6"", ""168-2024-ND-CP:d7"", ""100-2019-ND-CP:d7"", ""168-2024-ND-CP:d8"", ""36-2024-QH15:d12""]",0,0.0,0,0.0,0,0.0,0,0.0,1,0.5,1,0.5,0.0667,"[""36-2024-QH15:d14"", ""23-2022-ND:d23"", ""36-2024-QH15:d21"", ""168-2024-ND-CP:d49"", ""36-2024-QH15:d16"", ""168-2024-ND-CP:d9"", ""168-2024-ND-CP:d22"", ""168-2024-ND-CP:d1"", ""100-2019-ND-CP:d6"", ""100-2019-ND-CP:d25""]",0,0.0,0,0.0,0,0.0,0,0.0,0,0.0,0,0.0,0.0,"[""168-2024-ND-CP:d6"", ""168-2024-ND-CP:d7"", ""168-2024-ND-CP:d32"", ""100-2019-ND-CP:d5"", ""168-2024-ND-CP:d12"", ""168-2024-ND-CP:d20"", ""168-2024-ND-CP:d34"", ""100-2019-ND-CP:d6"", ""168-2024-ND-CP:d21"", ""100-2019-ND-CP:d81""]",0,0.0,0,0.0,0,0.0,0,0.0,1,0.5,1,0.5,0.0909,"[""36-2024-QH15:d62"", ""36-2024-QH15:d89"", ""36-2024-QH15:d56"", ""36-2024-QH15:d52"", ""168-2024-ND-CP:d50"", ""36-2024-QH15:d10"", ""36-2024-QH15:d58"", ""36-2024-QH15:d35"", ""168-2024-ND-CP:d21"", ""168-2024-ND-CP:d34""]",0,0.0,0,0.0,1,0.5,1,0.5,1,0.5,1,0.5,0.25
426,"[""100-2019-ND-CP:d64"", ""100-2019-ND-CP:d6"", ""168-2024-ND-CP:d7"", ""100-2019-ND-CP:d48"", ""100-2019-ND-CP:d11"", ""100-2019-ND-CP:d8"", ""168-2024-ND-CP:d8"", ""100-2019-ND-CP:d7"", ""100-2019-ND-CP:d5"", ""100-2019-ND-CP:d49""]",0,0.0,0,0.0,0,0.0,0,0.0,1,0.3333,1,0.6667,0.0833,"[""100-2019-ND-CP:d48"", ""100-2019-ND-CP:d64"", ""36-2024-QH15:d83"", ""36-2024-QH15:d84"", ""36-2024-QH15:d81"", ""100-2019-ND-CP:d6"", ""100-2019-ND-CP:d11"", ""36-2024-QH15:d80"", ""168-2024-ND-CP:d7"", ""36-2024-QH15:d1""]",0,0.0,0,0.0,1,0.1667,1,0.3333,1,0.3333,1,0.6667,0.2,"[""100-2019-ND-CP:d48"", ""36-2024-QH15:d83"", ""36-2024-QH15:d76"", ""100-2019-ND-CP:d6"", ""36-2024-QH15:d81"", ""100-2019-ND-CP:d8"", ""100-2019-ND-CP:d24"", ""100-2019-ND-CP:d28"", ""100-2019-ND-CP:d49"", ""100-2019-ND-CP:d64""]",0,0.0,0,0.0,1,0.1667,1,0.1667,1,0.1667,1,0.1667,0.2,"[""36-2024-QH15:d16"", ""36-2024-QH15:d76"", ""36-2024-QH15:d83"", ""36-2024-QH15:d69"", ""36-2024-QH15:d82"", ""36-2024-QH15:d81"", ""36-2024-QH15:d80"", ""36-2024-QH15:d17"", ""36-2024-QH15:d35"", ""168-2024-ND-CP:d54""]",0,0.0,0,0.0,0,0.0,1,0.3333,1,0.3333,1,0.3333,0.1667
427,"[""100-2019-ND-CP:d8"", ""168-2024-ND-CP:d9"", ""100-2019-ND-CP:d6"", ""168-2024-ND-CP:d7"", ""168-2024-ND-CP:d14"", ""168-2024-ND-CP:d18"", ""168-2024-ND-CP:d16"", ""168-2024-ND-CP:d13"", ""36-2024-QH15:d56"", ""100-2019-ND-CP:d11""]",0,0.0,0,0.0,1,0.125,1,0.25,1,0.375,1,0.5,0.2,"[""36-2024-QH15:d10"", ""100-2019-ND-CP:d22"", ""168-2024-ND-CP:d14"", ""100-2019-ND-CP:d8"", ""36-2024-QH15:d87"", ""36-2024-QH15:d56"", ""168-2024-ND-CP:d9"", ""36-2024-QH15:d31"", ""36-2024-QH15:d38"", ""168-2024-ND-CP:d19""]",0,0.0,1,0.125,1,0.125,1,0.125,1,0.5,1,0.875,0.3333,"[""100-2019-ND-CP:d6"", ""100-2019-ND-CP:d8"", ""168-2024-ND-CP:d9"", ""168-2024-ND-CP:d7"", ""168-2024-ND-CP:d21"", ""168-2024-ND-CP:d32"", ""168-2024-ND-CP:d8"", ""100-2019-ND-CP:d17"", ""168-2024-ND-CP:d6"", ""89-2024-ND:d7""]",0,0.0,0,0.0,0,0.0,1,0.125,1,0.375,1,0.375,0.1667,"[""100-2019-ND-CP:d21"", ""168-2024-ND-CP:d7"", ""168-2024-ND-CP:d27"", ""100-2019-ND-CP:d22"", ""36-2024-QH15:d33"", ""168-2024-ND-CP:d34"", ""168-2024-ND-CP:d18"", ""168-2024-ND-CP:d32"", ""100-2019-ND-CP:d30"", ""168-2024-ND-CP:d17""]",1,0.125,1,0.125,1,0.125,1,0.5,1,0.5,1,0.5,1.0
428,"[""59-2020-QH14:d196"", ""36-2024-QH15:d68"", ""36-2024-QH15:d4"", ""36-2024-QH15:d30"", ""36-2024-QH15:d2"", ""36-2024-QH15:d46"", ""23-2022-ND:d23"", ""168-2024-ND-CP:d26"", ""36-2024-QH15:d10"", ""168-2024-ND-CP:d27""]",0,0.0,0,0.0,0,0.0,0,0.0,0,0.0,1,0.3333,0.0345,"[""36-2024-QH15:d68"", ""59-2020-QH14:d196"", ""59-2020-QH14:d165"", ""36-2024-QH15:d4"", ""59-2020-QH14:d181"", ""36-2024-QH15:d85"", ""36-2024-QH15:d10"", ""36-2024-QH15:d83"", ""36-2024-QH15:d2"", ""36-2024-QH15:d80""]",0,0.0,0,0.0,0,0.0,1,0.6667,1,0.6667,1,0.6667,0.125,"[""100-2019-ND-CP:d80"", ""168-2024-ND-CP:d47"", ""36-2024-QH15:d30"", ""168-2024-ND-CP:d27"", ""168-2024-ND-CP:d20"", ""36-2024-QH15:d46"", ""168-2024-ND-CP:d6"", ""168-2024-ND-CP:d7"", ""168-2024-ND-CP:d13"", ""36-2024-QH15:d80""]",0,0.0,0,0.0,0,0.0,1,0.3333,1,0.3333,1,0.6667,0.1,"[""100-2019-ND-CP:d20"", ""168-2024-ND-CP:d33"", ""100-2019-ND-CP:d23"", ""168-2024-ND-CP:d17"", ""100-2019-ND-CP:d34"", ""168-2024-ND-CP:d25"", ""100-2019-ND-CP:d30"", ""168-2024-ND-CP:d7"", ""168-2024-ND-CP:d34"", ""100-2019-ND-CP:d32""]",0,0.0,0,0.0,0,0.0,0,0.0,0,0.0,1,0.3333,0.0476
429,"[""100-2019-ND-CP:d8"", ""168-2024-ND-CP:d7"", ""100-2019-ND-CP:d6"", ""100-2019-ND-CP:d7"", ""168-2024-ND-CP:d9"", ""100-2019-ND-CP:d66"", ""168-2024-ND-CP:d6"", ""100-2019-ND-CP:d5"", ""168-2024-ND-CP:d8"", ""168-2024-ND-CP:d26""]",0,0.0,1,0.2,1,0.2,1,0.2,1,0.2,1,0.2,0.5,"[""168-2024-ND-CP:d19"", ""36-2024-QH15:d87"", ""100-2019-ND-CP:d66"", ""100-2019-ND-CP:d8"", ""100-2019-ND-CP:d63"", ""100-2019-ND-CP:d6"", ""168-2024-ND-CP:d7"", ""100-2019-ND-CP:d7"", ""168-2024-ND-CP:d9"", ""168-2024-ND-CP:d25""]",0,0.0,0,0.0,0,0.0,1,0.2,1,0.2,1,0.2,0.1429,"[""168-2024-ND-CP:d6"", ""168-2024-ND-CP:d7"", ""168-2024-ND-CP:d8"", ""100-2019-ND-CP:d6"", ""168-2024-ND-CP:d32"", ""100-2019-ND-CP:d7"", ""168-2024-ND-CP:d13"", ""100-2019-ND-CP:d8"", ""168-2024-ND-CP:d20"", ""168-2024-ND-CP:d27""]",0,0.0,1,0.2,1,0.2,1,0.2,1,0.2,1,0.2,0.5,"[""168-2024-ND-CP:d32"", ""168-2024-ND-CP:d34"", ""168-2024-ND-CP:d28"", ""168-2024-ND-CP:d6"", ""100-2019-ND-CP:d30"", ""168-2024-ND-CP:d8"", ""168-2024-ND-CP:d7"", ""100-2019-ND-CP:d23"", ""168-2024-ND-CP:d22"", ""100-2019-ND-CP:d18""]",0,0.0,0,0.0,0,0.0,1,0.2,1,0.2,1,0.2,0.1429
430,"[""168-2024-ND-CP:d26"", ""168-2024-ND-CP:d27"", ""59-2020-QH14:d56"", ""59-2020-QH14:d185"", ""100-2019-ND-CP:d31"", ""168-2024-ND-CP:d6"", ""59-2020-QH14:d149"", ""100-2019-ND-CP:d6"", ""168-2024-ND-CP:d7"", ""44-2025-ND:d21""]",0,0.0,0,0.0,0,0.0,0,0.0,0,0.0,1,0.1667,0.0357,"[""01-2021-ND:d64"", ""168-2025-ND:d58"", ""59-2020-QH14:d56"", ""168-2024-ND-CP:d27"", ""59-2020-QH14:d61"", ""59-2020-QH14:d99"", ""59-2020-QH14:d185"", ""59-2020-QH14:d149"", ""100-2019-ND-CP:d31"", ""36-2024-QH15:d10""]",0,0.0,0,0.0,0,0.0,0,0.0,0,0.0,1,0.1667,0.0357,"[""59-2020-QH14:d149"", ""168-2024-ND-CP:d6"", ""168-2025-ND:d69"", ""100-2019-ND-CP:d28"", ""168-2024-ND-CP:d26"", ""168-2024-ND-CP:d8"", ""168-2024-ND-CP:d47"", ""59-2020-QH14:d61"", ""89-2024-ND:d11"", ""01-2021-ND:d64""]",0,0.0,0,0.0,0,0.0,1,0.1667,1,0.3333,1,0.3333,0.1429,"[""168-2024-ND-CP:d39"", ""100-2019-ND-CP:d41"", ""100-2019-ND-CP:d35"", ""100-2019-ND-CP:d43"", ""100-2019-ND-CP:d25"", ""100-2019-ND-CP:d37"", ""100-2019-ND-CP:d72"", ""100-2019-ND-CP:d9"", ""168-2025-ND:d72"", ""168-2024-ND-CP:d27""]",0,0.0,0,0.0,0,0.0,0,0.0,1,0.1667,1,0.1667,0.0556
431,"[""36-2024-QH15:d30"", ""168-2024-ND-CP:d27"", ""168-2024-ND-CP:d26"", ""36-2024-QH15:d33"", ""168-2024-ND-CP:d20"", ""36-2024-QH15:d46"", ""36-2024-QH15:d10"", ""168-2024-ND-CP:d7"", ""100-2019-ND-CP:d37"", ""100-2019-ND-CP:d6""]",0,0.0,0,0.0,0,0.0,0,0.0,0,0.0,1,0.4,0.0435,"[""36-2024-QH15:d10"", ""168-2024-ND-CP:d27"", ""36-2024-QH15:d30"", ""36-2024-QH15:d46"", ""100-2019-ND-CP:d22"", ""36-2024-QH15:d33"", ""59-2020-QH14:d5"", ""168-2024-ND-CP:d20"", ""168-2024-ND-CP:d26"", ""100-2019-ND-CP:d37""]",0,0.0,0,0.0,0,0.0,0,0.0,0,0.0,0,0.0,0.0,"[""168-2024-ND-CP:d27"", ""168-2024-ND-CP:d6"", ""168-2024-ND-CP:d7"", ""168-2024-ND-CP:d13"", ""168-2024-ND-CP:d20"", ""168-2024-ND-CP:d18"", ""168-2024-ND-CP:d21"", ""168-2024-ND-CP:d32"", ""36-2024-QH15:d55"", ""100-2019-ND-CP:d16""]",0,0.0,0,0.0,0,0.0,1,0.2,1,0.2,1,0.2,0.125,"[""168-2024-ND-CP:d22"", ""36-2024-QH15:d37"", ""36-2024-QH15:d29"", ""100-2019-ND-CP:d7"", ""100-2019-ND-CP:d16"", ""168-2024-ND-CP:d17"", ""168-2024-ND-CP:d6"", ""168-2024-ND-CP:d20"", ""100-2019-ND-CP:d18"", ""168-2024-ND-CP:d34""]",0,0.0,0,0.0,0,0.0,0,0.0,0,0.0,1,0.4,0.0385
432,"[""168-2024-ND-CP:d26"", ""168-2024-ND-CP:d27"", ""168-2024-ND-CP:d39"", ""100-2019-ND-CP:d37"", ""168-2024-ND-CP:d3"", ""168-2024-ND-CP:d20"", ""168-2024-ND-CP:d13"", ""168-2024-ND-CP:d14"", ""100-2019-ND-CP:d81"", ""168-2024-ND-CP:d30""]",0,0.0,0,0.0,0,0.0,1,0.3333,1,1.0,1,1.0,0.125,"[""36-2024-QH15:d64"", ""168-2024-ND-CP:d30"", ""168-2024-ND-CP:d19"", ""168-2024-ND-CP:d29"", ""168-2024-ND-CP:d27"", ""100-2019-ND-CP:d62"", ""168-2024-ND-CP:d14"", ""36-2024-QH15:d10"", ""168-2024-ND-CP:d25"", ""168-2024-ND-CP:d5""]",0,0.0,0,0.0,0,0.0,1,0.3333,1,0.3333,1,0.6667,0.1429,"[""168-2024-ND-CP:d13"", ""168-2024-ND-CP:d6"", ""168-2024-ND-CP:d7"", ""168-2024-ND-CP:d20"", ""168-2024-ND-CP:d27"", ""100-2019-ND-CP:d37"", ""168-2024-ND-CP:d14"", ""168-2024-ND-CP:d21"", ""168-2024-ND-CP:d32"", ""168-2024-ND-CP:d39""]",0,0.0,1,0.3333,1,0.3333,1,0.6667,1,0.6667,1,0.6667,0.3333,"[""168-2024-ND-CP:d22"", ""168-2024-ND-CP:d32"", ""168-2024-ND-CP:d34"", ""168-2024-ND-CP:d6"", ""168-2024-ND-CP:d29"", ""100-2019-ND-CP:d7"", ""168-2024-ND-CP:d17"", ""168-2024-ND-CP:d20"", ""168-2024-ND-CP:d23"", ""168-2024-ND-CP:d30""]",0,0.0,0,0.0,0,0.0,0,0.0,1,0.3333,1,0.6667,0.0625
433,"[""168-2024-ND-CP:d27"", ""168-2024-ND-CP:d26"", ""36-2024-QH15:d46"", ""59-2020-QH14:d4"", ""23-2022-ND:d23"", ""36-2024-QH15:d30"", ""36-2024-QH15:d10"", ""100-2019-ND-CP:d31"", ""168-2024-ND-CP:d20"", ""100-2019-ND-CP:d6""]",0,0.0,0,0.0,0,0.0,0,0.0,0,0.0,1,0.6,0.0476,"[""168-2024-ND-CP:d27"", ""36-2024-QH15:d10"", ""168-2025-ND:d100"", ""36-2024-QH15:d46"", ""23-2022-ND:d23"", ""100-2019-ND-CP:d82"", ""168-2025-ND:d84"", ""59-2020-QH14:d4"", ""59-2020-QH14:d19"", ""01-2021-ND:d80""]",0,0.0,0,0.0,0,0.0,1,0.2,1,0.2,1,0.4,0.1667,"[""168-2024-ND-CP:d13"", ""168-2024-ND-CP:d6"", ""168-2024-ND-CP:d27"", ""168-2024-ND-CP:d7"", ""168-2024-ND-CP:d32"", ""168-2024-ND-CP:d14"", ""168-2024-ND-CP:d20"", ""100-2019-ND-CP:d81"", ""168-2024-ND-CP:d21"", ""100-2019-ND-CP:d16""]",0,0.0,0,0.0,0,0.0,0,0.0,1,0.4,1,0.8,0.0714,"[""168-2024-ND-CP:d44"", ""100-2019-ND-CP:d18"", ""100-2019-ND-CP:d75"", ""100-2019-ND-CP:d7"", ""100-2019-ND-CP:d33"", ""100-2019-ND-CP:d23"", ""248-2025-ND:d7"", ""168-2024-ND-CP:d34"", ""100-2019-ND-CP:d25"", ""168-2024-ND-CP:d42""]",0,0.0,0,0.0,0,0.0,0,0.0,0,0.0,0,0.0,0.0
434,"[""100-2019-ND-CP:d66"", ""168-2024-ND-CP:d6"", ""168-2024-ND-CP:d7"", ""100-2019-ND-CP:d5"", ""168-2024-ND-CP:d8"", ""100-2019-ND-CP:d7"", ""100-2019-ND-CP:d6"", ""100-2019-ND-CP:d61"", ""100-2019-ND-CP:d55"", ""168-2024-ND-CP:d9""]",0,0.0,1,0.1111,1,0.2222,1,0.2222,1,0.2222,1,0.4444,0.5,"[""100-2019-ND-CP:d66"", ""168-2024-ND-CP:d30"", ""100-2019-ND-CP:d45"", ""100-2019-ND-CP:d61"", ""36-2024-QH15:d25"", ""100-2019-ND-CP:d55"", ""100-2019-ND-CP:d9"", ""100-2019-ND-CP:d46"", ""36-2024-QH15:d27"", ""100-2019-ND-CP:d44""]",0,0.0,0,0.0,0,0.0,0,0.0,1,0.2222,1,0.3333,0.0667,"[""168-2024-ND-CP:d6"", ""168-2024-ND-CP:d47"", ""100-2019-ND-CP:d80"", ""168-2024-ND-CP:d8"", ""168-2024-ND-CP:d13"", ""100-2019-ND-CP:d5"", ""100-2019-ND-CP:d7"", ""100-2019-ND-CP:d23"", ""100-2019-ND-CP:d24"", ""100-2019-ND-CP:d28""]",1,0.1111,1,0.3333,1,0.3333,1,0.4444,1,0.4444,1,0.4444,1.0,"[""100-2019-ND-CP:d35"", ""168-2024-ND-CP:d37"", ""100-2019-ND-CP:d25"", ""168-2024-ND-CP:d44"", ""100-2019-ND-CP:d66"", ""168-2024-ND-CP:d15"", ""100-2019-ND-CP:d9"", ""100-2019-ND-CP:d76"", ""100-2019-ND-CP:d18"", ""100-2019-ND-CP:d7""]",0,0.0,0,0.0,0,0.0,0,0.0,1,0.1111,1,0.2222,0.0909
435,"[""100-2019-ND-CP:d21"", ""168-2024-ND-CP:d18"", ""100-2019-ND-CP:d19"", ""168-2024-ND-CP:d3"", ""36-2024-QH15:d71"", ""100-2019-ND-CP:d51"", ""100-2019-ND-CP:d39"", ""36-2024-QH15:d65"", ""36-2024-QH15:d13"", ""100-2019-ND-CP:d37""]",0,0.0,0,0.0,0,0.0,0,0.0,0,0.0,0,0.0,0.0,"[""100-2019-ND-CP:d85"", ""100-2019-ND-CP:d21"", ""168-2024-ND-CP:d54"", ""36-2024-QH15:d79"", ""36-2024-QH15:d71"", ""01-2021-ND:d37"", ""36-2024-QH15:d75"", ""168-2025-ND:d97"", ""168-2025-ND:d91"", ""168-2024-ND-CP:d18""]",0,0.0,0,0.0,0,0.0,0,0.0,0,0.0,0,0.0,0.0,"[""100-2019-ND-CP:d39"", ""168-2024-ND-CP:d6"", ""168-2024-ND-CP:d8"", ""168-2024-ND-CP:d32"", ""100-2019-ND-CP:d15"", ""100-2019-ND-CP:d30"", ""100-2019-ND-CP:d49"", ""168-2024-ND-CP:d7"", ""168-2024-ND-CP:d47"", ""36-2024-QH15:d69""]",0,0.0,0,0.0,0,0.0,1,0.5,1,0.5,1,0.5,0.1111,"[""168-2024-ND-CP:d4"", ""168-2024-ND-CP:d54"", ""36-2024-QH15:d81"", ""36-2024-QH15:d66"", ""36-2024-QH15:d83"", ""36-2024-QH15:d69"", ""36-2024-QH15:d78"", ""100-2019-ND-CP:d35"", ""100-2019-ND-CP:d47"", ""100-2019-ND-CP:d48""]",0,0.0,0,0.0,0,0.0,0,0.0,0,0.0,0,0.0,0.0
436,"[""100-2019-ND-CP:d5"", ""168-2024-ND-CP:d6"", ""168-2024-ND-CP:d7"", ""168-2024-ND-CP:d8"", ""100-2019-ND-CP:d7"", ""100-2019-ND-CP:d6"", ""168-2024-ND-CP:d9"", ""100-2019-ND-CP:d8"", ""100-2019-ND-CP:d23"", ""100-2019-ND-CP:d41""]",0,0.0,1,0.2,1,0.2,1,0.4,1,0.4,1,0.4,0.3333,"[""36-2024-QH15:d17"", ""100-2019-ND-CP:d5"", ""100-2019-ND-CP:d7"", ""168-2024-ND-CP:d8"", ""168-2024-ND-CP:d7"", ""100-2019-ND-CP:d6"", ""168-2024-ND-CP:d6"", ""168-2024-ND-CP:d9"", ""168-2024-ND-CP:d25"", ""168-2024-ND-CP:d31""]",0,0.0,0,0.0,1,0.2,1,0.4,1,0.4,1,0.4,0.2,"[""168-2024-ND-CP:d6"", ""168-2024-ND-CP:d7"", ""100-2019-ND-CP:d5"", ""100-2019-ND-CP:d6"", ""168-2024-ND-CP:d9"", ""100-2019-ND-CP:d23"", ""168-2024-ND-CP:d8"", ""100-2019-ND-CP:d7"", ""100-2019-ND-CP:d8"", ""168-2024-ND-CP:d32""]",0,0.0,1,0.2,1,0.4,1,0.4,1,0.4,1,0.4,0.5,"[""168-2024-ND-CP:d10"", ""100-2019-ND-CP:d9"", ""168-2024-ND-CP:d8"", ""100-2019-ND-CP:d7"", ""100-2019-ND-CP:d35"", ""100-2019-ND-CP:d33"", ""100-2019-ND-CP:d5"", ""100-2019-ND-CP:d32"", ""100-2019-ND-CP:d18"", ""168-2024-ND-CP:d33""]",0,0.0,0,0.0,0,0.0,0,0.0,0,0.0,1,0.2,0.037
437,"[""168-2024-ND-CP:d27"", ""168-2024-ND-CP:d26"", ""168-2024-ND-CP:d3"", ""36-2024-QH15:d46"", ""168-2024-ND-CP:d16"", ""168-2024-ND-CP:d14"", ""168-2024-ND-CP:d13"", ""100-2019-ND-CP:d82"", ""168-2024-ND-CP:d32"", ""168-2024-ND-CP:d48""]",0,0.0,0,0.0,0,0.0,1,0.6667,1,1.0,1,1.0,0.1667,"[""168-2024-ND-CP:d27"", ""36-2024-QH15:d10"", ""100-2019-ND-CP:d82"", ""36-2024-QH15:d46"", ""168-2025-ND:d58"", ""01-2021-ND:d64"", ""168-2024-ND-CP:d48"", ""168-2024-ND-CP:d3"", ""168-2024-ND-CP:d14"", ""168-2024-ND-CP:d16""]",0,0.0,0,0.0,0,0.0,1,0.6667,1,1.0,1,1.0,0.1429,"[""168-2024-ND-CP:d27"", ""168-2024-ND-CP:d32"", ""100-2019-ND-CP:d54"", ""168-2024-ND-CP:d20"", ""100-2019-ND-CP:d69"", ""168-2024-ND-CP:d13"", ""36-2024-QH15:d46"", ""100-2019-ND-CP:d38"", ""100-2019-ND-CP:d80"", ""168-2024-ND-CP:d47""]",0,0.0,0,0.0,0,0.0,1,0.3333,1,0.3333,1,0.6667,0.1,"[""100-2019-ND-CP:d18"", ""168-2024-ND-CP:d34"", ""168-2024-ND-CP:d29"", ""168-2024-ND-CP:d17"", ""168-2024-ND-CP:d30"", ""168-2024-ND-CP:d32"", ""168-2024-ND-CP:d20"", ""168-2024-ND-CP:d15"", ""168-2024-ND-CP:d22"", ""100-2019-ND-CP:d7""]",0,0.0,0,0.0,0,0.0,0,0.0,0,0.0,0,0.0,0.0
438,"[""168-2024-ND-CP:d27"", ""168-2024-ND-CP:d26"", ""36-2024-QH15:d46"", ""36-2024-QH15:d10"", ""168-2024-ND-CP:d5"", ""100-2019-ND-CP:d81"", ""168-2024-ND-CP:d19"", ""168-2024-ND-CP:d20"", ""168-2024-ND-CP:d50"", ""168-2024-ND-CP:d18""]",0,0.0,0,0.0,0,0.0,1,0.25,1,0.75,1,0.75,0.1,"[""168-2024-ND-CP:d19"", ""36-2024-QH15:d10"", ""168-2024-ND-CP:d27"", ""36-2024-QH15:d62"", ""36-2024-QH15:d58"", ""168-2024-ND-CP:d5"", ""168-2024-ND-CP:d50"", ""100-2019-ND-CP:d62"", ""36-2024-QH15:d46"", ""168-2024-ND-CP:d49""]",0,0.0,0,0.0,0,0.0,0,0.0,1,0.5,1,0.75,0.0625,"[""168-2024-ND-CP:d27"", ""168-2024-ND-CP:d6"", ""168-2024-ND-CP:d7"", ""168-2024-ND-CP:d20"", ""168-2024-ND-CP:d13"", ""168-2024-ND-CP:d21"", ""168-2024-ND-CP:d32"", ""168-2024-ND-CP:d50"", ""168-2024-ND-CP:d51"", ""168-2024-ND-CP:d12""]",0,0.0,0,0.0,0,0.0,0,0.0,1,0.25,1,0.25,0.0833,"[""36-2024-QH15:d62"", ""36-2024-QH15:d89"", ""168-2024-ND-CP:d22"", ""168-2024-ND-CP:d34"", ""168-2024-ND-CP:d32"", ""168-2024-ND-CP:d6"", ""36-2024-QH15:d58"", ""168-2024-ND-CP:d20"", ""168-2024-ND-CP:d13"", ""168-2024-ND-CP:d21""]",0,0.0,0,0.0,0,0.0,0,0.0,1,0.25,1,0.25,0.0714
439,"[""168-2024-ND-CP:d27"", ""168-2024-ND-CP:d9"", ""100-2019-ND-CP:d6"", ""168-2024-ND-CP:d7"", ""36-2024-QH15:d46"", ""168-2024-ND-CP:d26"", ""100-2019-ND-CP:d8"", ""100-2019-ND-CP:d31"", ""168-2024-ND-CP:d6"", ""168-2024-ND-CP:d20""]",0,0.0,0,0.0,0,0.0,0,0.0,0,0.0,1,0.1667,0.0476,"[""168-2024-ND-CP:d27"", ""100-2019-ND-CP:d63"", ""100-2019-ND-CP:d66"", ""36-2024-QH15:d10"", ""168-2024-ND-CP:d9"", ""100-2019-ND-CP:d6"", ""168-2024-ND-CP:d7"", ""36-2024-QH15:d64"", ""36-2024-QH15:d46"", ""36-2024-QH15:d87""]",0,0.0,0,0.0,0,0.0,0,0.0,0,0.0,1,0.1667,0.0455,"[""168-2024-ND-CP:d27"", ""168-2024-ND-CP:d6"", ""168-2024-ND-CP:d13"", ""168-2024-ND-CP:d7"", ""168-2024-ND-CP:d20"", ""168-2024-ND-CP:d47"", ""100-2019-ND-CP:d6"", ""100-2019-ND-CP:d7"", ""168-2024-ND-CP:d9"", ""168-2024-ND-CP:d32""]",0,0.0,0,0.0,0,0.0,1,0.1667,1,0.1667,1,0.3333,0.1667,"[""100-2019-ND-CP:d66"", ""100-2019-ND-CP:d41"", ""100-2019-ND-CP:d18"", ""168-2024-ND-CP:d22"", ""100-2019-ND-CP:d5"", ""168-2024-ND-CP:d15"", ""100-2019-ND-CP:d42"", ""168-2024-ND-CP:d34"", ""100-2019-ND-CP:d33"", ""100-2019-ND-CP:d7""]",0,0.0,0,0.0,0,0.0,0,0.0,0,0.0,0,0.0,0.0
440,"[""100-2019-ND-CP:d47"", ""168-2024-ND-CP:d36"", ""36-2024-QH15:d47"", ""36-2024-QH15:d27"", ""36-2024-QH15:d49"", ""36-2024-QH15:d30"", ""36-2024-QH15:d24"", ""100-2019-ND-CP:d8"", ""168-2024-ND-CP:d9"", ""36-2024-QH15:d82""]",0,0.0,0,0.0,0,0.0,0,0.0,1,0.3333,1,0.6667,0.0909,"[""168-2024-ND-CP:d36"", ""100-2019-ND-CP:d47"", ""36-2024-QH15:d47"", ""36-2024-QH15:d27"", ""36-2024-QH15:d24"", ""100-2019-ND-CP:d9"", ""36-2024-QH15:d49"", ""36-2024-QH15:d82"", ""168-2024-ND-CP:d10"", ""36-2024-QH15:d30""]",0,0.0,0,0.0,0,0.0,0,0.0,1,0.3333,1,0.3333,0.0909,"[""168-2024-ND-CP:d36"", ""100-2019-ND-CP:d5"", ""100-2019-ND-CP:d6"", ""100-2019-ND-CP:d7"", ""100-2019-ND-CP:d8"", ""100-2019-ND-CP:d9"", ""100-2019-ND-CP:d10"", ""100-2019-ND-CP:d16"", ""168-2024-ND-CP:d6"", ""168-2024-ND-CP:d7""]",0,0.0,0,0.0,0,0.0,1,0.3333,1,0.3333,1,0.3333,0.1,"[""100-2019-ND-CP:d25"", ""100-2019-ND-CP:d47"", ""100-2019-ND-CP:d35"", ""168-2024-ND-CP:d10"", ""100-2019-ND-CP:d32"", ""100-2019-ND-CP:d23"", ""168-2024-ND-CP:d33"", ""168-2024-ND-CP:d15"", ""168-2024-ND-CP:d39"", ""100-2019-ND-CP:d9""]",0,0.0,0,0.0,0,0.0,0,0.0,0,0.0,0,0.0,0.0
441,"[""100-2019-ND-CP:d15"", ""59-2020-QH14:d185"", ""59-2020-QH14:d17"", ""168-2024-ND-CP:d3"", ""100-2019-ND-CP:d20"", ""168-2024-ND-CP:d9"", ""168-2025-ND:d43"", ""168-2024-ND-CP:d6"", ""168-2024-ND-CP:d7"", ""100-2019-ND-CP:d31""]",0,0.0,0,0.0,0,0.0,0,0.0,1,0.3333,1,0.3333,0.0625,"[""168-2025-ND:d9"", ""59-2020-QH14:d27"", ""100-2019-ND-CP:d82"", ""59-2020-QH14:d185"", ""100-2019-ND-CP:d62"", ""168-2025-ND:d110"", ""168-2025-ND:d43"", ""59-2020-QH14:d17"", ""168-2024-ND-CP:d19"", ""01-2021-ND:d9""]",0,0.0,0,0.0,0,0.0,0,0.0,1,0.3333,1,0.6667,0.0833,"[""168-2024-ND-CP:d6"", ""168-2024-ND-CP:d3"", ""168-2024-ND-CP:d7"", ""100-2019-ND-CP:d80"", ""168-2024-ND-CP:d47"", ""168-2024-ND-CP:d13"", ""168-2024-ND-CP:d18"", ""168-2024-ND-CP:d32"", ""168-2024-ND-CP:d14"", ""168-2024-ND-CP:d20""]",0,0.0,0,0.0,1,0.3333,1,0.3333,1,0.3333,1,0.3333,0.2,"[""168-2024-ND-CP:d39"", ""100-2019-ND-CP:d41"", ""100-2019-ND-CP:d43"", ""100-2019-ND-CP:d37"", ""100-2019-ND-CP:d25"", ""100-2019-ND-CP:d72"", ""100-2019-ND-CP:d40"", ""100-2019-ND-CP:d46"", ""168-2024-ND-CP:d10"", ""100-2019-ND-CP:d23""]",0,0.0,0,0.0,0,0.0,0,0.0,0,0.0,0,0.0,0.0
442,"[""36-2024-QH15:d33"", ""168-2024-ND-CP:d20"", ""100-2019-ND-CP:d80"", ""168-2024-ND-CP:d47"", ""168-2024-ND-CP:d7"", ""100-2019-ND-CP:d30"", ""100-2019-ND-CP:d15"", ""100-2019-ND-CP:d31"", ""168-2024-ND-CP:d26"", ""168-2024-ND-CP:d27""]",0,0.0,1,0.1429,1,0.2857,1,0.2857,1,0.2857,1,0.4286,0.3333,"[""36-2024-QH15:d33"", ""59-2020-QH14:d61"", ""59-2020-QH14:d133"", ""59-2020-QH14:d5"", ""36-2024-QH15:d10"", ""168-2024-ND-CP:d19"", ""01-2021-ND:d90"", ""59-2020-QH14:d28"", ""59-2020-QH14:d192"", ""59-2020-QH14:d124""]",0,0.0,0,0.0,0,0.0,0,0.0,0,0.0,1,0.2857,0.0417,"[""168-2024-ND-CP:d32"", ""168-2024-ND-CP:d20"", ""168-2024-ND-CP:d7"", ""168-2024-ND-CP:d6"", ""168-2024-ND-CP:d13"", ""168-2024-ND-CP:d18"", ""168-2024-ND-CP:d34"", ""100-2019-ND-CP:d33"", ""168-2024-ND-CP:d14"", ""168-2024-ND-CP:d27""]",1,0.1429,1,0.1429,1,0.1429,1,0.2857,1,0.2857,1,0.7143,1.0,"[""36-2024-QH15:d37"", ""168-2024-ND-CP:d22"", ""100-2019-ND-CP:d23"", ""100-2019-ND-CP:d16"", ""168-2024-ND-CP:d20"", ""100-2019-ND-CP:d7"", ""100-2019-ND-CP:d18"", ""168-2024-ND-CP:d32"", ""100-2019-ND-CP:d25"", ""100-2019-ND-CP:d30""]",0,0.0,0,0.0,0,0.0,1,0.1429,1,0.1429,1,0.1429,0.125
443,"[""168-2024-ND-CP:d26"", ""168-2024-ND-CP:d27"", ""36-2024-QH15:d46"", ""100-2019-ND-CP:d8"", ""168-2024-ND-CP:d9"", ""168-2024-ND-CP:d20"", ""168-2024-ND-CP:d7"", ""100-2019-ND-CP:d6"", ""36-2024-QH15:d10"", ""36-2024-QH15:d31""]",0,0.0,0,0.0,0,0.0,1,0.3333,1,0.6667,1,1.0,0.1429,"[""36-2024-QH15:d10"", ""168-2024-ND-CP:d27"", ""36-2024-QH15:d46"", ""36-2024-QH15:d31"", ""168-2024-ND-CP:d20"", ""100-2019-ND-CP:d8"", ""168-2024-ND-CP:d9"", ""168-2024-ND-CP:d26"", ""168-2024-ND-CP:d7"", ""100-2019-ND-CP:d6""]",0,0.0,0,0.0,0,0.0,1,0.3333,1,0.6667,1,0.6667,0.1111,"[""168-2024-ND-CP:d20"", ""168-2024-ND-CP:d27"", ""168-2024-ND-CP:d6"", ""168-2024-ND-CP:d21"", ""100-2019-ND-CP:d23"", ""168-2024-ND-CP:d7"", ""168-2024-ND-CP:d13"", ""168-2024-ND-CP:d32"", ""168-2024-ND-CP:d47"", ""100-2019-ND-CP:d8""]",0,0.0,0,0.0,0,0.0,1,0.3333,1,0.5,1,0.8333,0.1667,"[""100-2019-ND-CP:d35"", ""100-2019-ND-CP:d41"", ""100-2019-ND-CP:d18"", ""100-2019-ND-CP:d30"", ""168-2024-ND-CP:d8"", ""168-2024-ND-CP:d10"", ""100-2019-ND-CP:d7"", ""100-2019-ND-CP:d23"", ""100-2019-ND-CP:d9"", ""168-2024-ND-CP:d37""]",0,0.0,0,0.0,0,0.0,0,0.0,1,0.1667,1,0.1667,0.0833
447,"[""100-2019-ND-CP:d28"", ""100-2019-ND-CP:d37"", ""01-2021-ND:d3"", ""100-2019-ND-CP:d24"", ""100-2019-ND-CP:d4"", ""100-2019-ND-CP:d23"", ""36-2024-QH15:d67"", ""100-2019-ND-CP:d17"", ""36-2024-QH15:d75"", ""168-2024-ND-CP:d14""]",0,0.0,0,0.0,0,0.0,1,0.25,1,0.25,1,0.25,0.1,"[""01-2021-ND:d3"", ""100-2019-ND-CP:d37"", ""100-2019-ND-CP:d28"", ""36-2024-QH15:d67"", ""100-2019-ND-CP:d23"", ""100-2019-ND-CP:d24"", ""01-2021-ND:d43"", ""100-2019-ND-CP:d17"", ""168-2024-ND-CP:d14"", ""100-2019-ND-CP:d2""]",0,0.0,0,0.0,0,0.0,1,0.25,1,0.25,1,0.25,0.1111,"[""100-2019-ND-CP:d37"", ""100-2019-ND-CP:d80"", ""100-2019-ND-CP:d15"", ""100-2019-ND-CP:d16"", ""100-2019-ND-CP:d23"", ""100-2019-ND-CP:d24"", ""100-2019-ND-CP:d28"", ""100-2019-ND-CP:d41"", ""100-2019-ND-CP:d51"", ""100-2019-ND-CP:d56""]",0,0.0,0,0.0,0,0.0,0,0.0,1,0.25,1,0.25,0.0714,"[""36-2024-QH15:d20"", ""36-2024-QH15:d16"", ""36-2024-QH15:d19"", ""36-2024-QH15:d26"", ""36-2024-QH15:d32"", ""36-2024-QH15:d35"", ""36-2024-QH15:d61"", ""36-2024-QH15:d71"", ""168-2024-ND-CP:d30"", ""36-2024-QH15:d21""]",0,0.0,0,0.0,0,0.0,1,0.25,1,0.25,1,0.25,0.125
449,"[""100-2019-ND-CP:d7"", ""100-2019-ND-CP:d42"", ""100-2019-ND-CP:d6"", ""100-2019-ND-CP:d5"", ""168-2024-ND-CP:d6"", ""168-2024-ND-CP:d8"", ""36-2024-QH15:d18"", ""168-2024-ND-CP:d7"", ""36-2024-QH15:d23"", ""100-2019-ND-CP:d24""]",1,0.2,1,0.4,1,0.6,1,0.8,1,1.0,1,1.0,1.0,"[""36-2024-QH15:d17"", ""168-2024-ND-CP:d5"", ""100-2019-ND-CP:d27"", ""100-2019-ND-CP:d82"", ""100-2019-ND-CP:d81"", ""100-2019-ND-CP:d42"", ""36-2024-QH15:d10"", ""168-2025-ND:d4"", ""36-2024-QH15:d23"", ""01-2021-ND:d4""]",0,0.0,1,0.2,1,0.2,1,0.2,1,0.8,1,1.0,0.5,"[""168-2024-ND-CP:d6"", ""168-2024-ND-CP:d7"", ""168-2024-ND-CP:d21"", ""168-2024-ND-CP:d8"", ""168-2024-ND-CP:d20"", ""100-2019-ND-CP:d24"", ""100-2019-ND-CP:d5"", ""100-2019-ND-CP:d6"", ""100-2019-ND-CP:d23"", ""168-2024-ND-CP:d13""]",1,0.2,1,0.4,1,0.4,1,0.6,1,0.8,1,0.8,1.0,"[""168-2024-ND-CP:d32"", ""168-2024-ND-CP:d6"", ""168-2024-ND-CP:d22"", ""168-2024-ND-CP:d34"", ""168-2024-ND-CP:d20"", ""100-2019-ND-CP:d30"", ""168-2024-ND-CP:d17"", ""168-2024-ND-CP:d7"", ""168-2024-ND-CP:d29"", ""168-2024-ND-CP:d12""]",0,0.0,1,0.2,1,0.2,1,0.4,1,0.6,1,0.6,0.5
450,"[""100-2019-ND-CP:d17"", ""100-2019-ND-CP:d16"", ""168-2024-ND-CP:d3"", ""168-2024-ND-CP:d7"", ""100-2019-ND-CP:d6"", ""168-2024-ND-CP:d27"", ""36-2024-QH15:d10"", ""168-2024-ND-CP:d14"", ""168-2024-ND-CP:d26"", ""168-2024-ND-CP:d6""]",0,0.0,0,0.0,0,0.0,1,0.25,1,0.25,1,0.25,0.125,"[""36-2024-QH15:d10"", ""100-2019-ND-CP:d17"", ""168-2024-ND-CP:d14"", ""100-2019-ND-CP:d16"", ""168-2024-ND-CP:d27"", ""168-2024-ND-CP:d13"", ""168-2024-ND-CP:d3"", ""36-2024-QH15:d46"", ""100-2019-ND-CP:d35"", ""36-2024-QH15:d39""]",0,0.0,1,0.25,1,0.25,1,0.25,1,0.25,1,0.25,0.3333,"[""168-2024-ND-CP:d13"", ""168-2024-ND-CP:d6"", ""168-2024-ND-CP:d7"", ""100-2019-ND-CP:d16"", ""168-2024-ND-CP:d32"", ""100-2019-ND-CP:d6"", ""168-2024-ND-CP:d14"", ""168-2024-ND-CP:d12"", ""168-2024-ND-CP:d27"", ""36-2024-QH15:d39""]",0,0.0,0,0.0,1,0.25,1,0.5,1,0.5,1,0.5,0.2,"[""168-2024-ND-CP:d13"", ""168-2024-ND-CP:d15"", ""100-2019-ND-CP:d16"", ""36-2024-QH15:d62"", ""168-2024-ND-CP:d20"", ""168-2024-ND-CP:d6"", ""168-2024-ND-CP:d21"", ""168-2024-ND-CP:d22"", ""168-2024-ND-CP:d17"", ""36-2024-QH15:d16""]",0,0.0,0,0.0,0,0.0,0,0.0,1,0.5,1,0.75,0.0526
452,"[""100-2019-ND-CP:d11"", ""168-2024-ND-CP:d8"", ""36-2024-QH15:d9"", ""100-2019-ND-CP:d6"", ""168-2024-ND-CP:d12"", ""168-2024-ND-CP:d7"", ""36-2024-QH15:d27"", ""100-2019-ND-CP:d7"", ""100-2019-ND-CP:d8"", ""36-2024-QH15:d80""]",0,0.0,1,0.25,1,0.25,1,0.75,1,0.75,1,0.75,0.3333,"[""36-2024-QH15:d80"", ""36-2024-QH15:d84"", ""36-2024-QH15:d82"", ""36-2024-QH15:d83"", ""36-2024-QH15:d28"", ""100-2019-ND-CP:d11"", ""100-2019-ND-CP:d48"", ""36-2024-QH15:d81"", ""36-2024-QH15:d85"", ""36-2024-QH15:d27""]",1,0.25,1,0.25,1,0.25,1,0.25,1,0.5,1,0.5,1.0,"[""168-2024-ND-CP:d6"", ""168-2024-ND-CP:d8"", ""100-2019-ND-CP:d5"", ""100-2019-ND-CP:d6"", ""100-2019-ND-CP:d8"", ""168-2024-ND-CP:d7"", ""168-2024-ND-CP:d9"", ""168-2024-ND-CP:d21"", ""100-2019-ND-CP:d7"", ""36-2024-QH15:d80""]",0,0.0,0,0.0,0,0.0,1,0.5,1,0.5,1,0.5,0.1667,"[""100-2019-ND-CP:d23"", ""100-2019-ND-CP:d5"", ""100-2019-ND-CP:d20"", ""100-2019-ND-CP:d16"", ""100-2019-ND-CP:d18"", ""100-2019-ND-CP:d33"", ""100-2019-ND-CP:d7"", ""168-2024-ND-CP:d32"", ""100-2019-ND-CP:d30"", ""168-2024-ND-CP:d6""]",0,0.0,0,0.0,0,0.0,1,0.25,1,0.5,1,0.5,0.125
453,"[""168-2024-ND-CP:d18"", ""100-2019-ND-CP:d82"", ""168-2024-ND-CP:d48"", ""100-2019-ND-CP:d21"", ""59-2020-QH14:d78"", ""100-2019-ND-CP:d80"", ""168-2024-ND-CP:d9"", ""168-2024-ND-CP:d47"", ""168-2025-ND:d84"", ""59-2020-QH14:d5""]",0,0.0,1,0.25,1,0.25,1,0.75,1,0.75,1,0.75,0.3333,"[""36-2024-QH15:d64"", ""59-2020-QH14:d5"", ""100-2019-ND-CP:d82"", ""100-2019-ND-CP:d22"", ""36-2024-QH15:d21"", ""01-2021-ND:d90"", ""168-2025-ND:d84"", ""168-2024-ND-CP:d19"", ""168-2024-ND-CP:d48"", ""168-2024-ND-CP:d18""]",0,0.0,0,0.0,0,0.0,1,0.25,1,0.25,1,0.25,0.1111,"[""168-2024-ND-CP:d32"", ""168-2024-ND-CP:d47"", ""100-2019-ND-CP:d80"", ""168-2024-ND-CP:d52"", ""100-2019-ND-CP:d30"", ""100-2019-ND-CP:d75"", ""168-2024-ND-CP:d42"", ""168-2025-ND:d84"", ""59-2020-QH14:d78"", ""168-2024-ND-CP:d18""]",1,0.25,1,0.75,1,0.75,1,0.75,1,0.75,1,0.75,1.0,"[""100-2019-ND-CP:d25"", ""100-2019-ND-CP:d18"", ""100-2019-ND-CP:d23"", ""168-2024-ND-CP:d22"", ""100-2019-ND-CP:d16"", ""100-2019-ND-CP:d35"", ""100-2019-ND-CP:d7"", ""168-2024-ND-CP:d34"", ""100-2019-ND-CP:d5"", ""100-2019-ND-CP:d30""]",0,0.0,0,0.0,0,0.0,0,0.0,1,0.25,1,0.5,0.0526
454,"[""168-2024-ND-CP:d12"", ""168-2024-ND-CP:d7"", ""168-2024-ND-CP:d9"", ""100-2019-ND-CP:d6"", ""100-2019-ND-CP:d8"", ""36-2024-QH15:d9"", ""168-2024-ND-CP:d6"", ""100-2019-ND-CP:d11"", ""168-2024-ND-CP:d8"", ""36-2024-QH15:d12""]",0,0.0,1,0.25,1,0.25,1,0.25,1,0.5,1,0.75,0.5,"[""168-2024-ND-CP:d12"", ""168-2024-ND-CP:d7"", ""100-2019-ND-CP:d6"", ""168-2024-ND-CP:d48"", ""36-2024-QH15:d80"", ""168-2024-ND-CP:d9"", ""100-2019-ND-CP:d11"", ""100-2019-ND-CP:d8"", ""36-2024-QH15:d9"", ""168-2024-ND-CP:d6""]",0,0.0,1,0.25,1,0.5,1,0.5,1,0.75,1,0.75,0.5,"[""168-2024-ND-CP:d13"", ""168-2024-ND-CP:d47"", ""100-2019-ND-CP:d80"", ""168-2024-ND-CP:d6"", ""168-2024-ND-CP:d7"", ""100-2019-ND-CP:d16"", ""168-2024-ND-CP:d21"", ""100-2019-ND-CP:d6"", ""168-2024-ND-CP:d14"", ""36-2024-QH15:d80""]",0,0.0,0,0.0,1,0.25,1,0.5,1,0.5,1,0.5,0.2,"[""100-2019-ND-CP:d35"", ""168-2024-ND-CP:d15"", ""36-2024-QH15:d81"", ""168-2024-ND-CP:d37"", ""100-2019-ND-CP:d9"", ""168-2024-ND-CP:d10"", ""36-2024-QH15:d66"", ""100-2019-ND-CP:d7"", ""36-2024-QH15:d26"", ""168-2024-ND-CP:d34""]",0,0.0,0,0.0,0,0.0,0,0.0,0,0.0,1,0.25,0.0385
456,"[""59-2020-QH14:d4"", ""168-2024-ND-CP:d27"", ""168-2024-ND-CP:d26"", ""36-2024-QH15:d30"", ""36-2024-QH15:d46"", ""168-2024-ND-CP:d20"", ""23-2022-ND:d23"", ""59-2020-QH14:d149"", ""01-2021-ND:d90"", ""168-2024-ND-CP:d3""]",0,0.0,0,0.0,0,0.0,0,0.0,1,0.5,1,1.0,0.0833,"[""01-2021-ND:d90"", ""59-2020-QH14:d149"", ""100-2019-ND-CP:d82"", ""59-2020-QH14:d61"", ""168-2024-ND-CP:d48"", ""01-2021-ND:d50"", ""168-2024-ND-CP:d27"", ""01-2021-ND:d54"", ""59-2020-QH14:d133"", ""59-2020-QH14:d4""]",0,0.0,0,0.0,1,0.25,1,0.25,1,0.25,1,0.5,0.2,"[""168-2024-ND-CP:d32"", ""168-2024-ND-CP:d47"", ""168-2024-ND-CP:d6"", ""100-2019-ND-CP:d80"", ""168-2024-ND-CP:d13"", ""168-2024-ND-CP:d27"", ""168-2024-ND-CP:d20"", ""168-2024-ND-CP:d7"", ""100-2019-ND-CP:d30"", ""168-2024-ND-CP:d48""]",1,0.25,1,0.5,1,0.75,1,1.0,1,1.0,1,1.0,1.0,"[""100-2019-ND-CP:d18"", ""01-2021-ND:d54"", ""36-2024-QH15:d62"", ""168-2025-ND:d47"", ""168-2024-ND-CP:d34"", ""100-2019-ND-CP:d7"", ""168-2024-ND-CP:d20"", ""36-2024-QH15:d38"", ""168-2024-ND-CP:d32"", ""168-2024-ND-CP:d15""]",0,0.0,0,0.0,0,0.0,1,0.25,1,0.25,1,0.25,0.1111
457,"[""168-2024-ND-CP:d9"", ""100-2019-ND-CP:d8"", ""168-2024-ND-CP:d7"", ""168-2024-ND-CP:d13"", ""100-2019-ND-CP:d6"", ""100-2019-ND-CP:d11"", ""100-2019-ND-CP:d61"", ""100-2019-ND-CP:d82"", ""168-2024-ND-CP:d3"", ""168-2024-ND-CP:d16""]",0,0.0,1,0.5,1,0.5,1,0.5,1,0.5,1,0.5,0.3333,"[""100-2019-ND-CP:d82"", ""59-2020-QH14:d37"", ""59-2020-QH14:d39"", ""168-2024-ND-CP:d48"", ""168-2024-ND-CP:d5"", ""168-2024-ND-CP:d19"", ""36-2024-QH15:d58"", ""100-2019-ND-CP:d61"", ""168-2024-ND-CP:d9"", ""01-2021-ND:d20""]",0,0.0,0,0.0,0,0.0,0,0.0,1,0.5,1,0.5,0.0667,"[""168-2024-ND-CP:d21"", ""168-2024-ND-CP:d13"", ""168-2024-ND-CP:d6"", ""168-2024-ND-CP:d20"", ""168-2025-ND:d51"", ""168-2024-ND-CP:d7"", ""168-2024-ND-CP:d32"", ""168-2024-ND-CP:d47"", ""100-2019-ND-CP:d56"", ""100-2019-ND-CP:d82""]",0,0.0,0,0.0,0,0.0,1,0.5,1,0.5,1,0.5,0.1667,"[""100-2019-ND-CP:d18"", ""168-2024-ND-CP:d6"", ""168-2024-ND-CP:d32"", ""100-2019-ND-CP:d7"", ""168-2024-ND-CP:d22"", ""168-2024-ND-CP:d34"", ""100-2019-ND-CP:d23"", ""168-2024-ND-CP:d30"", ""100-2019-ND-CP:d30"", ""168-2024-ND-CP:d27""]",0,0.0,0,0.0,0,0.0,0,0.0,1,0.5,1,0.5,0.0556
458,"[""168-2024-ND-CP:d27"", ""168-2024-ND-CP:d26"", ""36-2024-QH15:d2"", ""168-2024-ND-CP:d47"", ""100-2019-ND-CP:d8"", ""168-2024-ND-CP:d9"", ""168-2024-ND-CP:d20"", ""100-2019-ND-CP:d47"", ""36-2024-QH15:d46"", ""168-2024-ND-CP:d7""]",0,0.0,0,0.0,1,0.25,1,0.25,1,0.25,1,0.25,0.25,"[""168-2024-ND-CP:d19"", ""168-2024-ND-CP:d27"", ""36-2024-QH15:d10"", ""36-2024-QH15:d2"", ""100-2019-ND-CP:d36"", ""168-2024-ND-CP:d38"", ""100-2019-ND-CP:d34"", ""168-2024-ND-CP:d25"", ""168-2024-ND-CP:d35"", ""100-2019-ND-CP:d27""]",0,0.0,0,0.0,0,0.0,0,0.0,1,0.25,1,0.25,0.0909,"[""100-2019-ND-CP:d19"", ""168-2024-ND-CP:d16"", ""100-2019-ND-CP:d60"", ""100-2019-ND-CP:d17"", ""100-2019-ND-CP:d61"", ""168-2024-ND-CP:d14"", ""168-2024-ND-CP:d32"", ""100-2019-ND-CP:d16"", ""100-2019-ND-CP:d6"", ""100-2019-ND-CP:d8""]",0,0.0,0,0.0,0,0.0,0,0.0,1,0.5,1,0.5,0.0588,"[""168-2024-ND-CP:d19"", ""100-2019-ND-CP:d22"", ""168-2024-ND-CP:d8"", ""100-2019-ND-CP:d11"", ""168-2024-ND-CP:d9"", ""100-2019-ND-CP:d35"", ""168-2024-ND-CP:d40"", ""168-2024-ND-CP:d7"", ""100-2019-ND-CP:d7"", ""168-2024-ND-CP:d12""]",0,0.0,0,0.0,0,0.0,0,0.0,0,0.0,0,0.0,0.0
459,"[""168-2024-ND-CP:d27"", ""36-2024-QH15:d46"", ""168-2024-ND-CP:d26"", ""59-2020-QH14:d4"", ""36-2024-QH15:d2"", ""36-2024-QH15:d10"", ""168-2024-ND-CP:d20"", ""23-2022-ND:d23"", ""100-2019-ND-CP:d6"", ""36-2024-QH15:d31""]",0,0.0,0,0.0,0,0.0,0,0.0,1,0.1111,1,0.4444,0.0909,"[""168-2024-ND-CP:d27"", ""01-2021-ND:d90"", ""100-2019-ND-CP:d82"", ""36-2024-QH15:d46"", ""168-2024-ND-CP:d48"", ""01-2021-ND:d95"", ""168-2024-ND-CP:d26"", ""168-2024-ND-CP:d20"", ""36-2024-QH15:d10"", ""36-2024-QH15:d62""]",0,0.0,0,0.0,0,0.0,1,0.1111,1,0.3333,1,0.3333,0.1,"[""168-2024-ND-CP:d32"", ""168-2024-ND-CP:d6"", ""168-2024-ND-CP:d27"", ""168-2024-ND-CP:d7"", ""168-2024-ND-CP:d13"", ""168-2025-ND:d69"", ""100-2019-ND-CP:d6"", ""168-2025-ND:d71"", ""36-2024-QH15:d46"", ""168-2024-ND-CP:d20""]",1,0.1111,1,0.1111,1,0.1111,1,0.1111,1,0.4444,1,0.5556,1.0,"[""168-2024-ND-CP:d27"", ""168-2024-ND-CP:d18"", ""100-2019-ND-CP:d21"", ""100-2019-ND-CP:d16"", ""168-2024-ND-CP:d34"", ""36-2024-QH15:d10"", ""168-2024-ND-CP:d6"", ""168-2024-ND-CP:d20"", ""168-2024-ND-CP:d32"", ""168-2024-ND-CP:d13""]",0,0.0,1,0.2222,1,0.2222,1,0.3333,1,0.4444,1,0.5556,0.5
461,"[""168-2024-ND-CP:d8"", ""100-2019-ND-CP:d7"", ""100-2019-ND-CP:d5"", ""168-2024-ND-CP:d7"", ""100-2019-ND-CP:d6"", ""168-2024-ND-CP:d6"", ""36-2024-QH15:d27"", ""168-2024-ND-CP:d9"", ""100-2019-ND-CP:d8"", ""100-2019-ND-CP:d13""]",0,0.0,0,0.0,1,0.3333,1,0.3333,1,0.6667,1,1.0,0.25,"[""36-2024-QH15:d17"", ""100-2019-ND-CP:d7"", ""168-2024-ND-CP:d8"", ""36-2024-QH15:d84"", ""100-2019-ND-CP:d5"", ""100-2019-ND-CP:d6"", ""36-2024-QH15:d27"", ""168-2024-ND-CP:d7"", ""100-2019-ND-CP:d13"", ""36-2024-QH15:d80""]",0,0.0,0,0.0,0,0.0,1,0.6667,1,0.6667,1,0.6667,0.125,"[""01-2021-ND:d76"", ""100-2019-ND-CP:d83"", ""100-2019-ND-CP:d48"", ""59-2020-QH14:d209"", ""100-2019-ND-CP:d13"", ""100-2019-ND-CP:d39"", ""100-2019-ND-CP:d61"", ""01-2021-ND:d71"", ""100-2019-ND-CP:d5"", ""100-2019-ND-CP:d6""]",0,0.0,0,0.0,0,0.0,0,0.0,1,0.3333,1,0.3333,0.0588,"[""100-2019-ND-CP:d35"", ""100-2019-ND-CP:d5"", ""100-2019-ND-CP:d23"", ""100-2019-ND-CP:d30"", ""100-2019-ND-CP:d9"", ""100-2019-ND-CP:d34"", ""168-2024-ND-CP:d33"", ""100-2019-ND-CP:d32"", ""100-2019-ND-CP:d33"", ""100-2019-ND-CP:d7""]",0,0.0,0,0.0,0,0.0,0,0.0,1,0.6667,1,0.6667,0.0526
462,"[""36-2024-QH15:d46"", ""168-2024-ND-CP:d27"", ""168-2024-ND-CP:d26"", ""100-2019-ND-CP:d23"", ""168-2024-ND-CP:d9"", ""168-2024-ND-CP:d20"", ""100-2019-ND-CP:d8"", ""100-2019-ND-CP:d5"", ""168-2024-ND-CP:d39"", ""100-2019-ND-CP:d37""]",0,0.0,0,0.0,1,0.1667,1,0.1667,1,0.5,1,0.6667,0.2,"[""36-2024-QH15:d46"", ""168-2024-ND-CP:d27"", ""36-2024-QH15:d31"", ""168-2024-ND-CP:d26"", ""100-2019-ND-CP:d23"", ""168-2024-ND-CP:d20"", ""36-2024-QH15:d10"", ""168-2024-ND-CP:d9"", ""100-2019-ND-CP:d8"", ""100-2019-ND-CP:d27""]",0,0.0,1,0.1667,1,0.1667,1,0.3333,1,0.5,1,0.5,0.3333,"[""168-2024-ND-CP:d27"", ""168-2024-ND-CP:d6"", ""36-2024-QH15:d46"", ""100-2019-ND-CP:d23"", ""100-2019-ND-CP:d8"", ""168-2024-ND-CP:d20"", ""100-2019-ND-CP:d6"", ""100-2019-ND-CP:d5"", ""168-2024-ND-CP:d9"", ""168-2024-ND-CP:d13""]",0,0.0,0,0.0,0,0.0,1,0.1667,1,0.1667,1,0.1667,0.1111,"[""36-2024-QH15:d31"", ""36-2024-QH15:d10"", ""100-2019-ND-CP:d8"", ""168-2024-ND-CP:d27"", ""36-2024-QH15:d46"", ""168-2024-ND-CP:d9"", ""36-2024-QH15:d30"", ""168-2024-ND-CP:d12"", ""36-2024-QH15:d33"", ""36-2024-QH15:d14""]",1,0.1667,1,0.1667,1,0.1667,1,0.3333,1,0.3333,1,0.3333,1.0
463,"[""100-2019-ND-CP:d17"", ""168-2024-ND-CP:d16"", ""100-2019-ND-CP:d19"", ""168-2024-ND-CP:d14"", ""168-2024-ND-CP:d32"", ""168-2024-ND-CP:d13"", ""100-2019-ND-CP:d16"", ""168-2024-ND-CP:d27"", ""100-2019-ND-CP:d8"", ""100-2019-ND-CP:d30""]",0,0.0,0,0.0,1,0.3333,1,0.3333,1,0.3333,1,0.3333,0.25,"[""100-2019-ND-CP:d18"", ""100-2019-ND-CP:d17"", ""100-2019-ND-CP:d19"", ""168-2024-ND-CP:d14"", ""168-2024-ND-CP:d16"", ""36-2024-QH15:d37"", ""100-2019-ND-CP:d35"", ""36-2024-QH15:d38"", ""168-2024-ND-CP:d27"", ""36-2024-QH15:d43""]",0,0.0,0,0.0,1,0.3333,1,0.3333,1,0.6667,1,1.0,0.25,"[""100-2019-ND-CP:d6"", ""100-2019-ND-CP:d17"", ""168-2024-ND-CP:d13"", ""168-2024-ND-CP:d16"", ""100-2019-ND-CP:d8"", ""100-2019-ND-CP:d16"", ""168-2024-ND-CP:d6"", ""168-2024-ND-CP:d7"", ""100-2019-ND-CP:d19"", ""168-2024-ND-CP:d14""]",0,0.0,0,0.0,0,0.0,1,0.3333,1,0.3333,1,0.3333,0.1,"[""100-2019-ND-CP:d18"", ""36-2024-QH15:d37"", ""168-2024-ND-CP:d22"", ""100-2019-ND-CP:d7"", ""168-2024-ND-CP:d20"", ""168-2024-ND-CP:d15"", ""168-2024-ND-CP:d34"", ""168-2024-ND-CP:d17"", ""36-2024-QH15:d39"", ""36-2024-QH15:d62""]",0,0.0,0,0.0,0,0.0,0,0.0,1,0.3333,1,0.3333,0.0769
464,"[""59-2020-QH14:d166"", ""59-2020-QH14:d72"", ""100-2019-ND-CP:d5"", ""100-2019-ND-CP:d8"", ""100-2019-ND-CP:d6"", ""100-2019-ND-CP:d53"", ""168-2024-ND-CP:d9"", ""36-2024-QH15:d14"", ""100-2019-ND-CP:d7"", ""168-2024-ND-CP:d6""]",0,0.0,0,0.0,0,0.0,0,0.0,0,0.0,1,0.5,0.0333,"[""59-2020-QH14:d72"", ""59-2020-QH14:d166"", ""100-2019-ND-CP:d53"", ""36-2024-QH15:d14"", ""59-2020-QH14:d181"", ""100-2019-ND-CP:d65"", ""36-2024-QH15:d19"", ""100-2019-ND-CP:d83"", ""100-2019-ND-CP:d58"", ""59-2020-QH14:d105""]",0,0.0,0,0.0,0,0.0,0,0.0,0,0.0,0,0.0,0.0,"[""168-2024-ND-CP:d6"", ""100-2019-ND-CP:d5"", ""100-2019-ND-CP:d6"", ""100-2019-ND-CP:d83"", ""100-2019-ND-CP:d7"", ""100-2019-ND-CP:d61"", ""100-2019-ND-CP:d80"", ""168-2024-ND-CP:d7"", ""168-2024-ND-CP:d8"", ""36-2024-QH15:d71""]",0,0.0,0,0.0,0,0.0,0,0.0,1,0.5,1,0.5,0.0667,"[""100-2019-ND-CP:d18"", ""168-2024-ND-CP:d15"", ""100-2019-ND-CP:d7"", ""100-2019-ND-CP:d5"", ""100-2019-ND-CP:d20"", ""100-2019-ND-CP:d25"", ""100-2019-ND-CP:d23"", ""100-2019-ND-CP:d9"", ""100-2019-ND-CP:d35"", ""100-2019-ND-CP:d33""]",0,0.0,0,0.0,0,0.0,0,0.0,0,0.0,0,0.0,0.0
466,"[""168-2024-ND-CP:d26"", ""168-2024-ND-CP:d27"", ""36-2024-QH15:d46"", ""168-2024-ND-CP:d7"", ""100-2019-ND-CP:d6"", ""168-2024-ND-CP:d6"", ""168-2024-ND-CP:d18"", ""100-2019-ND-CP:d21"", ""168-2024-ND-CP:d20"", ""168-2024-ND-CP:d19""]",0,0.0,0,0.0,0,0.0,1,0.1667,1,0.1667,1,0.3333,0.1429,"[""168-2024-ND-CP:d19"", ""168-2024-ND-CP:d27"", ""36-2024-QH15:d10"", ""36-2024-QH15:d46"", ""168-2024-ND-CP:d30"", ""168-2024-ND-CP:d25"", ""168-2024-ND-CP:d26"", ""168-2024-ND-CP:d29"", ""168-2024-ND-CP:d28"", ""100-2019-ND-CP:d21""]",0,0.0,0,0.0,0,0.0,0,0.0,1,0.1667,1,0.3333,0.0833,"[""168-2024-ND-CP:d27"", ""168-2024-ND-CP:d7"", ""168-2024-ND-CP:d6"", ""168-2024-ND-CP:d20"", ""168-2024-ND-CP:d34"", ""100-2019-ND-CP:d37"", ""168-2024-ND-CP:d21"", ""168-2024-ND-CP:d32"", ""168-2024-ND-CP:d39"", ""168-2024-ND-CP:d12""]",0,0.0,0,0.0,0,0.0,1,0.1667,1,0.5,1,0.5,0.125,"[""168-2024-ND-CP:d32"", ""168-2024-ND-CP:d34"", ""168-2024-ND-CP:d18"", ""168-2024-ND-CP:d6"", ""168-2024-ND-CP:d22"", ""168-2024-ND-CP:d20"", ""168-2024-ND-CP:d27"", ""168-2024-ND-CP:d17"", ""168-2024-ND-CP:d7"", ""168-2024-ND-CP:d35""]",1,0.1667,1,0.3333,1,0.3333,1,0.3333,1,0.3333,1,0.3333,1.0
467,"[""168-2024-ND-CP:d8"", ""168-2024-ND-CP:d7"", ""168-2024-ND-CP:d6"", ""100-2019-ND-CP:d6"", ""100-2019-ND-CP:d5"", ""100-2019-ND-CP:d7"", ""168-2024-ND-CP:d12"", ""100-2019-ND-CP:d11"", ""100-2019-ND-CP:d8"", ""168-2024-ND-CP:d9""]",0,0.0,1,0.3333,1,0.3333,1,0.3333,1,0.6667,1,0.6667,0.5,"[""36-2024-QH15:d28"", ""168-2024-ND-CP:d25"", ""168-2024-ND-CP:d29"", ""168-2024-ND-CP:d30"", ""36-2024-QH15:d80"", ""100-2019-ND-CP:d48"", ""100-2019-ND-CP:d27"", ""36-2024-QH15:d84"", ""168-2024-ND-CP:d8"", ""168-2024-ND-CP:d7""]",0,0.0,0,0.0,1,0.3333,1,0.6667,1,0.6667,1,0.6667,0.2,"[""168-2024-ND-CP:d6"", ""168-2024-ND-CP:d7"", ""168-2024-ND-CP:d32"", ""100-2019-ND-CP:d37"", ""168-2024-ND-CP:d12"", ""168-2024-ND-CP:d21"", ""168-2024-ND-CP:d39"", ""168-2024-ND-CP:d8"", ""100-2019-ND-CP:d5"", ""100-2019-ND-CP:d6""]",0,0.0,1,0.3333,1,0.3333,1,0.3333,1,0.3333,1,0.3333,0.5,"[""168-2024-ND-CP:d6"", ""168-2024-ND-CP:d32"", ""168-2024-ND-CP:d34"", ""168-2024-ND-CP:d20"", ""100-2019-ND-CP:d5"", ""168-2024-ND-CP:d17"", ""100-2019-ND-CP:d18"", ""168-2024-ND-CP:d7"", ""100-2019-ND-CP:d16"", ""100-2019-ND-CP:d7""]",0,0.0,0,0.0,0,0.0,1,0.3333,1,0.3333,1,0.3333,0.125
468,"[""168-2024-ND-CP:d27"", ""168-2024-ND-CP:d26"", ""36-2024-QH15:d46"", ""36-2024-QH15:d30"", ""100-2019-ND-CP:d31"", ""168-2024-ND-CP:d20"", ""59-2020-QH14:d4"", ""36-2024-QH15:d4"", ""23-2022-ND:d23"", ""168-2024-ND-CP:d7""]",0,0.0,0,0.0,0,0.0,0,0.0,1,0.2857,1,0.2857,0.0667,"[""100-2019-ND-CP:d31"", ""168-2024-ND-CP:d27"", ""168-2024-ND-CP:d20"", ""168-2025-ND:d93"", ""168-2025-ND:d80"", ""168-2025-ND:d12"", ""168-2025-ND:d94"", ""168-2024-ND-CP:d26"", ""168-2024-ND-CP:d7"", ""168-2024-ND-CP:d6""]",0,0.0,0,0.0,0,0.0,1,0.1429,1,0.4286,1,0.4286,0.1,"[""168-2024-ND-CP:d27"", ""168-2024-ND-CP:d13"", ""168-2024-ND-CP:d32"", ""168-2024-ND-CP:d6"", ""168-2024-ND-CP:d20"", ""168-2024-ND-CP:d47"", ""100-2019-ND-CP:d6"", ""100-2019-ND-CP:d80"", ""100-2019-ND-CP:d8"", ""168-2024-ND-CP:d7""]",0,0.0,0,0.0,1,0.1429,1,0.4286,1,0.4286,1,0.4286,0.25,"[""100-2019-ND-CP:d84"", ""168-2024-ND-CP:d52"", ""100-2019-ND-CP:d9"", ""100-2019-ND-CP:d35"", ""100-2019-ND-CP:d29"", ""36-2024-QH15:d88"", ""168-2024-ND-CP:d9"", ""100-2019-ND-CP:d33"", ""100-2019-ND-CP:d47"", ""100-2019-ND-CP:d28""]",0,0.0,0,0.0,0,0.0,0,0.0,0,0.0,0,0.0,0.0
471,"[""100-2019-ND-CP:d17"", ""168-2024-ND-CP:d14"", ""168-2024-ND-CP:d13"", ""168-2024-ND-CP:d16"", ""168-2024-ND-CP:d32"", ""100-2019-ND-CP:d19"", ""100-2019-ND-CP:d7"", ""100-2019-ND-CP:d16"", ""100-2019-ND-CP:d5"", ""168-2024-ND-CP:d6""]",0,0.0,1,0.1111,1,0.2222,1,0.2222,1,0.5556,1,0.6667,0.5,"[""100-2019-ND-CP:d17"", ""168-2024-ND-CP:d14"", ""168-2024-ND-CP:d19"", ""168-2024-ND-CP:d16"", ""100-2019-ND-CP:d18"", ""100-2019-ND-CP:d82"", ""168-2024-ND-CP:d37"", ""100-2019-ND-CP:d19"", ""100-2019-ND-CP:d35"", ""168-2024-ND-CP:d48""]",0,0.0,1,0.1111,1,0.1111,1,0.2222,1,0.3333,1,0.5556,0.5,"[""168-2024-ND-CP:d52"", ""168-2024-ND-CP:d14"", ""100-2019-ND-CP:d17"", ""100-2019-ND-CP:d6"", ""168-2024-ND-CP:d13"", ""168-2024-ND-CP:d7"", ""168-2024-ND-CP:d16"", ""168-2024-ND-CP:d32"", ""100-2019-ND-CP:d8"", ""168-2024-ND-CP:d6""]",0,0.0,1,0.1111,1,0.1111,1,0.3333,1,0.3333,1,0.5556,0.5,"[""100-2019-ND-CP:d7"", ""168-2024-ND-CP:d8"", ""100-2019-ND-CP:d18"", ""168-2024-ND-CP:d7"", ""100-2019-ND-CP:d9"", ""100-2019-ND-CP:d30"", ""100-2019-ND-CP:d5"", ""168-2024-ND-CP:d10"", ""168-2024-ND-CP:d32"", ""168-2024-ND-CP:d15""]",0,0.0,0,0.0,1,0.1111,1,0.2222,1,0.2222,1,0.2222,0.25
472,"[""168-2024-ND-CP:d27"", ""23-2022-ND:d23"", ""59-2020-QH14:d4"", ""36-2024-QH15:d46"", ""168-2024-ND-CP:d26"", ""168-2024-ND-CP:d20"", ""100-2019-ND-CP:d31"", ""100-2019-ND-CP:d6"", ""36-2024-QH15:d10"", ""36-2024-QH15:d2""]",0,0.0,0,0.0,0,0.0,0,0.0,0,0.0,0,0.0,0.0,"[""23-2022-ND:d23"", ""168-2024-ND-CP:d27"", ""59-2020-QH14:d4"", ""36-2024-QH15:d10"", ""36-2024-QH15:d46"", ""36-2024-QH15:d37"", ""36-2024-QH15:d64"", ""100-2019-ND-CP:d31"", ""36-2024-QH15:d38"", ""168-2024-ND-CP:d20""]",0,0.0,0,0.0,0,0.0,0,0.0,0,0.0,0,0.0,0.0,"[""168-2024-ND-CP:d27"", ""168-2024-ND-CP:d20"", ""168-2024-ND-CP:d6"", ""100-2019-ND-CP:d6"", ""100-2019-ND-CP:d23"", ""168-2024-ND-CP:d32"", ""168-2024-ND-CP:d13"", ""36-2024-QH15:d46"", ""100-2019-ND-CP:d5"", ""100-2019-ND-CP:d16""]",0,0.0,0,0.0,0,0.0,0,0.0,1,0.5,1,0.5,0.0625,"[""100-2019-ND-CP:d23"", ""100-2019-ND-CP:d18"", ""100-2019-ND-CP:d30"", ""100-2019-ND-CP:d5"", ""168-2024-ND-CP:d34"", ""100-2019-ND-CP:d20"", ""168-2024-ND-CP:d22"", ""100-2019-ND-CP:d33"", ""100-2019-ND-CP:d9"", ""100-2019-ND-CP:d34""]",0,0.0,0,0.0,0,0.0,0,0.0,0,0.0,0,0.0,0.0
473,"[""100-2019-ND-CP:d66"", ""100-2019-ND-CP:d6"", ""168-2024-ND-CP:d7"", ""168-2024-ND-CP:d9"", ""100-2019-ND-CP:d8"", ""168-2024-ND-CP:d6"", ""100-2019-ND-CP:d7"", ""100-2019-ND-CP:d63"", ""168-2024-ND-CP:d8"", ""100-2019-ND-CP:d5""]",0,0.0,1,0.2,1,0.2,1,0.4,1,0.4,1,0.4,0.3333,"[""100-2019-ND-CP:d66"", ""100-2019-ND-CP:d63"", ""100-2019-ND-CP:d6"", ""168-2024-ND-CP:d9"", ""100-2019-ND-CP:d8"", ""168-2024-ND-CP:d7"", ""36-2024-QH15:d87"", ""100-2019-ND-CP:d81"", ""100-2019-ND-CP:d7"", ""168-2024-ND-CP:d8""]",0,0.0,0,0.0,0,0.0,1,0.2,1,0.4,1,0.6,0.1667,"[""168-2024-ND-CP:d6"", ""100-2019-ND-CP:d63"", ""100-2019-ND-CP:d61"", ""168-2024-ND-CP:d13"", ""100-2019-ND-CP:d37"", ""100-2019-ND-CP:d39"", ""100-2019-ND-CP:d60"", ""168-2024-ND-CP:d7"", ""100-2019-ND-CP:d83"", ""168-2024-ND-CP:d8""]",1,0.2,1,0.2,1,0.2,1,0.4,1,0.4,1,0.4,1.0,"[""168-2024-ND-CP:d32"", ""100-2019-ND-CP:d7"", ""168-2024-ND-CP:d22"", ""168-2024-ND-CP:d34"", ""100-2019-ND-CP:d18"", ""100-2019-ND-CP:d33"", ""168-2024-ND-CP:d39"", ""168-2024-ND-CP:d20"", ""168-2024-ND-CP:d30"", ""100-2019-ND-CP:d5""]",0,0.0,0,0.0,0,0.0,0,0.0,1,0.2,1,0.4,0.0833
474,"[""36-2024-QH15:d46"", ""168-2024-ND-CP:d27"", ""36-2024-QH15:d56"", ""36-2024-QH15:d10"", ""168-2024-ND-CP:d26"", ""36-2024-QH15:d59"", ""100-2019-ND-CP:d31"", ""36-2024-QH15:d30"", ""168-2024-ND-CP:d18"", ""36-2024-QH15:d31""]",0,0.0,0,0.0,0,0.0,0,0.0,1,0.3333,1,0.3333,0.05,"[""36-2024-QH15:d10"", ""168-2024-ND-CP:d27"", ""36-2024-QH15:d46"", ""36-2024-QH15:d59"", ""36-2024-QH15:d56"", ""100-2019-ND-CP:d22"", ""36-2024-QH15:d31"", ""100-2019-ND-CP:d31"", ""168-2024-ND-CP:d18"", ""168-2024-ND-CP:d26""]",0,0.0,0,0.0,0,0.0,0,0.0,0,0.0,0,0.0,0.0,"[""168-2024-ND-CP:d27"", ""168-2024-ND-CP:d6"", ""36-2024-QH15:d55"", ""100-2019-ND-CP:d6"", ""168-2024-ND-CP:d7"", ""168-2024-ND-CP:d8"", ""100-2019-ND-CP:d5"", ""100-2019-ND-CP:d8"", ""168-2024-ND-CP:d9"", ""36-2024-QH15:d33""]",0,0.0,0,0.0,0,0.0,0,0.0,0,0.0,1,0.3333,0.037,"[""168-2024-ND-CP:d18"", ""100-2019-ND-CP:d21"", ""100-2019-ND-CP:d16"", ""36-2024-QH15:d61"", ""36-2024-QH15:d89"", ""168-2024-ND-CP:d22"", ""168-2024-ND-CP:d20"", ""168-2024-ND-CP:d13"", ""100-2019-ND-CP:d18"", ""100-2019-ND-CP:d25""]",0,0.0,0,0.0,0,0.0,0,0.0,0,0.0,0,0.0,0.0
476,"[""100-2019-ND-CP:d6"", ""168-2024-ND-CP:d7"", ""168-2024-ND-CP:d6"", ""168-2024-ND-CP:d26"", ""36-2024-QH15:d14"", ""36-2024-QH15:d57"", ""100-2019-ND-CP:d5"", ""168-2024-ND-CP:d9"", ""168-2024-ND-CP:d20"", ""36-2024-QH15:d46""]",0,0.0,1,0.1667,1,0.1667,1,0.1667,1,0.3333,1,0.3333,0.3333,"[""100-2019-ND-CP:d6"", ""36-2024-QH15:d57"", ""36-2024-QH15:d14"", ""168-2024-ND-CP:d7"", ""168-2024-ND-CP:d6"", ""36-2024-QH15:d31"", ""36-2024-QH15:d10"", ""168-2024-ND-CP:d47"", ""168-2024-ND-CP:d27"", ""168-2024-ND-CP:d20""]",0,0.0,0,0.0,1,0.1667,1,0.3333,1,0.3333,1,0.3333,0.2,"[""100-2019-ND-CP:d39"", ""168-2024-ND-CP:d6"", ""100-2019-ND-CP:d83"", ""100-2019-ND-CP:d56"", ""100-2019-ND-CP:d61"", ""100-2019-ND-CP:d68"", ""36-2024-QH15:d68"", ""168-2024-ND-CP:d47"", ""168-2024-ND-CP:d52"", ""168-2025-ND:d69""]",0,0.0,1,0.1667,1,0.1667,1,0.3333,1,0.5,1,0.5,0.5,"[""36-2024-QH15:d88"", ""168-2024-ND-CP:d53"", ""36-2024-QH15:d61"", ""168-2024-ND-CP:d18"", ""168-2024-ND-CP:d22"", ""100-2019-ND-CP:d66"", ""168-2024-ND-CP:d4"", ""100-2019-ND-CP:d21"", ""36-2024-QH15:d56"", ""168-2024-ND-CP:d8""]",0,0.0,0,0.0,0,0.0,0,0.0,1,0.1667,1,0.1667,0.0667
477,"[""168-2024-ND-CP:d27"", ""23-2022-ND:d23"", ""36-2024-QH15:d10"", ""168-2024-ND-CP:d26"", ""36-2024-QH15:d46"", ""100-2019-ND-CP:d6"", ""168-2024-ND-CP:d7"", ""59-2020-QH14:d4"", ""36-2024-QH15:d30"", ""168-2024-ND-CP:d20""]",0,0.0,0,0.0,0,0.0,1,0.2,1,0.4,1,0.6,0.1429,"[""36-2024-QH15:d10"", ""23-2022-ND:d23"", ""168-2024-ND-CP:d27"", ""36-2024-QH15:d46"", ""36-2024-QH15:d17"", ""59-2020-QH14:d4"", ""100-2019-ND-CP:d6"", ""168-2024-ND-CP:d26"", ""168-2024-ND-CP:d7"", ""168-2024-ND-CP:d6""]",0,0.0,0,0.0,0,0.0,1,0.4,1,0.6,1,0.8,0.1111,"[""168-2024-ND-CP:d27"", ""168-2024-ND-CP:d20"", ""168-2024-ND-CP:d6"", ""168-2024-ND-CP:d7"", ""168-2024-ND-CP:d21"", ""100-2019-ND-CP:d83"", ""168-2024-ND-CP:d13"", ""36-2024-QH15:d46"", ""168-2024-ND-CP:d32"", ""100-2019-ND-CP:d39""]",0,0.0,1,0.2,1,0.4,1,0.4,1,0.6,1,0.6,0.3333,"[""168-2024-ND-CP:d10"", ""100-2019-ND-CP:d7"", ""100-2019-ND-CP:d9"", ""100-2019-ND-CP:d25"", ""100-2019-ND-CP:d35"", ""168-2024-ND-CP:d8"", ""100-2019-ND-CP:d41"", ""100-2019-ND-CP:d46"", ""100-2019-ND-CP:d18"", ""100-2019-ND-CP:d43""]",0,0.0,0,0.0,0,0.0,0,0.0,0,0.0,0,0.0,0.0
478,"[""168-2024-ND-CP:d26"", ""168-2024-ND-CP:d27"", ""36-2024-QH15:d46"", ""23-2022-ND:d23"", ""36-2024-QH15:d10"", ""36-2024-QH15:d30"", ""168-2024-ND-CP:d20"", ""36-2024-QH15:d31"", ""36-2024-QH15:d2"", ""100-2019-ND-CP:d31""]",0,0.0,0,0.0,0,0.0,0,0.0,0,0.0,0,0.0,0.0,"[""36-2024-QH15:d10"", ""59-2020-QH14:d185"", ""36-2024-QH15:d19"", ""168-2024-ND-CP:d27"", ""59-2020-QH14:d119"", ""36-2024-QH15:d46"", ""59-2020-QH14:d77"", ""23-2022-ND:d23"", ""168-2024-ND-CP:d26"", ""36-2024-QH15:d31""]",0,0.0,0,0.0,0,0.0,0,0.0,0,0.0,0,0.0,0.0,"[""168-2024-ND-CP:d6"", ""168-2024-ND-CP:d13"", ""168-2024-ND-CP:d7"", ""100-2019-ND-CP:d6"", ""100-2019-ND-CP:d80"", ""168-2024-ND-CP:d47"", ""100-2019-ND-CP:d16"", ""168-2024-ND-CP:d20"", ""100-2019-ND-CP:d23"", ""100-2019-ND-CP:d24""]",0,0.0,0,0.0,0,0.0,0,0.0,1,0.3333,1,0.3333,0.0588,"[""36-2024-QH15:d37"", ""168-2024-ND-CP:d31"", ""100-2019-ND-CP:d30"", ""100-2019-ND-CP:d18"", ""100-2019-ND-CP:d5"", ""100-2019-ND-CP:d23"", ""100-2019-ND-CP:d16"", ""100-2019-ND-CP:d34"", ""100-2019-ND-CP:d7"", ""168-2024-ND-CP:d22""]",0,0.0,0,0.0,0,0.0,0,0.0,1,0.3333,1,0.3333,0.0714
479,"[""168-2024-ND-CP:d27"", ""168-2024-ND-CP:d26"", ""36-2024-QH15:d46"", ""168-2024-ND-CP:d7"", ""36-2024-QH15:d10"", ""100-2019-ND-CP:d6"", ""168-2024-ND-CP:d9"", ""100-2019-ND-CP:d8"", ""59-2020-QH14:d4"", ""168-2024-ND-CP:d20""]",0,0.0,0,0.0,1,0.3333,1,0.3333,1,0.3333,1,0.3333,0.25,"[""168-2024-ND-CP:d7"", ""36-2024-QH15:d10"", ""100-2019-ND-CP:d6"", ""168-2024-ND-CP:d27"", ""168-2024-ND-CP:d14"", ""168-2024-ND-CP:d47"", ""100-2019-ND-CP:d82"", ""168-2024-ND-CP:d16"", ""168-2024-ND-CP:d48"", ""168-2024-ND-CP:d6""]",1,0.3333,1,0.3333,1,0.3333,1,0.3333,1,0.3333,1,0.3333,1.0,"[""168-2024-ND-CP:d27"", ""168-2024-ND-CP:d6"", ""168-2024-ND-CP:d7"", ""168-2024-ND-CP:d13"", ""168-2024-ND-CP:d32"", ""100-2019-ND-CP:d6"", ""168-2024-ND-CP:d47"", ""168-2024-ND-CP:d20"", ""100-2019-ND-CP:d39"", ""100-2019-ND-CP:d80""]",0,0.0,1,0.3333,1,0.3333,1,0.3333,1,0.3333,1,0.3333,0.3333,"[""100-2019-ND-CP:d44"", ""100-2019-ND-CP:d46"", ""100-2019-ND-CP:d47"", ""168-2024-ND-CP:d10"", ""100-2019-ND-CP:d18"", ""100-2019-ND-CP:d41"", ""100-2019-ND-CP:d65"", ""100-2019-ND-CP:d43"", ""100-2019-ND-CP:d60"", ""100-2019-ND-CP:d42""]",0,0.0,0,0.0,0,0.0,0,0.0,0,0.0,0,0.0,0.0
480,"[""36-2024-QH15:d89"", ""36-2024-QH15:d18"", ""100-2019-ND-CP:d3"", ""100-2019-ND-CP:d6"", ""168-2024-ND-CP:d8"", ""36-2024-QH15:d30"", ""168-2024-ND-CP:d6"", ""168-2024-ND-CP:d7"", ""36-2024-QH15:d33"", ""100-2019-ND-CP:d8""]",0,0.0,0,0.0,0,0.0,0,0.0,0,0.0,1,0.3333,0.0385,"[""36-2024-QH15:d64"", ""36-2024-QH15:d10"", ""36-2024-QH15:d35"", ""168-2024-ND-CP:d19"", ""36-2024-QH15:d31"", ""36-2024-QH15:d17"", ""36-2024-QH15:d26"", ""100-2019-ND-CP:d37"", ""100-2019-ND-CP:d22"", ""36-2024-QH15:d20""]",0,0.0,0,0.0,0,0.0,0,0.0,1,0.3333,1,0.3333,0.0588,"[""36-2024-QH15:d47"", ""168-2024-ND-CP:d6"", ""168-2024-ND-CP:d21"", ""168-2024-ND-CP:d20"", ""168-2024-ND-CP:d7"", ""168-2024-ND-CP:d8"", ""36-2024-QH15:d52"", ""36-2024-QH15:d71"", ""100-2019-ND-CP:d5"", ""100-2019-ND-CP:d7""]",0,0.0,0,0.0,0,0.0,0,0.0,0,0.0,0,0.0,0.0,"[""36-2024-QH15:d58"", ""36-2024-QH15:d37"", ""168-2024-ND-CP:d20"", ""36-2024-QH15:d62"", ""168-2024-ND-CP:d6"", ""36-2024-QH15:d61"", ""36-2024-QH15:d52"", ""36-2024-QH15:d10"", ""168-2024-ND-CP:d17"", ""168-2024-ND-CP:d13""]",0,0.0,0,0.0,0,0.0,0,0.0,1,0.3333,1,0.6667,0.0769
481,"[""100-2019-ND-CP:d6"", ""100-2019-ND-CP:d66"", ""36-2024-QH15:d87"", ""168-2024-ND-CP:d9"", ""100-2019-ND-CP:d8"", ""168-2024-ND-CP:d7"", ""100-2019-ND-CP:d7"", ""100-2019-ND-CP:d5"", ""100-2019-ND-CP:d37"", ""168-2024-ND-CP:d26""]",0,0.0,0,0.0,0,0.0,0,0.0,0,0.0,1,0.5,0.0385,"[""36-2024-QH15:d87"", ""100-2019-ND-CP:d66"", ""168-2024-ND-CP:d53"", ""100-2019-ND-CP:d6"", ""36-2024-QH15:d10"", ""168-2024-ND-CP:d7"", ""36-2024-QH15:d61"", ""168-2024-ND-CP:d27"", ""100-2019-ND-CP:d8"", ""168-2024-ND-CP:d9""]",0,0.0,0,0.0,0,0.0,0,0.0,1,0.5,1,0.5,0.0667,"[""100-2019-ND-CP:d6"", ""100-2019-ND-CP:d60"", ""168-2024-ND-CP:d6"", ""168-2024-ND-CP:d7"", ""168-2024-ND-CP:d27"", ""100-2019-ND-CP:d37"", ""36-2024-QH15:d71"", ""100-2019-ND-CP:d24"", ""168-2024-ND-CP:d39"", ""168-2024-ND-CP:d52""]",0,0.0,0,0.0,0,0.0,0,0.0,0,0.0,0,0.0,0.0,"[""168-2024-ND-CP:d53"", ""168-2024-ND-CP:d18"", ""100-2019-ND-CP:d21"", ""36-2024-QH15:d33"", ""168-2024-ND-CP:d6"", ""168-2024-ND-CP:d7"", ""168-2024-ND-CP:d34"", ""36-2024-QH15:d40"", ""168-2024-ND-CP:d4"", ""100-2019-ND-CP:d6""]",0,0.0,0,0.0,0,0.0,0,0.0,0,0.0,0,0.0,0.0
482,"[""168-2024-ND-CP:d27"", ""36-2024-QH15:d2"", ""100-2019-ND-CP:d8"", ""100-2019-ND-CP:d6"", ""168-2024-ND-CP:d26"", ""168-2024-ND-CP:d7"", ""168-2024-ND-CP:d20"", ""168-2024-ND-CP:d18"", ""100-2019-ND-CP:d17"", ""168-2024-ND-CP:d9""]",0,0.0,0,0.0,0,0.0,0,0.0,1,0.3333,1,0.6667,0.0667,"[""168-2024-ND-CP:d19"", ""36-2024-QH15:d2"", ""100-2019-ND-CP:d22"", ""100-2019-ND-CP:d18"", ""168-2024-ND-CP:d27"", ""100-2019-ND-CP:d17"", ""168-2024-ND-CP:d25"", ""36-2024-QH15:d56"", ""100-2019-ND-CP:d27"", ""100-2019-ND-CP:d19""]",0,0.0,0,0.0,0,0.0,0,0.0,1,0.3333,1,0.6667,0.0909,"[""168-2024-ND-CP:d6"", ""168-2024-ND-CP:d13"", ""100-2019-ND-CP:d8"", ""100-2019-ND-CP:d6"", ""100-2019-ND-CP:d7"", ""168-2024-ND-CP:d20"", ""168-2024-ND-CP:d7"", ""168-2024-ND-CP:d14"", ""168-2024-ND-CP:d16"", ""100-2019-ND-CP:d16""]",0,0.0,0,0.0,0,0.0,1,0.3333,1,0.3333,1,0.6667,0.125,"[""100-2019-ND-CP:d16"", ""168-2024-ND-CP:d13"", ""168-2024-ND-CP:d21"", ""168-2024-ND-CP:d22"", ""36-2024-QH15:d62"", ""100-2019-ND-CP:d18"", ""100-2019-ND-CP:d7"", ""168-2024-ND-CP:d20"", ""168-2024-ND-CP:d34"", ""168-2024-ND-CP:d14""]",0,0.0,0,0.0,1,0.3333,1,0.6667,1,0.6667,1,0.6667,0.2
483,"[""36-2024-QH15:d46"", ""36-2024-QH15:d31"", ""168-2024-ND-CP:d27"", ""36-2024-QH15:d10"", ""168-2024-ND-CP:d26"", ""36-2024-QH15:d33"", ""168-2024-ND-CP:d9"", ""36-2024-QH15:d5"", ""36-2024-QH15:d30"", ""100-2019-ND-CP:d8""]",0,0.0,0,0.0,0,0.0,1,0.2,1,0.4,1,0.6,0.1667,"[""36-2024-QH15:d10"", ""36-2024-QH15:d31"", ""36-2024-QH15:d46"", ""168-2024-ND-CP:d9"", ""100-2019-ND-CP:d6"", ""168-2024-ND-CP:d7"", ""168-2024-ND-CP:d27"", ""100-2019-ND-CP:d8"", ""36-2024-QH15:d33"", ""36-2024-QH15:d87""]",0,0.0,0,0.0,0,0.0,1,0.4,1,0.4,1,0.6,0.1667,"[""36-2024-QH15:d46"", ""168-2024-ND-CP:d27"", ""36-2024-QH15:d30"", ""100-2019-ND-CP:d6"", ""168-2024-ND-CP:d20"", ""168-2024-ND-CP:d6"", ""168-2024-ND-CP:d21"", ""59-2020-QH14:d164"", ""168-2024-ND-CP:d47"", ""100-2019-ND-CP:d8""]",0,0.0,0,0.0,0,0.0,0,0.0,1,0.4,1,0.6,0.0833,"[""36-2024-QH15:d10"", ""36-2024-QH15:d46"", ""36-2024-QH15:d61"", ""100-2019-ND-CP:d7"", ""168-2024-ND-CP:d15"", ""168-2024-ND-CP:d10"", ""36-2024-QH15:d29"", ""168-2024-ND-CP:d18"", ""168-2024-ND-CP:d27"", ""100-2019-ND-CP:d9""]",0,0.0,0,0.0,0,0.0,1,0.2,1,0.2,1,0.2,0.125
484,"[""168-2024-ND-CP:d9"", ""100-2019-ND-CP:d8"", ""100-2019-ND-CP:d7"", ""168-2024-ND-CP:d7"", ""100-2019-ND-CP:d6"", ""168-2024-ND-CP:d8"", ""36-2024-QH15:d87"", ""100-2019-ND-CP:d66"", ""168-2024-ND-CP:d6"", ""100-2019-ND-CP:d5""]",0,0.0,0,0.0,1,0.25,1,0.25,1,0.5,1,0.625,0.25,"[""36-2024-QH15:d87"", ""100-2019-ND-CP:d63"", ""100-2019-ND-CP:d66"", ""168-2024-ND-CP:d9"", ""100-2019-ND-CP:d82"", ""100-2019-ND-CP:d8"", ""168-2024-ND-CP:d19"", ""100-2019-ND-CP:d7"", ""168-2024-ND-CP:d8"", ""100-2019-ND-CP:d6""]",0,0.0,0,0.0,1,0.125,1,0.25,1,0.5,1,0.625,0.2,"[""168-2024-ND-CP:d6"", ""168-2024-ND-CP:d8"", ""100-2019-ND-CP:d7"", ""100-2019-ND-CP:d6"", ""168-2024-ND-CP:d7"", ""100-2019-ND-CP:d8"", ""168-2024-ND-CP:d9"", ""100-2019-ND-CP:d5"", ""100-2019-ND-CP:d24"", ""168-2024-ND-CP:d13""]",0,0.0,0,0.0,1,0.25,1,0.25,1,0.25,1,0.375,0.25,"[""168-2024-ND-CP:d19"", ""100-2019-ND-CP:d22"", ""168-2024-ND-CP:d7"", ""168-2024-ND-CP:d8"", ""100-2019-ND-CP:d34"", ""168-2024-ND-CP:d9"", ""100-2019-ND-CP:d11"", ""100-2019-ND-CP:d30"", ""168-2024-ND-CP:d12"", ""100-2019-ND-CP:d18""]",0,0.0,1,0.125,1,0.125,1,0.125,1,0.25,1,0.25,0.3333
485,"[""168-2024-ND-CP:d9"", ""100-2019-ND-CP:d7"", ""100-2019-ND-CP:d6"", ""168-2024-ND-CP:d7"", ""100-2019-ND-CP:d5"", ""100-2019-ND-CP:d41"", ""100-2019-ND-CP:d34"", ""168-2024-ND-CP:d8"", ""100-2019-ND-CP:d8"", ""168-2024-ND-CP:d6""]",0,0.0,0,0.0,1,0.3333,1,0.3333,1,0.3333,1,0.3333,0.25,"[""36-2024-QH15:d64"", ""168-2024-ND-CP:d19"", ""100-2019-ND-CP:d22"", ""168-2024-ND-CP:d25"", ""100-2019-ND-CP:d27"", ""100-2019-ND-CP:d34"", ""36-2024-QH15:d31"", ""36-2024-QH15:d20"", ""168-2024-ND-CP:d2"", ""36-2024-QH15:d17""]",0,0.0,0,0.0,0,0.0,0,0.0,0,0.0,0,0.0,0.0,"[""168-2024-ND-CP:d8"", ""100-2019-ND-CP:d6"", ""100-2019-ND-CP:d7"", ""168-2024-ND-CP:d9"", ""100-2019-ND-CP:d8"", ""168-2024-ND-CP:d7"", ""100-2019-ND-CP:d19"", ""100-2019-ND-CP:d24"", ""100-2019-ND-CP:d60"", ""168-2024-ND-CP:d6""]",0,0.0,0,0.0,0,0.0,1,0.3333,1,0.6667,1,0.6667,0.1667,"[""36-2024-QH15:d33"", ""168-2024-ND-CP:d7"", ""168-2024-ND-CP:d28"", ""100-2019-ND-CP:d22"", ""168-2024-ND-CP:d19"", ""100-2019-ND-CP:d6"", ""168-2024-ND-CP:d8"", ""100-2019-ND-CP:d7"", ""100-2019-ND-CP:d34"", ""168-2024-ND-CP:d6""]",0,0.0,1,0.3333,1,0.3333,1,0.3333,1,0.6667,1,0.6667,0.5
487,"[""168-2024-ND-CP:d27"", ""168-2024-ND-CP:d26"", ""36-2024-QH15:d46"", ""168-2024-ND-CP:d20"", ""36-2024-QH15:d10"", ""36-2024-QH15:d30"", ""100-2019-ND-CP:d31"", ""23-2022-ND:d23"", ""59-2020-QH14:d4"", ""36-2024-QH15:d5""]",0,0.0,0,0.0,0,0.0,0,0.0,1,0.25,1,0.5,0.0769,"[""168-2024-ND-CP:d27"", ""36-2024-QH15:d10"", ""36-2024-QH15:d46"", ""168-2024-ND-CP:d20"", ""100-2019-ND-CP:d31"", ""168-2024-ND-CP:d26"", ""100-2019-ND-CP:d81"", ""168-2024-ND-CP:d47"", ""36-2024-QH15:d30"", ""100-2019-ND-CP:d82""]",0,0.0,0,0.0,0,0.0,1,0.25,1,0.5,1,0.5,0.125,"[""168-2024-ND-CP:d27"", ""168-2024-ND-CP:d20"", ""168-2025-ND:d50"", ""100-2019-ND-CP:d80"", ""168-2024-ND-CP:d6"", ""168-2024-ND-CP:d13"", ""36-2024-QH15:d46"", ""168-2024-ND-CP:d7"", ""168-2024-ND-CP:d16"", ""168-2024-ND-CP:d47""]",0,0.0,0,0.0,0,0.0,1,0.25,1,0.25,1,0.25,0.1,"[""100-2019-ND-CP:d23"", ""168-2024-ND-CP:d22"", ""100-2019-ND-CP:d30"", ""100-2019-ND-CP:d18"", ""168-2024-ND-CP:d32"", ""100-2019-ND-CP:d5"", ""168-2024-ND-CP:d30"", ""168-2024-ND-CP:d29"", ""168-2024-ND-CP:d34"", ""100-2019-ND-CP:d34""]",0,0.0,0,0.0,0,0.0,0,0.0,0,0.0,0,0.0,0.0
488,"[""168-2024-ND-CP:d27"", ""168-2024-ND-CP:d26"", ""36-2024-QH15:d46"", ""100-2019-ND-CP:d8"", ""100-2019-ND-CP:d6"", ""168-2024-ND-CP:d7"", ""168-2024-ND-CP:d9"", ""100-2019-ND-CP:d31"", ""168-2024-ND-CP:d20"", ""168-2024-ND-CP:d47""]",0,0.0,0,0.0,0,0.0,1,0.3333,1,0.3333,1,0.6667,0.1667,"[""168-2024-ND-CP:d27"", ""36-2024-QH15:d10"", ""100-2019-ND-CP:d1"", ""168-2024-ND-CP:d1"", ""36-2024-QH15:d46"", ""168-2024-ND-CP:d19"", ""168-2024-ND-CP:d25"", ""100-2019-ND-CP:d27"", ""100-2019-ND-CP:d26"", ""100-2019-ND-CP:d22""]",0,0.0,0,0.0,0,0.0,0,0.0,0,0.0,1,0.3333,0.0357,"[""168-2024-ND-CP:d27"", ""100-2019-ND-CP:d6"", ""168-2024-ND-CP:d7"", ""100-2019-ND-CP:d8"", ""168-2024-ND-CP:d9"", ""168-2024-ND-CP:d8"", ""100-2019-ND-CP:d7"", ""100-2019-ND-CP:d19"", ""100-2019-ND-CP:d80"", ""168-2024-ND-CP:d6""]",0,0.0,1,0.3333,1,0.3333,1,0.3333,1,0.3333,1,0.3333,0.3333,"[""100-2019-ND-CP:d34"", ""100-2019-ND-CP:d30"", ""100-2019-ND-CP:d11"", ""168-2024-ND-CP:d19"", ""168-2024-ND-CP:d12"", ""100-2019-ND-CP:d22"", ""168-2024-ND-CP:d8"", ""168-2024-ND-CP:d9"", ""100-2019-ND-CP:d23"", ""100-2019-ND-CP:d20""]",0,0.0,0,0.0,0,0.0,0,0.0,1,0.3333,1,0.3333,0.0769
489,"[""168-2024-ND-CP:d26"", ""168-2024-ND-CP:d27"", ""168-2024-ND-CP:d7"", ""100-2019-ND-CP:d6"", ""168-2024-ND-CP:d20"", ""168-2024-ND-CP:d9"", ""36-2024-QH15:d46"", ""100-2019-ND-CP:d8"", ""168-2024-ND-CP:d6"", ""36-2024-QH15:d87""]",0,0.0,0,0.0,0,0.0,0,0.0,0,0.0,0,0.0,0.0,"[""36-2024-QH15:d87"", ""36-2024-QH15:d10"", ""168-2024-ND-CP:d27"", ""100-2019-ND-CP:d21"", ""168-2024-ND-CP:d19"", ""168-2024-ND-CP:d7"", ""100-2019-ND-CP:d6"", ""100-2019-ND-CP:d17"", ""168-2024-ND-CP:d20"", ""100-2019-ND-CP:d81""]",0,0.0,0,0.0,0,0.0,0,0.0,1,0.2,1,0.2,0.0667,"[""168-2024-ND-CP:d6"", ""168-2024-ND-CP:d13"", ""168-2024-ND-CP:d7"", ""168-2024-ND-CP:d14"", ""168-2024-ND-CP:d20"", ""168-2024-ND-CP:d32"", ""100-2019-ND-CP:d6"", ""168-2024-ND-CP:d27"", ""100-2019-ND-CP:d16"", ""168-2024-ND-CP:d21""]",0,0.0,0,0.0,0,0.0,0,0.0,1,0.2,1,0.4,0.0526,"[""168-2024-ND-CP:d7"", ""100-2019-ND-CP:d22"", ""168-2024-ND-CP:d22"", ""168-2024-ND-CP:d19"", ""168-2024-ND-CP:d34"", ""168-2024-ND-CP:d40"", ""36-2024-QH15:d33"", ""168-2024-ND-CP:d32"", ""100-2019-ND-CP:d7"", ""100-2019-ND-CP:d34""]",0,0.0,0,0.0,0,0.0,0,0.0,0,0.0,1,0.2,0.0476
490,"[""59-2020-QH14:d4"", ""23-2022-ND:d23"", ""36-2024-QH15:d46"", ""168-2024-ND-CP:d27"", ""168-2024-ND-CP:d26"", ""36-2024-QH15:d10"", ""59-2020-QH14:d155"", ""36-2024-QH15:d6"", ""36-2024-QH15:d5"", ""36-2024-QH15:d30""]",0,0.0,0,0.0,0,0.0,0,0.0,1,0.3333,1,0.3333,0.0667,"[""23-2022-ND:d23"", ""59-2020-QH14:d4"", ""36-2024-QH15:d46"", ""36-2024-QH15:d10"", ""168-2024-ND-CP:d27"", ""59-2020-QH14:d155"", ""23-2022-ND:d45"", ""168-2024-ND-CP:d48"", ""168-2024-ND-CP:d26"", ""59-2020-QH14:d61""]",0,0.0,0,0.0,0,0.0,0,0.0,0,0.0,1,0.3333,0.0417,"[""168-2024-ND-CP:d27"", ""36-2024-QH15:d46"", ""168-2024-ND-CP:d32"", ""89-2024-ND:d7"", ""168-2024-ND-CP:d13"", ""168-2024-ND-CP:d6"", ""168-2025-ND:d69"", ""168-2025-ND:d54"", ""168-2025-ND:d55"", ""23-2022-ND:d9""]",0,0.0,0,0.0,0,0.0,0,0.0,0,0.0,1,0.3333,0.0345,"[""36-2024-QH15:d61"", ""36-2024-QH15:d40"", ""36-2024-QH15:d29"", ""36-2024-QH15:d10"", ""36-2024-QH15:d14"", ""100-2019-ND-CP:d21"", ""168-2024-ND-CP:d18"", ""168-2024-ND-CP:d37"", ""168-2024-ND-CP:d35"", ""36-2024-QH15:d46""]",0,0.0,0,0.0,0,0.0,0,0.0,0,0.0,1,0.3333,0.037
492,"[""168-2024-ND-CP:d27"", ""168-2024-ND-CP:d26"", ""36-2024-QH15:d46"", ""36-2024-QH15:d33"", ""36-2024-QH15:d10"", ""36-2024-QH15:d30"", ""168-2024-ND-CP:d20"", ""168-2024-ND-CP:d9"", ""100-2019-ND-CP:d6"", ""36-2024-QH15:d2""]",0,0.0,0,0.0,0,0.0,0,0.0,1,0.5,1,0.5,0.0909,"[""36-2024-QH15:d10"", ""168-2024-ND-CP:d27"", ""36-2024-QH15:d33"", ""100-2019-ND-CP:d27"", ""36-2024-QH15:d46"", ""100-2019-ND-CP:d82"", ""36-2024-QH15:d31"", ""168-2024-ND-CP:d20"", ""168-2024-ND-CP:d25"", ""168-2024-ND-CP:d28""]",0,0.0,0,0.0,0,0.0,0,0.0,1,0.25,1,0.75,0.0667,"[""168-2024-ND-CP:d6"", ""168-2024-ND-CP:d13"", ""100-2019-ND-CP:d6"", ""168-2024-ND-CP:d7"", ""168-2024-ND-CP:d16"", ""168-2024-ND-CP:d21"", ""168-2024-ND-CP:d32"", ""168-2024-ND-CP:d20"", ""168-2024-ND-CP:d9"", ""168-2024-ND-CP:d47""]",0,0.0,0,0.0,1,0.25,1,0.5,1,0.5,1,0.5,0.25,"[""168-2024-ND-CP:d34"", ""168-2024-ND-CP:d32"", ""168-2024-ND-CP:d12"", ""100-2019-ND-CP:d30"", ""100-2019-ND-CP:d33"", ""168-2024-ND-CP:d8"", ""168-2024-ND-CP:d7"", ""100-2019-ND-CP:d7"", ""100-2019-ND-CP:d5"", ""100-2019-ND-CP:d18""]",0,0.0,0,0.0,0,0.0,1,0.25,1,0.25,1,0.5,0.1429
493,"[""36-2024-QH15:d33"", ""36-2024-QH15:d23"", ""168-2024-ND-CP:d27"", ""168-2024-ND-CP:d26"", ""100-2019-ND-CP:d6"", ""36-2024-QH15:d46"", ""36-2024-QH15:d10"", ""168-2024-ND-CP:d18"", ""36-2024-QH15:d2"", ""36-2024-QH15:d56""]",0,0.0,0,0.0,0,0.0,0,0.0,0,0.0,1,0.5,0.0357,"[""168-2024-ND-CP:d19"", ""36-2024-QH15:d10"", ""36-2024-QH15:d23"", ""36-2024-QH15:d56"", ""168-2024-ND-CP:d27"", ""36-2024-QH15:d62"", ""36-2024-QH15:d33"", ""168-2024-ND-CP:d18"", ""168-2024-ND-CP:d14"", ""36-2024-QH15:d46""]",0,0.0,0,0.0,0,0.0,1,0.25,1,0.25,1,0.5,0.1667,"[""168-2024-ND-CP:d7"", ""168-2024-ND-CP:d21"", ""168-2024-ND-CP:d6"", ""168-2024-ND-CP:d13"", ""168-2024-ND-CP:d27"", ""36-2024-QH15:d33"", ""100-2019-ND-CP:d6"", ""168-2024-ND-CP:d14"", ""168-2024-ND-CP:d17"", ""168-2024-ND-CP:d20""]",0,0.0,0,0.0,0,0.0,0,0.0,0,0.0,0,0.0,0.0,"[""168-2024-ND-CP:d7"", ""168-2024-ND-CP:d32"", ""36-2024-QH15:d33"", ""168-2024-ND-CP:d6"", ""168-2024-ND-CP:d34"", ""36-2024-QH15:d62"", ""168-2024-ND-CP:d17"", ""100-2019-ND-CP:d30"", ""168-2024-ND-CP:d12"", ""100-2019-ND-CP:d34""]",0,0.0,0,0.0,0,0.0,1,0.25,1,0.25,1,0.25,0.1667
494,"[""168-2024-ND-CP:d26"", ""100-2019-ND-CP:d37"", ""100-2019-ND-CP:d6"", ""168-2024-ND-CP:d6"", ""168-2024-ND-CP:d20"", ""168-2024-ND-CP:d7"", ""168-2024-ND-CP:d39"", ""168-2024-ND-CP:d27"", ""100-2019-ND-CP:d7"", ""100-2019-ND-CP:d5""]",0,0.0,0,0.0,0,0.0,1,0.1429,1,0.1429,1,0.4286,0.1667,"[""168-2024-ND-CP:d19"", ""36-2024-QH15:d10"", ""168-2024-ND-CP:d30"", ""168-2024-ND-CP:d25"", ""168-2024-ND-CP:d5"", ""36-2024-QH15:d62"", ""168-2024-ND-CP:d29"", ""100-2019-ND-CP:d62"", ""168-2024-ND-CP:d27"", ""100-2019-ND-CP:d81""]",0,0.0,0,0.0,0,0.0,0,0.0,0,0.0,0,0.0,0.0,"[""168-2024-ND-CP:d13"", ""168-2024-ND-CP:d6"", ""168-2024-ND-CP:d7"", ""168-2024-ND-CP:d20"", ""168-2024-ND-CP:d14"", ""168-2024-ND-CP:d21"", ""168-2024-ND-CP:d27"", ""168-2024-ND-CP:d18"", ""168-2024-ND-CP:d32"", ""168-2024-ND-CP:d34""]",0,0.0,1,0.1429,1,0.1429,1,0.2857,1,0.2857,1,0.2857,0.3333,"[""168-2024-ND-CP:d34"", ""100-2019-ND-CP:d33"", ""168-2024-ND-CP:d20"", ""168-2024-ND-CP:d32"", ""168-2024-ND-CP:d6"", ""100-2019-ND-CP:d18"", ""100-2019-ND-CP:d7"", ""100-2019-ND-CP:d16"", ""100-2019-ND-CP:d5"", ""168-2024-ND-CP:d22""]",0,0.0,0,0.0,1,0.1429,1,0.1429,1,0.2857,1,0.4286,0.25
496,"[""168-2024-ND-CP:d20"", ""168-2024-ND-CP:d26"", ""100-2019-ND-CP:d31"", ""36-2024-QH15:d30"", ""168-2024-ND-CP:d27"", ""36-2024-QH15:d46"", ""100-2019-ND-CP:d23"", ""168-2024-ND-CP:d18"", ""36-2024-QH15:d10"", ""36-2024-QH15:d23""]",0,0.0,0,0.0,0,0.0,1,0.1667,1,0.1667,1,0.5,0.125,"[""36-2024-QH15:d10"", ""100-2019-ND-CP:d22"", ""168-2024-ND-CP:d19"", ""168-2024-ND-CP:d27"", ""01-2021-ND:d9"", ""36-2024-QH15:d30"", ""36-2024-QH15:d46"", ""168-2025-ND:d9"", ""100-2019-ND-CP:d31"", ""168-2024-ND-CP:d20""]",0,0.0,0,0.0,0,0.0,0,0.0,1,0.3333,1,0.3333,0.0625,"[""168-2024-ND-CP:d20"", ""168-2024-ND-CP:d6"", ""168-2024-ND-CP:d7"", ""168-2024-ND-CP:d13"", ""168-2024-ND-CP:d32"", ""168-2025-ND:d50"", ""100-2019-ND-CP:d6"", ""168-2024-ND-CP:d21"", ""168-2024-ND-CP:d27"", ""168-2025-ND:d51""]",0,0.0,0,0.0,1,0.3333,1,0.3333,1,0.6667,1,0.6667,0.25,"[""100-2019-ND-CP:d18"", ""168-2024-ND-CP:d20"", ""168-2024-ND-CP:d34"", ""100-2019-ND-CP:d16"", ""168-2024-ND-CP:d32"", ""168-2024-ND-CP:d15"", ""168-2024-ND-CP:d17"", ""100-2019-ND-CP:d7"", ""100-2019-ND-CP:d33"", ""168-2024-ND-CP:d50""]",0,0.0,0,0.0,1,0.1667,1,0.1667,1,0.3333,1,0.5,0.2
497,"[""168-2025-ND:d12"", ""168-2025-ND:d93"", ""168-2024-ND-CP:d26"", ""168-2024-ND-CP:d51"", ""168-2024-ND-CP:d6"", ""36-2024-QH15:d46"", ""168-2024-ND-CP:d20"", ""59-2020-QH14:d149"", ""59-2020-QH14:d150"", ""168-2024-ND-CP:d7""]",0,0.0,0,0.0,1,0.1111,1,0.2222,1,0.3333,1,0.5556,0.2,"[""01-2021-ND:d12"", ""168-2025-ND:d12"", ""168-2025-ND:d93"", ""168-2025-ND:d94"", ""168-2024-ND-CP:d51"", ""01-2021-ND:d45"", ""36-2024-QH15:d10"", ""59-2020-QH14:d26"", ""36-2024-QH15:d46"", ""168-2024-ND-CP:d50""]",0,0.0,0,0.0,0,0.0,1,0.1111,1,0.1111,1,0.6667,0.1,"[""100-2019-ND-CP:d6"", ""168-2024-ND-CP:d6"", ""168-2024-ND-CP:d7"", ""168-2024-ND-CP:d20"", ""168-2024-ND-CP:d32"", ""168-2024-ND-CP:d21"", ""168-2025-ND:d31"", ""168-2024-ND-CP:d13"", ""168-2024-ND-CP:d47"", ""100-2019-ND-CP:d8""]",0,0.0,1,0.2222,1,0.2222,1,0.3333,1,0.3333,1,0.3333,0.5,"[""100-2019-ND-CP:d7"", ""100-2019-ND-CP:d35"", ""100-2019-ND-CP:d18"", ""168-2024-ND-CP:d29"", ""168-2024-ND-CP:d10"", ""100-2019-ND-CP:d9"", ""100-2019-ND-CP:d43"", ""168-2024-ND-CP:d37"", ""100-2019-ND-CP:d30"", ""100-2019-ND-CP:d24""]",0,0.0,0,0.0,0,0.0,1,0.1111,1,0.1111,1,0.1111,0.1429
499,"[""168-2024-ND-CP:d20"", ""168-2024-ND-CP:d26"", ""168-2024-ND-CP:d48"", ""168-2024-ND-CP:d27"", ""168-2024-ND-CP:d3"", ""100-2019-ND-CP:d82"", ""168-2024-ND-CP:d47"", ""36-2024-QH15:d46"", ""100-2019-ND-CP:d81"", ""100-2019-ND-CP:d6""]",0,0.0,0,0.0,0,0.0,0,0.0,0,0.0,1,1.0,0.04,"[""100-2019-ND-CP:d82"", ""168-2024-ND-CP:d48"", ""36-2024-QH15:d58"", ""168-2024-ND-CP:d5"", ""168-2024-ND-CP:d25"", ""100-2019-ND-CP:d81"", ""168-2024-ND-CP:d20"", ""36-2024-QH15:d56"", ""168-2024-ND-CP:d28"", ""36-2024-QH15:d62""]",0,0.0,0,0.0,0,0.0,0,0.0,0,0.0,1,1.0,0.0417,"[""168-2024-ND-CP:d13"", ""168-2024-ND-CP:d32"", ""168-2024-ND-CP:d6"", ""168-2024-ND-CP:d14"", ""168-2024-ND-CP:d20"", ""168-2024-ND-CP:d7"", ""168-2024-ND-CP:d21"", ""168-2024-ND-CP:d12"", ""168-2024-ND-CP:d17"", ""168-2024-ND-CP:d48""]",0,0.0,0,0.0,1,0.5,1,0.5,1,1.0,1,1.0,0.25,"[""168-2024-ND-CP:d34"", ""36-2024-QH15:d58"", ""168-2024-ND-CP:d32"", ""36-2024-QH15:d62"", ""100-2019-ND-CP:d7"", ""168-2024-ND-CP:d20"", ""36-2024-QH15:d56"", ""100-2019-ND-CP:d33"", ""100-2019-ND-CP:d18"", ""168-2024-ND-CP:d29""]",0,0.0,0,0.0,0,0.0,0,0.0,1,0.5,1,0.5,0.0526
500,"[""36-2024-QH15:d2"", ""23-2022-ND:d23"", ""36-2024-QH15:d10"", ""36-2024-QH15:d13"", ""59-2020-QH14:d4"", ""168-2024-ND-CP:d7"", ""168-2024-ND-CP:d6"", ""36-2024-QH15:d25"", ""100-2019-ND-CP:d6"", ""168-2024-ND-CP:d8""]",0,0.0,0,0.0,1,0.5,1,1.0,1,1.0,1,1.0,0.25,"[""36-2024-QH15:d13"", ""23-2022-ND:d23"", ""36-2024-QH15:d2"", ""36-2024-QH15:d10"", ""36-2024-QH15:d25"", ""59-2020-QH14:d4"", ""36-2024-QH15:d14"", ""168-2024-ND-CP:d7"", ""100-2019-ND-CP:d35"", ""168-2024-ND-CP:d6""]",1,0.5,1,0.5,1,0.5,1,1.0,1,1.0,1,1.0,1.0,"[""100-2019-ND-CP:d6"", ""168-2024-ND-CP:d7"", ""168-2024-ND-CP:d6"", ""100-2019-ND-CP:d5"", ""168-2024-ND-CP:d47"", ""100-2019-ND-CP:d19"", ""168-2024-ND-CP:d27"", ""36-2024-QH15:d46"", ""168-2024-ND-CP:d32"", ""168-2024-ND-CP:d8""]",0,0.0,1,0.5,1,0.5,1,0.5,1,0.5,1,0.5,0.5,"[""36-2024-QH15:d13"", ""36-2024-QH15:d17"", ""36-2024-QH15:d12"", ""36-2024-QH15:d10"", ""36-2024-QH15:d52"", ""36-2024-QH15:d16"", ""100-2019-ND-CP:d7"", ""36-2024-QH15:d25"", ""168-2024-ND-CP:d8"", ""36-2024-QH15:d14""]",1,0.5,1,0.5,1,0.5,1,0.5,1,0.5,1,1.0,1.0
501,"[""100-2019-ND-CP:d7"", ""100-2019-ND-CP:d5"", ""168-2024-ND-CP:d8"", ""36-2024-QH15:d14"", ""36-2024-QH15:d15"", ""168-2024-ND-CP:d6"", ""36-2024-QH15:d30"", ""36-2024-QH15:d18"", ""100-2019-ND-CP:d6"", ""168-2024-ND-CP:d7""]",0,0.0,0,0.0,1,0.3333,1,1.0,1,1.0,1,1.0,0.2,"[""36-2024-QH15:d16"", ""36-2024-QH15:d15"", ""36-2024-QH15:d14"", ""36-2024-QH15:d31"", ""36-2024-QH15:d30"", ""36-2024-QH15:d32"", ""100-2019-ND-CP:d7"", ""36-2024-QH15:d18"", ""100-2019-ND-CP:d5"", ""36-2024-QH15:d1""]",0,0.0,1,0.3333,1,0.3333,1,0.3333,1,1.0,1,1.0,0.5,"[""168-2024-ND-CP:d6"", ""168-2024-ND-CP:d7"", ""168-2024-ND-CP:d9"", ""100-2019-ND-CP:d5"", ""100-2019-ND-CP:d6"", ""100-2019-ND-CP:d7"", ""168-2024-ND-CP:d8"", ""100-2019-ND-CP:d8"", ""168-2024-ND-CP:d21"", ""168-2024-ND-CP:d47""]",1,0.3333,1,0.6667,1,0.6667,1,0.6667,1,0.6667,1,0.6667,1.0,"[""36-2024-QH15:d10"", ""36-2024-QH15:d13"", ""36-2024-QH15:d14"", ""36-2024-QH15:d17"", ""168-2024-ND-CP:d10"", ""36-2024-QH15:d22"", ""100-2019-ND-CP:d9"", ""36-2024-QH15:d78"", ""36-2024-QH15:d30"", ""36-2024-QH15:d79""]",0,0.0,0,0.0,0,0.0,0,0.0,0,0.0,1,0.3333,0.0435
503,"[""100-2019-ND-CP:d37"", ""100-2019-ND-CP:d21"", ""168-2024-ND-CP:d27"", ""168-2024-ND-CP:d39"", ""168-2024-ND-CP:d26"", ""168-2024-ND-CP:d18"", ""36-2024-QH15:d46"", ""100-2019-ND-CP:d23"", ""168-2024-ND-CP:d20"", ""100-2019-ND-CP:d6""]",0,0.0,0,0.0,0,0.0,1,0.3333,1,0.6667,1,1.0,0.1667,"[""100-2019-ND-CP:d21"", ""100-2019-ND-CP:d22"", ""100-2019-ND-CP:d37"", ""36-2024-QH15:d59"", ""168-2024-ND-CP:d27"", ""168-2024-ND-CP:d19"", ""168-2024-ND-CP:d18"", ""36-2024-QH15:d46"", ""168-2024-ND-CP:d25"", ""100-2019-ND-CP:d23""]",0,0.0,0,0.0,1,0.3333,1,0.6667,1,0.6667,1,0.6667,0.25,"[""168-2024-ND-CP:d6"", ""100-2019-ND-CP:d6"", ""168-2024-ND-CP:d7"", ""168-2024-ND-CP:d8"", ""168-2024-ND-CP:d20"", ""100-2019-ND-CP:d8"", ""100-2019-ND-CP:d7"", ""100-2019-ND-CP:d37"", ""168-2024-ND-CP:d9"", ""100-2019-ND-CP:d23""]",0,0.0,0,0.0,0,0.0,0,0.0,1,0.6667,1,0.6667,0.0667,"[""168-2024-ND-CP:d18"", ""100-2019-ND-CP:d21"", ""168-2024-ND-CP:d27"", ""168-2024-ND-CP:d7"", ""168-2024-ND-CP:d6"", ""168-2024-ND-CP:d34"", ""168-2024-ND-CP:d32"", ""168-2024-ND-CP:d17"", ""168-2024-ND-CP:d20"", ""36-2024-QH15:d10""]",1,0.3333,1,0.3333,1,0.3333,1,0.6667,1,0.6667,1,0.6667,1.0
512,"[""100-2019-ND-CP:d55"", ""36-2024-QH15:d9"", ""168-2024-ND-CP:d3"", ""36-2024-QH15:d71"", ""168-2024-ND-CP:d50"", ""168-2024-ND-CP:d26"", ""168-2024-ND-CP:d21"", ""100-2019-ND-CP:d12"", ""168-2024-ND-CP:d51"", ""100-2019-ND-CP:d61""]",0,0.0,1,0.5,1,0.5,1,0.5,1,1.0,1,1.0,0.5,"[""100-2019-ND-CP:d55"", ""36-2024-QH15:d71"", ""168-2024-ND-CP:d50"", ""168-2024-ND-CP:d51"", ""168-2024-ND-CP:d1"", ""59-2020-QH14:d174"", ""36-2024-QH15:d3"", ""36-2024-QH15:d58"", ""168-2024-ND-CP:d48"", ""36-2024-QH15:d67""]",0,0.0,0,0.0,0,0.0,0,0.0,0,0.0,1,0.5,0.0435,"[""168-2024-ND-CP:d47"", ""168-2024-ND-CP:d26"", ""168-2025-ND:d69"", ""100-2019-ND-CP:d39"", ""100-2019-ND-CP:d80"", ""168-2024-ND-CP:d20"", ""168-2024-ND-CP:d21"", ""168-2024-ND-CP:d52"", ""23-2022-ND:d29"", ""168-2024-ND-CP:d12""]",0,0.0,0,0.0,0,0.0,1,0.5,1,0.5,1,0.5,0.1,"[""100-2019-ND-CP:d60"", ""100-2019-ND-CP:d44"", ""100-2019-ND-CP:d38"", ""100-2019-ND-CP:d47"", ""100-2019-ND-CP:d48"", ""168-2024-ND-CP:d40"", ""47-2021-ND:d33"", ""100-2019-ND-CP:d39"", ""100-2019-ND-CP:d50"", ""100-2019-ND-CP:d61""]",0,0.0,0,0.0,0,0.0,0,0.0,0,0.0,0,0.0,0.0
521,"[""100-2019-ND-CP:d82"", ""168-2024-ND-CP:d48"", ""168-2024-ND-CP:d14"", ""168-2024-ND-CP:d13"", ""100-2019-ND-CP:d56"", ""168-2024-ND-CP:d5"", ""168-2024-ND-CP:d3"", ""100-2019-ND-CP:d81"", ""168-2024-ND-CP:d16"", ""100-2019-ND-CP:d17""]",0,0.0,1,0.3333,1,0.3333,1,0.3333,1,1.0,1,1.0,0.3333,"[""100-2019-ND-CP:d82"", ""168-2024-ND-CP:d48"", ""168-2024-ND-CP:d5"", ""168-2024-ND-CP:d14"", ""100-2019-ND-CP:d81"", ""100-2019-ND-CP:d56"", ""100-2019-ND-CP:d62"", ""100-2019-ND-CP:d17"", ""168-2024-ND-CP:d13"", ""36-2024-QH15:d58""]",0,0.0,0,0.0,1,0.3333,1,0.3333,1,0.3333,1,0.3333,0.25,"[""168-2024-ND-CP:d21"", ""168-2024-ND-CP:d6"", ""168-2024-ND-CP:d13"", ""168-2024-ND-CP:d32"", ""168-2024-ND-CP:d7"", ""168-2024-ND-CP:d20"", ""168-2024-ND-CP:d14"", ""168-2024-ND-CP:d3"", ""100-2019-ND-CP:d62"", ""168-2024-ND-CP:d48""]",0,0.0,0,0.0,1,0.3333,1,0.6667,1,1.0,1,1.0,0.2,"[""100-2019-ND-CP:d25"", ""100-2019-ND-CP:d18"", ""168-2024-ND-CP:d32"", ""168-2024-ND-CP:d8"", ""168-2024-ND-CP:d34"", ""100-2019-ND-CP:d7"", ""100-2019-ND-CP:d33"", ""168-2024-ND-CP:d40"", ""100-2019-ND-CP:d5"", ""168-2024-ND-CP:d23""]",0,0.0,0,0.0,0,0.0,0,0.0,0,0.0,0,0.0,0.0
522,"[""100-2019-ND-CP:d6"", ""168-2024-ND-CP:d7"", ""168-2024-ND-CP:d6"", ""100-2019-ND-CP:d7"", ""100-2019-ND-CP:d5"", ""100-2019-ND-CP:d4"", ""100-2019-ND-CP:d66"", ""168-2024-ND-CP:d27"", ""168-2024-ND-CP:d20"", ""100-2019-ND-CP:d34""]",0,0.0,1,0.3333,1,0.3333,1,0.3333,1,0.6667,1,0.6667,0.3333,"[""36-2024-QH15:d62"", ""36-2024-QH15:d58"", ""168-2024-ND-CP:d27"", ""168-2024-ND-CP:d19"", ""36-2024-QH15:d10"", ""168-2024-ND-CP:d35"", ""168-2025-ND:d70"", ""36-2024-QH15:d2"", ""100-2019-ND-CP:d34"", ""168-2024-ND-CP:d25""]",1,0.3333,1,0.3333,1,0.3333,1,0.3333,1,0.3333,1,0.3333,1.0,"[""100-2019-ND-CP:d81"", ""168-2024-ND-CP:d6"", ""168-2024-ND-CP:d27"", ""168-2024-ND-CP:d5"", ""168-2024-ND-CP:d13"", ""168-2024-ND-CP:d34"", ""168-2024-ND-CP:d7"", ""168-2024-ND-CP:d20"", ""168-2024-ND-CP:d28"", ""168-2024-ND-CP:d32""]",0,0.0,1,0.3333,1,0.3333,1,0.3333,1,0.6667,1,0.6667,0.5,"[""168-2024-ND-CP:d22"", ""168-2024-ND-CP:d34"", ""100-2019-ND-CP:d33"", ""168-2024-ND-CP:d32"", ""168-2024-ND-CP:d20"", ""168-2024-ND-CP:d23"", ""100-2019-ND-CP:d25"", ""168-2024-ND-CP:d35"", ""168-2024-ND-CP:d29"", ""168-2024-ND-CP:d30""]",0,0.0,0,0.0,0,0.0,0,0.0,1,0.6667,1,0.6667,0.0909
525,"[""100-2019-ND-CP:d6"", ""168-2024-ND-CP:d7"", ""100-2019-ND-CP:d5"", ""168-2024-ND-CP:d6"", ""100-2019-ND-CP:d7"", ""168-2024-ND-CP:d9"", ""168-2024-ND-CP:d8"", ""100-2019-ND-CP:d8"", ""44-2025-ND:d33"", ""100-2019-ND-CP:d16""]",0,0.0,0,0.0,1,0.3333,1,0.3333,1,0.3333,1,0.3333,0.25,"[""89-2024-ND:d14"", ""100-2019-ND-CP:d6"", ""168-2024-ND-CP:d7"", ""168-2025-ND:d120"", ""100-2019-ND-CP:d66"", ""100-2019-ND-CP:d5"", ""168-2024-ND-CP:d6"", ""248-2025-ND:d11"", ""100-2019-ND-CP:d7"", ""36-2024-QH15:d38""]",0,0.0,0,0.0,0,0.0,1,0.3333,1,0.3333,1,0.3333,0.1429,"[""168-2024-ND-CP:d6"", ""100-2019-ND-CP:d7"", ""168-2024-ND-CP:d8"", ""100-2019-ND-CP:d6"", ""168-2024-ND-CP:d40"", ""168-2024-ND-CP:d7"", ""168-2024-ND-CP:d32"", ""168-2024-ND-CP:d9"", ""168-2024-ND-CP:d13"", ""168-2024-ND-CP:d52""]",1,0.3333,1,0.3333,1,0.3333,1,0.3333,1,0.3333,1,0.6667,1.0,"[""36-2024-QH15:d88"", ""168-2024-ND-CP:d53"", ""36-2024-QH15:d40"", ""100-2019-ND-CP:d84"", ""168-2024-ND-CP:d34"", ""168-2024-ND-CP:d18"", ""100-2019-ND-CP:d33"", ""168-2024-ND-CP:d20"", ""168-2024-ND-CP:d52"", ""36-2024-QH15:d89""]",0,0.0,0,0.0,0,0.0,0,0.0,1,0.3333,1,0.3333,0.0588
526,"[""168-2024-ND-CP:d6"", ""36-2024-QH15:d14"", ""168-2024-ND-CP:d8"", ""100-2019-ND-CP:d5"", ""168-2024-ND-CP:d7"", ""36-2024-QH15:d13"", ""100-2019-ND-CP:d6"", ""36-2024-QH15:d30"", ""100-2019-ND-CP:d7"", ""36-2024-QH15:d18""]",1,0.3333,1,0.3333,1,0.3333,1,0.3333,1,0.3333,1,0.3333,1.0,"[""36-2024-QH15:d13"", ""36-2024-QH15:d14"", ""168-2024-ND-CP:d6"", ""36-2024-QH15:d10"", ""168-2024-ND-CP:d8"", ""100-2019-ND-CP:d5"", ""168-2024-ND-CP:d7"", ""100-2019-ND-CP:d6"", ""36-2024-QH15:d25"", ""100-2019-ND-CP:d7""]",0,0.0,1,0.3333,1,0.3333,1,0.3333,1,0.3333,1,0.3333,0.3333,"[""168-2024-ND-CP:d6"", ""100-2019-ND-CP:d6"", ""100-2019-ND-CP:d5"", ""168-2024-ND-CP:d7"", ""168-2024-ND-CP:d47"", ""168-2024-ND-CP:d8"", ""100-2019-ND-CP:d7"", ""100-2019-ND-CP:d8"", ""100-2019-ND-CP:d80"", ""100-2019-ND-CP:d23""]",1,0.3333,1,0.3333,1,0.6667,1,0.6667,1,0.6667,1,0.6667,1.0,"[""36-2024-QH15:d16"", ""36-2024-QH15:d13"", ""36-2024-QH15:d22"", ""36-2024-QH15:d14"", ""36-2024-QH15:d17"", ""36-2024-QH15:d10"", ""36-2024-QH15:d66"", ""36-2024-QH15:d15"", ""36-2024-QH15:d11"", ""36-2024-QH15:d26""]",0,0.0,0,0.0,0,0.0,0,0.0,0,0.0,0,0.0,0.0
527,"[""100-2019-ND-CP:d15"", ""36-2024-QH15:d43"", ""100-2019-ND-CP:d4"", ""100-2019-ND-CP:d37"", ""168-2024-ND-CP:d39"", ""36-2024-QH15:d18"", ""36-2024-QH15:d42"", ""100-2019-ND-CP:d28"", ""23-2022-ND:d30"", ""36-2024-QH15:d52""]",0,0.0,1,0.5,1,0.5,1,1.0,1,1.0,1,1.0,0.5,"[""01-2021-ND:d37"", ""36-2024-QH15:d43"", ""36-2024-QH15:d64"", ""100-2019-ND-CP:d38"", ""23-2022-ND:d30"", ""168-2024-ND-CP:d51"", ""36-2024-QH15:d61"", ""36-2024-QH15:d75"", ""36-2024-QH15:d7"", ""100-2019-ND-CP:d37""]",0,0.0,1,0.5,1,0.5,1,0.5,1,1.0,1,1.0,0.5,"[""36-2024-QH15:d71"", ""168-2024-ND-CP:d32"", ""168-2024-ND-CP:d47"", ""168-2024-ND-CP:d21"", ""36-2024-QH15:d43"", ""100-2019-ND-CP:d38"", ""168-2024-ND-CP:d40"", ""36-2024-QH15:d39"", ""100-2019-ND-CP:d24"", ""100-2019-ND-CP:d80""]",0,0.0,0,0.0,1,0.5,1,0.5,1,0.5,1,1.0,0.2,"[""36-2024-QH15:d89"", ""36-2024-QH15:d40"", ""168-2025-ND:d117"", ""168-2024-ND-CP:d53"", ""36-2024-QH15:d62"", ""36-2024-QH15:d88"", ""168-2025-ND:d103"", ""01-2021-ND:d91"", ""100-2019-ND-CP:d81"", ""168-2024-ND-CP:d40""]",0,0.0,0,0.0,0,0.0,0,0.0,0,0.0,0,0.0,0.0
535,"[""36-2024-QH15:d14"", ""36-2024-QH15:d15"", ""36-2024-QH15:d11"", ""168-2024-ND-CP:d8"", ""168-2024-ND-CP:d6"", ""168-2024-ND-CP:d7"", ""100-2019-ND-CP:d5"", ""36-2024-QH15:d27"", ""100-2019-ND-CP:d6"", ""100-2019-ND-CP:d47""]",0,0.0,1,0.3333,1,0.6667,1,1.0,1,1.0,1,1.0,0.3333,"[""36-2024-QH15:d15"", ""36-2024-QH15:d14"", ""36-2024-QH15:d11"", ""168-2024-ND-CP:d7"", ""168-2024-ND-CP:d8"", ""168-2024-ND-CP:d6"", ""36-2024-QH15:d13"", ""36-2024-QH15:d25"", ""36-2024-QH15:d27"", ""100-2019-ND-CP:d47""]",0,0.0,1,0.3333,1,0.6667,1,1.0,1,1.0,1,1.0,0.3333,"[""100-2019-ND-CP:d39"", ""36-2024-QH15:d11"", ""100-2019-ND-CP:d6"", ""168-2024-ND-CP:d6"", ""168-2024-ND-CP:d7"", ""100-2019-ND-CP:d5"", ""168-2024-ND-CP:d8"", ""100-2019-ND-CP:d29"", ""168-2024-ND-CP:d31"", ""100-2019-ND-CP:d15""]",0,0.0,1,0.3333,1,1.0,1,1.0,1,1.0,1,1.0,0.5,"[""100-2019-ND-CP:d39"", ""36-2024-QH15:d20"", ""36-2024-QH15:d24"", ""36-2024-QH15:d11"", ""36-2024-QH15:d26"", ""36-2024-QH15:d21"", ""168-2024-ND-CP:d15"", ""100-2019-ND-CP:d47"", ""100-2019-ND-CP:d44"", ""36-2024-QH15:d16""]",0,0.0,0,0.0,1,0.3333,1,0.3333,1,0.3333,1,0.3333,0.25
537,"[""36-2024-QH15:d56"", ""100-2019-ND-CP:d21"", ""168-2024-ND-CP:d18"", ""168-2024-ND-CP:d20"", ""100-2019-ND-CP:d23"", ""36-2024-QH15:d30"", ""168-2024-ND-CP:d48"", ""100-2019-ND-CP:d11"", ""100-2019-ND-CP:d22"", ""168-2024-ND-CP:d12""]",1,0.5,1,1.0,1,1.0,1,1.0,1,1.0,1,1.0,1.0,"[""36-2024-QH15:d56"", ""100-2019-ND-CP:d21"", ""100-2019-ND-CP:d22"", ""168-2024-ND-CP:d18"", ""168-2024-ND-CP:d48"", ""36-2024-QH15:d54"", ""36-2024-QH15:d50"", ""168-2024-ND-CP:d33"", ""100-2019-ND-CP:d32"", ""36-2024-QH15:d16""]",1,0.5,1,0.5,1,1.0,1,1.0,1,1.0,1,1.0,1.0,"[""36-2024-QH15:d55"", ""168-2024-ND-CP:d21"", ""168-2024-ND-CP:d32"", ""168-2025-ND:d121"", ""168-2025-ND:d31"", ""168-2025-ND:d95"", ""36-2024-QH15:d52"", ""100-2019-ND-CP:d31"", ""100-2019-ND-CP:d39"", ""168-2025-ND:d50""]",0,0.0,0,0.0,0,0.0,0,0.0,0,0.0,1,0.5,0.0333,"[""36-2024-QH15:d39"", ""36-2024-QH15:d35"", ""168-2025-ND:d112"", ""168-2025-ND:d95"", ""36-2024-QH15:d56"", ""168-2025-ND:d94"", ""36-2024-QH15:d13"", ""168-2025-ND:d115"", ""168-2025-ND:d122"", ""168-2025-ND:d38""]",0,0.0,0,0.0,1,0.5,1,0.5,1,0.5,1,0.5,0.2
541,"[""100-2019-ND-CP:d47"", ""36-2024-QH15:d11"", ""36-2024-QH15:d24"", ""100-2019-ND-CP:d6"", ""168-2024-ND-CP:d9"", ""36-2024-QH15:d30"", ""168-2024-ND-CP:d7"", ""100-2019-ND-CP:d8"", ""168-2024-ND-CP:d6"", ""100-2019-ND-CP:d5""]",0,0.0,1,0.5,1,0.5,1,1.0,1,1.0,1,1.0,0.5,"[""100-2019-ND-CP:d47"", ""36-2024-QH15:d24"", ""36-2024-QH15:d11"", ""36-2024-QH15:d30"", ""100-2019-ND-CP:d6"", ""168-2024-ND-CP:d7"", ""168-2024-ND-CP:d9"", ""36-2024-QH15:d25"", ""168-2024-ND-CP:d6"", ""168-2024-ND-CP:d36""]",0,0.0,1,0.5,1,0.5,1,1.0,1,1.0,1,1.0,0.3333,"[""168-2024-ND-CP:d6"", ""168-2024-ND-CP:d13"", ""100-2019-ND-CP:d7"", ""100-2019-ND-CP:d39"", ""100-2019-ND-CP:d6"", ""100-2019-ND-CP:d8"", ""168-2024-ND-CP:d7"", ""168-2024-ND-CP:d8"", ""168-2024-ND-CP:d9"", ""100-2019-ND-CP:d5""]",0,0.0,0,0.0,0,0.0,1,0.5,1,1.0,1,1.0,0.1429,"[""36-2024-QH15:d20"", ""36-2024-QH15:d24"", ""100-2019-ND-CP:d39"", ""36-2024-QH15:d21"", ""168-2024-ND-CP:d15"", ""36-2024-QH15:d26"", ""36-2024-QH15:d16"", ""36-2024-QH15:d19"", ""36-2024-QH15:d66"", ""100-2019-ND-CP:d47""]",0,0.0,0,0.0,0,0.0,0,0.0,1,0.5,1,0.5,0.0667
547,"[""100-2019-ND-CP:d7"", ""168-2024-ND-CP:d8"", ""36-2024-QH15:d19"", ""168-2024-ND-CP:d6"", ""100-2019-ND-CP:d5"", ""36-2024-QH15:d23"", ""100-2019-ND-CP:d33"", ""100-2019-ND-CP:d47"", ""100-2019-ND-CP:d4"", ""36-2024-QH15:d56""]",0,0.0,1,0.3333,1,0.6667,1,0.6667,1,0.6667,1,0.6667,0.3333,"[""36-2024-QH15:d19"", ""36-2024-QH15:d63"", ""59-2020-QH14:d107"", ""59-2020-QH14:d173"", ""100-2019-ND-CP:d7"", ""36-2024-QH15:d62"", ""36-2024-QH15:d56"", ""168-2024-ND-CP:d19"", ""36-2024-QH15:d61"", ""100-2019-ND-CP:d22""]",1,0.3333,1,0.3333,1,0.3333,1,0.3333,1,0.3333,1,0.3333,1.0,"[""168-2024-ND-CP:d6"", ""168-2024-ND-CP:d21"", ""168-2024-ND-CP:d32"", ""168-2024-ND-CP:d7"", ""100-2019-ND-CP:d5"", ""100-2019-ND-CP:d7"", ""100-2019-ND-CP:d24"", ""100-2019-ND-CP:d33"", ""168-2024-ND-CP:d8"", ""100-2019-ND-CP:d6""]",1,0.3333,1,0.3333,1,0.3333,1,0.3333,1,0.3333,1,0.6667,1.0,"[""168-2024-ND-CP:d15"", ""100-2019-ND-CP:d16"", ""100-2019-ND-CP:d33"", ""100-2019-ND-CP:d7"", ""36-2024-QH15:d78"", ""100-2019-ND-CP:d25"", ""168-2024-ND-CP:d20"", ""100-2019-ND-CP:d35"", ""100-2019-ND-CP:d18"", ""168-2024-ND-CP:d17""]",0,0.0,0,0.0,0,0.0,0,0.0,1,0.3333,1,0.3333,0.0769
550,"[""168-2024-ND-CP:d27"", ""168-2024-ND-CP:d26"", ""36-2024-QH15:d30"", ""168-2024-ND-CP:d20"", ""36-2024-QH15:d10"", ""100-2019-ND-CP:d6"", ""36-2024-QH15:d33"", ""36-2024-QH15:d46"", ""168-2024-ND-CP:d7"", ""23-2022-ND:d23""]",0,0.0,0,0.0,0,0.0,0,0.0,1,0.5,1,0.5,0.0833,"[""36-2024-QH15:d10"", ""168-2024-ND-CP:d27"", ""36-2024-QH15:d30"", ""01-2021-ND:d18"", ""168-2025-ND:d14"", ""36-2024-QH15:d13"", ""168-2024-ND-CP:d20"", ""168-2024-ND-CP:d26"", ""36-2024-QH15:d46"", ""23-2022-ND:d23""]",0,0.0,0,0.0,0,0.0,1,0.5,1,0.5,1,0.5,0.1667,"[""36-2024-QH15:d30"", ""168-2024-ND-CP:d27"", ""168-2024-ND-CP:d20"", ""100-2019-ND-CP:d33"", ""100-2019-ND-CP:d80"", ""168-2024-ND-CP:d34"", ""168-2024-ND-CP:d47"", ""100-2019-ND-CP:d6"", ""100-2019-ND-CP:d23"", ""168-2024-ND-CP:d26""]",0,0.0,0,0.0,0,0.0,0,0.0,0,0.0,0,0.0,0.0,"[""100-2019-ND-CP:d9"", ""100-2019-ND-CP:d35"", ""168-2024-ND-CP:d10"", ""100-2019-ND-CP:d66"", ""100-2019-ND-CP:d33"", ""100-2019-ND-CP:d25"", ""100-2019-ND-CP:d10"", ""100-2019-ND-CP:d7"", ""36-2024-QH15:d22"", ""36-2024-QH15:d10""]",0,0.0,0,0.0,0,0.0,0,0.0,0,0.0,0,0.0,0.0
559,"[""36-2024-QH15:d46"", ""36-2024-QH15:d10"", ""36-2024-QH15:d2"", ""168-2024-ND-CP:d20"", ""100-2019-ND-CP:d6"", ""168-2024-ND-CP:d7"", ""168-2024-ND-CP:d27"", ""36-2024-QH15:d33"", ""168-2024-ND-CP:d26"", ""168-2024-ND-CP:d6""]",0,0.0,0,0.0,0,0.0,1,0.5,1,0.5,1,1.0,0.1,"[""36-2024-QH15:d10"", ""36-2024-QH15:d16"", ""36-2024-QH15:d46"", ""168-2024-ND-CP:d20"", ""36-2024-QH15:d2"", ""100-2019-ND-CP:d6"", ""100-2019-ND-CP:d23"", ""36-2024-QH15:d17"", ""168-2024-ND-CP:d7"", ""168-2024-ND-CP:d27""]",0,0.0,0,0.0,0,0.0,0,0.0,1,0.5,1,1.0,0.0769,"[""168-2024-ND-CP:d27"", ""36-2024-QH15:d33"", ""36-2024-QH15:d46"", ""100-2019-ND-CP:d6"", ""168-2024-ND-CP:d6"", ""168-2024-ND-CP:d32"", ""36-2024-QH15:d31"", ""168-2024-ND-CP:d20"", ""100-2019-ND-CP:d23"", ""89-2024-ND:d7""]",0,0.0,0,0.0,1,0.5,1,0.5,1,0.5,1,0.5,0.2,"[""36-2024-QH15:d16"", ""36-2024-QH15:d14"", ""36-2024-QH15:d17"", ""168-2024-ND-CP:d13"", ""36-2024-QH15:d18"", ""168-2024-ND-CP:d6"", ""168-2024-ND-CP:d20"", ""100-2019-ND-CP:d16"", ""168-2024-ND-CP:d15"", ""36-2024-QH15:d25""]",0,0.0,0,0.0,1,0.5,1,1.0,1,1.0,1,1.0,0.2
573,"[""36-2024-QH15:d18"", ""36-2024-QH15:d30"", ""36-2024-QH15:d31"", ""36-2024-QH15:d33"", ""100-2019-ND-CP:d8"", ""168-2024-ND-CP:d9"", ""100-2019-ND-CP:d7"", ""168-2024-ND-CP:d7"", ""100-2019-ND-CP:d6"", ""168-2024-ND-CP:d6""]",0,0.0,0,0.0,0,0.0,1,0.3333,1,0.3333,1,0.6667,0.125,"[""36-2024-QH15:d18"", ""36-2024-QH15:d31"", ""36-2024-QH15:d10"", ""36-2024-QH15:d30"", ""36-2024-QH15:d2"", ""36-2024-QH15:d32"", ""36-2024-QH15:d33"", ""36-2024-QH15:d63"", ""100-2019-ND-CP:d22"", ""36-2024-QH15:d13""]",0,0.0,0,0.0,0,0.0,1,0.3333,1,0.6667,1,0.6667,0.1,"[""36-2024-QH15:d63"", ""100-2019-ND-CP:d7"", ""100-2019-ND-CP:d19"", ""168-2024-ND-CP:d21"", ""168-2024-ND-CP:d8"", ""36-2024-QH15:d39"", ""100-2019-ND-CP:d6"", ""100-2019-ND-CP:d8"", ""168-2024-ND-CP:d7"", ""168-2024-ND-CP:d9""]",0,0.0,0,0.0,0,0.0,1,0.3333,1,0.3333,1,0.3333,0.1111,"[""36-2024-QH15:d33"", ""36-2024-QH15:d17"", ""36-2024-QH15:d42"", ""36-2024-QH15:d16"", ""36-2024-QH15:d13"", ""36-2024-QH15:d31"", ""168-2024-ND-CP:d16"", ""100-2019-ND-CP:d19"", ""168-2024-ND-CP:d7"", ""36-2024-QH15:d52""]",0,0.0,0,0.0,1,0.3333,1,0.6667,1,1.0,1,1.0,0.2
574,"[""100-2019-ND-CP:d16"", ""168-2024-ND-CP:d18"", ""36-2024-QH15:d58"", ""100-2019-ND-CP:d19"", ""168-2024-ND-CP:d51"", ""168-2024-ND-CP:d3"", ""100-2019-ND-CP:d21"", ""100-2019-ND-CP:d60"", ""168-2024-ND-CP:d13"", ""36-2024-QH15:d33""]",0,0.0,1,0.5,1,0.5,1,0.5,1,1.0,1,1.0,0.5,"[""36-2024-QH15:d58"", ""168-2024-ND-CP:d19"", ""36-2024-QH15:d62"", ""168-2024-ND-CP:d51"", ""23-2022-ND:d39"", ""36-2024-QH15:d40"", ""168-2024-ND-CP:d18"", ""100-2019-ND-CP:d21"", ""168-2024-ND-CP:d50"", ""36-2024-QH15:d47""]",0,0.0,1,0.5,1,0.5,1,1.0,1,1.0,1,1.0,0.3333,"[""36-2024-QH15:d52"", ""36-2024-QH15:d33"", ""168-2024-ND-CP:d32"", ""168-2024-ND-CP:d34"", ""168-2025-ND:d60"", ""168-2025-ND:d69"", ""100-2019-ND-CP:d33"", ""100-2019-ND-CP:d37"", ""100-2019-ND-CP:d60"", ""168-2024-ND-CP:d13""]",0,0.0,0,0.0,0,0.0,0,0.0,1,0.5,1,0.5,0.0909,"[""36-2024-QH15:d62"", ""36-2024-QH15:d89"", ""36-2024-QH15:d58"", ""168-2024-ND-CP:d34"", ""168-2024-ND-CP:d5"", ""168-2024-ND-CP:d18"", ""36-2024-QH15:d88"", ""168-2024-ND-CP:d20"", ""168-2024-ND-CP:d50"", ""36-2024-QH15:d52""]",1,0.5,1,0.5,1,0.5,1,1.0,1,1.0,1,1.0,1.0
575,"[""100-2019-ND-CP:d6"", ""168-2024-ND-CP:d7"", ""168-2024-ND-CP:d6"", ""100-2019-ND-CP:d8"", ""168-2024-ND-CP:d9"", ""36-2024-QH15:d2"", ""100-2019-ND-CP:d5"", ""168-2024-ND-CP:d27"", ""168-2024-ND-CP:d26"", ""168-2024-ND-CP:d8""]",0,0.0,1,0.3333,1,0.3333,1,0.3333,1,0.6667,1,0.6667,0.3333,"[""100-2019-ND-CP:d14"", ""36-2024-QH15:d10"", ""36-2024-QH15:d2"", ""100-2019-ND-CP:d6"", ""168-2024-ND-CP:d7"", ""100-2019-ND-CP:d45"", ""168-2024-ND-CP:d6"", ""168-2024-ND-CP:d27"", ""100-2019-ND-CP:d8"", ""100-2019-ND-CP:d66""]",0,0.0,0,0.0,0,0.0,1,0.3333,1,0.6667,1,0.6667,0.1429,"[""168-2024-ND-CP:d27"", ""168-2024-ND-CP:d6"", ""168-2024-ND-CP:d13"", ""100-2019-ND-CP:d6"", ""100-2019-ND-CP:d8"", ""36-2024-QH15:d46"", ""100-2019-ND-CP:d16"", ""100-2019-ND-CP:d14"", ""100-2019-ND-CP:d45"", ""168-2024-ND-CP:d7""]",0,0.0,1,0.3333,1,0.3333,1,0.3333,1,0.6667,1,0.6667,0.5,"[""36-2024-QH15:d12"", ""100-2019-ND-CP:d33"", ""36-2024-QH15:d10"", ""168-2024-ND-CP:d15"", ""100-2019-ND-CP:d16"", ""100-2019-ND-CP:d66"", ""100-2019-ND-CP:d7"", ""100-2019-ND-CP:d35"", ""100-2019-ND-CP:d24"", ""100-2019-ND-CP:d23""]",1,0.3333,1,0.3333,1,0.3333,1,0.3333,1,0.6667,1,0.6667,1.0
576,"[""168-2024-ND-CP:d48"", ""100-2019-ND-CP:d82"", ""100-2019-ND-CP:d81"", ""168-2024-ND-CP:d3"", ""168-2024-ND-CP:d20"", ""168-2024-ND-CP:d5"", ""168-2024-ND-CP:d26"", ""168-2024-ND-CP:d13"", ""168-2024-ND-CP:d14"", ""100-2019-ND-CP:d23""]",0,0.0,0,0.0,0,0.0,1,0.5,1,1.0,1,1.0,0.1111,"[""100-2019-ND-CP:d82"", ""168-2024-ND-CP:d48"", ""100-2019-ND-CP:d81"", ""168-2024-ND-CP:d5"", ""36-2024-QH15:d58"", ""168-2024-ND-CP:d20"", ""168-2024-ND-CP:d3"", ""36-2024-QH15:d56"", ""100-2019-ND-CP:d62"", ""36-2024-QH15:d62""]",0,0.0,0,0.0,0,0.0,0,0.0,1,1.0,1,1.0,0.0909,"[""168-2024-ND-CP:d13"", ""168-2024-ND-CP:d32"", ""168-2024-ND-CP:d48"", ""100-2019-ND-CP:d82"", ""168-2024-ND-CP:d14"", ""168-2024-ND-CP:d6"", ""168-2024-ND-CP:d20"", ""168-2024-ND-CP:d7"", ""168-2024-ND-CP:d3"", ""168-2024-ND-CP:d18""]",0,0.0,0,0.0,1,0.5,1,1.0,1,1.0,1,1.0,0.2,"[""168-2024-ND-CP:d34"", ""36-2024-QH15:d62"", ""36-2024-QH15:d89"", ""168-2024-ND-CP:d22"", ""168-2024-ND-CP:d29"", ""100-2019-ND-CP:d18"", ""168-2024-ND-CP:d20"", ""168-2024-ND-CP:d21"", ""168-2024-ND-CP:d5"", ""168-2024-ND-CP:d32""]",0,0.0,0,0.0,0,0.0,0,0.0,1,0.5,1,1.0,0.0667
577,"[""168-2024-ND-CP:d6"", ""168-2024-ND-CP:d8"", ""168-2024-ND-CP:d7"", ""100-2019-ND-CP:d6"", ""100-2019-ND-CP:d5"", ""100-2019-ND-CP:d7"", ""36-2024-QH15:d18"", ""100-2019-ND-CP:d59"", ""100-2019-ND-CP:d8"", ""168-2024-ND-CP:d9""]",1,0.25,1,0.5,1,0.5,1,0.75,1,0.75,1,0.75,1.0,"[""100-2019-ND-CP:d59"", ""36-2024-QH15:d10"", ""36-2024-QH15:d18"", ""36-2024-QH15:d26"", ""44-2025-ND:d32"", ""100-2019-ND-CP:d6"", ""36-2024-QH15:d25"", ""168-2024-ND-CP:d8"", ""168-2024-ND-CP:d6"", ""168-2024-ND-CP:d7""]",0,0.0,1,0.25,1,0.25,1,0.75,1,0.75,1,0.75,0.3333,"[""100-2019-ND-CP:d6"", ""168-2024-ND-CP:d21"", ""100-2019-ND-CP:d8"", ""100-2019-ND-CP:d23"", ""100-2019-ND-CP:d24"", ""100-2019-ND-CP:d54"", ""168-2024-ND-CP:d6"", ""100-2019-ND-CP:d12"", ""100-2019-ND-CP:d15"", ""168-2024-ND-CP:d8""]",0,0.0,0,0.0,0,0.0,1,0.25,1,0.5,1,0.5,0.1429,"[""36-2024-QH15:d18"", ""36-2024-QH15:d69"", ""36-2024-QH15:d52"", ""36-2024-QH15:d66"", ""36-2024-QH15:d22"", ""100-2019-ND-CP:d14"", ""100-2019-ND-CP:d7"", ""36-2024-QH15:d79"", ""36-2024-QH15:d17"", ""168-2024-ND-CP:d10""]",1,0.25,1,0.25,1,0.25,1,0.25,1,0.25,1,0.25,1.0
578,"[""36-2024-QH15:d18"", ""168-2024-ND-CP:d6"", ""168-2024-ND-CP:d7"", ""168-2024-ND-CP:d8"", ""100-2019-ND-CP:d5"", ""36-2024-QH15:d46"", ""168-2024-ND-CP:d9"", ""100-2019-ND-CP:d6"", ""100-2019-ND-CP:d7"", ""36-2024-QH15:d10""]",1,0.5,1,1.0,1,1.0,1,1.0,1,1.0,1,1.0,1.0,"[""36-2024-QH15:d10"", ""36-2024-QH15:d18"", ""36-2024-QH15:d46"", ""36-2024-QH15:d16"", ""36-2024-QH15:d13"", ""36-2024-QH15:d24"", ""168-2024-ND-CP:d27"", ""168-2024-ND-CP:d7"", ""36-2024-QH15:d2"", ""36-2024-QH15:d25""]",0,0.0,1,0.5,1,0.5,1,0.5,1,1.0,1,1.0,0.5,"[""36-2024-QH15:d46"", ""168-2024-ND-CP:d8"", ""168-2024-ND-CP:d6"", ""168-2024-ND-CP:d7"", ""168-2024-ND-CP:d27"", ""168-2024-ND-CP:d47"", ""100-2019-ND-CP:d6"", ""100-2019-ND-CP:d7"", ""168-2024-ND-CP:d21"", ""168-2024-ND-CP:d9""]",0,0.0,1,0.5,1,0.5,1,0.5,1,1.0,1,1.0,0.3333,"[""36-2024-QH15:d66"", ""36-2024-QH15:d16"", ""168-2024-ND-CP:d37"", ""36-2024-QH15:d21"", ""36-2024-QH15:d10"", ""100-2019-ND-CP:d35"", ""36-2024-QH15:d25"", ""36-2024-QH15:d24"", ""36-2024-QH15:d26"", ""36-2024-QH15:d14""]",0,0.0,0,0.0,0,0.0,0,0.0,0,0.0,1,0.5,0.0385
579,"[""168-2024-ND-CP:d6"", ""168-2024-ND-CP:d8"", ""36-2024-QH15:d14"", ""36-2024-QH15:d13"", ""100-2019-ND-CP:d5"", ""36-2024-QH15:d18"", ""168-2024-ND-CP:d7"", ""100-2019-ND-CP:d7"", ""36-2024-QH15:d11"", ""100-2019-ND-CP:d6""]",1,0.5,1,0.5,1,1.0,1,1.0,1,1.0,1,1.0,1.0,"[""36-2024-QH15:d13"", ""36-2024-QH15:d14"", ""168-2024-ND-CP:d6"", ""168-2024-ND-CP:d8"", ""100-2019-ND-CP:d5"", ""36-2024-QH15:d15"", ""100-2019-ND-CP:d7"", ""36-2024-QH15:d25"", ""168-2024-ND-CP:d7"", ""36-2024-QH15:d18""]",1,0.5,1,1.0,1,1.0,1,1.0,1,1.0,1,1.0,1.0,"[""168-2024-ND-CP:d6"", ""100-2019-ND-CP:d5"", ""168-2024-ND-CP:d7"", ""100-2019-ND-CP:d6"", ""100-2019-ND-CP:d7"", ""168-2024-ND-CP:d8"", ""168-2024-ND-CP:d47"", ""100-2019-ND-CP:d80"", ""100-2019-ND-CP:d30"", ""168-2024-ND-CP:d32""]",1,0.5,1,0.5,1,0.5,1,0.5,1,1.0,1,1.0,1.0,"[""36-2024-QH15:d13"", ""36-2024-QH15:d22"", ""36-2024-QH15:d16"", ""36-2024-QH15:d14"", ""36-2024-QH15:d17"", ""36-2024-QH15:d15"", ""36-2024-QH15:d11"", ""36-2024-QH15:d10"", ""36-2024-QH15:d24"", ""36-2024-QH15:d66""]",1,0.5,1,0.5,1,0.5,1,0.5,1,0.5,1,0.5,1.0
580,"[""168-2024-ND-CP:d27"", ""36-2024-QH15:d46"", ""168-2024-ND-CP:d26"", ""36-2024-QH15:d10"", ""36-2024-QH15:d30"", ""36-2024-QH15:d31"", ""36-2024-QH15:d2"", ""100-2019-ND-CP:d6"", ""168-2024-ND-CP:d7"", ""168-2024-ND-CP:d20""]",0,0.0,0,0.0,0,0.0,0,0.0,0,0.0,1,0.6667,0.04,"[""36-2024-QH15:d10"", ""168-2024-ND-CP:d27"", ""36-2024-QH15:d46"", ""59-2020-QH14:d72"", ""36-2024-QH15:d30"", ""168-2024-ND-CP:d26"", ""36-2024-QH15:d31"", ""36-2024-QH15:d2"", ""100-2019-ND-CP:d17"", ""59-2020-QH14:d166""]",0,0.0,0,0.0,0,0.0,0,0.0,1,0.3333,1,0.3333,0.0625,"[""168-2024-ND-CP:d27"", ""36-2024-QH15:d46"", ""168-2024-ND-CP:d6"", ""100-2019-ND-CP:d6"", ""168-2024-ND-CP:d7"", ""100-2019-ND-CP:d39"", ""168-2025-ND:d43"", ""100-2019-ND-CP:d8"", ""100-2019-ND-CP:d16"", ""100-2019-ND-CP:d19""]",0,0.0,0,0.0,0,0.0,0,0.0,1,0.3333,1,0.3333,0.0714,"[""168-2024-ND-CP:d15"", ""36-2024-QH15:d20"", ""100-2019-ND-CP:d7"", ""100-2019-ND-CP:d5"", ""100-2019-ND-CP:d16"", ""100-2019-ND-CP:d25"", ""36-2024-QH15:d26"", ""100-2019-ND-CP:d18"", ""100-2019-ND-CP:d39"", ""168-2024-ND-CP:d20""]",0,0.0,0,0.0,0,0.0,0,0.0,1,0.3333,1,0.3333,0.0714
581,"[""36-2024-QH15:d14"", ""168-2024-ND-CP:d8"", ""59-2020-QH14:d205"", ""36-2024-QH15:d20"", ""36-2024-QH15:d78"", ""36-2024-QH15:d76"", ""36-2024-QH15:d26"", ""36-2024-QH15:d27"", ""100-2019-ND-CP:d59"", ""168-2024-ND-CP:d39""]",0,0.0,0,0.0,0,0.0,0,0.0,1,0.6667,1,0.6667,0.0769,"[""36-2024-QH15:d76"", ""59-2020-QH14:d205"", ""36-2024-QH15:d20"", ""36-2024-QH15:d26"", ""59-2020-QH14:d47"", ""36-2024-QH15:d78"", ""36-2024-QH15:d14"", ""59-2020-QH14:d72"", ""59-2020-QH14:d50"", ""47-2021-ND:d3""]",0,0.0,0,0.0,0,0.0,0,0.0,0,0.0,0,0.0,0.0,"[""100-2019-ND-CP:d16"", ""100-2019-ND-CP:d17"", ""168-2024-ND-CP:d6"", ""168-2024-ND-CP:d7"", ""168-2024-ND-CP:d13"", ""168-2024-ND-CP:d14"", ""100-2019-ND-CP:d5"", ""100-2019-ND-CP:d6"", ""100-2019-ND-CP:d23"", ""168-2024-ND-CP:d39""]",0,0.0,1,0.3333,1,0.6667,1,0.6667,1,0.6667,1,0.6667,0.3333,"[""100-2019-ND-CP:d47"", ""168-2024-ND-CP:d10"", ""168-2024-ND-CP:d54"", ""100-2019-ND-CP:d25"", ""100-2019-ND-CP:d9"", ""100-2019-ND-CP:d7"", ""168-2024-ND-CP:d15"", ""36-2024-QH15:d16"", ""100-2019-ND-CP:d39"", ""100-2019-ND-CP:d85""]",0,0.0,0,0.0,0,0.0,0,0.0,0,0.0,0,0.0,0.0
582,"[""100-2019-ND-CP:d6"", ""168-2024-ND-CP:d8"", ""100-2019-ND-CP:d7"", ""100-2019-ND-CP:d5"", ""100-2019-ND-CP:d8"", ""168-2024-ND-CP:d7"", ""168-2024-ND-CP:d6"", ""168-2024-ND-CP:d9"", ""36-2024-QH15:d27"", ""100-2019-ND-CP:d48""]",0,0.0,0,0.0,0,0.0,1,0.3333,1,0.3333,1,0.3333,0.1429,"[""168-2024-ND-CP:d36"", ""100-2019-ND-CP:d48"", ""36-2024-QH15:d27"", ""36-2024-QH15:d83"", ""100-2019-ND-CP:d6"", ""100-2019-ND-CP:d7"", ""36-2024-QH15:d47"", ""100-2019-ND-CP:d8"", ""168-2024-ND-CP:d8"", ""100-2019-ND-CP:d5""]",0,0.0,0,0.0,0,0.0,0,0.0,1,0.6667,1,0.6667,0.0909,"[""100-2019-ND-CP:d5"", ""100-2019-ND-CP:d6"", ""100-2019-ND-CP:d7"", ""100-2019-ND-CP:d48"", ""100-2019-ND-CP:d8"", ""36-2024-QH15:d83"", ""168-2024-ND-CP:d6"", ""168-2024-ND-CP:d7"", ""168-2024-ND-CP:d8"", ""168-2024-ND-CP:d47""]",0,0.0,0,0.0,0,0.0,1,0.3333,1,0.6667,1,0.6667,0.1429,"[""168-2024-ND-CP:d15"", ""168-2024-ND-CP:d10"", ""100-2019-ND-CP:d9"", ""100-2019-ND-CP:d35"", ""100-2019-ND-CP:d47"", ""100-2019-ND-CP:d48"", ""100-2019-ND-CP:d32"", ""168-2024-ND-CP:d33"", ""100-2019-ND-CP:d44"", ""168-2024-ND-CP:d8""]",0,0.0,0,0.0,0,0.0,0,0.0,0,0.0,1,0.3333,0.0385
583,"[""168-2024-ND-CP:d6"", ""100-2019-ND-CP:d5"", ""168-2024-ND-CP:d8"", ""168-2024-ND-CP:d7"", ""100-2019-ND-CP:d6"", ""100-2019-ND-CP:d7"", ""100-2019-ND-CP:d66"", ""168-2024-ND-CP:d9"", ""100-2019-ND-CP:d41"", ""100-2019-ND-CP:d37""]",0,0.0,0,0.0,1,0.3333,1,0.3333,1,0.3333,1,1.0,0.25,"[""36-2024-QH15:d58"", ""36-2024-QH15:d64"", ""168-2024-ND-CP:d25"", ""36-2024-QH15:d57"", ""100-2019-ND-CP:d66"", ""100-2019-ND-CP:d62"", ""36-2024-QH15:d59"", ""36-2024-QH15:d62"", ""100-2019-ND-CP:d27"", ""168-2024-ND-CP:d19""]",0,0.0,0,0.0,0,0.0,1,0.3333,1,0.6667,1,1.0,0.125,"[""168-2024-ND-CP:d6"", ""168-2024-ND-CP:d8"", ""100-2019-ND-CP:d62"", ""168-2024-ND-CP:d7"", ""168-2024-ND-CP:d20"", ""100-2019-ND-CP:d5"", ""100-2019-ND-CP:d37"", ""168-2024-ND-CP:d13"", ""168-2024-ND-CP:d21"", ""168-2024-ND-CP:d32""]",0,0.0,0,0.0,1,0.3333,1,0.3333,1,0.3333,1,0.3333,0.25,"[""168-2024-ND-CP:d34"", ""168-2024-ND-CP:d22"", ""100-2019-ND-CP:d33"", ""100-2019-ND-CP:d18"", ""100-2019-ND-CP:d25"", ""100-2019-ND-CP:d7"", ""168-2024-ND-CP:d6"", ""100-2019-ND-CP:d23"", ""100-2019-ND-CP:d5"", ""168-2024-ND-CP:d20""]",0,0.0,0,0.0,0,0.0,0,0.0,1,0.3333,1,0.6667,0.0556
585,"[""168-2024-ND-CP:d26"", ""168-2024-ND-CP:d27"", ""36-2024-QH15:d46"", ""36-2024-QH15:d30"", ""36-2024-QH15:d47"", ""36-2024-QH15:d10"", ""168-2024-ND-CP:d20"", ""100-2019-ND-CP:d47"", ""168-2024-ND-CP:d36"", ""168-2024-ND-CP:d6""]",0,0.0,0,0.0,0,0.0,0,0.0,1,0.3333,1,0.6667,0.0769,"[""36-2024-QH15:d10"", ""168-2024-ND-CP:d36"", ""36-2024-QH15:d47"", ""100-2019-ND-CP:d47"", ""168-2024-ND-CP:d27"", ""36-2024-QH15:d46"", ""36-2024-QH15:d14"", ""36-2024-QH15:d49"", ""168-2024-ND-CP:d47"", ""36-2024-QH15:d30""]",0,0.0,0,0.0,0,0.0,0,0.0,1,0.3333,1,0.6667,0.0588,"[""168-2024-ND-CP:d6"", ""168-2024-ND-CP:d27"", ""168-2024-ND-CP:d13"", ""168-2024-ND-CP:d20"", ""168-2024-ND-CP:d32"", ""100-2019-ND-CP:d39"", ""168-2025-ND:d50"", ""36-2024-QH15:d46"", ""168-2024-ND-CP:d7"", ""168-2024-ND-CP:d47""]",0,0.0,0,0.0,0,0.0,1,0.3333,1,0.3333,1,0.3333,0.1111,"[""168-2024-ND-CP:d15"", ""36-2024-QH15:d20"", ""100-2019-ND-CP:d44"", ""168-2024-ND-CP:d29"", ""100-2019-ND-CP:d47"", ""168-2024-ND-CP:d30"", ""100-2019-ND-CP:d39"", ""168-2024-ND-CP:d10"", ""168-2024-ND-CP:d54"", ""36-2024-QH15:d81""]",0,0.0,0,0.0,0,0.0,0,0.0,0,0.0,0,0.0,0.0
586,"[""100-2019-ND-CP:d66"", ""168-2024-ND-CP:d13"", ""168-2024-ND-CP:d8"", ""168-2024-ND-CP:d32"", ""100-2019-ND-CP:d80"", ""100-2019-ND-CP:d61"", ""168-2024-ND-CP:d6"", ""168-2024-ND-CP:d14"", ""168-2024-ND-CP:d3"", ""168-2024-ND-CP:d48""]",0,0.0,0,0.0,0,0.0,0,0.0,1,0.3333,1,0.3333,0.0556,"[""100-2019-ND-CP:d82"", ""168-2024-ND-CP:d48"", ""100-2019-ND-CP:d66"", ""100-2019-ND-CP:d1"", ""168-2024-ND-CP:d14"", ""100-2019-ND-CP:d45"", ""168-2024-ND-CP:d46"", ""168-2024-ND-CP:d30"", ""100-2019-ND-CP:d61"", ""168-2024-ND-CP:d1""]",0,0.0,0,0.0,0,0.0,0,0.0,0,0.0,1,0.3333,0.037,"[""100-2019-ND-CP:d83"", ""168-2024-ND-CP:d20"", ""100-2019-ND-CP:d39"", ""100-2019-ND-CP:d61"", ""168-2024-ND-CP:d32"", ""100-2019-ND-CP:d49"", ""168-2024-ND-CP:d21"", ""168-2024-ND-CP:d47"", ""100-2019-ND-CP:d80"", ""168-2024-ND-CP:d13""]",0,0.0,0,0.0,0,0.0,0,0.0,0,0.0,0,0.0,0.0,"[""168-2024-ND-CP:d39"", ""100-2019-ND-CP:d35"", ""100-2019-ND-CP:d60"", ""100-2019-ND-CP:d13"", ""168-2024-ND-CP:d38"", ""168-2024-ND-CP:d44"", ""100-2019-ND-CP:d41"", ""100-2019-ND-CP:d32"", ""100-2019-ND-CP:d59"", ""168-2024-ND-CP:d40""]",0,0.0,0,0.0,0,0.0,0,0.0,0,0.0,0,0.0,0.0
587,"[""168-2024-ND-CP:d50"", ""168-2024-ND-CP:d48"", ""168-2024-ND-CP:d47"", ""168-2024-ND-CP:d5"", ""168-2025-ND:d93"", ""168-2025-ND:d12"", ""100-2019-ND-CP:d82"", ""100-2019-ND-CP:d80"", ""168-2024-ND-CP:d51"", ""100-2019-ND-CP:d5""]",0,0.0,1,0.5,1,0.5,1,0.5,1,0.5,1,0.5,0.3333,"[""168-2025-ND:d94"", ""168-2025-ND:d93"", ""168-2025-ND:d12"", ""01-2021-ND:d12"", ""100-2019-ND-CP:d1"", ""100-2019-ND-CP:d82"", ""168-2024-ND-CP:d54"", ""168-2024-ND-CP:d1"", ""168-2024-ND-CP:d48"", ""168-2024-ND-CP:d50""]",0,0.0,0,0.0,0,0.0,0,0.0,0,0.0,1,0.5,0.0417,"[""168-2024-ND-CP:d47"", ""100-2019-ND-CP:d80"", ""100-2019-ND-CP:d6"", ""100-2019-ND-CP:d17"", ""168-2024-ND-CP:d6"", ""168-2024-ND-CP:d18"", ""100-2019-ND-CP:d8"", ""168-2024-ND-CP:d20"", ""168-2024-ND-CP:d21"", ""168-2024-ND-CP:d13""]",1,0.5,1,0.5,1,0.5,1,0.5,1,0.5,1,0.5,1.0,"[""100-2019-ND-CP:d76"", ""100-2019-ND-CP:d13"", ""168-2024-ND-CP:d44"", ""100-2019-ND-CP:d15"", ""168-2024-ND-CP:d10"", ""100-2019-ND-CP:d43"", ""100-2019-ND-CP:d75"", ""168-2024-ND-CP:d43"", ""100-2019-ND-CP:d77"", ""168-2024-ND-CP:d3""]",0,0.0,0,0.0,0,0.0,0,0.0,0,0.0,0,0.0,0.0
588,"[""36-2024-QH15:d30"", ""36-2024-QH15:d14"", ""36-2024-QH15:d15"", ""36-2024-QH15:d46"", ""36-2024-QH15:d11"", ""36-2024-QH15:d10"", ""168-2024-ND-CP:d6"", ""36-2024-QH15:d27"", ""168-2024-ND-CP:d7"", ""168-2024-ND-CP:d8""]",0,0.0,0,0.0,1,0.3333,1,1.0,1,1.0,1,1.0,0.2,"[""36-2024-QH15:d15"", ""36-2024-QH15:d10"", ""36-2024-QH15:d14"", ""36-2024-QH15:d30"", ""36-2024-QH15:d46"", ""59-2020-QH14:d190"", ""36-2024-QH15:d11"", ""168-2024-ND-CP:d6"", ""36-2024-QH15:d24"", ""168-2024-ND-CP:d7""]",0,0.0,0,0.0,0,0.0,1,1.0,1,1.0,1,1.0,0.1429,"[""168-2024-ND-CP:d6"", ""36-2024-QH15:d30"", ""168-2024-ND-CP:d8"", ""100-2019-ND-CP:d5"", ""100-2019-ND-CP:d6"", ""100-2019-ND-CP:d16"", ""168-2024-ND-CP:d7"", ""168-2024-ND-CP:d27"", ""100-2019-ND-CP:d7"", ""100-2019-ND-CP:d8""]",1,0.3333,1,0.3333,1,0.3333,1,0.6667,1,0.6667,1,0.6667,1.0,"[""36-2024-QH15:d20"", ""36-2024-QH15:d26"", ""36-2024-QH15:d24"", ""36-2024-QH15:d19"", ""36-2024-QH15:d16"", ""36-2024-QH15:d22"", ""36-2024-QH15:d11"", ""100-2019-ND-CP:d39"", ""168-2024-ND-CP:d15"", ""36-2024-QH15:d25""]",0,0.0,0,0.0,0,0.0,1,0.3333,1,0.3333,1,0.3333,0.1429
589,"[""168-2024-ND-CP:d27"", ""36-2024-QH15:d30"", ""168-2024-ND-CP:d26"", ""168-2024-ND-CP:d7"", ""100-2019-ND-CP:d47"", ""168-2024-ND-CP:d6"", ""36-2024-QH15:d46"", ""100-2019-ND-CP:d6"", ""100-2019-ND-CP:d8"", ""168-2024-ND-CP:d9""]",0,0.0,0,0.0,0,0.0,1,0.25,1,0.75,1,0.75,0.1667,"[""36-2024-QH15:d15"", ""168-2024-ND-CP:d27"", ""100-2019-ND-CP:d47"", ""168-2024-ND-CP:d7"", ""36-2024-QH15:d14"", ""36-2024-QH15:d30"", ""36-2024-QH15:d11"", ""36-2024-QH15:d10"", ""168-2024-ND-CP:d6"", ""100-2019-ND-CP:d6""]",1,0.25,1,0.25,1,0.25,1,0.75,1,0.75,1,0.75,1.0,"[""168-2024-ND-CP:d27"", ""168-2024-ND-CP:d6"", ""168-2024-ND-CP:d13"", ""100-2019-ND-CP:d6"", ""168-2024-ND-CP:d7"", ""168-2024-ND-CP:d32"", ""100-2019-ND-CP:d8"", ""100-2019-ND-CP:d16"", ""168-2024-ND-CP:d16"", ""100-2019-ND-CP:d19""]",0,0.0,1,0.25,1,0.25,1,0.25,1,0.25,1,0.25,0.5,"[""36-2024-QH15:d20"", ""168-2024-ND-CP:d15"", ""36-2024-QH15:d16"", ""36-2024-QH15:d15"", ""100-2019-ND-CP:d25"", ""168-2024-ND-CP:d54"", ""36-2024-QH15:d26"", ""100-2019-ND-CP:d7"", ""100-2019-ND-CP:d16"", ""36-2024-QH15:d89""]",0,0.0,0,0.0,1,0.25,1,0.25,1,0.5,1,0.5,0.25
590,"[""168-2024-ND-CP:d47"", ""168-2024-ND-CP:d27"", ""100-2019-ND-CP:d37"", ""168-2024-ND-CP:d26"", ""168-2024-ND-CP:d17"", ""100-2019-ND-CP:d80"", ""168-2024-ND-CP:d50"", ""168-2024-ND-CP:d12"", ""168-2024-ND-CP:d39"", ""100-2019-ND-CP:d20""]",1,0.3333,1,0.3333,1,0.3333,1,0.3333,1,0.3333,1,0.3333,1.0,"[""168-2024-ND-CP:d54"", ""100-2019-ND-CP:d1"", ""168-2024-ND-CP:d1"", ""100-2019-ND-CP:d78"", ""100-2019-ND-CP:d82"", ""168-2024-ND-CP:d27"", ""168-2024-ND-CP:d25"", ""100-2019-ND-CP:d27"", ""168-2024-ND-CP:d50"", ""100-2019-ND-CP:d37""]",0,0.0,0,0.0,0,0.0,0,0.0,1,0.3333,1,0.6667,0.0714,"[""168-2024-ND-CP:d3"", ""168-2024-ND-CP:d12"", ""168-2024-ND-CP:d32"", ""100-2019-ND-CP:d39"", ""168-2024-ND-CP:d6"", ""168-2024-ND-CP:d7"", ""168-2024-ND-CP:d13"", ""168-2024-ND-CP:d47"", ""100-2019-ND-CP:d80"", ""168-2024-ND-CP:d17""]",0,0.0,0,0.0,0,0.0,1,0.3333,1,0.3333,1,0.3333,0.125,"[""168-2024-ND-CP:d54"", ""168-2024-ND-CP:d44"", ""168-2024-ND-CP:d4"", ""168-2024-ND-CP:d39"", ""100-2019-ND-CP:d13"", ""100-2019-ND-CP:d38"", ""168-2024-ND-CP:d10"", ""100-2019-ND-CP:d76"", ""100-2019-ND-CP:d60"", ""100-2019-ND-CP:d43""]",0,0.0,1,0.3333,1,0.3333,1,0.3333,1,0.3333,1,0.3333,0.3333
591,"[""168-2024-ND-CP:d8"", ""168-2024-ND-CP:d6"", ""100-2019-ND-CP:d7"", ""100-2019-ND-CP:d5"", ""168-2024-ND-CP:d7"", ""100-2019-ND-CP:d4"", ""36-2024-QH15:d44"", ""100-2019-ND-CP:d6"", ""100-2019-ND-CP:d17"", ""168-2024-ND-CP:d36""]",0,0.0,0,0.0,0,0.0,0,0.0,0,0.0,1,0.6667,0.0435,"[""36-2024-QH15:d44"", ""100-2019-ND-CP:d17"", ""168-2024-ND-CP:d36"", ""36-2024-QH15:d37"", ""168-2024-ND-CP:d25"", ""168-2024-ND-CP:d19"", ""168-2024-ND-CP:d8"", ""168-2024-ND-CP:d14"", ""100-2019-ND-CP:d19"", ""168-2024-ND-CP:d6""]",0,0.0,0,0.0,0,0.0,0,0.0,0,0.0,0,0.0,0.0,"[""168-2024-ND-CP:d6"", ""168-2024-ND-CP:d7"", ""168-2024-ND-CP:d8"", ""100-2019-ND-CP:d37"", ""168-2024-ND-CP:d20"", ""100-2019-ND-CP:d6"", ""100-2019-ND-CP:d7"", ""100-2019-ND-CP:d23"", ""168-2024-ND-CP:d12"", ""168-2024-ND-CP:d27""]",0,0.0,0,0.0,0,0.0,0,0.0,1,0.3333,1,0.3333,0.0833,"[""168-2024-ND-CP:d17"", ""100-2019-ND-CP:d20"", ""168-2024-ND-CP:d20"", ""168-2024-ND-CP:d15"", ""100-2019-ND-CP:d18"", ""100-2019-ND-CP:d16"", ""100-2019-ND-CP:d5"", ""168-2024-ND-CP:d34"", ""100-2019-ND-CP:d23"", ""168-2024-ND-CP:d22""]",0,0.0,0,0.0,0,0.0,0,0.0,0,0.0,0,0.0,0.0
592,"[""100-2019-ND-CP:d5"", ""100-2019-ND-CP:d7"", ""168-2024-ND-CP:d8"", ""100-2019-ND-CP:d6"", ""168-2024-ND-CP:d7"", ""168-2024-ND-CP:d6"", ""36-2024-QH15:d17"", ""168-2024-ND-CP:d9"", ""36-2024-QH15:d14"", ""100-2019-ND-CP:d8""]",0,0.0,0,0.0,1,0.5,1,0.5,1,0.5,1,0.5,0.2,"[""36-2024-QH15:d17"", ""168-2024-ND-CP:d19"", ""36-2024-QH15:d14"", ""36-2024-QH15:d23"", ""168-2024-ND-CP:d30"", ""36-2024-QH15:d31"", ""168-2024-ND-CP:d25"", ""168-2024-ND-CP:d29"", ""36-2024-QH15:d15"", ""100-2019-ND-CP:d22""]",0,0.0,0,0.0,0,0.0,0,0.0,0,0.0,1,0.5,0.0455,"[""100-2019-ND-CP:d7"", ""168-2024-ND-CP:d6"", ""168-2024-ND-CP:d7"", ""168-2024-ND-CP:d8"", ""100-2019-ND-CP:d5"", ""100-2019-ND-CP:d6"", ""100-2019-ND-CP:d8"", ""168-2024-ND-CP:d9"", ""168-2024-ND-CP:d21"", ""168-2024-ND-CP:d20""]",0,0.0,1,0.5,1,0.5,1,0.5,1,0.5,1,0.5,0.3333,"[""36-2024-QH15:d17"", ""36-2024-QH15:d16"", ""36-2024-QH15:d13"", ""36-2024-QH15:d10"", ""36-2024-QH15:d14"", ""36-2024-QH15:d52"", ""36-2024-QH15:d22"", ""36-2024-QH15:d66"", ""168-2024-ND-CP:d15"", ""100-2019-ND-CP:d7""]",0,0.0,0,0.0,0,0.0,0,0.0,1,0.5,1,0.5,0.0667
595,"[""168-2024-ND-CP:d27"", ""168-2024-ND-CP:d26"", ""36-2024-QH15:d46"", ""36-2024-QH15:d30"", ""36-2024-QH15:d10"", ""23-2022-ND:d23"", ""100-2019-ND-CP:d31"", ""59-2020-QH14:d4"", ""168-2024-ND-CP:d20"", ""36-2024-QH15:d2""]",0,0.0,0,0.0,0,0.0,0,0.0,0,0.0,1,0.5,0.0333,"[""36-2024-QH15:d10"", ""168-2024-ND-CP:d27"", ""36-2024-QH15:d46"", ""168-2024-ND-CP:d26"", ""23-2022-ND:d23"", ""36-2024-QH15:d30"", ""100-2019-ND-CP:d31"", ""36-2024-QH15:d2"", ""168-2024-ND-CP:d20"", ""59-2020-QH14:d4""]",0,0.0,0,0.0,0,0.0,0,0.0,0,0.0,0,0.0,0.0,"[""168-2024-ND-CP:d27"", ""100-2019-ND-CP:d80"", ""168-2024-ND-CP:d47"", ""168-2025-ND:d54"", ""168-2024-ND-CP:d32"", ""36-2024-QH15:d30"", ""36-2024-QH15:d46"", ""100-2019-ND-CP:d30"", ""168-2024-ND-CP:d6"", ""89-2024-ND:d11""]",0,0.0,0,0.0,1,0.5,1,0.5,1,0.5,1,0.5,0.2,"[""36-2024-QH15:d37"", ""36-2024-QH15:d40"", ""59-2020-QH14:d113"", ""36-2024-QH15:d62"", ""168-2024-ND-CP:d6"", ""168-2025-ND:d105"", ""168-2024-ND-CP:d53"", ""36-2024-QH15:d33"", ""36-2024-QH15:d89"", ""59-2020-QH14:d133""]",0,0.0,0,0.0,0,0.0,0,0.0,0,0.0,1,0.5,0.0357
599,"[""36-2024-QH15:d11"", ""36-2024-QH15:d14"", ""36-2024-QH15:d15"", ""168-2024-ND-CP:d7"", ""168-2024-ND-CP:d6"", ""36-2024-QH15:d27"", ""36-2024-QH15:d25"", ""100-2019-ND-CP:d6"", ""168-2024-ND-CP:d8"", ""168-2024-ND-CP:d9""]",1,0.5,1,0.5,1,1.0,1,1.0,1,1.0,1,1.0,1.0,"[""36-2024-QH15:d14"", ""36-2024-QH15:d15"", ""36-2024-QH15:d11"", ""36-2024-QH15:d27"", ""36-2024-QH15:d24"", ""36-2024-QH15:d25"", ""36-2024-QH15:d13"", ""36-2024-QH15:d10"", ""36-2024-QH15:d47"", ""168-2024-ND-CP:d7""]",0,0.0,1,0.5,1,0.5,1,0.5,1,1.0,1,1.0,0.3333,"[""100-2019-ND-CP:d6"", ""168-2024-ND-CP:d6"", ""100-2019-ND-CP:d5"", ""168-2024-ND-CP:d7"", ""168-2024-ND-CP:d21"", ""168-2024-ND-CP:d13"", ""36-2024-QH15:d55"", ""100-2019-ND-CP:d8"", ""100-2019-ND-CP:d24"", ""100-2019-ND-CP:d23""]",0,0.0,1,0.5,1,0.5,1,0.5,1,0.5,1,1.0,0.5,"[""36-2024-QH15:d22"", ""36-2024-QH15:d17"", ""36-2024-QH15:d16"", ""36-2024-QH15:d13"", ""36-2024-QH15:d24"", ""36-2024-QH15:d14"", ""36-2024-QH15:d15"", ""36-2024-QH15:d10"", ""36-2024-QH15:d26"", ""36-2024-QH15:d11""]",0,0.0,0,0.0,0,0.0,1,0.5,1,0.5,1,0.5,0.1
600,"[""36-2024-QH15:d11"", ""36-2024-QH15:d14"", ""36-2024-QH15:d15"", ""168-2024-ND-CP:d8"", ""36-2024-QH15:d27"", ""168-2024-ND-CP:d7"", ""168-2024-ND-CP:d6"", ""100-2019-ND-CP:d47"", ""36-2024-QH15:d24"", ""36-2024-QH15:d30""]",1,0.5,1,0.5,1,0.5,1,1.0,1,1.0,1,1.0,1.0,"[""36-2024-QH15:d11"", ""36-2024-QH15:d15"", ""36-2024-QH15:d14"", ""36-2024-QH15:d24"", ""36-2024-QH15:d27"", ""100-2019-ND-CP:d47"", ""36-2024-QH15:d26"", ""100-2019-ND-CP:d9"", ""168-2024-ND-CP:d10"", ""168-2024-ND-CP:d7""]",1,0.5,1,0.5,1,0.5,1,0.5,1,1.0,1,1.0,1.0,"[""168-2024-ND-CP:d52"", ""100-2019-ND-CP:d6"", ""168-2024-ND-CP:d7"", ""168-2025-ND:d51"", ""100-2019-ND-CP:d5"", ""168-2024-ND-CP:d6"", ""100-2019-ND-CP:d39"", ""168-2025-ND:d50"", ""100-2019-ND-CP:d30"", ""100-2019-ND-CP:d80""]",0,0.0,0,0.0,0,0.0,1,0.5,1,0.5,1,0.5,0.1667,"[""36-2024-QH15:d24"", ""100-2019-ND-CP:d39"", ""36-2024-QH15:d26"", ""36-2024-QH15:d20"", ""168-2024-ND-CP:d15"", ""36-2024-QH15:d16"", ""36-2024-QH15:d10"", ""36-2024-QH15:d25"", ""36-2024-QH15:d22"", ""36-2024-QH15:d21""]",0,0.0,0,0.0,0,0.0,0,0.0,1,0.5,1,0.5,0.0625
601,"[""168-2024-ND-CP:d9"", ""100-2019-ND-CP:d8"", ""100-2019-ND-CP:d63"", ""100-2019-ND-CP:d7"", ""100-2019-ND-CP:d5"", ""100-2019-ND-CP:d66"", ""168-2024-ND-CP:d6"", ""100-2019-ND-CP:d6"", ""168-2024-ND-CP:d8"", ""168-2024-ND-CP:d7""]",0,0.0,0,0.0,0,0.0,1,0.3333,1,0.3333,1,0.6667,0.1429,"[""100-2019-ND-CP:d63"", ""36-2024-QH15:d87"", ""100-2019-ND-CP:d66"", ""168-2024-ND-CP:d9"", ""100-2019-ND-CP:d8"", ""100-2019-ND-CP:d7"", ""100-2019-ND-CP:d6"", ""168-2024-ND-CP:d30"", ""168-2024-ND-CP:d25"", ""100-2019-ND-CP:d5""]",0,0.0,0,0.0,0,0.0,0,0.0,1,0.3333,1,0.6667,0.0714,"[""168-2024-ND-CP:d6"", ""168-2024-ND-CP:d7"", ""100-2019-ND-CP:d63"", ""168-2024-ND-CP:d13"", ""168-2024-ND-CP:d20"", ""100-2019-ND-CP:d5"", ""100-2019-ND-CP:d6"", ""100-2019-ND-CP:d23"", ""168-2024-ND-CP:d14"", ""168-2024-ND-CP:d21""]",1,0.3333,1,0.3333,1,0.3333,1,0.3333,1,0.3333,1,0.3333,1.0,"[""100-2019-ND-CP:d18"", ""100-2019-ND-CP:d5"", ""100-2019-ND-CP:d30"", ""168-2024-ND-CP:d34"", ""168-2024-ND-CP:d32"", ""100-2019-ND-CP:d23"", ""100-2019-ND-CP:d33"", ""168-2024-ND-CP:d6"", ""168-2024-ND-CP:d28"", ""168-2024-ND-CP:d7""]",0,0.0,0,0.0,0,0.0,1,0.3333,1,0.3333,1,0.3333,0.125
602,"[""168-2024-ND-CP:d9"", ""100-2019-ND-CP:d8"", ""36-2024-QH15:d87"", ""100-2019-ND-CP:d6"", ""100-2019-ND-CP:d7"", ""100-2019-ND-CP:d66"", ""100-2019-ND-CP:d30"", ""100-2019-ND-CP:d37"", ""100-2019-ND-CP:d5"", ""168-2024-ND-CP:d7""]",0,0.0,0,0.0,0,0.0,1,0.3333,1,0.3333,1,0.3333,0.1,"[""36-2024-QH15:d87"", ""100-2019-ND-CP:d66"", ""100-2019-ND-CP:d27"", ""100-2019-ND-CP:d8"", ""100-2019-ND-CP:d63"", ""168-2024-ND-CP:d9"", ""100-2019-ND-CP:d37"", ""168-2024-ND-CP:d19"", ""100-2019-ND-CP:d6"", ""168-2024-ND-CP:d25""]",0,0.0,0,0.0,0,0.0,0,0.0,0,0.0,1,0.3333,0.0417,"[""168-2024-ND-CP:d6"", ""168-2024-ND-CP:d32"", ""168-2024-ND-CP:d7"", ""100-2019-ND-CP:d5"", ""100-2019-ND-CP:d6"", ""168-2024-ND-CP:d13"", ""168-2024-ND-CP:d27"", ""100-2019-ND-CP:d30"", ""100-2019-ND-CP:d7"", ""100-2019-ND-CP:d80""]",0,0.0,1,0.3333,1,0.3333,1,0.3333,1,0.3333,1,0.3333,0.3333,"[""100-2019-ND-CP:d30"", ""100-2019-ND-CP:d18"", ""100-2019-ND-CP:d35"", ""168-2024-ND-CP:d15"", ""36-2024-QH15:d37"", ""100-2019-ND-CP:d23"", ""168-2024-ND-CP:d8"", ""168-2024-ND-CP:d37"", ""168-2024-ND-CP:d34"", ""100-2019-ND-CP:d33""]",0,0.0,0,0.0,0,0.0,0,0.0,0,0.0,1,0.3333,0.04
603,"[""168-2024-ND-CP:d18"", ""168-2024-ND-CP:d5"", ""168-2024-ND-CP:d3"", ""100-2019-ND-CP:d66"", ""01-2021-ND:d50"", ""59-2020-QH14:d12"", ""168-2024-ND-CP:d8"", ""100-2019-ND-CP:d8"", ""36-2024-QH15:d9"", ""168-2024-ND-CP:d19""]",1,0.25,1,0.5,1,0.5,1,0.5,1,0.75,1,0.75,1.0,"[""168-2024-ND-CP:d19"", ""01-2021-ND:d50"", ""168-2024-ND-CP:d5"", ""59-2020-QH14:d12"", ""168-2024-ND-CP:d18"", ""100-2019-ND-CP:d66"", ""168-2025-ND:d43"", ""100-2019-ND-CP:d63"", ""36-2024-QH15:d87"", ""01-2021-ND:d4""]",0,0.0,1,0.25,1,0.5,1,0.5,1,0.75,1,0.75,0.3333,"[""168-2024-ND-CP:d6"", ""168-2024-ND-CP:d20"", ""168-2024-ND-CP:d13"", ""168-2024-ND-CP:d32"", ""168-2024-ND-CP:d21"", ""100-2019-ND-CP:d23"", ""168-2024-ND-CP:d18"", ""168-2024-ND-CP:d47"", ""168-2024-ND-CP:d27"", ""168-2024-ND-CP:d14""]",0,0.0,0,0.0,0,0.0,1,0.25,1,0.5,1,0.5,0.1429,"[""100-2019-ND-CP:d18"", ""168-2024-ND-CP:d34"", ""168-2024-ND-CP:d20"", ""168-2024-ND-CP:d32"", ""168-2024-ND-CP:d15"", ""168-2024-ND-CP:d17"", ""168-2024-ND-CP:d24"", ""168-2024-ND-CP:d23"", ""168-2024-ND-CP:d22"", ""100-2019-ND-CP:d23""]",0,0.0,0,0.0,0,0.0,0,0.0,1,0.25,1,0.25,0.0625
605,"[""36-2024-QH15:d25"", ""100-2019-ND-CP:d7"", ""100-2019-ND-CP:d61"", ""168-2024-ND-CP:d8"", ""100-2019-ND-CP:d5"", ""168-2024-ND-CP:d6"", ""168-2024-ND-CP:d9"", ""100-2019-ND-CP:d6"", ""100-2019-ND-CP:d8"", ""168-2024-ND-CP:d7""]",1,0.3333,1,0.3333,1,0.3333,1,0.6667,1,0.6667,1,0.6667,1.0,"[""36-2024-QH15:d25"", ""100-2019-ND-CP:d61"", ""100-2019-ND-CP:d9"", ""36-2024-QH15:d14"", ""168-2024-ND-CP:d10"", ""100-2019-ND-CP:d7"", ""100-2019-ND-CP:d45"", ""100-2019-ND-CP:d5"", ""168-2024-ND-CP:d9"", ""100-2019-ND-CP:d6""]",1,0.3333,1,0.3333,1,0.3333,1,0.3333,1,0.6667,1,0.6667,1.0,"[""100-2019-ND-CP:d61"", ""100-2019-ND-CP:d39"", ""36-2024-QH15:d25"", ""168-2024-ND-CP:d6"", ""168-2024-ND-CP:d47"", ""168-2025-ND:d69"", ""168-2025-ND:d71"", ""168-2025-ND:d51"", ""100-2019-ND-CP:d5"", ""100-2019-ND-CP:d80""]",0,0.0,1,0.3333,1,1.0,1,1.0,1,1.0,1,1.0,0.3333,"[""100-2019-ND-CP:d35"", ""36-2024-QH15:d81"", ""168-2024-ND-CP:d54"", ""100-2019-ND-CP:d38"", ""100-2019-ND-CP:d7"", ""168-2024-ND-CP:d8"", ""168-2024-ND-CP:d37"", ""36-2024-QH15:d56"", ""36-2024-QH15:d83"", ""100-2019-ND-CP:d60""]",0,0.0,0,0.0,0,0.0,0,0.0,0,0.0,0,0.0,0.0
606,"[""168-2024-ND-CP:d27"", ""168-2024-ND-CP:d7"", ""36-2024-QH15:d46"", ""36-2024-QH15:d30"", ""36-2024-QH15:d10"", ""36-2024-QH15:d14"", ""168-2024-ND-CP:d6"", ""36-2024-QH15:d15"", ""36-2024-QH15:d2"", ""168-2024-ND-CP:d26""]",0,0.0,1,0.3333,1,0.3333,1,0.3333,1,0.3333,1,0.6667,0.5,"[""36-2024-QH15:d15"", ""36-2024-QH15:d14"", ""36-2024-QH15:d10"", ""36-2024-QH15:d13"", ""168-2024-ND-CP:d7"", ""168-2024-ND-CP:d27"", ""168-2024-ND-CP:d6"", ""36-2024-QH15:d2"", ""168-2024-ND-CP:d8"", ""36-2024-QH15:d30""]",0,0.0,0,0.0,1,0.6667,1,0.6667,1,0.6667,1,1.0,0.25,"[""168-2024-ND-CP:d6"", ""168-2024-ND-CP:d7"", ""100-2019-ND-CP:d6"", ""168-2024-ND-CP:d27"", ""168-2025-ND:d51"", ""168-2024-ND-CP:d32"", ""36-2024-QH15:d46"", ""168-2024-ND-CP:d13"", ""168-2025-ND:d50"", ""100-2019-ND-CP:d81""]",0,0.0,1,0.3333,1,0.3333,1,0.3333,1,0.6667,1,0.6667,0.5,"[""36-2024-QH15:d22"", ""36-2024-QH15:d14"", ""36-2024-QH15:d16"", ""36-2024-QH15:d13"", ""36-2024-QH15:d24"", ""36-2024-QH15:d11"", ""36-2024-QH15:d10"", ""36-2024-QH15:d15"", ""36-2024-QH15:d17"", ""36-2024-QH15:d26""]",0,0.0,0,0.0,1,0.3333,1,0.3333,1,0.3333,1,0.3333,0.25
607,"[""168-2024-ND-CP:d6"", ""168-2024-ND-CP:d7"", ""168-2024-ND-CP:d8"", ""36-2024-QH15:d14"", ""36-2024-QH15:d15"", ""100-2019-ND-CP:d6"", ""100-2019-ND-CP:d5"", ""36-2024-QH15:d10"", ""100-2019-ND-CP:d15"", ""36-2024-QH15:d46""]",1,0.3333,1,0.3333,1,0.3333,1,0.3333,1,0.3333,1,1.0,1.0,"[""36-2024-QH15:d15"", ""168-2024-ND-CP:d6"", ""36-2024-QH15:d14"", ""168-2024-ND-CP:d8"", ""100-2019-ND-CP:d14"", ""168-2024-ND-CP:d7"", ""36-2024-QH15:d10"", ""36-2024-QH15:d16"", ""100-2019-ND-CP:d5"", ""100-2019-ND-CP:d6""]",0,0.0,1,0.3333,1,0.3333,1,0.3333,1,1.0,1,1.0,0.5,"[""168-2024-ND-CP:d6"", ""100-2019-ND-CP:d6"", ""100-2019-ND-CP:d14"", ""168-2024-ND-CP:d7"", ""100-2019-ND-CP:d5"", ""168-2024-ND-CP:d27"", ""168-2025-ND:d71"", ""168-2024-ND-CP:d8"", ""01-2021-ND:d97"", ""168-2025-ND:d119""]",1,0.3333,1,0.3333,1,0.3333,1,0.3333,1,0.3333,1,0.3333,1.0,"[""36-2024-QH15:d25"", ""36-2024-QH15:d13"", ""36-2024-QH15:d22"", ""36-2024-QH15:d14"", ""36-2024-QH15:d17"", ""36-2024-QH15:d10"", ""100-2019-ND-CP:d9"", ""36-2024-QH15:d24"", ""36-2024-QH15:d69"", ""36-2024-QH15:d66""]",1,0.3333,1,0.3333,1,0.3333,1,0.3333,1,0.3333,1,0.3333,1.0
608,"[""168-2024-ND-CP:d27"", ""36-2024-QH15:d46"", ""168-2024-ND-CP:d26"", ""36-2024-QH15:d10"", ""23-2022-ND:d23"", ""36-2024-QH15:d30"", ""59-2020-QH14:d4"", ""168-2024-ND-CP:d20"", ""36-2024-QH15:d2"", ""100-2019-ND-CP:d6""]",0,0.0,0,0.0,0,0.0,0,0.0,1,0.5,1,0.5,0.0556,"[""168-2024-ND-CP:d27"", ""36-2024-QH15:d10"", ""36-2024-QH15:d46"", ""168-2024-ND-CP:d26"", ""23-2022-ND:d23"", ""44-2025-ND:d11"", ""168-2024-ND-CP:d20"", ""44-2025-ND:d10"", ""59-2020-QH14:d72"", ""100-2019-ND-CP:d6""]",0,0.0,0,0.0,0,0.0,0,0.0,1,0.5,1,0.5,0.0833,"[""168-2024-ND-CP:d27"", ""36-2024-QH15:d46"", ""168-2024-ND-CP:d6"", ""168-2024-ND-CP:d47"", ""168-2024-ND-CP:d13"", ""36-2024-QH15:d30"", ""100-2019-ND-CP:d6"", ""100-2019-ND-CP:d80"", ""100-2019-ND-CP:d83"", ""168-2024-ND-CP:d7""]",0,0.0,1,0.25,1,0.5,1,0.5,1,0.5,1,0.5,0.3333,"[""168-2024-ND-CP:d10"", ""168-2024-ND-CP:d8"", ""100-2019-ND-CP:d35"", ""100-2019-ND-CP:d9"", ""100-2019-ND-CP:d7"", ""100-2019-ND-CP:d25"", ""168-2024-ND-CP:d15"", ""168-2024-ND-CP:d44"", ""100-2019-ND-CP:d47"", ""100-2019-ND-CP:d43""]",0,0.0,0,0.0,0,0.0,0,0.0,0,0.0,0,0.0,0.0
609,"[""168-2024-ND-CP:d27"", ""168-2024-ND-CP:d26"", ""36-2024-QH15:d2"", ""36-2024-QH15:d46"", ""59-2020-QH14:d4"", ""100-2019-ND-CP:d31"", ""36-2024-QH15:d30"", ""168-2024-ND-CP:d9"", ""168-2024-ND-CP:d7"", ""100-2019-ND-CP:d6""]",0,0.0,0,0.0,0,0.0,0,0.0,1,0.6667,1,0.6667,0.0833,"[""36-2024-QH15:d2"", ""168-2024-ND-CP:d50"", ""168-2025-ND:d94"", ""168-2024-ND-CP:d51"", ""168-2024-ND-CP:d27"", ""168-2025-ND:d93"", ""168-2025-ND:d12"", ""168-2024-ND-CP:d47"", ""01-2021-ND:d12"", ""168-2024-ND-CP:d26""]",0,0.0,0,0.0,0,0.0,1,0.3333,1,0.6667,1,0.6667,0.125,"[""168-2024-ND-CP:d26"", ""168-2024-ND-CP:d47"", ""100-2019-ND-CP:d6"", ""168-2024-ND-CP:d6"", ""100-2019-ND-CP:d8"", ""168-2024-ND-CP:d13"", ""100-2019-ND-CP:d80"", ""168-2024-ND-CP:d32"", ""100-2019-ND-CP:d31"", ""168-2024-ND-CP:d20""]",0,0.0,1,0.3333,1,0.6667,1,1.0,1,1.0,1,1.0,0.5,"[""100-2019-ND-CP:d35"", ""100-2019-ND-CP:d60"", ""100-2019-ND-CP:d7"", ""100-2019-ND-CP:d77"", ""100-2019-ND-CP:d5"", ""100-2019-ND-CP:d18"", ""100-2019-ND-CP:d30"", ""100-2019-ND-CP:d13"", ""100-2019-ND-CP:d27"", ""100-2019-ND-CP:d28""]",0,0.0,0,0.0,0,0.0,0,0.0,0,0.0,1,0.3333,0.0385
610,"[""168-2024-ND-CP:d9"", ""100-2019-ND-CP:d6"", ""100-2019-ND-CP:d8"", ""100-2019-ND-CP:d80"", ""168-2024-ND-CP:d40"", ""168-2024-ND-CP:d6"", ""100-2019-ND-CP:d5"", ""168-2024-ND-CP:d8"", ""168-2024-ND-CP:d7"", ""100-2019-ND-CP:d7""]",0,0.0,0,0.0,0,0.0,0,0.0,1,0.6667,1,0.6667,0.0909,"[""168-2024-ND-CP:d40"", ""168-2024-ND-CP:d25"", ""59-2020-QH14:d52"", ""36-2024-QH15:d43"", ""100-2019-ND-CP:d27"", ""100-2019-ND-CP:d58"", ""59-2020-QH14:d216"", ""100-2019-ND-CP:d80"", ""100-2019-ND-CP:d38"", ""100-2019-ND-CP:d6""]",0,0.0,0,0.0,0,0.0,0,0.0,0,0.0,1,0.3333,0.0435,"[""100-2019-ND-CP:d6"", ""168-2024-ND-CP:d47"", ""100-2019-ND-CP:d80"", ""168-2024-ND-CP:d40"", ""100-2019-ND-CP:d7"", ""168-2024-ND-CP:d6"", ""168-2024-ND-CP:d7"", ""168-2024-ND-CP:d8"", ""168-2024-ND-CP:d32"", ""100-2019-ND-CP:d5""]",0,0.0,1,0.3333,1,0.3333,1,0.6667,1,0.6667,1,0.6667,0.5,"[""100-2019-ND-CP:d25"", ""100-2019-ND-CP:d18"", ""168-2024-ND-CP:d22"", ""100-2019-ND-CP:d7"", ""36-2024-QH15:d62"", ""168-2024-ND-CP:d20"", ""100-2019-ND-CP:d5"", ""168-2024-ND-CP:d40"", ""36-2024-QH15:d37"", ""168-2024-ND-CP:d17""]",0,0.0,0,0.0,0,0.0,0,0.0,1,0.3333,1,0.3333,0.0714
611,"[""100-2019-ND-CP:d33"", ""168-2024-ND-CP:d34"", ""168-2024-ND-CP:d27"", ""168-2024-ND-CP:d26"", ""100-2019-ND-CP:d54"", ""100-2019-ND-CP:d12"", ""100-2019-ND-CP:d61"", ""168-2024-ND-CP:d47"", ""100-2019-ND-CP:d56"", ""36-2024-QH15:d46""]",0,0.0,0,0.0,0,0.0,0,0.0,0,0.0,0,0.0,0.0,"[""100-2019-ND-CP:d33"", ""168-2024-ND-CP:d34"", ""168-2025-ND:d37"", ""168-2024-ND-CP:d27"", ""168-2025-ND:d111"", ""36-2024-QH15:d10"", ""100-2019-ND-CP:d54"", ""168-2024-ND-CP:d47"", ""100-2019-ND-CP:d38"", ""59-2020-QH14:d197""]",0,0.0,0,0.0,0,0.0,0,0.0,0,0.0,0,0.0,0.0,"[""100-2019-ND-CP:d16"", ""168-2024-ND-CP:d13"", ""100-2019-ND-CP:d19"", ""168-2024-ND-CP:d6"", ""168-2024-ND-CP:d16"", ""168-2024-ND-CP:d27"", ""168-2024-ND-CP:d47"", ""100-2019-ND-CP:d17"", ""100-2019-ND-CP:d20"", ""100-2019-ND-CP:d61""]",0,0.0,0,0.0,0,0.0,0,0.0,1,0.5,1,0.5,0.0667,"[""168-2024-ND-CP:d44"", ""100-2019-ND-CP:d76"", ""168-2024-ND-CP:d43"", ""100-2019-ND-CP:d75"", ""100-2019-ND-CP:d41"", ""100-2019-ND-CP:d25"", ""100-2019-ND-CP:d46"", ""100-2019-ND-CP:d35"", ""100-2019-ND-CP:d18"", ""100-2019-ND-CP:d43""]",0,0.0,0,0.0,0,0.0,0,0.0,0,0.0,0,0.0,0.0
612,"[""168-2024-ND-CP:d26"", ""168-2024-ND-CP:d27"", ""100-2019-ND-CP:d4"", ""100-2019-ND-CP:d23"", ""100-2019-ND-CP:d24"", ""168-2024-ND-CP:d20"", ""168-2024-ND-CP:d3"", ""100-2019-ND-CP:d28"", ""100-2019-ND-CP:d6"", ""36-2024-QH15:d46""]",0,0.0,0,0.0,0,0.0,0,0.0,0,0.0,0,0.0,0.0,"[""36-2024-QH15:d10"", ""168-2024-ND-CP:d29"", ""168-2024-ND-CP:d27"", ""100-2019-ND-CP:d38"", ""100-2019-ND-CP:d23"", ""100-2019-ND-CP:d24"", ""47-2021-ND:d33"", ""36-2024-QH15:d54"", ""36-2024-QH15:d46"", ""168-2024-ND-CP:d20""]",0,0.0,0,0.0,0,0.0,0,0.0,0,0.0,1,0.3333,0.0435,"[""100-2019-ND-CP:d33"", ""168-2024-ND-CP:d34"", ""36-2024-QH15:d52"", ""100-2019-ND-CP:d28"", ""100-2019-ND-CP:d23"", ""100-2019-ND-CP:d24"", ""168-2024-ND-CP:d6"", ""168-2024-ND-CP:d32"", ""168-2024-ND-CP:d40"", ""01-2021-ND:d69""]",0,0.0,0,0.0,0,0.0,0,0.0,1,0.3333,1,0.3333,0.0714,"[""36-2024-QH15:d55"", ""100-2019-ND-CP:d35"", ""168-2024-ND-CP:d37"", ""36-2024-QH15:d16"", ""168-2024-ND-CP:d15"", ""100-2019-ND-CP:d16"", ""168-2024-ND-CP:d29"", ""36-2024-QH15:d52"", ""36-2024-QH15:d17"", ""36-2024-QH15:d13""]",0,0.0,0,0.0,0,0.0,0,0.0,0,0.0,0,0.0,0.0
613,"[""36-2024-QH15:d30"", ""36-2024-QH15:d11"", ""100-2019-ND-CP:d6"", ""100-2019-ND-CP:d8"", ""168-2024-ND-CP:d8"", ""100-2019-ND-CP:d5"", ""168-2024-ND-CP:d7"", ""100-2019-ND-CP:d7"", ""168-2024-ND-CP:d6"", ""36-2024-QH15:d13""]",0,0.0,0,0.0,0,0.0,0,0.0,0,0.0,0,0.0,0.0,"[""36-2024-QH15:d13"", ""36-2024-QH15:d30"", ""36-2024-QH15:d10"", ""100-2019-ND-CP:d9"", ""36-2024-QH15:d2"", ""36-2024-QH15:d11"", ""168-2024-ND-CP:d10"", ""36-2024-QH15:d14"", ""36-2024-QH15:d24"", ""100-2019-ND-CP:d47""]",0,0.0,0,0.0,0,0.0,0,0.0,0,0.0,0,0.0,0.0,"[""168-2024-ND-CP:d6"", ""168-2024-ND-CP:d32"", ""168-2024-ND-CP:d47"", ""100-2019-ND-CP:d6"", ""100-2019-ND-CP:d80"", ""168-2024-ND-CP:d7"", ""100-2019-ND-CP:d5"", ""100-2019-ND-CP:d30"", ""168-2024-ND-CP:d8"", ""100-2019-ND-CP:d8""]",0,0.0,0,0.0,0,0.0,0,0.0,1,0.5,1,0.5,0.05,"[""36-2024-QH15:d16"", ""36-2024-QH15:d13"", ""36-2024-QH15:d22"", ""36-2024-QH15:d17"", ""36-2024-QH15:d66"", ""36-2024-QH15:d35"", ""36-2024-QH15:d52"", ""36-2024-QH15:d10"", ""36-2024-QH15:d79"", ""100-2019-ND-CP:d39""]",0,0.0,0,0.0,0,0.0,0,0.0,0,0.0,0,0.0,0.0
614,"[""168-2024-ND-CP:d7"", ""100-2019-ND-CP:d6"", ""100-2019-ND-CP:d5"", ""168-2024-ND-CP:d9"", ""100-2019-ND-CP:d7"", ""168-2024-ND-CP:d6"", ""168-2024-ND-CP:d8"", ""100-2019-ND-CP:d71"", ""168-2024-ND-CP:d11"", ""100-2019-ND-CP:d10""]",0,0.0,0,0.0,0,0.0,1,0.5,1,0.5,1,0.5,0.1667,"[""36-2024-QH15:d21"", ""100-2019-ND-CP:d1"", ""168-2024-ND-CP:d11"", ""100-2019-ND-CP:d10"", ""36-2024-QH15:d64"", ""100-2019-ND-CP:d71"", ""100-2019-ND-CP:d38"", ""100-2019-ND-CP:d61"", ""36-2024-QH15:d70"", ""100-2019-ND-CP:d43""]",0,0.0,0,0.0,0,0.0,0,0.0,0,0.0,1,0.5,0.0417,"[""100-2019-ND-CP:d61"", ""100-2019-ND-CP:d39"", ""100-2019-ND-CP:d83"", ""100-2019-ND-CP:d5"", ""100-2019-ND-CP:d6"", ""100-2019-ND-CP:d7"", ""100-2019-ND-CP:d63"", ""100-2019-ND-CP:d71"", ""168-2024-ND-CP:d6"", ""168-2024-ND-CP:d7""]",0,0.0,0,0.0,0,0.0,1,0.5,1,0.5,1,0.5,0.1111,"[""100-2019-ND-CP:d35"", ""100-2019-ND-CP:d33"", ""100-2019-ND-CP:d7"", ""168-2024-ND-CP:d44"", ""36-2024-QH15:d88"", ""100-2019-ND-CP:d25"", ""168-2024-ND-CP:d10"", ""168-2024-ND-CP:d8"", ""100-2019-ND-CP:d9"", ""168-2024-ND-CP:d4""]",0,0.0,0,0.0,0,0.0,0,0.0,1,0.5,1,0.5,0.0833
615,"[""168-2024-ND-CP:d7"", ""168-2024-ND-CP:d6"", ""36-2024-QH15:d10"", ""100-2019-ND-CP:d6"", ""100-2019-ND-CP:d5"", ""36-2024-QH15:d2"", ""168-2024-ND-CP:d8"", ""100-2019-ND-CP:d7"", ""36-2024-QH15:d46"", ""168-2024-ND-CP:d26""]",0,0.0,1,0.5,1,0.5,1,0.5,1,1.0,1,1.0,0.5,"[""36-2024-QH15:d13"", ""36-2024-QH15:d25"", ""36-2024-QH15:d10"", ""168-2024-ND-CP:d7"", ""100-2019-ND-CP:d6"", ""168-2024-ND-CP:d6"", ""100-2019-ND-CP:d5"", ""100-2019-ND-CP:d7"", ""36-2024-QH15:d14"", ""36-2024-QH15:d2""]",1,0.5,1,0.5,1,0.5,1,1.0,1,1.0,1,1.0,1.0,"[""168-2024-ND-CP:d27"", ""168-2024-ND-CP:d6"", ""36-2024-QH15:d46"", ""168-2024-ND-CP:d7"", ""168-2024-ND-CP:d47"", ""100-2019-ND-CP:d6"", ""168-2024-ND-CP:d32"", ""36-2024-QH15:d30"", ""168-2024-ND-CP:d26"", ""100-2019-ND-CP:d80""]",0,0.0,1,0.5,1,0.5,1,0.5,1,0.5,1,0.5,0.5,"[""36-2024-QH15:d10"", ""100-2019-ND-CP:d9"", ""36-2024-QH15:d13"", ""168-2024-ND-CP:d10"", ""36-2024-QH15:d14"", ""36-2024-QH15:d17"", ""36-2024-QH15:d22"", ""100-2019-ND-CP:d47"", ""36-2024-QH15:d16"", ""36-2024-QH15:d25""]",0,0.0,1,0.5,1,0.5,1,0.5,1,0.5,1,0.5,0.3333
617,"[""168-2024-ND-CP:d7"", ""100-2019-ND-CP:d61"", ""168-2024-ND-CP:d9"", ""168-2024-ND-CP:d6"", ""100-2019-ND-CP:d6"", ""168-2024-ND-CP:d3"", ""100-2019-ND-CP:d80"", ""100-2019-ND-CP:d5"", ""100-2019-ND-CP:d8"", ""168-2024-ND-CP:d8""]",0,0.0,0,0.0,1,0.5,1,0.5,1,1.0,1,1.0,0.25,"[""100-2019-ND-CP:d1"", ""168-2024-ND-CP:d1"", ""36-2024-QH15:d14"", ""100-2019-ND-CP:d78"", ""100-2019-ND-CP:d61"", ""100-2019-ND-CP:d6"", ""168-2024-ND-CP:d7"", ""36-2024-QH15:d13"", ""100-2019-ND-CP:d80"", ""100-2019-ND-CP:d35""]",0,0.0,0,0.0,0,0.0,0,0.0,1,0.5,1,0.5,0.0909,"[""100-2019-ND-CP:d28"", ""100-2019-ND-CP:d80"", ""100-2019-ND-CP:d15"", ""168-2024-ND-CP:d32"", ""168-2024-ND-CP:d47"", ""168-2024-ND-CP:d52"", ""100-2019-ND-CP:d6"", ""168-2024-ND-CP:d13"", ""168-2024-ND-CP:d26"", ""168-2024-ND-CP:d6""]",0,0.0,0,0.0,1,0.5,1,1.0,1,1.0,1,1.0,0.2,"[""100-2019-ND-CP:d21"", ""168-2024-ND-CP:d10"", ""168-2024-ND-CP:d39"", ""168-2024-ND-CP:d4"", ""100-2019-ND-CP:d35"", ""100-2019-ND-CP:d18"", ""100-2019-ND-CP:d47"", ""100-2019-ND-CP:d37"", ""168-2024-ND-CP:d44"", ""100-2019-ND-CP:d65""]",0,0.0,0,0.0,0,0.0,0,0.0,0,0.0,0,0.0,0.0
618,"[""168-2024-ND-CP:d27"", ""168-2024-ND-CP:d26"", ""36-2024-QH15:d46"", ""59-2020-QH14:d4"", ""36-2024-QH15:d10"", ""36-2024-QH15:d2"", ""168-2024-ND-CP:d3"", ""23-2022-ND:d23"", ""100-2019-ND-CP:d31"", ""168-2024-ND-CP:d20""]",0,0.0,0,0.0,0,0.0,0,0.0,0,0.0,0,0.0,0.0,"[""01-2021-ND:d96"", ""168-2025-ND:d31"", ""168-2025-ND:d50"", ""168-2025-ND:d53"", ""168-2025-ND:d48"", ""01-2021-ND:d45"", ""59-2020-QH14:d61"", ""168-2025-ND:d95"", ""59-2020-QH14:d149"", ""168-2025-ND:d34""]",0,0.0,0,0.0,0,0.0,0,0.0,0,0.0,0,0.0,0.0,"[""168-2025-ND:d31"", ""168-2025-ND:d69"", ""168-2025-ND:d71"", ""168-2025-ND:d95"", ""01-2021-ND:d75"", ""168-2025-ND:d107"", ""168-2025-ND:d100"", ""168-2025-ND:d104"", ""01-2021-ND:d96"", ""168-2025-ND:d121""]",0,0.0,0,0.0,0,0.0,0,0.0,0,0.0,0,0.0,0.0,"[""168-2025-ND:d105"", ""59-2020-QH14:d113"", ""168-2025-ND:d103"", ""89-2024-ND:d12"", ""36-2024-QH15:d89"", ""36-2024-QH15:d64"", ""01-2021-ND:d94"", ""36-2024-QH15:d62"", ""168-2025-ND:d107"", ""44-2025-ND:d24""]",0,0.0,0,0.0,0,0.0,0,0.0,0,0.0,0,0.0,0.0
619,"[""168-2024-ND-CP:d9"", ""100-2019-ND-CP:d8"", ""168-2024-ND-CP:d7"", ""100-2019-ND-CP:d6"", ""36-2024-QH15:d33"", ""36-2024-QH15:d18"", ""168-2024-ND-CP:d6"", ""36-2024-QH15:d31"", ""100-2019-ND-CP:d11"", ""168-2024-ND-CP:d12""]",0,0.0,1,0.3333,1,0.3333,1,0.6667,1,0.6667,1,0.6667,0.3333,"[""100-2019-ND-CP:d8"", ""168-2024-ND-CP:d9"", ""100-2019-ND-CP:d6"", ""168-2024-ND-CP:d7"", ""36-2024-QH15:d33"", ""36-2024-QH15:d18"", ""36-2024-QH15:d10"", ""36-2024-QH15:d16"", ""36-2024-QH15:d31"", ""100-2019-ND-CP:d11""]",0,0.0,0,0.0,1,0.3333,1,0.6667,1,0.6667,1,0.6667,0.25,"[""100-2019-ND-CP:d6"", ""168-2024-ND-CP:d7"", ""100-2019-ND-CP:d8"", ""168-2024-ND-CP:d9"", ""168-2024-ND-CP:d6"", ""36-2024-QH15:d55"", ""168-2024-ND-CP:d20"", ""100-2019-ND-CP:d23"", ""168-2024-ND-CP:d21"", ""100-2019-ND-CP:d5""]",0,0.0,1,0.3333,1,0.3333,1,0.3333,1,0.3333,1,0.3333,0.5,"[""168-2024-ND-CP:d13"", ""100-2019-ND-CP:d19"", ""168-2024-ND-CP:d14"", ""168-2024-ND-CP:d7"", ""100-2019-ND-CP:d17"", ""100-2019-ND-CP:d6"", ""100-2019-ND-CP:d16"", ""100-2019-ND-CP:d7"", ""168-2024-ND-CP:d18"", ""36-2024-QH15:d16""]",0,0.0,0,0.0,1,0.3333,1,0.3333,1,0.3333,1,0.6667,0.25
620,"[""100-2019-ND-CP:d80"", ""100-2019-ND-CP:d30"", ""168-2024-ND-CP:d47"", ""36-2024-QH15:d53"", ""168-2024-ND-CP:d32"", ""100-2019-ND-CP:d4"", ""168-2024-ND-CP:d50"", ""36-2024-QH15:d9"", ""36-2024-QH15:d43"", ""168-2024-ND-CP:d3""]",0,0.0,0,0.0,1,0.3333,1,0.3333,1,0.6667,1,0.6667,0.2,"[""100-2019-ND-CP:d80"", ""59-2020-QH14:d192"", ""59-2020-QH14:d133"", ""168-2025-ND:d84"", ""36-2024-QH15:d54"", ""168-2024-ND-CP:d29"", ""36-2024-QH15:d43"", ""168-2024-ND-CP:d47"", ""36-2024-QH15:d53"", ""89-2024-ND:d8""]",0,0.0,0,0.0,0,0.0,0,0.0,0,0.0,0,0.0,0.0,"[""168-2024-ND-CP:d32"", ""168-2024-ND-CP:d47"", ""100-2019-ND-CP:d80"", ""168-2024-ND-CP:d20"", ""100-2019-ND-CP:d37"", ""100-2019-ND-CP:d23"", ""100-2019-ND-CP:d30"", ""100-2019-ND-CP:d31"", ""100-2019-ND-CP:d38"", ""168-2024-ND-CP:d39""]",1,0.3333,1,0.3333,1,0.3333,1,0.3333,1,0.3333,1,0.3333,1.0,"[""100-2019-ND-CP:d16"", ""168-2024-ND-CP:d21"", ""168-2024-ND-CP:d17"", ""100-2019-ND-CP:d20"", ""100-2019-ND-CP:d24"", ""168-2024-ND-CP:d13"", ""168-2024-ND-CP:d6"", ""168-2024-ND-CP:d20"", ""168-2024-ND-CP:d31"", ""168-2024-ND-CP:d7""]",0,0.0,0,0.0,0,0.0,0,0.0,1,0.6667,1,0.6667,0.0833
621,"[""168-2024-ND-CP:d7"", ""168-2024-ND-CP:d6"", ""100-2019-ND-CP:d6"", ""100-2019-ND-CP:d5"", ""168-2024-ND-CP:d8"", ""100-2019-ND-CP:d7"", ""168-2024-ND-CP:d9"", ""36-2024-QH15:d20"", ""36-2024-QH15:d2"", ""168-2024-ND-CP:d26""]",0,0.0,1,0.3333,1,0.3333,1,0.3333,1,0.3333,1,0.3333,0.5,"[""36-2024-QH15:d20"", ""168-2024-ND-CP:d7"", ""100-2019-ND-CP:d6"", ""168-2024-ND-CP:d6"", ""168-2024-ND-CP:d8"", ""100-2019-ND-CP:d5"", ""100-2019-ND-CP:d7"", ""36-2024-QH15:d21"", ""36-2024-QH15:d2"", ""36-2024-QH15:d31""]",0,0.0,0,0.0,1,0.3333,1,0.3333,1,0.3333,1,0.3333,0.25,"[""168-2024-ND-CP:d6"", ""168-2024-ND-CP:d7"", ""100-2019-ND-CP:d5"", ""100-2019-ND-CP:d6"", ""100-2019-ND-CP:d7"", ""168-2024-ND-CP:d13"", ""168-2024-ND-CP:d32"", ""168-2024-ND-CP:d8"", ""168-2024-ND-CP:d9"", ""100-2019-ND-CP:d23""]",1,0.3333,1,0.3333,1,0.3333,1,0.6667,1,0.6667,1,1.0,1.0,"[""36-2024-QH15:d40"", ""36-2024-QH15:d64"", ""36-2024-QH15:d88"", ""168-2024-ND-CP:d15"", ""100-2019-ND-CP:d7"", ""100-2019-ND-CP:d35"", ""100-2019-ND-CP:d18"", ""100-2019-ND-CP:d5"", ""36-2024-QH15:d58"", ""36-2024-QH15:d12""]",0,0.0,0,0.0,0,0.0,0,0.0,0,0.0,0,0.0,0.0
622,"[""36-2024-QH15:d31"", ""168-2024-ND-CP:d9"", ""100-2019-ND-CP:d8"", ""36-2024-QH15:d33"", ""36-2024-QH15:d82"", ""168-2024-ND-CP:d40"", ""100-2019-ND-CP:d6"", ""36-2024-QH15:d41"", ""168-2024-ND-CP:d7"", ""100-2019-ND-CP:d15""]",0,0.0,0,0.0,0,0.0,0,0.0,0,0.0,1,0.5,0.04,"[""36-2024-QH15:d31"", ""59-2020-QH14:d40"", ""01-2021-ND:d88"", ""36-2024-QH15:d54"", ""168-2024-ND-CP:d40"", ""36-2024-QH15:d21"", ""36-2024-QH15:d82"", ""168-2024-ND-CP:d29"", ""100-2019-ND-CP:d40"", ""168-2024-ND-CP:d9""]",0,0.0,0,0.0,0,0.0,0,0.0,0,0.0,1,0.5,0.0435,"[""100-2019-ND-CP:d61"", ""168-2024-ND-CP:d47"", ""100-2019-ND-CP:d6"", ""100-2019-ND-CP:d31"", ""100-2019-ND-CP:d40"", ""168-2024-ND-CP:d6"", ""168-2024-ND-CP:d7"", ""168-2024-ND-CP:d29"", ""100-2019-ND-CP:d5"", ""100-2019-ND-CP:d8""]",0,0.0,1,0.5,1,0.5,1,0.5,1,0.5,1,0.5,0.5,"[""36-2024-QH15:d81"", ""36-2024-QH15:d71"", ""36-2024-QH15:d67"", ""168-2024-ND-CP:d54"", ""36-2024-QH15:d21"", ""168-2024-ND-CP:d4"", ""100-2019-ND-CP:d38"", ""168-2025-ND:d117"", ""47-2021-ND:d18"", ""36-2024-QH15:d77""]",0,0.0,1,0.5,1,0.5,1,0.5,1,0.5,1,0.5,0.3333
623,"[""168-2024-ND-CP:d3"", ""100-2019-ND-CP:d80"", ""168-2024-ND-CP:d47"", ""100-2019-ND-CP:d30"", ""168-2024-ND-CP:d26"", ""168-2024-ND-CP:d50"", ""100-2019-ND-CP:d31"", ""168-2024-ND-CP:d27"", ""168-2024-ND-CP:d32"", ""168-2024-ND-CP:d5""]",0,0.0,1,0.5,1,0.5,1,1.0,1,1.0,1,1.0,0.3333,"[""01-2021-ND:d90"", ""100-2019-ND-CP:d80"", ""36-2024-QH15:d19"", ""168-2024-ND-CP:d47"", ""01-2021-ND:d53"", ""168-2024-ND-CP:d3"", ""168-2024-ND-CP:d50"", ""36-2024-QH15:d87"", ""168-2025-ND:d46"", ""59-2020-QH14:d61""]",0,0.0,0,0.0,1,0.5,1,0.5,1,0.5,1,0.5,0.25,"[""168-2024-ND-CP:d32"", ""168-2024-ND-CP:d6"", ""168-2024-ND-CP:d47"", ""100-2019-ND-CP:d80"", ""168-2024-ND-CP:d20"", ""100-2019-ND-CP:d38"", ""168-2024-ND-CP:d7"", ""168-2024-ND-CP:d8"", ""168-2024-ND-CP:d21"", ""100-2019-ND-CP:d5""]",1,0.5,1,1.0,1,1.0,1,1.0,1,1.0,1,1.0,1.0,"[""36-2024-QH15:d37"", ""36-2024-QH15:d40"", ""36-2024-QH15:d19"", ""100-2019-ND-CP:d16"", ""168-2024-ND-CP:d15"", ""100-2019-ND-CP:d18"", ""100-2019-ND-CP:d21"", ""36-2024-QH15:d39"", ""168-2024-ND-CP:d20"", ""36-2024-QH15:d89""]",0,0.0,0,0.0,0,0.0,0,0.0,0,0.0,0,0.0,0.0
624,"[""168-2024-ND-CP:d9"", ""100-2019-ND-CP:d8"", ""100-2019-ND-CP:d63"", ""100-2019-ND-CP:d66"", ""100-2019-ND-CP:d6"", ""168-2024-ND-CP:d7"", ""100-2019-ND-CP:d7"", ""168-2024-ND-CP:d8"", ""168-2024-ND-CP:d3"", ""168-2024-ND-CP:d6""]",0,0.0,0,0.0,0,0.0,1,0.5,1,0.5,1,0.5,0.1,"[""100-2019-ND-CP:d63"", ""100-2019-ND-CP:d66"", ""168-2024-ND-CP:d9"", ""100-2019-ND-CP:d8"", ""100-2019-ND-CP:d6"", ""59-2020-QH14:d197"", ""168-2024-ND-CP:d7"", ""100-2019-ND-CP:d7"", ""168-2024-ND-CP:d8"", ""168-2024-ND-CP:d6""]",0,0.0,0,0.0,0,0.0,1,0.5,1,0.5,1,0.5,0.1,"[""168-2024-ND-CP:d52"", ""100-2019-ND-CP:d8"", ""168-2024-ND-CP:d9"", ""100-2019-ND-CP:d6"", ""168-2024-ND-CP:d7"", ""168-2024-ND-CP:d6"", ""168-2024-ND-CP:d8"", ""168-2024-ND-CP:d47"", ""100-2019-ND-CP:d7"", ""89-2024-ND:d11""]",0,0.0,0,0.0,0,0.0,1,0.5,1,0.5,1,0.5,0.1667,"[""36-2024-QH15:d21"", ""100-2019-ND-CP:d66"", ""168-2024-ND-CP:d15"", ""100-2019-ND-CP:d46"", ""168-2024-ND-CP:d30"", ""100-2019-ND-CP:d35"", ""100-2019-ND-CP:d38"", ""100-2019-ND-CP:d41"", ""168-2024-ND-CP:d44"", ""168-2024-ND-CP:d29""]",0,0.0,0,0.0,0,0.0,0,0.0,0,0.0,0,0.0,0.0
625,"[""36-2024-QH15:d46"", ""168-2024-ND-CP:d27"", ""168-2024-ND-CP:d20"", ""168-2024-ND-CP:d26"", ""100-2019-ND-CP:d6"", ""168-2024-ND-CP:d9"", ""168-2024-ND-CP:d7"", ""100-2019-ND-CP:d31"", ""100-2019-ND-CP:d8"", ""100-2019-ND-CP:d23""]",0,0.0,0,0.0,0,0.0,0,0.0,1,0.6667,1,0.6667,0.0769,"[""36-2024-QH15:d46"", ""168-2024-ND-CP:d27"", ""168-2024-ND-CP:d20"", ""36-2024-QH15:d10"", ""100-2019-ND-CP:d6"", ""100-2019-ND-CP:d23"", ""168-2024-ND-CP:d26"", ""168-2024-ND-CP:d7"", ""168-2024-ND-CP:d9"", ""100-2019-ND-CP:d31""]",0,0.0,0,0.0,0,0.0,0,0.0,1,0.3333,1,1.0,0.0625,"[""168-2025-ND:d69"", ""168-2025-ND:d71"", ""168-2024-ND-CP:d27"", ""100-2019-ND-CP:d80"", ""01-2021-ND:d75"", ""168-2024-ND-CP:d47"", ""168-2024-ND-CP:d32"", ""168-2025-ND:d55"", ""168-2025-ND:d107"", ""100-2019-ND-CP:d6""]",0,0.0,0,0.0,0,0.0,1,0.3333,1,0.6667,1,0.6667,0.1667,"[""100-2019-ND-CP:d18"", ""168-2024-ND-CP:d15"", ""100-2019-ND-CP:d7"", ""168-2024-ND-CP:d28"", ""168-2024-ND-CP:d6"", ""168-2024-ND-CP:d34"", ""100-2019-ND-CP:d9"", ""100-2019-ND-CP:d33"", ""168-2024-ND-CP:d35"", ""100-2019-ND-CP:d30""]",0,0.0,0,0.0,1,0.3333,1,0.3333,1,0.3333,1,0.3333,0.2
626,"[""168-2024-ND-CP:d6"", ""168-2024-ND-CP:d7"", ""100-2019-ND-CP:d6"", ""168-2024-ND-CP:d9"", ""168-2024-ND-CP:d26"", ""168-2024-ND-CP:d27"", ""100-2019-ND-CP:d5"", ""168-2024-ND-CP:d8"", ""168-2024-ND-CP:d3"", ""168-2024-ND-CP:d40""]",1,0.3333,1,0.3333,1,0.3333,1,0.3333,1,0.3333,1,0.6667,1.0,"[""168-2024-ND-CP:d27"", ""100-2019-ND-CP:d38"", ""36-2024-QH15:d58"", ""168-2024-ND-CP:d6"", ""168-2024-ND-CP:d7"", ""100-2019-ND-CP:d6"", ""168-2024-ND-CP:d40"", ""36-2024-QH15:d10"", ""168-2024-ND-CP:d26"", ""01-2021-ND:d83""]",0,0.0,0,0.0,1,0.3333,1,0.3333,1,0.3333,1,0.3333,0.25,"[""168-2024-ND-CP:d40"", ""100-2019-ND-CP:d38"", ""168-2024-ND-CP:d6"", ""100-2019-ND-CP:d36"", ""168-2024-ND-CP:d13"", ""100-2019-ND-CP:d6"", ""168-2024-ND-CP:d38"", ""36-2024-QH15:d43"", ""100-2019-ND-CP:d80"", ""168-2024-ND-CP:d7""]",0,0.0,1,0.3333,1,0.3333,1,0.3333,1,0.3333,1,0.6667,0.3333,"[""168-2024-ND-CP:d53"", ""36-2024-QH15:d88"", ""36-2024-QH15:d40"", ""100-2019-ND-CP:d18"", ""100-2019-ND-CP:d21"", ""36-2024-QH15:d37"", ""36-2024-QH15:d89"", ""168-2024-ND-CP:d22"", ""100-2019-ND-CP:d84"", ""168-2024-ND-CP:d34""]",0,0.0,0,0.0,0,0.0,0,0.0,1,0.3333,1,0.3333,0.0769
628,"[""36-2024-QH15:d39"", ""168-2024-ND-CP:d3"", ""100-2019-ND-CP:d30"", ""100-2019-ND-CP:d6"", ""100-2019-ND-CP:d16"", ""168-2024-ND-CP:d26"", ""100-2019-ND-CP:d17"", ""168-2024-ND-CP:d27"", ""168-2024-ND-CP:d16"", ""168-2024-ND-CP:d32""]",0,0.0,0,0.0,0,0.0,1,0.5,1,1.0,1,1.0,0.1,"[""36-2024-QH15:d39"", ""59-2020-QH14:d112"", ""59-2020-QH14:d123"", ""59-2020-QH14:d124"", ""59-2020-QH14:d125"", ""168-2024-ND-CP:d31"", ""100-2019-ND-CP:d18"", ""100-2019-ND-CP:d17"", ""01-2021-ND:d54"", ""168-2025-ND:d47""]",0,0.0,0,0.0,0,0.0,0,0.0,0,0.0,0,0.0,0.0,"[""36-2024-QH15:d39"", ""168-2024-ND-CP:d13"", ""168-2025-ND:d69"", ""168-2024-ND-CP:d32"", ""100-2019-ND-CP:d16"", ""168-2024-ND-CP:d6"", ""168-2025-ND:d71"", ""168-2024-ND-CP:d3"", ""168-2024-ND-CP:d31"", ""01-2021-ND:d75""]",0,0.0,0,0.0,1,0.5,1,0.5,1,0.5,1,0.5,0.25,"[""36-2024-QH15:d37"", ""36-2024-QH15:d62"", ""36-2024-QH15:d89"", ""36-2024-QH15:d40"", ""36-2024-QH15:d88"", ""168-2024-ND-CP:d20"", ""100-2019-ND-CP:d16"", ""168-2024-ND-CP:d6"", ""100-2019-ND-CP:d18"", ""168-2024-ND-CP:d17""]",0,0.0,0,0.0,0,0.0,0,0.0,1,0.5,1,0.5,0.0833
629,"[""36-2024-QH15:d11"", ""36-2024-QH15:d14"", ""168-2024-ND-CP:d6"", ""168-2024-ND-CP:d8"", ""36-2024-QH15:d27"", ""168-2024-ND-CP:d7"", ""36-2024-QH15:d15"", ""100-2019-ND-CP:d5"", ""100-2019-ND-CP:d6"", ""36-2024-QH15:d24""]",1,0.5,1,1.0,1,1.0,1,1.0,1,1.0,1,1.0,1.0,"[""36-2024-QH15:d11"", ""36-2024-QH15:d14"", ""36-2024-QH15:d15"", ""36-2024-QH15:d27"", ""168-2024-ND-CP:d6"", ""168-2024-ND-CP:d8"", ""168-2024-ND-CP:d7"", ""100-2019-ND-CP:d5"", ""100-2019-ND-CP:d47"", ""36-2024-QH15:d24""]",1,0.5,1,0.5,1,1.0,1,1.0,1,1.0,1,1.0,1.0,"[""100-2019-ND-CP:d56"", ""100-2019-ND-CP:d39"", ""168-2024-ND-CP:d6"", ""100-2019-ND-CP:d5"", ""168-2024-ND-CP:d8"", ""100-2019-ND-CP:d6"", ""100-2019-ND-CP:d37"", ""168-2024-ND-CP:d7"", ""36-2024-QH15:d11"", ""100-2019-ND-CP:d7""]",0,0.0,1,0.5,1,0.5,1,1.0,1,1.0,1,1.0,0.3333,"[""168-2024-ND-CP:d15"", ""36-2024-QH15:d26"", ""36-2024-QH15:d20"", ""100-2019-ND-CP:d39"", ""36-2024-QH15:d24"", ""36-2024-QH15:d16"", ""100-2019-ND-CP:d7"", ""36-2024-QH15:d15"", ""100-2019-ND-CP:d25"", ""36-2024-QH15:d17""]",0,0.0,0,0.0,0,0.0,0,0.0,0,0.0,1,0.5,0.0385
630,"[""168-2024-ND-CP:d27"", ""168-2024-ND-CP:d26"", ""36-2024-QH15:d46"", ""23-2022-ND:d23"", ""168-2024-ND-CP:d3"", ""36-2024-QH15:d30"", ""36-2024-QH15:d2"", ""168-2024-ND-CP:d20"", ""36-2024-QH15:d10"", ""36-2024-QH15:d33""]",0,0.0,0,0.0,0,0.0,0,0.0,1,0.3333,1,0.3333,0.0556,"[""168-2024-ND-CP:d27"", ""23-2022-ND:d23"", ""36-2024-QH15:d46"", ""36-2024-QH15:d10"", ""168-2024-ND-CP:d26"", ""59-2020-QH14:d5"", ""168-2024-ND-CP:d19"", ""36-2024-QH15:d2"", ""36-2024-QH15:d76"", ""168-2024-ND-CP:d20""]",0,0.0,0,0.0,0,0.0,0,0.0,0,0.0,1,0.6667,0.0435,"[""168-2024-ND-CP:d27"", ""168-2024-ND-CP:d6"", ""168-2024-ND-CP:d7"", ""168-2024-ND-CP:d20"", ""168-2024-ND-CP:d32"", ""100-2019-ND-CP:d37"", ""168-2024-ND-CP:d39"", ""36-2024-QH15:d55"", ""100-2019-ND-CP:d5"", ""168-2024-ND-CP:d12""]",0,0.0,0,0.0,1,0.3333,1,0.3333,1,0.3333,1,0.6667,0.2,"[""100-2019-ND-CP:d23"", ""100-2019-ND-CP:d16"", ""100-2019-ND-CP:d25"", ""100-2019-ND-CP:d33"", ""100-2019-ND-CP:d21"", ""100-2019-ND-CP:d5"", ""168-2024-ND-CP:d6"", ""168-2024-ND-CP:d18"", ""168-2024-ND-CP:d34"", ""100-2019-ND-CP:d18""]",0,0.0,0,0.0,0,0.0,0,0.0,1,0.3333,1,0.3333,0.0769
631,"[""168-2024-ND-CP:d7"", ""168-2024-ND-CP:d6"", ""100-2019-ND-CP:d6"", ""168-2024-ND-CP:d26"", ""100-2019-ND-CP:d5"", ""168-2024-ND-CP:d20"", ""168-2024-ND-CP:d8"", ""168-2024-ND-CP:d27"", ""168-2024-ND-CP:d9"", ""100-2019-ND-CP:d66""]",0,0.0,1,0.5,1,0.5,1,0.5,1,1.0,1,1.0,0.5,"[""168-2024-ND-CP:d7"", ""168-2024-ND-CP:d6"", ""100-2019-ND-CP:d6"", ""36-2024-QH15:d2"", ""168-2025-ND:d80"", ""168-2024-ND-CP:d20"", ""168-2024-ND-CP:d27"", ""100-2019-ND-CP:d66"", ""100-2019-ND-CP:d5"", ""168-2024-ND-CP:d47""]",0,0.0,1,0.5,1,0.5,1,1.0,1,1.0,1,1.0,0.5,"[""168-2024-ND-CP:d6"", ""168-2024-ND-CP:d52"", ""168-2024-ND-CP:d7"", ""100-2019-ND-CP:d39"", ""100-2019-ND-CP:d6"", ""168-2024-ND-CP:d32"", ""168-2024-ND-CP:d13"", ""168-2024-ND-CP:d20"", ""168-2024-ND-CP:d47"", ""100-2019-ND-CP:d7""]",1,0.5,1,0.5,1,0.5,1,1.0,1,1.0,1,1.0,1.0,"[""100-2019-ND-CP:d13"", ""168-2024-ND-CP:d30"", ""100-2019-ND-CP:d35"", ""168-2024-ND-CP:d29"", ""100-2019-ND-CP:d9"", ""100-2019-ND-CP:d60"", ""100-2019-ND-CP:d11"", ""100-2019-ND-CP:d30"", ""168-2024-ND-CP:d44"", ""100-2019-ND-CP:d43""]",0,0.0,0,0.0,0,0.0,0,0.0,0,0.0,0,0.0,0.0
632,"[""168-2024-ND-CP:d26"", ""168-2024-ND-CP:d27"", ""100-2019-ND-CP:d6"", ""168-2024-ND-CP:d7"", ""23-2022-ND:d23"", ""168-2024-ND-CP:d9"", ""168-2024-ND-CP:d6"", ""36-2024-QH15:d46"", ""168-2024-ND-CP:d20"", ""100-2019-ND-CP:d8""]",0,0.0,0,0.0,0,0.0,0,0.0,1,0.5,1,0.5,0.0909,"[""23-2022-ND:d23"", ""168-2024-ND-CP:d27"", ""100-2019-ND-CP:d6"", ""100-2019-ND-CP:d35"", ""36-2024-QH15:d14"", ""168-2024-ND-CP:d37"", ""168-2024-ND-CP:d7"", ""100-2019-ND-CP:d27"", ""36-2024-QH15:d10"", ""168-2024-ND-CP:d6""]",0,0.0,0,0.0,0,0.0,0,0.0,0,0.0,0,0.0,0.0,"[""168-2024-ND-CP:d6"", ""168-2024-ND-CP:d7"", ""168-2024-ND-CP:d27"", ""168-2024-ND-CP:d32"", ""100-2019-ND-CP:d6"", ""168-2024-ND-CP:d52"", ""100-2019-ND-CP:d7"", ""100-2019-ND-CP:d16"", ""168-2024-ND-CP:d20"", ""100-2019-ND-CP:d80""]",0,0.0,0,0.0,0,0.0,0,0.0,1,0.5,1,0.5,0.0769,"[""100-2019-ND-CP:d84"", ""168-2024-ND-CP:d4"", ""100-2019-ND-CP:d25"", ""100-2019-ND-CP:d18"", ""36-2024-QH15:d88"", ""168-2024-ND-CP:d54"", ""168-2024-ND-CP:d52"", ""100-2019-ND-CP:d32"", ""100-2019-ND-CP:d35"", ""100-2019-ND-CP:d38""]",0,0.0,1,0.5,1,0.5,1,0.5,1,0.5,1,0.5,0.5
633,"[""100-2019-ND-CP:d44"", ""100-2019-ND-CP:d47"", ""100-2019-ND-CP:d42"", ""100-2019-ND-CP:d66"", ""168-2024-ND-CP:d36"", ""168-2024-ND-CP:d26"", ""168-2024-ND-CP:d20"", ""100-2019-ND-CP:d41"", ""100-2019-ND-CP:d6"", ""36-2024-QH15:d24""]",0,0.0,0,0.0,0,0.0,0,0.0,1,0.5,1,0.75,0.0833,"[""100-2019-ND-CP:d44"", ""100-2019-ND-CP:d62"", ""100-2019-ND-CP:d42"", ""100-2019-ND-CP:d47"", ""168-2024-ND-CP:d36"", ""168-2024-ND-CP:d19"", ""100-2019-ND-CP:d66"", ""36-2024-QH15:d24"", ""100-2019-ND-CP:d64"", ""100-2019-ND-CP:d46""]",0,0.0,0,0.0,0,0.0,0,0.0,1,0.25,1,0.25,0.05,"[""168-2024-ND-CP:d6"", ""168-2024-ND-CP:d20"", ""168-2024-ND-CP:d32"", ""168-2024-ND-CP:d7"", ""168-2024-ND-CP:d21"", ""168-2024-ND-CP:d13"", ""100-2019-ND-CP:d39"", ""100-2019-ND-CP:d6"", ""168-2024-ND-CP:d14"", ""100-2019-ND-CP:d5""]",1,0.25,1,0.25,1,0.25,1,0.25,1,0.5,1,0.5,1.0,"[""168-2024-ND-CP:d34"", ""168-2024-ND-CP:d32"", ""168-2024-ND-CP:d15"", ""168-2024-ND-CP:d20"", ""168-2024-ND-CP:d29"", ""168-2024-ND-CP:d22"", ""100-2019-ND-CP:d18"", ""168-2024-ND-CP:d17"", ""100-2019-ND-CP:d30"", ""168-2024-ND-CP:d6""]",0,0.0,0,0.0,0,0.0,1,0.25,1,0.25,1,0.25,0.1
634,"[""168-2024-ND-CP:d6"", ""36-2024-QH15:d49"", ""168-2024-ND-CP:d26"", ""36-2024-QH15:d27"", ""168-2024-ND-CP:d3"", ""100-2019-ND-CP:d47"", ""100-2019-ND-CP:d16"", ""100-2019-ND-CP:d6"", ""100-2019-ND-CP:d56"", ""168-2024-ND-CP:d8""]",1,0.25,1,0.25,1,0.25,1,0.25,1,0.25,1,0.25,1.0,"[""100-2019-ND-CP:d47"", ""59-2020-QH14:d12"", ""59-2020-QH14:d212"", ""59-2020-QH14:d72"", ""168-2024-ND-CP:d43"", ""168-2024-ND-CP:d36"", ""59-2020-QH14:d56"", ""36-2024-QH15:d27"", ""100-2019-ND-CP:d76"", ""168-2024-ND-CP:d6""]",0,0.0,0,0.0,0,0.0,1,0.25,1,0.25,1,0.25,0.1,"[""168-2024-ND-CP:d6"", ""100-2019-ND-CP:d80"", ""100-2019-ND-CP:d54"", ""168-2024-ND-CP:d3"", ""168-2025-ND:d69"", ""100-2019-ND-CP:d6"", ""168-2024-ND-CP:d7"", ""168-2024-ND-CP:d47"", ""100-2019-ND-CP:d5"", ""168-2025-ND:d54""]",1,0.25,1,0.25,1,0.25,1,0.25,1,0.25,1,0.25,1.0,"[""168-2024-ND-CP:d4"", ""168-2024-ND-CP:d54"", ""168-2024-ND-CP:d10"", ""100-2019-ND-CP:d47"", ""59-2020-QH14:d206"", ""36-2024-QH15:d88"", ""168-2024-ND-CP:d15"", ""44-2025-ND:d24"", ""100-2019-ND-CP:d9"", ""23-2022-ND:d47""]",0,0.0,0,0.0,0,0.0,0,0.0,0,0.0,1,0.25,0.0417
635,"[""36-2024-QH15:d11"", ""36-2024-QH15:d14"", ""168-2024-ND-CP:d8"", ""168-2024-ND-CP:d7"", ""168-2024-ND-CP:d6"", ""36-2024-QH15:d15"", ""100-2019-ND-CP:d47"", ""100-2019-ND-CP:d6"", ""100-2019-ND-CP:d5"", ""168-2024-ND-CP:d9""]",1,0.5,1,0.5,1,1.0,1,1.0,1,1.0,1,1.0,1.0,"[""36-2024-QH15:d11"", ""36-2024-QH15:d15"", ""36-2024-QH15:d14"", ""168-2024-ND-CP:d7"", ""100-2019-ND-CP:d47"", ""168-2024-ND-CP:d8"", ""36-2024-QH15:d24"", ""168-2024-ND-CP:d6"", ""100-2019-ND-CP:d6"", ""36-2024-QH15:d27""]",1,0.5,1,0.5,1,0.5,1,1.0,1,1.0,1,1.0,1.0,"[""100-2019-ND-CP:d6"", ""168-2024-ND-CP:d7"", ""168-2024-ND-CP:d8"", ""36-2024-QH15:d11"", ""100-2019-ND-CP:d5"", ""100-2019-ND-CP:d39"", ""168-2024-ND-CP:d6"", ""168-2024-ND-CP:d12"", ""100-2019-ND-CP:d7"", ""100-2019-ND-CP:d8""]",0,0.0,0,0.0,1,0.5,1,1.0,1,1.0,1,1.0,0.25,"[""168-2024-ND-CP:d15"", ""100-2019-ND-CP:d47"", ""36-2024-QH15:d20"", ""100-2019-ND-CP:d39"", ""100-2019-ND-CP:d44"", ""36-2024-QH15:d24"", ""168-2024-ND-CP:d10"", ""36-2024-QH15:d16"", ""100-2019-ND-CP:d25"", ""100-2019-ND-CP:d7""]",0,0.0,0,0.0,0,0.0,0,0.0,0,0.0,0,0.0,0.0
636,"[""168-2024-ND-CP:d9"", ""100-2019-ND-CP:d8"", ""100-2019-ND-CP:d6"", ""168-2024-ND-CP:d7"", ""168-2024-ND-CP:d8"", ""100-2019-ND-CP:d7"", ""168-2024-ND-CP:d6"", ""168-2024-ND-CP:d26"", ""100-2019-ND-CP:d5"", ""36-2024-QH15:d46""]",0,0.0,0,0.0,1,0.2,1,0.2,1,0.2,1,0.2,0.25,"[""168-2024-ND-CP:d9"", ""100-2019-ND-CP:d8"", ""36-2024-QH15:d87"", ""100-2019-ND-CP:d6"", ""168-2024-ND-CP:d33"", ""100-2019-ND-CP:d32"", ""168-2024-ND-CP:d7"", ""168-2024-ND-CP:d27"", ""100-2019-ND-CP:d7"", ""36-2024-QH15:d10""]",0,0.0,0,0.0,0,0.0,1,0.2,1,0.2,1,0.2,0.1429,"[""36-2024-QH15:d71"", ""36-2024-QH15:d73"", ""100-2019-ND-CP:d77"", ""168-2024-ND-CP:d6"", ""100-2019-ND-CP:d6"", ""100-2019-ND-CP:d8"", ""168-2024-ND-CP:d7"", ""168-2024-ND-CP:d52"", ""168-2024-ND-CP:d8"", ""168-2024-ND-CP:d9""]",0,0.0,0,0.0,0,0.0,1,0.2,1,0.2,1,0.2,0.1429,"[""168-2024-ND-CP:d15"", ""168-2024-ND-CP:d34"", ""168-2024-ND-CP:d7"", ""168-2024-ND-CP:d17"", ""100-2019-ND-CP:d18"", ""168-2024-ND-CP:d20"", ""100-2019-ND-CP:d16"", ""100-2019-ND-CP:d5"", ""168-2024-ND-CP:d32"", ""100-2019-ND-CP:d7""]",0,0.0,1,0.2,1,0.2,1,0.2,1,0.4,1,0.6,0.3333
637,"[""36-2024-QH15:d27"", ""100-2019-ND-CP:d6"", ""100-2019-ND-CP:d5"", ""168-2024-ND-CP:d7"", ""168-2024-ND-CP:d6"", ""168-2024-ND-CP:d8"", ""100-2019-ND-CP:d7"", ""100-2019-ND-CP:d8"", ""168-2024-ND-CP:d9"", ""36-2024-QH15:d14""]",1,0.3333,1,0.3333,1,0.6667,1,0.6667,1,1.0,1,1.0,1.0,"[""36-2024-QH15:d22"", ""36-2024-QH15:d27"", ""36-2024-QH15:d14"", ""100-2019-ND-CP:d47"", ""100-2019-ND-CP:d6"", ""168-2024-ND-CP:d36"", ""168-2024-ND-CP:d29"", ""100-2019-ND-CP:d8"", ""36-2024-QH15:d11"", ""36-2024-QH15:d24""]",0,0.0,1,0.3333,1,0.3333,1,0.6667,1,1.0,1,1.0,0.5,"[""100-2019-ND-CP:d6"", ""100-2019-ND-CP:d5"", ""168-2024-ND-CP:d7"", ""100-2019-ND-CP:d7"", ""100-2019-ND-CP:d8"", ""168-2024-ND-CP:d6"", ""168-2024-ND-CP:d8"", ""168-2024-ND-CP:d9"", ""168-2024-ND-CP:d21"", ""36-2024-QH15:d71""]",0,0.0,0,0.0,0,0.0,1,0.3333,1,0.3333,1,0.3333,0.1667,"[""100-2019-ND-CP:d39"", ""36-2024-QH15:d16"", ""168-2024-ND-CP:d15"", ""36-2024-QH15:d13"", ""36-2024-QH15:d20"", ""36-2024-QH15:d25"", ""36-2024-QH15:d26"", ""36-2024-QH15:d66"", ""36-2024-QH15:d24"", ""36-2024-QH15:d35""]",0,0.0,0,0.0,0,0.0,0,0.0,0,0.0,1,0.3333,0.04
638,"[""100-2019-ND-CP:d17"", ""100-2019-ND-CP:d19"", ""100-2019-ND-CP:d16"", ""168-2024-ND-CP:d14"", ""100-2019-ND-CP:d6"", ""168-2024-ND-CP:d16"", ""168-2024-ND-CP:d9"", ""100-2019-ND-CP:d8"", ""168-2024-ND-CP:d13"", ""100-2019-ND-CP:d5""]",0,0.0,0,0.0,0,0.0,1,0.3333,1,1.0,1,1.0,0.1111,"[""100-2019-ND-CP:d17"", ""100-2019-ND-CP:d18"", ""100-2019-ND-CP:d19"", ""168-2024-ND-CP:d14"", ""36-2024-QH15:d38"", ""100-2019-ND-CP:d35"", ""168-2024-ND-CP:d16"", ""168-2024-ND-CP:d31"", ""168-2024-ND-CP:d37"", ""36-2024-QH15:d25""]",0,0.0,0,0.0,0,0.0,0,0.0,1,0.3333,1,0.3333,0.0833,"[""59-2020-QH14:d209"", ""01-2021-ND:d71"", ""168-2025-ND:d65"", ""36-2024-QH15:d39"", ""01-2021-ND:d76"", ""01-2021-ND:d65"", ""168-2025-ND:d108"", ""168-2024-ND-CP:d6"", ""168-2024-ND-CP:d32"", ""168-2025-ND:d55""]",0,0.0,0,0.0,0,0.0,1,0.3333,1,1.0,1,1.0,0.1111,"[""100-2019-ND-CP:d18"", ""168-2024-ND-CP:d34"", ""168-2024-ND-CP:d20"", ""168-2024-ND-CP:d32"", ""168-2024-ND-CP:d15"", ""100-2019-ND-CP:d5"", ""168-2024-ND-CP:d17"", ""168-2024-ND-CP:d29"", ""168-2024-ND-CP:d22"", ""100-2019-ND-CP:d16""]",0,0.0,0,0.0,1,0.3333,1,0.3333,1,0.3333,1,0.3333,0.25
640,"[""100-2019-ND-CP:d66"", ""100-2019-ND-CP:d63"", ""168-2024-ND-CP:d9"", ""100-2019-ND-CP:d8"", ""100-2019-ND-CP:d6"", ""100-2019-ND-CP:d7"", ""168-2024-ND-CP:d7"", ""168-2024-ND-CP:d8"", ""36-2024-QH15:d87"", ""100-2019-ND-CP:d5""]",0,0.0,0,0.0,0,0.0,1,0.25,1,0.5,1,0.5,0.1429,"[""100-2019-ND-CP:d63"", ""100-2019-ND-CP:d66"", ""36-2024-QH15:d87"", ""168-2024-ND-CP:d9"", ""100-2019-ND-CP:d8"", ""168-2024-ND-CP:d24"", ""100-2019-ND-CP:d7"", ""100-2019-ND-CP:d6"", ""168-2024-ND-CP:d7"", ""168-2024-ND-CP:d8""]",0,0.0,0,0.0,0,0.0,1,0.25,1,0.5,1,0.5,0.1111,"[""100-2019-ND-CP:d63"", ""168-2024-ND-CP:d24"", ""100-2019-ND-CP:d36"", ""168-2024-ND-CP:d6"", ""168-2024-ND-CP:d38"", ""168-2024-ND-CP:d40"", ""100-2019-ND-CP:d27"", ""100-2019-ND-CP:d83"", ""168-2024-ND-CP:d25"", ""100-2019-ND-CP:d38""]",0,0.0,0,0.0,1,0.25,1,0.25,1,0.25,1,0.5,0.25,"[""168-2024-ND-CP:d24"", ""100-2019-ND-CP:d63"", ""100-2019-ND-CP:d41"", ""100-2019-ND-CP:d27"", ""100-2019-ND-CP:d76"", ""100-2019-ND-CP:d65"", ""100-2019-ND-CP:d75"", ""168-2024-ND-CP:d39"", ""100-2019-ND-CP:d26"", ""100-2019-ND-CP:d72""]",0,0.0,0,0.0,0,0.0,0,0.0,0,0.0,0,0.0,0.0
643,"[""168-2024-ND-CP:d9"", ""100-2019-ND-CP:d8"", ""100-2019-ND-CP:d63"", ""168-2024-ND-CP:d8"", ""100-2019-ND-CP:d7"", ""100-2019-ND-CP:d66"", ""100-2019-ND-CP:d6"", ""100-2019-ND-CP:d5"", ""168-2024-ND-CP:d7"", ""168-2024-ND-CP:d6""]",0,0.0,0,0.0,0,0.0,1,0.25,1,0.5,1,0.5,0.1,"[""100-2019-ND-CP:d63"", ""36-2024-QH15:d87"", ""100-2019-ND-CP:d66"", ""168-2024-ND-CP:d9"", ""100-2019-ND-CP:d8"", ""100-2019-ND-CP:d7"", ""168-2024-ND-CP:d8"", ""100-2019-ND-CP:d6"", ""168-2024-ND-CP:d7"", ""100-2019-ND-CP:d5""]",0,0.0,0,0.0,0,0.0,0,0.0,1,0.25,1,0.25,0.0833,"[""100-2019-ND-CP:d63"", ""168-2024-ND-CP:d6"", ""36-2024-QH15:d73"", ""100-2019-ND-CP:d5"", ""100-2019-ND-CP:d6"", ""100-2019-ND-CP:d7"", ""100-2019-ND-CP:d8"", ""168-2024-ND-CP:d7"", ""168-2024-ND-CP:d8"", ""168-2024-ND-CP:d9""]",0,0.0,1,0.25,1,0.25,1,0.25,1,0.25,1,0.25,0.5,"[""168-2024-ND-CP:d15"", ""36-2024-QH15:d66"", ""100-2019-ND-CP:d18"", ""100-2019-ND-CP:d25"", ""100-2019-ND-CP:d47"", ""100-2019-ND-CP:d44"", ""168-2024-ND-CP:d17"", ""100-2019-ND-CP:d26"", ""100-2019-ND-CP:d39"", ""168-2024-ND-CP:d34""]",0,0.0,0,0.0,0,0.0,0,0.0,0,0.0,0,0.0,0.0
644,"[""168-2024-ND-CP:d3"", ""168-2024-ND-CP:d32"", ""168-2024-ND-CP:d48"", ""168-2024-ND-CP:d40"", ""36-2024-QH15:d9"", ""100-2019-ND-CP:d30"", ""100-2019-ND-CP:d82"", ""100-2019-ND-CP:d4"", ""01-2021-ND:d75"", ""168-2024-ND-CP:d26""]",0,0.0,0,0.0,0,0.0,0,0.0,0,0.0,0,0.0,0.0,"[""100-2019-ND-CP:d82"", ""168-2024-ND-CP:d48"", ""168-2024-ND-CP:d3"", ""01-2021-ND:d69"", ""168-2024-ND-CP:d32"", ""01-2021-ND:d94"", ""01-2021-ND:d75"", ""59-2020-QH14:d141"", ""100-2019-ND-CP:d58"", ""01-2021-ND:d53""]",0,0.0,0,0.0,0,0.0,0,0.0,0,0.0,0,0.0,0.0,"[""168-2024-ND-CP:d48"", ""168-2024-ND-CP:d3"", ""100-2019-ND-CP:d82"", ""168-2024-ND-CP:d32"", ""168-2025-ND:d69"", ""01-2021-ND:d33"", ""168-2024-ND-CP:d12"", ""168-2025-ND:d71"", ""01-2021-ND:d68"", ""168-2024-ND-CP:d13""]",0,0.0,0,0.0,0,0.0,0,0.0,1,0.5,1,0.5,0.05,"[""168-2025-ND:d63"", ""168-2025-ND:d109"", ""168-2025-ND:d68"", ""01-2021-ND:d74"", ""168-2025-ND:d107"", ""01-2021-ND:d69"", ""01-2021-ND:d65"", ""59-2020-QH14:d212"", ""01-2021-ND:d46"", ""100-2019-ND-CP:d82""]",0,0.0,0,0.0,0,0.0,0,0.0,0,0.0,0,0.0,0.0
647,"[""100-2019-ND-CP:d66"", ""100-2019-ND-CP:d63"", ""100-2019-ND-CP:d7"", ""100-2019-ND-CP:d6"", ""100-2019-ND-CP:d5"", ""168-2024-ND-CP:d7"", ""168-2024-ND-CP:d9"", ""36-2024-QH15:d87"", ""100-2019-ND-CP:d8"", ""168-2024-ND-CP:d8""]",0,0.0,0,0.0,0,0.0,1,0.25,1,0.75,1,0.75,0.1667,"[""100-2019-ND-CP:d63"", ""100-2019-ND-CP:d66"", ""36-2024-QH15:d87"", ""168-2024-ND-CP:d19"", ""36-2024-QH15:d17"", ""36-2024-QH15:d58"", ""100-2019-ND-CP:d7"", ""100-2019-ND-CP:d6"", ""168-2024-ND-CP:d25"", ""168-2024-ND-CP:d9""]",0,0.0,0,0.0,0,0.0,0,0.0,1,0.75,1,0.75,0.0625,"[""100-2019-ND-CP:d63"", ""168-2024-ND-CP:d6"", ""168-2024-ND-CP:d12"", ""168-2024-ND-CP:d13"", ""168-2024-ND-CP:d28"", ""168-2024-ND-CP:d7"", ""168-2024-ND-CP:d24"", ""168-2024-ND-CP:d25"", ""168-2024-ND-CP:d27"", ""168-2024-ND-CP:d20""]",0,0.0,1,0.25,1,0.25,1,0.5,1,0.5,1,0.5,0.5,"[""168-2024-ND-CP:d34"", ""100-2019-ND-CP:d33"", ""168-2024-ND-CP:d18"", ""168-2024-ND-CP:d32"", ""100-2019-ND-CP:d18"", ""100-2019-ND-CP:d5"", ""100-2019-ND-CP:d21"", ""168-2024-ND-CP:d17"", ""100-2019-ND-CP:d16"", ""168-2024-ND-CP:d15""]",0,0.0,0,0.0,0,0.0,0,0.0,1,0.25,1,0.5,0.0625
648,"[""100-2019-ND-CP:d21"", ""100-2019-ND-CP:d47"", ""168-2024-ND-CP:d40"", ""100-2019-ND-CP:d30"", ""100-2019-ND-CP:d11"", ""168-2024-ND-CP:d19"", ""168-2024-ND-CP:d18"", ""168-2024-ND-CP:d32"", ""100-2019-ND-CP:d19"", ""100-2019-ND-CP:d17""]",0,0.0,0,0.0,0,0.0,1,0.5,1,0.5,1,0.5,0.125,"[""168-2024-ND-CP:d19"", ""100-2019-ND-CP:d22"", ""168-2024-ND-CP:d25"", ""100-2019-ND-CP:d27"", ""100-2019-ND-CP:d17"", ""100-2019-ND-CP:d36"", ""168-2024-ND-CP:d38"", ""168-2024-ND-CP:d30"", ""168-2024-ND-CP:d40"", ""100-2019-ND-CP:d34""]",0,0.0,0,0.0,0,0.0,0,0.0,0,0.0,0,0.0,0.0,"[""168-2024-ND-CP:d52"", ""100-2019-ND-CP:d60"", ""168-2024-ND-CP:d32"", ""100-2019-ND-CP:d6"", ""100-2019-ND-CP:d20"", ""168-2024-ND-CP:d7"", ""100-2019-ND-CP:d7"", ""100-2019-ND-CP:d8"", ""100-2019-ND-CP:d17"", ""100-2019-ND-CP:d19""]",0,0.0,1,0.5,1,0.5,1,0.5,1,0.5,1,0.5,0.3333,"[""168-2024-ND-CP:d19"", ""100-2019-ND-CP:d22"", ""100-2019-ND-CP:d17"", ""168-2024-ND-CP:d7"", ""100-2019-ND-CP:d6"", ""168-2024-ND-CP:d16"", ""168-2024-ND-CP:d8"", ""100-2019-ND-CP:d7"", ""100-2019-ND-CP:d19"", ""168-2024-ND-CP:d9""]",0,0.0,0,0.0,0,0.0,0,0.0,0,0.0,1,0.5,0.0435
650,"[""36-2024-QH15:d18"", ""168-2024-ND-CP:d8"", ""168-2024-ND-CP:d6"", ""100-2019-ND-CP:d7"", ""100-2019-ND-CP:d5"", ""168-2024-ND-CP:d7"", ""100-2019-ND-CP:d8"", ""100-2019-ND-CP:d6"", ""168-2024-ND-CP:d9"", ""36-2024-QH15:d25""]",1,0.5,1,1.0,1,1.0,1,1.0,1,1.0,1,1.0,1.0,"[""36-2024-QH15:d18"", ""36-2024-QH15:d16"", ""36-2024-QH15:d25"", ""36-2024-QH15:d22"", ""36-2024-QH15:d31"", ""168-2024-ND-CP:d8"", ""36-2024-QH15:d26"", ""36-2024-QH15:d72"", ""168-2024-ND-CP:d1"", ""36-2024-QH15:d69""]",1,0.5,1,0.5,1,0.5,1,0.5,1,1.0,1,1.0,1.0,"[""168-2024-ND-CP:d6"", ""168-2024-ND-CP:d8"", ""100-2019-ND-CP:d5"", ""100-2019-ND-CP:d6"", ""100-2019-ND-CP:d7"", ""100-2019-ND-CP:d8"", ""168-2024-ND-CP:d7"", ""168-2024-ND-CP:d9"", ""168-2024-ND-CP:d12"", ""100-2019-ND-CP:d80""]",1,0.5,1,0.5,1,0.5,1,0.5,1,0.5,1,0.5,1.0,"[""36-2024-QH15:d66"", ""36-2024-QH15:d25"", ""100-2019-ND-CP:d9"", ""36-2024-QH15:d69"", ""168-2024-ND-CP:d10"", ""100-2019-ND-CP:d5"", ""100-2019-ND-CP:d33"", ""100-2019-ND-CP:d47"", ""100-2019-ND-CP:d7"", ""100-2019-ND-CP:d35""]",0,0.0,0,0.0,0,0.0,0,0.0,0,0.0,0,0.0,0.0
654,"[""36-2024-QH15:d25"", ""168-2024-ND-CP:d6"", ""100-2019-ND-CP:d5"", ""168-2024-ND-CP:d8"", ""100-2019-ND-CP:d7"", ""168-2024-ND-CP:d7"", ""100-2019-ND-CP:d6"", ""36-2024-QH15:d15"", ""36-2024-QH15:d13"", ""36-2024-QH15:d10""]",1,0.5,1,1.0,1,1.0,1,1.0,1,1.0,1,1.0,1.0,"[""36-2024-QH15:d25"", ""36-2024-QH15:d13"", ""36-2024-QH15:d10"", ""100-2019-ND-CP:d9"", ""168-2024-ND-CP:d10"", ""36-2024-QH15:d15"", ""168-2024-ND-CP:d8"", ""100-2019-ND-CP:d7"", ""100-2019-ND-CP:d5"", ""168-2024-ND-CP:d6""]",1,0.5,1,0.5,1,0.5,1,1.0,1,1.0,1,1.0,1.0,"[""36-2024-QH15:d25"", ""100-2019-ND-CP:d24"", ""168-2024-ND-CP:d21"", ""100-2019-ND-CP:d5"", ""100-2019-ND-CP:d6"", ""168-2024-ND-CP:d6"", ""100-2019-ND-CP:d23"", ""168-2024-ND-CP:d7"", ""100-2019-ND-CP:d61"", ""100-2019-ND-CP:d39""]",1,0.5,1,0.5,1,0.5,1,1.0,1,1.0,1,1.0,1.0,"[""100-2019-ND-CP:d5"", ""168-2024-ND-CP:d34"", ""168-2024-ND-CP:d29"", ""168-2024-ND-CP:d32"", ""100-2019-ND-CP:d23"", ""100-2019-ND-CP:d30"", ""168-2024-ND-CP:d6"", ""100-2019-ND-CP:d33"", ""168-2024-ND-CP:d7"", ""168-2024-ND-CP:d9""]",0,0.0,0,0.0,0,0.0,1,0.5,1,0.5,1,0.5,0.1429
657,"[""168-2024-ND-CP:d15"", ""36-2024-QH15:d11"", ""100-2019-ND-CP:d19"", ""168-2024-ND-CP:d16"", ""168-2024-ND-CP:d13"", ""100-2019-ND-CP:d16"", ""168-2024-ND-CP:d3"", ""100-2019-ND-CP:d8"", ""168-2024-ND-CP:d32"", ""100-2019-ND-CP:d30""]",0,0.0,0,0.0,0,0.0,0,0.0,1,0.5,1,0.5,0.0556,"[""168-2024-ND-CP:d15"", ""36-2024-QH15:d11"", ""100-2019-ND-CP:d19"", ""168-2024-ND-CP:d16"", ""168-2024-ND-CP:d13"", ""100-2019-ND-CP:d16"", ""168-2024-ND-CP:d3"", ""168-2024-ND-CP:d25"", ""36-2024-QH15:d66"", ""168-2024-ND-CP:d19""]",0,0.0,0,0.0,0,0.0,0,0.0,0,0.0,1,0.5,0.0417,"[""36-2024-QH15:d67"", ""100-2019-ND-CP:d8"", ""100-2019-ND-CP:d19"", ""100-2019-ND-CP:d63"", ""168-2024-ND-CP:d3"", ""168-2024-ND-CP:d32"", ""100-2019-ND-CP:d16"", ""168-2024-ND-CP:d13"", ""168-2024-ND-CP:d16"", ""100-2019-ND-CP:d5""]",0,0.0,0,0.0,0,0.0,0,0.0,0,0.0,1,0.5,0.0435,"[""168-2024-ND-CP:d15"", ""168-2024-ND-CP:d25"", ""168-2024-ND-CP:d17"", ""100-2019-ND-CP:d26"", ""100-2019-ND-CP:d39"", ""168-2024-ND-CP:d32"", ""168-2024-ND-CP:d23"", ""100-2019-ND-CP:d5"", ""168-2024-ND-CP:d40"", ""100-2019-ND-CP:d16""]",0,0.0,0,0.0,0,0.0,0,0.0,0,0.0,1,0.5,0.037
660,"[""100-2019-ND-CP:d11"", ""100-2019-ND-CP:d8"", ""168-2024-ND-CP:d12"", ""168-2024-ND-CP:d9"", ""100-2019-ND-CP:d7"", ""100-2019-ND-CP:d6"", ""168-2024-ND-CP:d40"", ""168-2024-ND-CP:d7"", ""100-2019-ND-CP:d61"", ""168-2024-ND-CP:d29""]",0,0.0,0,0.0,0,0.0,0,0.0,1,0.5,1,0.5,0.0625,"[""168-2024-ND-CP:d29"", ""168-2024-ND-CP:d19"", ""168-2024-ND-CP:d30"", ""168-2025-ND:d116"", ""100-2019-ND-CP:d22"", ""36-2024-QH15:d54"", ""168-2024-ND-CP:d40"", ""100-2019-ND-CP:d11"", ""168-2024-ND-CP:d25"", ""100-2019-ND-CP:d27""]",0,0.0,0,0.0,0,0.0,0,0.0,0,0.0,0,0.0,0.0,"[""100-2019-ND-CP:d61"", ""100-2019-ND-CP:d60"", ""100-2019-ND-CP:d6"", ""100-2019-ND-CP:d7"", ""100-2019-ND-CP:d8"", ""168-2024-ND-CP:d7"", ""168-2024-ND-CP:d9"", ""168-2024-ND-CP:d8"", ""100-2019-ND-CP:d24"", ""168-2024-ND-CP:d40""]",0,0.0,0,0.0,0,0.0,0,0.0,0,0.0,0,0.0,0.0,"[""168-2024-ND-CP:d40"", ""100-2019-ND-CP:d19"", ""100-2019-ND-CP:d25"", ""100-2019-ND-CP:d22"", ""100-2019-ND-CP:d38"", ""168-2024-ND-CP:d16"", ""100-2019-ND-CP:d17"", ""100-2019-ND-CP:d60"", ""100-2019-ND-CP:d7"", ""168-2024-ND-CP:d19""]",0,0.0,0,0.0,0,0.0,0,0.0,0,0.0,0,0.0,0.0
662,"[""36-2024-QH15:d34"", ""36-2024-QH15:d25"", ""36-2024-QH15:d12"", ""100-2019-ND-CP:d7"", ""36-2024-QH15:d59"", ""168-2024-ND-CP:d8"", ""100-2019-ND-CP:d6"", ""168-2024-ND-CP:d7"", ""168-2024-ND-CP:d9"", ""100-2019-ND-CP:d5""]",0,0.0,1,0.5,1,0.5,1,1.0,1,1.0,1,1.0,0.3333,"[""36-2024-QH15:d25"", ""248-2025-ND:d6"", ""36-2024-QH15:d34"", ""36-2024-QH15:d12"", ""36-2024-QH15:d59"", ""100-2019-ND-CP:d22"", ""36-2024-QH15:d31"", ""168-2024-ND-CP:d19"", ""100-2019-ND-CP:d34"", ""36-2024-QH15:d15""]",0,0.0,0,0.0,1,0.5,1,0.5,1,1.0,1,1.0,0.25,"[""36-2024-QH15:d12"", ""100-2019-ND-CP:d6"", ""100-2019-ND-CP:d7"", ""168-2024-ND-CP:d6"", ""168-2024-ND-CP:d7"", ""168-2024-ND-CP:d8"", ""168-2024-ND-CP:d40"", ""100-2019-ND-CP:d8"", ""100-2019-ND-CP:d24"", ""168-2024-ND-CP:d9""]",1,0.5,1,0.5,1,1.0,1,1.0,1,1.0,1,1.0,1.0,"[""36-2024-QH15:d33"", ""36-2024-QH15:d12"", ""168-2024-ND-CP:d19"", ""100-2019-ND-CP:d22"", ""36-2024-QH15:d20"", ""36-2024-QH15:d31"", ""168-2024-ND-CP:d8"", ""36-2024-QH15:d42"", ""168-2024-ND-CP:d28"", ""36-2024-QH15:d64""]",0,0.0,1,0.5,1,0.5,1,0.5,1,1.0,1,1.0,0.5
663,"[""100-2019-ND-CP:d5"", ""168-2024-ND-CP:d6"", ""168-2024-ND-CP:d8"", ""168-2024-ND-CP:d7"", ""100-2019-ND-CP:d7"", ""36-2024-QH15:d18"", ""168-2024-ND-CP:d9"", ""100-2019-ND-CP:d8"", ""100-2019-ND-CP:d6"", ""100-2019-ND-CP:d15""]",0,0.0,1,0.5,1,0.5,1,1.0,1,1.0,1,1.0,0.5,"[""36-2024-QH15:d18"", ""36-2024-QH15:d13"", ""36-2024-QH15:d10"", ""36-2024-QH15:d17"", ""100-2019-ND-CP:d5"", ""36-2024-QH15:d25"", ""100-2019-ND-CP:d8"", ""100-2019-ND-CP:d7"", ""168-2024-ND-CP:d9"", ""168-2024-ND-CP:d8""]",1,0.5,1,0.5,1,0.5,1,0.5,1,1.0,1,1.0,1.0,"[""100-2019-ND-CP:d5"", ""100-2019-ND-CP:d6"", ""168-2024-ND-CP:d6"", ""168-2024-ND-CP:d7"", ""100-2019-ND-CP:d24"", ""168-2024-ND-CP:d21"", ""100-2019-ND-CP:d23"", ""100-2019-ND-CP:d7"", ""100-2019-ND-CP:d8"", ""100-2019-ND-CP:d14""]",0,0.0,1,0.5,1,0.5,1,0.5,1,0.5,1,0.5,0.3333,"[""100-2019-ND-CP:d5"", ""100-2019-ND-CP:d30"", ""100-2019-ND-CP:d23"", ""168-2024-ND-CP:d34"", ""168-2024-ND-CP:d32"", ""36-2024-QH15:d37"", ""168-2024-ND-CP:d17"", ""100-2019-ND-CP:d20"", ""100-2019-ND-CP:d18"", ""168-2024-ND-CP:d7""]",0,0.0,0,0.0,0,0.0,0,0.0,1,0.5,1,0.5,0.0833
664,"[""100-2019-ND-CP:d7"", ""100-2019-ND-CP:d6"", ""168-2024-ND-CP:d8"", ""168-2024-ND-CP:d7"", ""100-2019-ND-CP:d5"", ""168-2024-ND-CP:d6"", ""100-2019-ND-CP:d66"", ""100-2019-ND-CP:d3"", ""36-2024-QH15:d34"", ""36-2024-QH15:d25""]",0,0.0,0,0.0,1,0.3333,1,0.3333,1,0.3333,1,0.3333,0.25,"[""100-2019-ND-CP:d66"", ""36-2024-QH15:d25"", ""36-2024-QH15:d34"", ""100-2019-ND-CP:d7"", ""100-2019-ND-CP:d6"", ""168-2024-ND-CP:d19"", ""168-2024-ND-CP:d8"", ""168-2024-ND-CP:d7"", ""100-2019-ND-CP:d5"", ""100-2019-ND-CP:d3""]",0,0.0,0,0.0,0,0.0,1,0.3333,1,0.3333,1,0.6667,0.125,"[""168-2024-ND-CP:d6"", ""168-2024-ND-CP:d7"", ""168-2024-ND-CP:d21"", ""168-2024-ND-CP:d13"", ""168-2024-ND-CP:d20"", ""168-2024-ND-CP:d14"", ""168-2024-ND-CP:d27"", ""168-2024-ND-CP:d32"", ""168-2024-ND-CP:d34"", ""168-2024-ND-CP:d35""]",0,0.0,1,0.3333,1,0.3333,1,0.3333,1,0.6667,1,0.6667,0.5,"[""36-2024-QH15:d33"", ""36-2024-QH15:d12"", ""168-2024-ND-CP:d6"", ""168-2024-ND-CP:d28"", ""168-2024-ND-CP:d7"", ""168-2024-ND-CP:d22"", ""168-2024-ND-CP:d13"", ""36-2024-QH15:d58"", ""168-2024-ND-CP:d18"", ""100-2019-ND-CP:d17""]",0,0.0,0,0.0,1,0.3333,1,0.6667,1,0.6667,1,0.6667,0.2
666,"[""100-2019-ND-CP:d7"", ""100-2019-ND-CP:d66"", ""168-2024-ND-CP:d7"", ""100-2019-ND-CP:d6"", ""100-2019-ND-CP:d5"", ""100-2019-ND-CP:d3"", ""168-2024-ND-CP:d6"", ""168-2024-ND-CP:d8"", ""36-2024-QH15:d34"", ""100-2019-ND-CP:d34""]",0,0.0,1,0.3333,1,0.3333,1,0.3333,1,0.3333,1,0.3333,0.3333,"[""100-2019-ND-CP:d66"", ""100-2019-ND-CP:d7"", ""36-2024-QH15:d34"", ""100-2019-ND-CP:d6"", ""100-2019-ND-CP:d3"", ""168-2024-ND-CP:d7"", ""100-2019-ND-CP:d5"", ""168-2024-ND-CP:d8"", ""168-2024-ND-CP:d19"", ""36-2024-QH15:d25""]",0,0.0,0,0.0,0,0.0,1,0.3333,1,0.6667,1,0.6667,0.1667,"[""168-2024-ND-CP:d6"", ""168-2024-ND-CP:d7"", ""168-2024-ND-CP:d21"", ""168-2024-ND-CP:d13"", ""168-2024-ND-CP:d20"", ""168-2024-ND-CP:d14"", ""168-2024-ND-CP:d32"", ""168-2024-ND-CP:d34"", ""168-2024-ND-CP:d12"", ""168-2024-ND-CP:d17""]",0,0.0,1,0.3333,1,0.3333,1,0.3333,1,0.3333,1,0.6667,0.5,"[""36-2024-QH15:d33"", ""168-2024-ND-CP:d6"", ""168-2024-ND-CP:d22"", ""168-2024-ND-CP:d34"", ""168-2024-ND-CP:d7"", ""36-2024-QH15:d12"", ""168-2024-ND-CP:d28"", ""168-2024-ND-CP:d13"", ""168-2024-ND-CP:d20"", ""168-2024-ND-CP:d18""]",0,0.0,0,0.0,1,0.3333,1,0.3333,1,0.6667,1,0.6667,0.2
667,"[""23-2022-ND:d45"", ""168-2024-ND-CP:d53"", ""168-2024-ND-CP:d47"", ""100-2019-ND-CP:d80"", ""168-2024-ND-CP:d50"", ""100-2019-ND-CP:d30"", ""168-2024-ND-CP:d32"", ""168-2024-ND-CP:d5"", ""100-2019-ND-CP:d21"", ""168-2024-ND-CP:d18""]",0,0.0,0,0.0,0,0.0,1,0.5,1,0.5,1,0.5,0.1429,"[""168-2024-ND-CP:d53"", ""23-2022-ND:d45"", ""168-2024-ND-CP:d25"", ""100-2019-ND-CP:d27"", ""168-2024-ND-CP:d19"", ""168-2024-ND-CP:d30"", ""168-2024-ND-CP:d29"", ""168-2024-ND-CP:d28"", ""36-2024-QH15:d88"", ""168-2024-ND-CP:d50""]",0,0.0,0,0.0,0,0.0,0,0.0,0,0.0,0,0.0,0.0,"[""168-2024-ND-CP:d32"", ""168-2024-ND-CP:d52"", ""100-2019-ND-CP:d30"", ""100-2019-ND-CP:d60"", ""100-2019-ND-CP:d83"", ""100-2019-ND-CP:d37"", ""100-2019-ND-CP:d80"", ""168-2024-ND-CP:d47"", ""100-2019-ND-CP:d5"", ""100-2019-ND-CP:d6""]",1,0.5,1,0.5,1,0.5,1,0.5,1,0.5,1,0.5,1.0,"[""100-2019-ND-CP:d33"", ""168-2024-ND-CP:d34"", ""100-2019-ND-CP:d18"", ""36-2024-QH15:d88"", ""168-2024-ND-CP:d32"", ""100-2019-ND-CP:d23"", ""168-2024-ND-CP:d17"", ""168-2024-ND-CP:d31"", ""100-2019-ND-CP:d20"", ""100-2019-ND-CP:d16""]",0,0.0,0,0.0,1,0.5,1,0.5,1,0.5,1,0.5,0.2
671,"[""100-2019-ND-CP:d47"", ""168-2024-ND-CP:d9"", ""36-2024-QH15:d24"", ""36-2024-QH15:d20"", ""168-2024-ND-CP:d36"", ""100-2019-ND-CP:d8"", ""36-2024-QH15:d26"", ""100-2019-ND-CP:d39"", ""100-2019-ND-CP:d44"", ""100-2019-ND-CP:d6""]",0,0.0,0,0.0,0,0.0,0,0.0,1,1.0,1,1.0,0.0833,"[""100-2019-ND-CP:d47"", ""36-2024-QH15:d20"", ""36-2024-QH15:d26"", ""36-2024-QH15:d24"", ""168-2024-ND-CP:d36"", ""100-2019-ND-CP:d39"", ""168-2024-ND-CP:d9"", ""100-2019-ND-CP:d9"", ""36-2024-QH15:d14"", ""168-2024-ND-CP:d10""]",0,0.0,0,0.0,0,0.0,0,0.0,1,0.3333,1,0.6667,0.0588,"[""100-2019-ND-CP:d39"", ""100-2019-ND-CP:d47"", ""168-2024-ND-CP:d9"", ""100-2019-ND-CP:d6"", ""100-2019-ND-CP:d8"", ""168-2024-ND-CP:d7"", ""100-2019-ND-CP:d5"", ""100-2019-ND-CP:d7"", ""100-2019-ND-CP:d44"", ""100-2019-ND-CP:d61""]",0,0.0,0,0.0,0,0.0,1,0.3333,1,0.6667,1,0.6667,0.1667,"[""168-2024-ND-CP:d15"", ""36-2024-QH15:d20"", ""100-2019-ND-CP:d30"", ""100-2019-ND-CP:d9"", ""100-2019-ND-CP:d44"", ""100-2019-ND-CP:d47"", ""168-2024-ND-CP:d10"", ""100-2019-ND-CP:d35"", ""100-2019-ND-CP:d5"", ""168-2024-ND-CP:d12""]",0,0.0,0,0.0,0,0.0,0,0.0,0,0.0,0,0.0,0.0
672,"[""168-2024-ND-CP:d29"", ""168-2024-ND-CP:d30"", ""100-2019-ND-CP:d11"", ""168-2024-ND-CP:d53"", ""168-2024-ND-CP:d12"", ""100-2019-ND-CP:d8"", ""168-2024-ND-CP:d9"", ""36-2024-QH15:d88"", ""36-2024-QH15:d28"", ""100-2019-ND-CP:d33""]",0,0.0,0,0.0,0,0.0,0,0.0,1,0.5,1,0.5,0.0833,"[""168-2024-ND-CP:d53"", ""168-2024-ND-CP:d29"", ""168-2024-ND-CP:d30"", ""36-2024-QH15:d54"", ""36-2024-QH15:d28"", ""36-2024-QH15:d88"", ""100-2019-ND-CP:d11"", ""168-2025-ND:d116"", ""36-2024-QH15:d66"", ""100-2019-ND-CP:d27""]",0,0.0,0,0.0,0,0.0,0,0.0,1,0.5,1,0.5,0.0769,"[""100-2019-ND-CP:d61"", ""100-2019-ND-CP:d5"", ""100-2019-ND-CP:d6"", ""168-2024-ND-CP:d7"", ""100-2019-ND-CP:d23"", ""100-2019-ND-CP:d24"", ""100-2019-ND-CP:d33"", ""168-2024-ND-CP:d6"", ""168-2024-ND-CP:d20"", ""168-2024-ND-CP:d29""]",0,0.0,0,0.0,0,0.0,0,0.0,0,0.0,0,0.0,0.0,"[""168-2024-ND-CP:d53"", ""36-2024-QH15:d88"", ""100-2019-ND-CP:d16"", ""100-2019-ND-CP:d26"", ""168-2024-ND-CP:d34"", ""100-2019-ND-CP:d18"", ""100-2019-ND-CP:d84"", ""168-2024-ND-CP:d17"", ""100-2019-ND-CP:d33"", ""100-2019-ND-CP:d32""]",0,0.0,0,0.0,0,0.0,0,0.0,0,0.0,0,0.0,0.0
673,"[""36-2024-QH15:d18"", ""168-2024-ND-CP:d6"", ""168-2024-ND-CP:d9"", ""168-2024-ND-CP:d8"", ""100-2019-ND-CP:d5"", ""168-2024-ND-CP:d7"", ""100-2019-ND-CP:d8"", ""100-2019-ND-CP:d6"", ""100-2019-ND-CP:d7"", ""36-2024-QH15:d44""]",1,0.5,1,1.0,1,1.0,1,1.0,1,1.0,1,1.0,1.0,"[""36-2024-QH15:d18"", ""36-2024-QH15:d77"", ""36-2024-QH15:d26"", ""36-2024-QH15:d44"", ""36-2024-QH15:d19"", ""168-2024-ND-CP:d6"", ""168-2024-ND-CP:d9"", ""100-2019-ND-CP:d14"", ""168-2024-ND-CP:d7"", ""168-2024-ND-CP:d8""]",1,0.5,1,0.5,1,0.5,1,1.0,1,1.0,1,1.0,1.0,"[""36-2024-QH15:d18"", ""168-2024-ND-CP:d12"", ""36-2024-QH15:d52"", ""100-2019-ND-CP:d33"", ""168-2024-ND-CP:d6"", ""168-2024-ND-CP:d8"", ""168-2024-ND-CP:d34"", ""100-2019-ND-CP:d6"", ""100-2019-ND-CP:d14"", ""168-2024-ND-CP:d7""]",1,0.5,1,0.5,1,1.0,1,1.0,1,1.0,1,1.0,1.0,"[""36-2024-QH15:d64"", ""36-2024-QH15:d10"", ""36-2024-QH15:d35"", ""36-2024-QH15:d29"", ""168-2024-ND-CP:d13"", ""36-2024-QH15:d48"", ""36-2024-QH15:d28"", ""36-2024-QH15:d12"", ""36-2024-QH15:d89"", ""36-2024-QH15:d14""]",0,0.0,0,0.0,0,0.0,0,0.0,0,0.0,1,0.5,0.0455
674,"[""168-2024-ND-CP:d12"", ""100-2019-ND-CP:d12"", ""36-2024-QH15:d88"", ""168-2024-ND-CP:d53"", ""168-2024-ND-CP:d52"", ""168-2024-ND-CP:d29"", ""100-2019-ND-CP:d29"", ""100-2019-ND-CP:d11"", ""168-2024-ND-CP:d31"", ""100-2019-ND-CP:d39""]",0,0.0,0,0.0,0,0.0,0,0.0,0,0.0,0,0.0,0.0,"[""168-2024-ND-CP:d53"", ""36-2024-QH15:d88"", ""168-2024-ND-CP:d29"", ""100-2019-ND-CP:d29"", ""168-2024-ND-CP:d19"", ""100-2019-ND-CP:d1"", ""168-2024-ND-CP:d52"", ""168-2024-ND-CP:d31"", ""168-2024-ND-CP:d12"", ""100-2019-ND-CP:d27""]",0,0.0,0,0.0,0,0.0,0,0.0,0,0.0,1,0.5,0.0385,"[""168-2024-ND-CP:d52"", ""100-2019-ND-CP:d39"", ""100-2019-ND-CP:d83"", ""100-2019-ND-CP:d6"", ""100-2019-ND-CP:d12"", ""100-2019-ND-CP:d23"", ""100-2019-ND-CP:d80"", ""168-2024-ND-CP:d7"", ""168-2024-ND-CP:d12"", ""100-2019-ND-CP:d5""]",0,0.0,0,0.0,0,0.0,0,0.0,0,0.0,0,0.0,0.0,"[""100-2019-ND-CP:d9"", ""168-2024-ND-CP:d10"", ""36-2024-QH15:d88"", ""100-2019-ND-CP:d84"", ""168-2024-ND-CP:d53"", ""248-2025-ND:d10"", ""168-2024-ND-CP:d52"", ""100-2019-ND-CP:d33"", ""168-2024-ND-CP:d4"", ""100-2019-ND-CP:d11""]",0,0.0,1,0.5,1,0.5,1,0.5,1,0.5,1,0.5,0.5
676,"[""36-2024-QH15:d25"", ""168-2024-ND-CP:d8"", ""168-2024-ND-CP:d6"", ""100-2019-ND-CP:d5"", ""100-2019-ND-CP:d7"", ""100-2019-ND-CP:d4"", ""168-2024-ND-CP:d7"", ""100-2019-ND-CP:d9"", ""100-2019-ND-CP:d6"", ""168-2024-ND-CP:d10""]",1,0.5,1,1.0,1,1.0,1,1.0,1,1.0,1,1.0,1.0,"[""36-2024-QH15:d25"", ""100-2019-ND-CP:d9"", ""168-2024-ND-CP:d10"", ""168-2024-ND-CP:d8"", ""168-2024-ND-CP:d6"", ""100-2019-ND-CP:d66"", ""100-2019-ND-CP:d7"", ""36-2024-QH15:d27"", ""100-2019-ND-CP:d5"", ""36-2024-QH15:d11""]",1,0.5,1,0.5,1,1.0,1,1.0,1,1.0,1,1.0,1.0,"[""100-2019-ND-CP:d39"", ""36-2024-QH15:d25"", ""100-2019-ND-CP:d56"", ""100-2019-ND-CP:d61"", ""168-2024-ND-CP:d26"", ""100-2019-ND-CP:d28"", ""168-2025-ND:d63"", ""168-2025-ND:d109"", ""36-2024-QH15:d12"", ""100-2019-ND-CP:d13""]",0,0.0,1,0.5,1,0.5,1,0.5,1,0.5,1,1.0,0.5,"[""36-2024-QH15:d25"", ""36-2024-QH15:d11"", ""36-2024-QH15:d52"", ""36-2024-QH15:d79"", ""168-2024-ND-CP:d15"", ""36-2024-QH15:d66"", ""100-2019-ND-CP:d39"", ""36-2024-QH15:d13"", ""36-2024-QH15:d12"", ""36-2024-QH15:d81""]",1,0.5,1,0.5,1,0.5,1,0.5,1,0.5,1,0.5,1.0
682,"[""100-2019-ND-CP:d47"", ""36-2024-QH15:d36"", ""36-2024-QH15:d24"", ""168-2024-ND-CP:d36"", ""36-2024-QH15:d27"", ""36-2024-QH15:d11"", ""36-2024-QH15:d47"", ""100-2019-ND-CP:d17"", ""36-2024-QH15:d74"", ""36-2024-QH15:d49""]",0,0.0,0,0.0,0,0.0,1,0.5,1,0.5,1,0.5,0.1667,"[""36-2024-QH15:d36"", ""100-2019-ND-CP:d47"", ""168-2024-ND-CP:d36"", ""36-2024-QH15:d24"", ""168-2024-ND-CP:d4"", ""36-2024-QH15:d74"", ""36-2024-QH15:d27"", ""36-2024-QH15:d67"", ""36-2024-QH15:d47"", ""36-2024-QH15:d11""]",0,0.0,0,0.0,0,0.0,1,0.5,1,0.5,1,0.5,0.1,"[""01-2021-ND:d46"", ""100-2019-ND-CP:d39"", ""100-2019-ND-CP:d40"", ""168-2024-ND-CP:d52"", ""168-2025-ND:d51"", ""01-2021-ND:d44"", ""01-2021-ND:d69"", ""01-2021-ND:d65"", ""100-2019-ND-CP:d54"", ""100-2019-ND-CP:d77""]",0,0.0,0,0.0,0,0.0,0,0.0,0,0.0,1,0.5,0.0345,"[""36-2024-QH15:d24"", ""36-2024-QH15:d20"", ""36-2024-QH15:d26"", ""100-2019-ND-CP:d39"", ""36-2024-QH15:d16"", ""36-2024-QH15:d21"", ""36-2024-QH15:d11"", ""168-2024-ND-CP:d15"", ""36-2024-QH15:d22"", ""36-2024-QH15:d25""]",0,0.0,0,0.0,0,0.0,1,0.5,1,0.5,1,0.5,0.1429
683,"[""100-2019-ND-CP:d21"", ""168-2024-ND-CP:d18"", ""168-2024-ND-CP:d19"", ""36-2024-QH15:d58"", ""36-2024-QH15:d62"", ""168-2024-ND-CP:d51"", ""168-2024-ND-CP:d50"", ""36-2024-QH15:d89"", ""168-2024-ND-CP:d21"", ""168-2024-ND-CP:d28""]",0,0.0,1,0.3333,1,0.6667,1,1.0,1,1.0,1,1.0,0.5,"[""168-2024-ND-CP:d19"", ""36-2024-QH15:d58"", ""36-2024-QH15:d62"", ""168-2024-ND-CP:d49"", ""168-2024-ND-CP:d25"", ""168-2024-ND-CP:d28"", ""168-2024-ND-CP:d50"", ""168-2024-ND-CP:d30"", ""168-2024-ND-CP:d51"", ""100-2019-ND-CP:d21""]",0,0.0,1,0.3333,1,0.3333,1,0.6667,1,1.0,1,1.0,0.5,"[""168-2024-ND-CP:d14"", ""168-2024-ND-CP:d21"", ""168-2024-ND-CP:d7"", ""168-2024-ND-CP:d17"", ""168-2024-ND-CP:d12"", ""168-2024-ND-CP:d13"", ""168-2024-ND-CP:d18"", ""168-2024-ND-CP:d32"", ""168-2024-ND-CP:d6"", ""168-2024-ND-CP:d20""]",0,0.0,0,0.0,0,0.0,1,0.3333,1,0.6667,1,1.0,0.1429,"[""168-2024-ND-CP:d14"", ""168-2024-ND-CP:d13"", ""168-2024-ND-CP:d7"", ""36-2024-QH15:d89"", ""168-2024-ND-CP:d18"", ""168-2024-ND-CP:d6"", ""36-2024-QH15:d57"", ""36-2024-QH15:d33"", ""168-2024-ND-CP:d28"", ""168-2024-ND-CP:d34""]",0,0.0,0,0.0,1,0.3333,1,0.3333,1,0.3333,1,0.6667,0.2
688,"[""36-2024-QH15:d18"", ""168-2024-ND-CP:d6"", ""168-2024-ND-CP:d12"", ""168-2024-ND-CP:d9"", ""168-2024-ND-CP:d7"", ""100-2019-ND-CP:d5"", ""36-2024-QH15:d30"", ""168-2024-ND-CP:d8"", ""100-2019-ND-CP:d8"", ""100-2019-ND-CP:d7""]",1,0.5,1,0.5,1,1.0,1,1.0,1,1.0,1,1.0,1.0,"[""36-2024-QH15:d77"", ""36-2024-QH15:d18"", ""36-2024-QH15:d26"", ""36-2024-QH15:d30"", ""168-2024-ND-CP:d12"", ""168-2024-ND-CP:d6"", ""168-2024-ND-CP:d9"", ""168-2024-ND-CP:d7"", ""168-2024-ND-CP:d11"", ""168-2024-ND-CP:d19""]",0,0.0,1,0.5,1,0.5,1,1.0,1,1.0,1,1.0,0.5,"[""168-2024-ND-CP:d12"", ""168-2024-ND-CP:d7"", ""168-2024-ND-CP:d8"", ""168-2024-ND-CP:d9"", ""36-2024-QH15:d18"", ""100-2019-ND-CP:d6"", ""100-2019-ND-CP:d7"", ""100-2019-ND-CP:d8"", ""100-2019-ND-CP:d61"", ""100-2019-ND-CP:d60""]",0,0.0,1,0.5,1,1.0,1,1.0,1,1.0,1,1.0,0.5,"[""36-2024-QH15:d33"", ""168-2024-ND-CP:d7"", ""168-2024-ND-CP:d9"", ""100-2019-ND-CP:d11"", ""100-2019-ND-CP:d6"", ""100-2019-ND-CP:d8"", ""36-2024-QH15:d31"", ""168-2024-ND-CP:d34"", ""100-2019-ND-CP:d22"", ""168-2024-ND-CP:d12""]",0,0.0,1,0.5,1,0.5,1,0.5,1,0.5,1,0.5,0.5
691,"[""100-2019-ND-CP:d47"", ""36-2024-QH15:d20"", ""168-2024-ND-CP:d9"", ""100-2019-ND-CP:d21"", ""168-2024-ND-CP:d18"", ""100-2019-ND-CP:d17"", ""36-2024-QH15:d26"", ""100-2019-ND-CP:d19"", ""100-2019-ND-CP:d16"", ""168-2024-ND-CP:d36""]",0,0.0,0,0.0,0,0.0,0,0.0,1,1.0,1,1.0,0.0625,"[""36-2024-QH15:d20"", ""36-2024-QH15:d26"", ""100-2019-ND-CP:d47"", ""168-2024-ND-CP:d53"", ""100-2019-ND-CP:d17"", ""100-2019-ND-CP:d21"", ""168-2024-ND-CP:d36"", ""168-2024-ND-CP:d19"", ""168-2024-ND-CP:d18"", ""100-2019-ND-CP:d18""]",0,0.0,0,0.0,0,0.0,0,0.0,1,0.5,1,0.5,0.0833,"[""100-2019-ND-CP:d6"", ""168-2024-ND-CP:d36"", ""168-2024-ND-CP:d7"", ""100-2019-ND-CP:d17"", ""100-2019-ND-CP:d24"", ""168-2024-ND-CP:d6"", ""168-2024-ND-CP:d9"", ""168-2024-ND-CP:d21"", ""100-2019-ND-CP:d8"", ""168-2024-ND-CP:d14""]",0,0.0,1,0.5,1,0.5,1,0.5,1,0.5,1,1.0,0.3333,"[""100-2019-ND-CP:d22"", ""168-2024-ND-CP:d7"", ""168-2024-ND-CP:d19"", ""100-2019-ND-CP:d6"", ""36-2024-QH15:d33"", ""168-2024-ND-CP:d53"", ""100-2019-ND-CP:d17"", ""168-2024-ND-CP:d9"", ""168-2024-ND-CP:d28"", ""100-2019-ND-CP:d30""]",0,0.0,1,0.5,1,0.5,1,0.5,1,0.5,1,0.5,0.5
694,"[""100-2019-ND-CP:d8"", ""168-2024-ND-CP:d9"", ""168-2024-ND-CP:d12"", ""100-2019-ND-CP:d11"", ""100-2019-ND-CP:d34"", ""100-2019-ND-CP:d47"", ""168-2024-ND-CP:d35"", ""36-2024-QH15:d31"", ""36-2024-QH15:d34"", ""100-2019-ND-CP:d3""]",0,0.0,1,0.5,1,0.5,1,0.5,1,0.5,1,0.5,0.5,"[""36-2024-QH15:d31"", ""168-2024-ND-CP:d53"", ""100-2019-ND-CP:d34"", ""168-2024-ND-CP:d35"", ""100-2019-ND-CP:d8"", ""168-2024-ND-CP:d9"", ""100-2019-ND-CP:d11"", ""100-2019-ND-CP:d47"", ""168-2024-ND-CP:d12"", ""168-2024-ND-CP:d25""]",0,0.0,0,0.0,0,0.0,1,0.5,1,0.5,1,0.5,0.1667,"[""100-2019-ND-CP:d8"", ""168-2024-ND-CP:d9"", ""100-2019-ND-CP:d60"", ""168-2024-ND-CP:d12"", ""100-2019-ND-CP:d6"", ""100-2019-ND-CP:d20"", ""100-2019-ND-CP:d23"", ""100-2019-ND-CP:d31"", ""100-2019-ND-CP:d61"", ""168-2024-ND-CP:d7""]",0,0.0,1,0.5,1,0.5,1,0.5,1,0.5,1,0.5,0.5,"[""100-2019-ND-CP:d8"", ""100-2019-ND-CP:d11"", ""168-2024-ND-CP:d12"", ""168-2024-ND-CP:d9"", ""100-2019-ND-CP:d34"", ""100-2019-ND-CP:d33"", ""100-2019-ND-CP:d22"", ""168-2024-ND-CP:d19"", ""36-2024-QH15:d31"", ""100-2019-ND-CP:d30""]",0,0.0,0,0.0,1,0.5,1,0.5,1,0.5,1,0.5,0.25
