stt,category,question,expected_articles,num_expected,reference_answer,reference_law,skipped,full_answer,full_retrieved,full_tree_articles,full_kg_articles,full_confidence,full_hit@1,full_recall@1,full_hit@3,full_recall@3,full_hit@5,full_recall@5,full_hit@10,full_recall@10,full_hit@20,full_recall@20,full_hit@30,full_recall@30,full_mrr
1,"Loại 6: Giải thể & Phá sản - Thủ tục, thanh toán nợ, tạm ngưng",cho mình hỏi mình nộp hồ sơ tạm ngừng kinh doanh hồ sơ đã nộp có + thông báo tạm ngừng + biên bản họp + quyết định tạm ngừng mà nhận được thông tin phản hồi cần bổ sung thêm tài liệu là cần bổ sung thêm tài liệu gì vậy mọi người,['59-2020-QH14:d206'],1,"Theo Điều 206 Luật Doanh nghiệp 2020, doanh nghiệp phải thông báo bằng văn bản cho Cơ quan đăng ký kinh doanh chậm nhất 03 ngày làm việc trước ngày tạm ngừng kinh doanh. Hồ sơ bạn đã nộp (Thông báo tạm ngừng + Biên bản họp + Quyết định tạm ngừng) về cơ bản là đầy đủ. Tuy nhiên, nếu bị yêu cầu bổ sung, có thể do: 1) Thông báo chưa đúng mẫu hoặc thiếu thông tin (thời gian tạm ngừng, lý do); 2) Biên bản họp thiếu chữ ký của các thành viên theo quy định điều lệ; 3) Quyết định thiếu chữ ký của người đại diện theo pháp luật hoặc không đúng thẩm quyền. Lưu ý: Trong thời gian tạm ngừng, theo khoản 3 Điều 206, doanh nghiệp vẫn phải nộp đủ số thuế, BHXH, BHYT, BHTN còn nợ và tiếp tục thanh toán các khoản nợ, hoàn thành hợp đồng đã ký (trừ khi có thỏa thuận khác).","Khoản 1 Điều 206 LDN 2020 - Thông báo tạm ngừng kinh doanh
Khoản 3 Điều 206 LDN 2020 - Nghĩa vụ trong thời gian tạm ngừng",False,Không thể tạo câu trả lời.,"['01-2021-ND:d66', '01-2021-ND:d69', '168-2025-ND:d60', '59-2020-QH14:d206', '01-2021-ND:d99', '59-2020-QH14:d11', '168-2025-ND:d3', '01-2021-ND:d89', '168-2025-ND:d58', '168-2025-ND:d71', '59-2020-QH14:d150', '23-2022-ND:d36', '100-2019-ND-CP:d48', '01-2021-ND:d87', '01-2021-ND:d37', '01-2021-ND:d53', '59-2020-QH14:d4', '59-2020-QH14:d110', '168-2025-ND:d47', '168-2025-ND:d116', '168-2025-ND:d24', '36-2024-QH15:d55', '36-2024-QH15:d30', '168-2025-ND:d110', '01-2021-ND:d29', '01-2021-ND:d88', '168-2024-ND-CP:d5', '59-2020-QH14:d215', '01-2021-ND:d8', '100-2019-ND-CP:d28', '100-2019-ND-CP:d50']","['01-2021-ND:d66', '01-2021-ND:d69', '168-2025-ND:d60']","['59-2020-QH14:d206', '01-2021-ND:d66', '168-2025-ND:d60', '01-2021-ND:d99', '59-2020-QH14:d11', '168-2025-ND:d3', '01-2021-ND:d89', '168-2025-ND:d58', '168-2025-ND:d71', '59-2020-QH14:d150', '23-2022-ND:d36', '100-2019-ND-CP:d48', '01-2021-ND:d87', '01-2021-ND:d37', '01-2021-ND:d53', '59-2020-QH14:d4', '59-2020-QH14:d110', '168-2025-ND:d47', '168-2025-ND:d116', '168-2025-ND:d24', '36-2024-QH15:d55', '36-2024-QH15:d30', '168-2025-ND:d110', '01-2021-ND:d29', '01-2021-ND:d88', '168-2024-ND-CP:d5', '59-2020-QH14:d215', '01-2021-ND:d8', '100-2019-ND-CP:d28', '100-2019-ND-CP:d50']",0.0,0,0.0,0,0.0,1,1.0,1,1.0,1,1.0,1,1.0,0.25
2,"Loại 6: Giải thể & Phá sản - Thủ tục, thanh toán nợ, tạm ngưng","Nộp hồ sơ tạm ngừng kinh doanh có thông báo tạm ngừng, biên bản họp, quyết định tạm ngừng mà nhận được thông tin phản hồi cần bổ sung thêm tài liệu là cần bổ sung thêm tài liệu gì vậy mọi người?",['59-2020-QH14:d206'],1,"Theo Điều 206 Luật Doanh nghiệp 2020 và Nghị định 01/2021, hồ sơ tạm ngừng kinh doanh cần đầy đủ: 1) Thông báo tạm ngừng kinh doanh (theo mẫu quy định); 2) Biên bản họp Hội đồng thành viên/HĐQT (nếu là công ty TNHH 2TV/CP); 3) Quyết định tạm ngừng của Hội đồng thành viên/HĐQT hoặc chủ sở hữu. Nếu bị yêu cầu bổ sung, có thể thiếu: a) Biên bản họp thiếu chữ ký đủ số thành viên theo quy định; b) Thông báo không đúng mẫu hoặc thiếu thông tin bắt buộc (thời gian tạm ngừng, lý do); c) Quyết định không có chữ ký của người đại diện theo pháp luật; d) Thiếu file đính kèm khi nộp online. Kiểm tra lại thông báo bổ sung từ Sở để biết cụ thể tài liệu cần bổ sung.","Điều 206 LDN 2020 - Tạm ngừng đình chỉ hoạt động chấm dứt kinh doanh
Nghị định 01/2021/NĐ-CP - Đăng ký doanh nghiệp",False,Không thể tạo câu trả lời.,"['168-2025-ND:d60', '168-2025-ND:d63', '59-2020-QH14:d206', '01-2021-ND:d66', '168-2025-ND:d85', '59-2020-QH14:d16', '168-2025-ND:d3', '168-2025-ND:d58', '168-2025-ND:d71', '01-2021-ND:d89', '59-2020-QH14:d150', '23-2022-ND:d36', '100-2019-ND-CP:d48', '59-2020-QH14:d4', '01-2021-ND:d37', '01-2021-ND:d53', '168-2025-ND:d47', '59-2020-QH14:d110', '36-2024-QH15:d30', '36-2024-QH15:d55', '168-2025-ND:d116', '168-2025-ND:d24', '168-2025-ND:d110', '01-2021-ND:d29', '01-2021-ND:d88', '168-2024-ND-CP:d5', '100-2019-ND-CP:d28', '59-2020-QH14:d215', '01-2021-ND:d8', '100-2019-ND-CP:d71', '100-2019-ND-CP:d50']","['168-2025-ND:d60', '168-2025-ND:d63', '59-2020-QH14:d206']","['59-2020-QH14:d206', '168-2025-ND:d60', '01-2021-ND:d66', '168-2025-ND:d85', '59-2020-QH14:d16', '168-2025-ND:d3', '168-2025-ND:d58', '168-2025-ND:d71', '01-2021-ND:d89', '59-2020-QH14:d150', '23-2022-ND:d36', '100-2019-ND-CP:d48', '59-2020-QH14:d4', '01-2021-ND:d37', '01-2021-ND:d53', '168-2025-ND:d47', '59-2020-QH14:d110', '36-2024-QH15:d30', '36-2024-QH15:d55', '168-2025-ND:d116', '168-2025-ND:d24', '168-2025-ND:d110', '01-2021-ND:d29', '01-2021-ND:d88', '168-2024-ND-CP:d5', '100-2019-ND-CP:d28', '59-2020-QH14:d215', '01-2021-ND:d8', '100-2019-ND-CP:d71', '100-2019-ND-CP:d50']",0.0,0,0.0,1,1.0,1,1.0,1,1.0,1,1.0,1,1.0,0.3333
3,"Loại 3: Vốn điều lệ - Góp vốn, tăng/giảm vốn, vốn pháp định",Trường hợp đi vay để nộp đủ vốn điều lệ khi kiểm tra sau đó rút ra thì quy định xử lý như thế nào ạ?,"['59-2020-QH14:d16', '59-2020-QH14:d47']",2,"Theo Điều 16 khoản 5 Luật Doanh nghiệp 2020, hành vi 'kê khai khống vốn điều lệ, không góp đủ số vốn điều lệ như đã đăng ký' là hành vi bị nghiêm cấm. Việc vay tiền để góp vốn sau đó rút ra ngay được coi là kê khai khống vốn điều lệ. Hậu quả pháp lý: 1) Bị xử phạt vi phạm hành chính theo quy định của pháp luật; 2) Trách nhiệm liên đới: Theo Điều 47 khoản 4 (đối với công ty TNHH), thành viên chưa góp đủ vốn phải chịu trách nhiệm tương ứng với phần vốn cam kết góp về các nghĩa vụ tài chính phát sinh; 3) Có thể bị truy cứu trách nhiệm hình sự về tội lừa dối khách hàng nếu gây thiệt hại nghiêm trọng.","Điều 16 LDN 2020 - Các hành vi bị nghiêm cấm (khoản 5)
Điều 47 LDN 2020 - Góp vốn thành lập công ty",False,Không thể tạo câu trả lời.,"['59-2020-QH14:d4', '59-2020-QH14:d8', '59-2020-QH14:d16', '59-2020-QH14:d30', '59-2020-QH14:d36', '59-2020-QH14:d25', '59-2020-QH14:d70', '168-2025-ND:d30', '01-2021-ND:d62', '168-2025-ND:d56', '44-2025-ND:d1', '168-2024-ND-CP:d52', '36-2024-QH15:d63', '59-2020-QH14:d186', '89-2024-ND:d7', '100-2019-ND-CP:d64', '59-2020-QH14:d211', '23-2022-ND:d48', '36-2024-QH15:d67', '168-2024-ND-CP:d22', '168-2024-ND-CP:d32', '100-2019-ND-CP:d24', '100-2019-ND-CP:d12', '100-2019-ND-CP:d5', '168-2024-ND-CP:d40', '168-2024-ND-CP:d8', '100-2019-ND-CP:d25', '100-2019-ND-CP:d66', '100-2019-ND-CP:d6', '100-2019-ND-CP:d73']","['59-2020-QH14:d4', '59-2020-QH14:d8', '59-2020-QH14:d16', '59-2020-QH14:d30', '59-2020-QH14:d36', '59-2020-QH14:d25', '59-2020-QH14:d70']","['59-2020-QH14:d30', '59-2020-QH14:d4', '59-2020-QH14:d8', '59-2020-QH14:d16', '59-2020-QH14:d36', '59-2020-QH14:d25', '59-2020-QH14:d70', '168-2025-ND:d30', '01-2021-ND:d62', '168-2025-ND:d56', '44-2025-ND:d1', '168-2024-ND-CP:d52', '36-2024-QH15:d63', '59-2020-QH14:d186', '89-2024-ND:d7', '100-2019-ND-CP:d64', '59-2020-QH14:d211', '23-2022-ND:d48', '36-2024-QH15:d67', '168-2024-ND-CP:d22', '168-2024-ND-CP:d32', '100-2019-ND-CP:d24', '100-2019-ND-CP:d12', '100-2019-ND-CP:d5', '168-2024-ND-CP:d40', '168-2024-ND-CP:d8', '100-2019-ND-CP:d25', '100-2019-ND-CP:d66', '100-2019-ND-CP:d6', '100-2019-ND-CP:d73']",0.0,0,0.0,1,0.5,1,0.5,1,0.5,1,0.5,1,0.5,0.3333
4,"Loại 6: Giải thể & Phá sản - Thủ tục, thanh toán nợ, tạm ngưng","Cần đóng cty không hoạt động, cho hỏi thủ tục và chi phí như thế nào vậy ạ?","['59-2020-QH14:d207', '59-2020-QH14:d208', '59-2020-QH14:d210', '59-2020-QH14:d212']",4,"Theo Điều 207-210 Luật Doanh nghiệp 2020 về giải thể doanh nghiệp, có 2 hình thức chấm dứt hoạt động: 1) GIẢI THỂ TỰ NGUYỆN (Điều 207): Nếu công ty bảo đảm thanh toán hết nợ. Trình tự: Thông qua nghị quyết giải thể → Gửi đến CQĐKKD và cơ quan thuế trong 07 ngày → Thanh toán nợ theo thứ tự (lương NLĐ > thuế > nợ khác) → Nộp hồ sơ giải thể trong 05 ngày sau khi thanh toán hết nợ. Chi phí: Miễn phí lệ phí nhà nước, nhưng có thể phát sinh phí dịch vụ nếu thuê bên thứ ba làm. 2) ĐÓNG CỬA DO BỊ THU HỒI GCNĐKDN (Điều 212): Nếu công ty không hoạt động quá 12 tháng và không thông báo. Hồ sơ giải thể: Thông báo giải thể + Báo cáo thanh lý tài sản. Lưu ý: Cần quyết toán thuế và xin xác nhận từ cơ quan thuế.","Điều 207 LDN 2020 - Các trường hợp và điều kiện giải thể
Điều 208 LDN 2020 - Trình tự thủ tục giải thể
Điều 210 LDN 2020 - Hồ sơ giải thể doanh nghiệp
Điều 212 LDN 2020 - Thu hồi Giấy CNĐKDN",False,Không thể tạo câu trả lời.,"['59-2020-QH14:d1', '59-2020-QH14:d207', '59-2020-QH14:d208', '59-2020-QH14:d210', '01-2021-ND:d70', '01-2021-ND:d71', '168-2025-ND:d64', '59-2020-QH14:d62', '59-2020-QH14:d65', '59-2020-QH14:d67', '59-2020-QH14:d72', '59-2020-QH14:d75', '59-2020-QH14:d77', '59-2020-QH14:d81', '59-2020-QH14:d83', '59-2020-QH14:d85', '59-2020-QH14:d91', '59-2020-QH14:d93', '59-2020-QH14:d162', '59-2020-QH14:d164', '59-2020-QH14:d165', '59-2020-QH14:d167', '59-2020-QH14:d171', '59-2020-QH14:d173', '59-2020-QH14:d206', '59-2020-QH14:d209', '59-2020-QH14:d211', '59-2020-QH14:d21', '168-2025-ND:d52', '168-2025-ND:d43', '59-2020-QH14:d22', '59-2020-QH14:d9']","['59-2020-QH14:d1', '59-2020-QH14:d207', '59-2020-QH14:d208', '59-2020-QH14:d210', '01-2021-ND:d70', '01-2021-ND:d71', '168-2025-ND:d64']","['59-2020-QH14:d62', '59-2020-QH14:d65', '59-2020-QH14:d67', '59-2020-QH14:d72', '59-2020-QH14:d75', '59-2020-QH14:d77', '59-2020-QH14:d81', '59-2020-QH14:d83', '59-2020-QH14:d85', '59-2020-QH14:d91', '59-2020-QH14:d93', '59-2020-QH14:d162', '59-2020-QH14:d164', '59-2020-QH14:d165', '59-2020-QH14:d167', '59-2020-QH14:d171', '59-2020-QH14:d173', '59-2020-QH14:d206', '59-2020-QH14:d209', '59-2020-QH14:d211', '59-2020-QH14:d207', '59-2020-QH14:d208', '59-2020-QH14:d210', '01-2021-ND:d70', '168-2025-ND:d64', '59-2020-QH14:d21', '168-2025-ND:d52', '168-2025-ND:d43', '59-2020-QH14:d22', '59-2020-QH14:d9']",0.0,0,0.0,1,0.5,1,0.75,1,0.75,1,0.75,1,0.75,0.5
5,"Loại 6: Giải thể & Phá sản - Thủ tục, thanh toán nợ, tạm ngưng",Công ty bị Sở thu hồi giấy phép do vi phạm pháp luật thì bây giờ cần làm gì để công ty có giấy phép hoạt động tiếp ạ?,"['59-2020-QH14:d17', '59-2020-QH14:d207', '59-2020-QH14:d208', '59-2020-QH14:d209', '59-2020-QH14:d210', '59-2020-QH14:d212']",6,"Theo Điều 212, 213 Luật Doanh nghiệp 2020 về thu hồi Giấy chứng nhận đăng ký doanh nghiệp, khi công ty bị thu hồi GCNĐKDN do vi phạm pháp luật thì: 1) Công ty KHÔNG thể tiếp tục hoạt động với GCNĐKDN cũ; 2) Sau khi bị thu hồi, công ty phải thực hiện thủ tục giải thể theo Điều 207-210; 3) Nếu muốn kinh doanh tiếp, phải thành lập doanh nghiệp MỚI với hồ sơ đăng ký mới. Lưu ý quan trọng: Theo Điều 17 khoản 2, người bị Tòa án cấm đảm nhiệm chức vụ, cấm hành nghề thì không được thành lập và quản lý doanh nghiệp. Nếu vi phạm thuộc loại bị xử lý hình sự hoặc cấm hoạt động, cần xem xét kỹ tình trạng pháp lý của người đại diện trước khi thành lập doanh nghiệp mới. Khuyến nghị: Tham vấn luật sư về hậu quả pháp lý cụ thể.","Điều 212 213 LDN 2020 - Thu hồi Giấy CNĐKDN
Điều 17 LDN 2020 - Quyền thành lập doanh nghiệp
Điều 207-210 LDN 2020 - Giải thể doanh nghiệp",False,"# TƯ VẤN PHÁP LỤC

Căn cứ vào pháp luật hiện hành, khi công ty bị Sở thu hồi giấy phép do vi phạm, công ty có thể thực hiện **hủy bỏ quyết định thu hồi và khôi phục tình trạng pháp lý** thông qua các bước sau:

## **1. Điều kiện để khôi phục giấy phép**

Công ty cần thuyết phục Cơ quan đăng ký kinh doanh cấp tỉnh (thường là Sở Kế hoạch và Đầu tư) xác định rằng doanh nghiệp **không thuộc trường hợp phải bị thu hồi** giấy phép. Cụ thể:

- Cơ quan đăng ký kinh doanh xác định doanh nghiệp không vi phạm (hoặc vi phạm đã được khắc phục)
- Quyết định thu hồi của Sở là sai sót
- Có căn cứ pháp lý chứng minh doanh nghiệp không phải bị thu hồi

## **2. Thủ tục thực hiện**

Công ty nên:

1. **Tập hợp hồ sơ chứng minh** rằng không vi phạm hoặc đã khắc phục vi phạm
2. **Nộp đơn xin hủy bỏ quyết định thu hồi** cho Cơ quan đăng ký kinh doanh cấp tỉnh
3. **Chờ Cơ quan đăng ký kinh doanh ra quyết định hủy bỏ** và khôi phục Giấy chứng nhận đăng ký doanh nghiệp

## **3. Kết quả**

Khi Cơ quan đăng ký kinh doanh chấp thuận, sẽ:
- Hủy bỏ quyết định thu hồi
- Khôi phục Giấy chứng nhận đăng ký doanh nghiệp
- Cập nhật tình trạng pháp lý trên Hệ thống thông tin quốc gia

## **4. Lưu ý quan trọng**

- Công ty cần xác định **nguyên nhân cụ thể bị thu hồi** để biết cách khắc phục thích hợp
- Nếu doanh nghiệp không thể khôi phục, cần xem xét **giải thể công ty** theo quy định Luật Doanh nghiệp

**Căn cứ pháp lý:** Điều 70 Nghị định 168/2025/ND-CP; Điều 76 Nghị định 01/2021/ND-CP","['01-2021-ND:d76', '01-2021-ND:d68', '168-2025-ND:d70', '59-2020-QH14:d208', '59-2020-QH14:d207', '36-2024-QH15:d62', '100-2019-ND-CP:d25', '23-2022-ND:d13', '100-2019-ND-CP:d81', '168-2024-ND-CP:d5', '168-2024-ND-CP:d34', '168-2024-ND-CP:d39', '168-2024-ND-CP:d37', '100-2019-ND-CP:d37', '01-2021-ND:d29', '36-2024-QH15:d89', '168-2024-ND-CP:d22', '36-2024-QH15:d73', '100-2019-ND-CP:d6', '36-2024-QH15:d42', '100-2019-ND-CP:d13', '168-2024-ND-CP:d42', '100-2019-ND-CP:d35', '36-2024-QH15:d52', '36-2024-QH15:d70', '168-2024-ND-CP:d23', '36-2024-QH15:d33', '59-2020-QH14:d55', '23-2022-ND:d1', '168-2024-ND-CP:d32', '100-2019-ND-CP:d28']","['01-2021-ND:d76', '01-2021-ND:d68', '168-2025-ND:d70']","['01-2021-ND:d76', '168-2025-ND:d70', '59-2020-QH14:d208', '59-2020-QH14:d207', '36-2024-QH15:d62', '100-2019-ND-CP:d25', '23-2022-ND:d13', '100-2019-ND-CP:d81', '168-2024-ND-CP:d5', '168-2024-ND-CP:d34', '168-2024-ND-CP:d39', '168-2024-ND-CP:d37', '100-2019-ND-CP:d37', '01-2021-ND:d29', '36-2024-QH15:d89', '168-2024-ND-CP:d22', '36-2024-QH15:d73', '100-2019-ND-CP:d6', '36-2024-QH15:d42', '100-2019-ND-CP:d13', '168-2024-ND-CP:d42', '100-2019-ND-CP:d35', '36-2024-QH15:d52', '36-2024-QH15:d70', '168-2024-ND-CP:d23', '36-2024-QH15:d33', '59-2020-QH14:d55', '23-2022-ND:d1', '168-2024-ND-CP:d32', '100-2019-ND-CP:d28']",0.85,0,0.0,0,0.0,1,0.3333,1,0.3333,1,0.3333,1,0.3333,0.25
6,"Loại 3: Vốn điều lệ - Góp vốn, tăng/giảm vốn, vốn pháp định",CTY CỔ PHẦN tăng vốn cũng phải nộp báo cáo tiến độ góp vốn à anh chị? Báo cáo tiến độ góp vốn này là sẽ ghi hết tất tần tật quá trình từ khi công ty thành lập chuyển nhượng ai hết à? Góp vốn lần nào góp lần đấy luôn có kéo dài đâu mà phải có báo cáo này nhỉ?,['59-2020-QH14:d123'],1,"Theo Điều 123 Luật Doanh nghiệp 2020 về góp vốn cổ phần và Nghị định 01/2021, khi công ty cổ phần tăng vốn điều lệ, cần nộp báo cáo tiến độ góp vốn trong một số trường hợp: 1) Nếu tăng vốn bằng phát hành cổ phần và cổ đông chưa thanh toán đủ ngay, phải báo cáo tiến độ góp vốn sau 90 ngày kể từ ngày được cấp GCNĐKDN; 2) Nội dung báo cáo tiến độ: Họ tên cổ đông, số cổ phần đã góp, loại tài sản góp, thời điểm góp; 3) Không cần ghi toàn bộ lịch sử từ khi thành lập, chỉ báo cáo cho đợt góp vốn tăng vốn lần này. Thực tế: Nếu cổ đông góp đủ vốn ngay tại thời điểm tăng vốn và có chứng từ thanh toán đầy đủ, một số Sở không yêu cầu báo cáo tiến độ riêng mà chấp nhận chứng từ góp vốn đính kèm hồ sơ tăng vốn.","Điều 123 LDN 2020 - Góp vốn cổ phần
Nghị định 01/2021/NĐ-CP - Đăng ký doanh nghiệp",False,Không thể tạo câu trả lời.,"['59-2020-QH14:d123', '59-2020-QH14:d112', '59-2020-QH14:d124', '01-2021-ND:d51', '168-2025-ND:d44', '168-2025-ND:d58', '59-2020-QH14:d55', '168-2025-ND:d52', '59-2020-QH14:d30', '168-2025-ND:d43', '168-2025-ND:d84', '59-2020-QH14:d194', '59-2020-QH14:d211', '47-2021-ND:d31', '23-2022-ND:d13', '36-2024-QH15:d37', '168-2025-ND:d29', '01-2021-ND:d98', '168-2025-ND:d24', '59-2020-QH14:d37', '59-2020-QH14:d25', '59-2020-QH14:d114', '23-2022-ND:d54', '59-2020-QH14:d133', '59-2020-QH14:d196', '47-2021-ND:d11', '01-2021-ND:d56', '168-2025-ND:d3', '36-2024-QH15:d36', '59-2020-QH14:d178']","['59-2020-QH14:d123', '59-2020-QH14:d112', '59-2020-QH14:d124', '01-2021-ND:d51', '168-2025-ND:d44', '168-2025-ND:d58']","['59-2020-QH14:d123', '59-2020-QH14:d55', '59-2020-QH14:d112', '59-2020-QH14:d124', '01-2021-ND:d51', '168-2025-ND:d44', '168-2025-ND:d58', '168-2025-ND:d52', '59-2020-QH14:d30', '168-2025-ND:d43', '168-2025-ND:d84', '59-2020-QH14:d194', '59-2020-QH14:d211', '47-2021-ND:d31', '23-2022-ND:d13', '36-2024-QH15:d37', '168-2025-ND:d29', '01-2021-ND:d98', '168-2025-ND:d24', '59-2020-QH14:d37', '59-2020-QH14:d25', '59-2020-QH14:d114', '23-2022-ND:d54', '59-2020-QH14:d133', '59-2020-QH14:d196', '47-2021-ND:d11', '01-2021-ND:d56', '168-2025-ND:d3', '36-2024-QH15:d36', '59-2020-QH14:d178']",0.0,1,1.0,1,1.0,1,1.0,1,1.0,1,1.0,1,1.0,1.0
7,"Loại 9: Chuyển nhượng vốn/cổ phần - Mua bán, thừa kế",Cho mình hỏi bên mình có mua lại công ty tnhh 2 thành viên vào năm 2022 đã hợp đồng chuyển nhượng và xong hết thủ tục đăng ký kinh doanh rồi ạ nhưng có 1 phát sinh là công ty này có nợ 1 bên khác 1 tỷ vào năm 2020 và đang thi hành án để trả nợ và khi mua bên công ty mình đã ký cam kết nếu có nợ trước thời gian công ty e mua thì công ty em có phải trả thay không ạ,"['59-2020-QH14:d46', '59-2020-QH14:d50', '59-2020-QH14:d52']",3,"Theo Luật Doanh nghiệp 2020, khi chuyển nhượng phần vốn góp/mua lại công ty, công ty vẫn là một pháp nhân độc lập và các khoản nợ của công ty thuộc nghĩa vụ của công ty đó, không phải của thành viên mới (Điều 50 khoản 1). Tuy nhiên, nếu bên bán (thành viên cũ) đã cam kết chịu trách nhiệm về các khoản nợ phát sinh trước thời điểm chuyển nhượng, thì bạn có thể yêu cầu bên bán thực hiện cam kết theo hợp đồng. Trong trường hợp thi hành án, cơ quan thi hành án sẽ thi hành đối với tài sản của công ty. Bạn nên: 1) Xem lại hợp đồng chuyển nhượng và các cam kết; 2) Liên hệ bên bán để yêu cầu thực hiện cam kết; 3) Nếu bên bán không thực hiện, công ty vẫn phải trả nợ từ tài sản của công ty.","Điều 50 LDN 2020 - Nghĩa vụ của thành viên Hội đồng thành viên
Điều 52 LDN 2020 - Chuyển nhượng phần vốn góp
Điều 46 LDN 2020 - Công ty TNHH 2 thành viên trở lên",False,Không thể tạo câu trả lời.,"['59-2020-QH14:d50', '59-2020-QH14:d52', '59-2020-QH14:d67', '59-2020-QH14:d70', '59-2020-QH14:d31', '168-2025-ND:d45', '59-2020-QH14:d30', '89-2024-ND:d6', '01-2021-ND:d68', '168-2025-ND:d110', '59-2020-QH14:d55', '36-2024-QH15:d37', '36-2024-QH15:d38', '168-2025-ND:d72', '59-2020-QH14:d37', '23-2022-ND:d54', '59-2020-QH14:d181', '59-2020-QH14:d146', '01-2021-ND:d46', '168-2025-ND:d64', '01-2021-ND:d61', '01-2021-ND:d2', '100-2019-ND-CP:d30', '168-2024-ND-CP:d40', '59-2020-QH14:d211', '168-2025-ND:d31', '168-2025-ND:d4', '168-2025-ND:d22', '59-2020-QH14:d153', '01-2021-ND:d82']","['59-2020-QH14:d50', '59-2020-QH14:d52', '59-2020-QH14:d67', '59-2020-QH14:d70']","['59-2020-QH14:d50', '59-2020-QH14:d52', '59-2020-QH14:d67', '59-2020-QH14:d70', '59-2020-QH14:d31', '168-2025-ND:d45', '59-2020-QH14:d30', '89-2024-ND:d6', '01-2021-ND:d68', '168-2025-ND:d110', '59-2020-QH14:d55', '36-2024-QH15:d37', '36-2024-QH15:d38', '168-2025-ND:d72', '59-2020-QH14:d37', '23-2022-ND:d54', '59-2020-QH14:d181', '59-2020-QH14:d146', '01-2021-ND:d46', '168-2025-ND:d64', '01-2021-ND:d61', '01-2021-ND:d2', '100-2019-ND-CP:d30', '168-2024-ND-CP:d40', '59-2020-QH14:d211', '168-2025-ND:d31', '168-2025-ND:d4', '168-2025-ND:d22', '59-2020-QH14:d153', '01-2021-ND:d82']",0.0,1,0.3333,1,0.6667,1,0.6667,1,0.6667,1,0.6667,1,0.6667,1.0
8,"Loại 9: Chuyển nhượng vốn/cổ phần - Mua bán, định giá, thủ tục","Dạ mn tư vấn giúp mình trong trường hợp này với ạ:Năm 2024 mình có góp vốn vào công ty hợp danh căn nhà trị giá 1 tỷ đồng dưới hình thức thành viên góp vốn. Hiện tại, giá trị căn nhà lên 1,5 tỷ, mình muốn rút lại căn nhà có được không và được thực hiện bằng cách nào.","['59-2020-QH14:d178', '59-2020-QH14:d180', '59-2020-QH14:d186']",3,"Theo Điều 178 và 186 Luật Doanh nghiệp 2020 về công ty hợp danh: 1) Thành viên góp vốn không được rút vốn ra khỏi công ty dưới mọi hình thức, trừ khi chuyển nhượng phần vốn góp cho người khác theo Điều 186; 2) Thành viên góp vốn có thể chuyển nhượng phần vốn góp của mình cho thành viên khác hoặc người không phải thành viên với sự đồng ý của tất cả thành viên hợp danh. Vì căn nhà đã được định giá 1 tỷ khi góp vốn, nếu giá trị tăng lên 1,5 tỷ, bạn có thể: a) Chuyển nhượng phần vốn góp 1 tỷ cho người khác với giá thỏa thuận; b) Công ty mua lại phần vốn góp (nếu có quyết định của tất cả thành viên hợp danh). Bạn không thể trực tiếp rút căn nhà ra vì tài sản đã được định giá và góp vào công ty.","Điều 178 LDN 2020 - Quyền và nghĩa vụ của thành viên góp vốn
Điều 186 LDN 2020 - Chuyển nhượng phần vốn góp của thành viên góp vốn
Điều 180 LDN 2020 - Tài sản góp vốn",False,Không thể tạo câu trả lời.,"['59-2020-QH14:d178', '59-2020-QH14:d186', '59-2020-QH14:d187', '59-2020-QH14:d21', '59-2020-QH14:d8', '59-2020-QH14:d22', '23-2022-ND:d13', '59-2020-QH14:d55', '168-2024-ND-CP:d54', '168-2025-ND:d24', '59-2020-QH14:d153', '23-2022-ND:d15', '168-2025-ND:d84', '59-2020-QH14:d205', '01-2021-ND:d61', '59-2020-QH14:d211', '168-2024-ND-CP:d2', '59-2020-QH14:d4', '44-2025-ND:d2', '168-2025-ND:d29', '59-2020-QH14:d37', '100-2019-ND-CP:d15', '23-2022-ND:d54', '44-2025-ND:d33', '59-2020-QH14:d161', '59-2020-QH14:d196', '01-2021-ND:d56', '01-2021-ND:d52', '59-2020-QH14:d194', '59-2020-QH14:d25']","['59-2020-QH14:d178', '59-2020-QH14:d186', '59-2020-QH14:d187']","['59-2020-QH14:d178', '59-2020-QH14:d186', '59-2020-QH14:d21', '59-2020-QH14:d187', '59-2020-QH14:d8', '59-2020-QH14:d22', '23-2022-ND:d13', '59-2020-QH14:d55', '168-2024-ND-CP:d54', '168-2025-ND:d24', '59-2020-QH14:d153', '23-2022-ND:d15', '168-2025-ND:d84', '59-2020-QH14:d205', '01-2021-ND:d61', '59-2020-QH14:d211', '168-2024-ND-CP:d2', '59-2020-QH14:d4', '44-2025-ND:d2', '168-2025-ND:d29', '59-2020-QH14:d37', '100-2019-ND-CP:d15', '23-2022-ND:d54', '44-2025-ND:d33', '59-2020-QH14:d161', '59-2020-QH14:d196', '01-2021-ND:d56', '01-2021-ND:d52', '59-2020-QH14:d194', '59-2020-QH14:d25']",0.0,1,0.3333,1,0.6667,1,0.6667,1,0.6667,1,0.6667,1,0.6667,1.0
9,"Loại 6: Giải thể & Phá sản - Thủ tục, thanh toán nợ, tạm ngưng","Tại HN nộp hồ sơ giải thể công ty ở địa chỉ nào vậy các bác ?
Tại HN nộp hồ sơ giải thể công ty ở địa chỉ nào vậy các bác ?","['59-2020-QH14:d208', '59-2020-QH14:d210']",2,"Theo Luật Doanh nghiệp 2020, hồ sơ giải thể doanh nghiệp được gửi đến Cơ quan đăng ký kinh doanh. Tại Hà Nội, bạn nộp hồ sơ giải thể tại Phòng Đăng ký kinh doanh - Sở Kế hoạch và Đầu tư thành phố Hà Nội (địa chỉ: Tầng 15, Tháp B, Tòa nhà Sông Đà, Phạm Hùng, Nam Từ Liêm, Hà Nội) hoặc nộp trực tuyến qua Cổng thông tin quốc gia về đăng ký doanh nghiệp (dangkykinhdoanh.gov.vn). Trong thời hạn 07 ngày làm việc kể từ ngày thông qua nghị quyết/quyết định giải thể, phải gửi đến Cơ quan đăng ký kinh doanh và cơ quan thuế.","Điều 208 Luật Doanh nghiệp 2020 - Trình tự, thủ tục giải thể doanh nghiệp
Điều 210 Luật Doanh nghiệp 2020 - Hồ sơ giải thể doanh nghiệp",False,"Căn cứ vào pháp luật hiện hành, tôi sẽ giải đáp câu hỏi của bạn như sau:

## Nơi nộp hồ sơ giải thể công ty tại Hà Nội:

Hồ sơ giải thể công ty phải được nộp tại **Cơ quan đăng ký kinh doanh cấp tỉnh (thành phố)** nơi công ty đặt trụ sở chính. Đối với Hà Nội, đó là **Sở Tài chính TP Hà Nội**.

Cụ thể:
- Bạn phải nộp hồ sơ trực tiếp tại Cơ quan đăng ký kinh doanh của Sở Tài chính TP Hà Nội (nếu công ty có trụ sở chính tại Hà Nội)
- Hồ sơ phải được tiếp nhận và xử lý trên Hệ thống thông tin quốc gia về đăng ký doanh nghiệp

## Lưu ý quan trọng:

Thời hạn nộp hồ sơ giải thể là **5 ngày làm việc** kể từ ngày thanh toán hết các khoản nợ của công ty. Trước đó, bạn phải gửi thông báo giải thể và các tài liệu liên quan đến Cơ quan đăng ký kinh doanh trong **7 ngày làm việc** kể từ ngày thông qua quyết định giải thể.

Để biết địa chỉ cụ thể (số nhà, đường phố), bạn nên liên hệ trực tiếp với **Sở Tài chính TP Hà Nội** để được hướng dẫn chi tiết.

---

**Căn cứ pháp lý:** 
- Điều 31 Nghị định 168/2025/NĐ-CP (quy định nơi nộp hồ sơ)
- Điều 20 Nghị định 168/2025/NĐ-CP (quy định Cơ quan đăng ký kinh doanh)
- Điều 208 Luật Doanh nghiệp 2020 (quy định thời hạn nộp hồ sơ)","['168-2025-ND:d64', '168-2025-ND:d20', '168-2025-ND:d21', '168-2025-ND:d31', '168-2025-ND:d35', '59-2020-QH14:d210', '59-2020-QH14:d208', '36-2024-QH15:d39', '168-2025-ND:d17', '59-2020-QH14:d55', '168-2025-ND:d47', '01-2021-ND:d37', '168-2025-ND:d3', '23-2022-ND:d13', '168-2025-ND:d24', '59-2020-QH14:d37', '168-2025-ND:d29', '100-2019-ND-CP:d48', '59-2020-QH14:d4', '01-2021-ND:d98', '59-2020-QH14:d30', '23-2022-ND:d54', '23-2022-ND:d43', '01-2021-ND:d45', '01-2021-ND:d29', '168-2024-ND-CP:d23', '59-2020-QH14:d196', '01-2021-ND:d56', '59-2020-QH14:d194', '59-2020-QH14:d207', '168-2024-ND-CP:d40']","['168-2025-ND:d64', '168-2025-ND:d20', '168-2025-ND:d21', '168-2025-ND:d31', '168-2025-ND:d35']","['59-2020-QH14:d210', '168-2025-ND:d64', '168-2025-ND:d20', '168-2025-ND:d31', '168-2025-ND:d35', '59-2020-QH14:d208', '36-2024-QH15:d39', '168-2025-ND:d17', '59-2020-QH14:d55', '168-2025-ND:d47', '01-2021-ND:d37', '168-2025-ND:d3', '23-2022-ND:d13', '168-2025-ND:d24', '59-2020-QH14:d37', '168-2025-ND:d29', '100-2019-ND-CP:d48', '59-2020-QH14:d4', '01-2021-ND:d98', '59-2020-QH14:d30', '23-2022-ND:d54', '23-2022-ND:d43', '01-2021-ND:d45', '01-2021-ND:d29', '168-2024-ND-CP:d23', '59-2020-QH14:d196', '01-2021-ND:d56', '59-2020-QH14:d194', '59-2020-QH14:d207', '168-2024-ND-CP:d40']",0.85,0,0.0,0,0.0,0,0.0,1,1.0,1,1.0,1,1.0,0.1667
10,"Loại 6: Giải thể & Phá sản - Thủ tục, thanh toán nợ, tạm ngưng",Giờ làm tạm ngừng có được ko ạ ac?,['59-2020-QH14:d206'],1,"Có thể làm tạm ngừng kinh doanh bất kỳ lúc nào. Theo Điều 206 Luật Doanh nghiệp 2020, doanh nghiệp phải thông báo bằng văn bản cho Cơ quan đăng ký kinh doanh chậm nhất là 03 ngày làm việc trước ngày tạm ngừng kinh doanh. Bạn có thể nộp hồ sơ trực tuyến qua Cổng thông tin quốc gia về đăng ký doanh nghiệp. Lưu ý: Trong thời gian tạm ngừng, doanh nghiệp vẫn phải nộp đủ số thuế còn nợ, bảo hiểm xã hội, bảo hiểm y tế, bảo hiểm thất nghiệp còn nợ; tiếp tục thanh toán các khoản nợ và hoàn thành việc thực hiện hợp đồng đã ký.","Điều 206 Luật Doanh nghiệp 2020 - Tạm ngừng, đình chỉ hoạt động, chấm dứt kinh doanh",False,"# Trả lời

Dạ, doanh nghiệp **có quyền tạm ngừng kinh doanh**, tuy nhiên phải tuân thủ các điều kiện và thủ tục theo quy định pháp luật.

## Điều kiện và thủ tục tạm ngừng kinh doanh:

**1. Yêu cầu về thông báo:**
Doanh nghiệp phải **thông báo bằng văn bản** cho Cơ quan đăng ký kinh doanh **chậm nhất 03 ngày làm việc** trước ngày tạm ngừng kinh doanh.

**2. Yêu cầu về quyết định/nghị quyết:**
Hồ sơ tạm ngừng phải kèm theo bản sao hoặc bản chính **nghị quyết/quyết định** của:
   - Chủ sở hữu công ty (đối với công ty trách nhiệm hữu hạn một thành viên)
   - Hội đồng thành viên (đối với công ty trách nhiệm hữu hạn hai thành viên trở lên, công ty hợp danh)
   - Hội đồng quản trị (đối với công ty cổ phần)

**3. Thời hạn tạm ngừng:**
Thời hạn tạm ngừng của mỗi lần thông báo **không được quá 12 tháng**. Nếu cần tiếp tục tạm ngừng sau hạn, phải gửi thông báo mới trước 03 ngày làm việc.

**4. Xử lý hồ sơ:**
Cơ quan đăng ký kinh doanh sẽ cấp **giấy xác nhận** về việc tạm ngừng kinh doanh trong thời hạn 01 ngày làm việc kể từ khi nhận được hồ sơ hợp lệ.

Căn cứ pháp lý:
- **Điều 206 Luật Doanh nghiệp 2020**
- **Điều 60 Nghị định 168/2025**
- **Điều 66 Nghị định 01/2021**","['59-2020-QH14:d206', '44-2025-ND:d5', '168-2025-ND:d60', '01-2021-ND:d66', '01-2021-ND:d89', '168-2025-ND:d71', '100-2019-ND-CP:d51', '168-2024-ND-CP:d32', '100-2019-ND-CP:d12', '100-2019-ND-CP:d66', '36-2024-QH15:d39', '100-2019-ND-CP:d30', '100-2019-ND-CP:d44', '100-2019-ND-CP:d15', '01-2021-ND:d28', '100-2019-ND-CP:d16', '168-2024-ND-CP:d21', '36-2024-QH15:d9', '36-2024-QH15:d64', '100-2019-ND-CP:d5', '168-2024-ND-CP:d38', '168-2024-ND-CP:d47', '100-2019-ND-CP:d6', '100-2019-ND-CP:d49', '36-2024-QH15:d18', '36-2024-QH15:d20', '100-2019-ND-CP:d24', '36-2024-QH15:d77', '168-2024-ND-CP:d6', '100-2019-ND-CP:d35']","['59-2020-QH14:d206', '44-2025-ND:d5']","['59-2020-QH14:d206', '44-2025-ND:d5', '168-2025-ND:d60', '01-2021-ND:d66', '01-2021-ND:d89', '168-2025-ND:d71', '100-2019-ND-CP:d51', '168-2024-ND-CP:d32', '100-2019-ND-CP:d12', '100-2019-ND-CP:d66', '36-2024-QH15:d39', '100-2019-ND-CP:d30', '100-2019-ND-CP:d44', '100-2019-ND-CP:d15', '01-2021-ND:d28', '100-2019-ND-CP:d16', '168-2024-ND-CP:d21', '36-2024-QH15:d9', '36-2024-QH15:d64', '100-2019-ND-CP:d5', '168-2024-ND-CP:d38', '168-2024-ND-CP:d47', '100-2019-ND-CP:d6', '100-2019-ND-CP:d49', '36-2024-QH15:d18', '36-2024-QH15:d20', '100-2019-ND-CP:d24', '36-2024-QH15:d77', '168-2024-ND-CP:d6', '100-2019-ND-CP:d35']",0.85,1,1.0,1,1.0,1,1.0,1,1.0,1,1.0,1,1.0,1.0
11,"Loại 6: Giải thể & Phá sản - Thủ tục, thanh toán nợ, tạm ngưng","Sau khi nhận được thông báo giải thể ở sở kế hoạch có cần phải đến thuế xử lý gì nưaz không các bạn
Sau khi nhận được thông báo giải thể ở sở kế hoạch có cần phải đến thuế xử lý gì nưaz không các bạn","['59-2020-QH14:d208', '59-2020-QH14:d210']",2,"Có, bạn cần hoàn tất nghĩa vụ thuế. Theo Điều 208 Luật Doanh nghiệp 2020, nghị quyết/quyết định giải thể phải được gửi đến cả Cơ quan đăng ký kinh doanh và cơ quan thuế. Các khoản nợ thuế được ưu tiên thanh toán sau khoản nợ lương và quyền lợi người lao động (khoản 5 Điều 208). Hồ sơ giải thể phải bao gồm báo cáo thanh lý tài sản, danh sách chủ nợ và số nợ đã thanh toán, bao gồm thanh toán hết các khoản nợ về thuế (Điều 210). Bạn cần làm thủ tục chấm dứt hiệu lực mã số thuế với cơ quan thuế.","Điều 208 Luật Doanh nghiệp 2020 - Trình tự, thủ tục giải thể doanh nghiệp (khoản 3, khoản 5)
Điều 210 Luật Doanh nghiệp 2020 - Hồ sơ giải thể doanh nghiệp",False,Không thể tạo câu trả lời.,"['59-2020-QH14:d206', '59-2020-QH14:d207', '59-2020-QH14:d208', '59-2020-QH14:d210', '01-2021-ND:d70', '01-2021-ND:d71', '168-2025-ND:d64', '168-2025-ND:d60', '01-2021-ND:d66', '168-2025-ND:d78', '168-2025-ND:d70', '01-2021-ND:d83', '36-2024-QH15:d86', '168-2025-ND:d17', '36-2024-QH15:d55', '100-2019-ND-CP:d48', '44-2025-ND:d13', '23-2022-ND:d43', '01-2021-ND:d89', '59-2020-QH14:d100', '100-2019-ND-CP:d61', '100-2019-ND-CP:d56', '168-2024-ND-CP:d50', '100-2019-ND-CP:d44', '36-2024-QH15:d79', '36-2024-QH15:d65', '100-2019-ND-CP:d41', '168-2024-ND-CP:d39', '100-2019-ND-CP:d43', '36-2024-QH15:d67', '44-2025-ND:d9']","['59-2020-QH14:d206', '59-2020-QH14:d207', '59-2020-QH14:d208', '59-2020-QH14:d210', '01-2021-ND:d70', '01-2021-ND:d71', '168-2025-ND:d64']","['59-2020-QH14:d206', '59-2020-QH14:d207', '59-2020-QH14:d210', '01-2021-ND:d71', '59-2020-QH14:d208', '168-2025-ND:d64', '168-2025-ND:d60', '01-2021-ND:d66', '168-2025-ND:d78', '168-2025-ND:d70', '01-2021-ND:d83', '36-2024-QH15:d86', '168-2025-ND:d17', '36-2024-QH15:d55', '100-2019-ND-CP:d48', '44-2025-ND:d13', '23-2022-ND:d43', '01-2021-ND:d89', '59-2020-QH14:d100', '100-2019-ND-CP:d61', '100-2019-ND-CP:d56', '168-2024-ND-CP:d50', '100-2019-ND-CP:d44', '36-2024-QH15:d79', '36-2024-QH15:d65', '100-2019-ND-CP:d41', '168-2024-ND-CP:d39', '100-2019-ND-CP:d43', '36-2024-QH15:d67', '44-2025-ND:d9']",0.0,0,0.0,1,0.5,1,1.0,1,1.0,1,1.0,1,1.0,0.3333
12,"Loại 6: Giải thể & Phá sản - Thủ tục, thanh toán nợ, tạm ngưng","Công ty e thành lập tháng 8/2025 nhưng chưa phát sinh doanh thu, hóa đơn, chi phí. Bây giờ muốn giải thể thì cần làm những bước nào và hồ sơ cần những gì ạ. Công ty e là công ty tnhh 2 thành viên ạ. E mới và yếu về thủ tục này nên mong nhận được tư vấn hỗ trợ từ ac ạ. E cảm ơn.","['59-2020-QH14:d207', '59-2020-QH14:d208', '59-2020-QH14:d210']",3,"Với công ty TNHH 2 thành viên chưa phát sinh hoạt động, các bước giải thể theo Điều 208 Luật Doanh nghiệp 2020 gồm: 1) Hội đồng thành viên họp và thông qua nghị quyết giải thể (gồm: tên, địa chỉ công ty; lý do giải thể; thời hạn thanh lý; phương án xử lý nghĩa vụ với người lao động; chữ ký Chủ tịch HĐTV); 2) Trong 07 ngày làm việc gửi nghị quyết đến Cơ quan đăng ký kinh doanh, cơ quan thuế; 3) Hoàn tất nghĩa vụ thuế và xin xác nhận từ cơ quan thuế; 4) Gửi hồ sơ giải thể gồm: Thông báo giải thể và Báo cáo thanh lý tài sản đến Cơ quan đăng ký kinh doanh trong 05 ngày làm việc sau khi thanh toán hết nợ.","Điều 207 Luật Doanh nghiệp 2020 - Các trường hợp và điều kiện giải thể doanh nghiệp
Điều 208 Luật Doanh nghiệp 2020 - Trình tự, thủ tục giải thể doanh nghiệp
Điều 210 Luật Doanh nghiệp 2020 - Hồ sơ giải thể doanh nghiệp",False,Không thể tạo câu trả lời.,"['59-2020-QH14:d55', '59-2020-QH14:d46', '59-2020-QH14:d59', '59-2020-QH14:d53', '59-2020-QH14:d60', '59-2020-QH14:d57', '59-2020-QH14:d207', '01-2021-ND:d22', '01-2021-ND:d23', '01-2021-ND:d25', '01-2021-ND:d27', '01-2021-ND:d28', '01-2021-ND:d34', '01-2021-ND:d38', '01-2021-ND:d39', '01-2021-ND:d41', '01-2021-ND:d42', '01-2021-ND:d49', '01-2021-ND:d51', '01-2021-ND:d58', '01-2021-ND:d62', '01-2021-ND:d69', '01-2021-ND:d71', '01-2021-ND:d78', '01-2021-ND:d80', '01-2021-ND:d82', '01-2021-ND:d84', '01-2021-ND:d86', '01-2021-ND:d88', '01-2021-ND:d92', '01-2021-ND:d94', '01-2021-ND:d96', '01-2021-ND:d97', '01-2021-ND:d99']","['59-2020-QH14:d55', '59-2020-QH14:d46', '59-2020-QH14:d59', '59-2020-QH14:d53', '59-2020-QH14:d60', '59-2020-QH14:d57', '59-2020-QH14:d207']","['01-2021-ND:d22', '01-2021-ND:d23', '01-2021-ND:d25', '01-2021-ND:d27', '01-2021-ND:d28', '01-2021-ND:d34', '01-2021-ND:d38', '01-2021-ND:d39', '01-2021-ND:d41', '01-2021-ND:d42', '01-2021-ND:d49', '01-2021-ND:d51', '01-2021-ND:d58', '01-2021-ND:d62', '01-2021-ND:d69', '01-2021-ND:d71', '01-2021-ND:d78', '01-2021-ND:d80', '01-2021-ND:d82', '01-2021-ND:d84', '01-2021-ND:d86', '01-2021-ND:d88', '01-2021-ND:d92', '01-2021-ND:d94', '01-2021-ND:d96', '01-2021-ND:d97', '01-2021-ND:d99', '59-2020-QH14:d55', '59-2020-QH14:d207', '59-2020-QH14:d46']",0.0,0,0.0,0,0.0,0,0.0,1,0.3333,1,0.3333,1,0.3333,0.1429
13,"Loại 6: Giải thể & Phá sản - Thủ tục, thanh toán nợ, tạm ngưng",Công ty e thành lập 2023 nhưng chưa phát sinh DT gì cả. Bây giờ muốn giải thể cty. Ac cho e hỏi chút e cần làm những bước gì ạ. Em cảm ơn ạ,"['59-2020-QH14:d207', '59-2020-QH14:d208', '59-2020-QH14:d210']",3,"Các bước giải thể theo Điều 208 Luật Doanh nghiệp 2020: 1) Thông qua nghị quyết/quyết định giải thể (nội dung: tên, địa chỉ công ty; lý do giải thể; thời hạn, thủ tục thanh lý; phương án xử lý nghĩa vụ từ hợp đồng lao động); 2) Trong 07 ngày làm việc gửi nghị quyết đến Cơ quan đăng ký kinh doanh, cơ quan thuế, người lao động, đăng trên Cổng thông tin quốc gia về đăng ký doanh nghiệp; 3) Thanh toán các khoản nợ theo thứ tự: nợ lương người lao động, nợ thuế, các khoản nợ khác; 4) Trong 05 ngày làm việc sau khi thanh toán hết nợ, gửi hồ sơ giải thể (Thông báo giải thể + Báo cáo thanh lý tài sản) đến Cơ quan đăng ký kinh doanh.","Điều 207 Luật Doanh nghiệp 2020 - Các trường hợp và điều kiện giải thể doanh nghiệp
Điều 208 Luật Doanh nghiệp 2020 - Trình tự, thủ tục giải thể doanh nghiệp
Điều 210 Luật Doanh nghiệp 2020 - Hồ sơ giải thể doanh nghiệp",False,Không thể tạo câu trả lời.,"['59-2020-QH14:d207', '59-2020-QH14:d208', '59-2020-QH14:d210', '59-2020-QH14:d211', '168-2025-ND:d64', '168-2025-ND:d78', '168-2025-ND:d70', '168-2025-ND:d17', '59-2020-QH14:d55', '23-2022-ND:d13', '01-2021-ND:d98', '168-2025-ND:d24', '59-2020-QH14:d37', '168-2025-ND:d29', '23-2022-ND:d54', '23-2022-ND:d43', '59-2020-QH14:d196', '01-2021-ND:d56', '59-2020-QH14:d4', '59-2020-QH14:d194', '168-2024-ND-CP:d2', '168-2024-ND-CP:d7', '59-2020-QH14:d26', '59-2020-QH14:d70', '59-2020-QH14:d88', '59-2020-QH14:d84', '59-2020-QH14:d185', '23-2022-ND:d9', '59-2020-QH14:d51', '89-2024-ND:d2']","['59-2020-QH14:d207', '59-2020-QH14:d208', '59-2020-QH14:d210', '59-2020-QH14:d211']","['59-2020-QH14:d207', '59-2020-QH14:d208', '59-2020-QH14:d210', '59-2020-QH14:d211', '168-2025-ND:d64', '168-2025-ND:d78', '168-2025-ND:d70', '168-2025-ND:d17', '59-2020-QH14:d55', '23-2022-ND:d13', '01-2021-ND:d98', '168-2025-ND:d24', '59-2020-QH14:d37', '168-2025-ND:d29', '23-2022-ND:d54', '23-2022-ND:d43', '59-2020-QH14:d196', '01-2021-ND:d56', '59-2020-QH14:d4', '59-2020-QH14:d194', '168-2024-ND-CP:d2', '168-2024-ND-CP:d7', '59-2020-QH14:d26', '59-2020-QH14:d70', '59-2020-QH14:d88', '59-2020-QH14:d84', '59-2020-QH14:d185', '23-2022-ND:d9', '59-2020-QH14:d51', '89-2024-ND:d2']",0.0,1,0.3333,1,1.0,1,1.0,1,1.0,1,1.0,1,1.0,1.0
14,"Loại 6: Giải thể & Phá sản - Thủ tục, thanh toán nợ, tạm ngưng",mọi người cho em hỏi chút là em làm hs tạm ngừng kd và đã nhận đc kết quả là xác nhận rồi. giờ em cần làm gì nữa ko ạ?,['59-2020-QH14:d206'],1,"Sau khi nhận được xác nhận tạm ngừng kinh doanh từ Cơ quan đăng ký kinh doanh, theo Điều 206 khoản 3 Luật Doanh nghiệp 2020, trong thời gian tạm ngừng bạn vẫn cần: 1) Nộp đủ số thuế còn nợ, bảo hiểm xã hội, bảo hiểm y tế, bảo hiểm thất nghiệp còn nợ; 2) Tiếp tục thanh toán các khoản nợ (trừ khi có thỏa thuận khác với chủ nợ); 3) Hoàn thành việc thực hiện hợp đồng đã ký với khách hàng và người lao động (trừ khi có thỏa thuận khác). Ngoài ra, bạn nên thông báo với cơ quan thuế về việc tạm ngừng để được hướng dẫn về nghĩa vụ kê khai thuế trong thời gian tạm ngừng.","Điều 206 Luật Doanh nghiệp 2020 - Tạm ngừng, đình chỉ hoạt động, chấm dứt kinh doanh (khoản 3)",False,"Căn cứ vào Điều 66 Nghị định số 01/2021/NĐ-CP, sau khi quý vị đã nộp hồ sơ tạm ngừng kinh doanh và cơ quan đăng ký kinh doanh xác nhận, **thủ tục tạm ngừng kinh doanh đã hoàn tất**. Lúc này, doanh nghiệp của quý vị sẽ ở trạng thái tạm ngừng hoạt động theo đúng thời hạn đã thông báo.

**Tuỳ theo tình huống, quý vị cần xem xét những điều sau:**

1. **Nếu muốn tiếp tục kinh doanh trước thời hạn đã thông báo:** Quý vị phải gửi thông báo tiếp tục kinh doanh trước thời hạn đó đến Phòng Đăng ký kinh doanh. Không có thêm tài liệu gì khác cần làm.

2. **Nếu chỉ tạm ngừng theo định kỳ:** Không cần làm gì thêm. Chỉ cần chờ đến hết thời gian tạm ngừng, doanh nghiệp sẽ tự động hoạt động trở lại.

3. **Nếu định giải thể doanh nghiệp vĩnh viễn:** Quý vị cần thực hiện thủ tục đăng ký giải thể riêng với cơ quan đăng ký kinh doanh.

**Lưu ý:** Khi ở trạng thái tạm ngừng kinh doanh, doanh nghiệp không được tiến hành các hoạt động kinh doanh cho đến khi có thông báo tiếp tục.

**Căn cứ pháp lý:** Điều 66 Nghị định số 01/2021/NĐ-CP; Điều 206 Luật Doanh nghiệp 2020","['168-2025-ND:d60', '168-2025-ND:d64', '168-2025-ND:d65', '01-2021-ND:d66', '59-2020-QH14:d206', '59-2020-QH14:d208', '59-2020-QH14:d210', '36-2024-QH15:d30', '100-2019-ND-CP:d42', '36-2024-QH15:d40', '168-2025-ND:d71', '100-2019-ND-CP:d38', '01-2021-ND:d68', '168-2024-ND-CP:d4', '01-2021-ND:d60', '168-2025-ND:d58', '01-2021-ND:d89', '01-2021-ND:d61', '36-2024-QH15:d61', '168-2025-ND:d47', '100-2019-ND-CP:d3', '36-2024-QH15:d38', '59-2020-QH14:d11', '100-2019-ND-CP:d43', '100-2019-ND-CP:d23', '36-2024-QH15:d63', '168-2024-ND-CP:d39', '36-2024-QH15:d79', '168-2024-ND-CP:d26', '100-2019-ND-CP:d28', '168-2024-ND-CP:d20', '36-2024-QH15:d9']","['168-2025-ND:d60', '168-2025-ND:d64', '168-2025-ND:d65', '01-2021-ND:d66', '59-2020-QH14:d206']","['59-2020-QH14:d206', '168-2025-ND:d60', '01-2021-ND:d66', '59-2020-QH14:d208', '59-2020-QH14:d210', '36-2024-QH15:d30', '100-2019-ND-CP:d42', '36-2024-QH15:d40', '168-2025-ND:d71', '100-2019-ND-CP:d38', '01-2021-ND:d68', '168-2024-ND-CP:d4', '01-2021-ND:d60', '168-2025-ND:d58', '01-2021-ND:d89', '01-2021-ND:d61', '36-2024-QH15:d61', '168-2025-ND:d47', '100-2019-ND-CP:d3', '36-2024-QH15:d38', '59-2020-QH14:d11', '100-2019-ND-CP:d43', '100-2019-ND-CP:d23', '36-2024-QH15:d63', '168-2024-ND-CP:d39', '36-2024-QH15:d79', '168-2024-ND-CP:d26', '100-2019-ND-CP:d28', '168-2024-ND-CP:d20', '36-2024-QH15:d9']",0.85,0,0.0,0,0.0,1,1.0,1,1.0,1,1.0,1,1.0,0.2
15,"Loại 6: Giải thể & Phá sản - Thủ tục, thanh toán nợ, tạm ngưng",Cả nhà mình ai làm giải thể trung tâm ngoại ngữ rồi cho mình hỏi nhờ với. Có cảm ơn ạ.,"['59-2020-QH14:d207', '59-2020-QH14:d208', '59-2020-QH14:d210', '59-2020-QH14:d3']",4,"Việc giải thể trung tâm ngoại ngữ (nếu là loại hình doanh nghiệp) tuân theo quy định giải thể tại Điều 207, 208, 210 Luật Doanh nghiệp 2020. Tuy nhiên, do trung tâm ngoại ngữ thuộc lĩnh vực giáo dục có quy định đặc thù, theo Điều 3 Luật Doanh nghiệp 2020: 'Trường hợp luật khác có quy định đặc thù về việc thành lập, tổ chức quản lý, tổ chức lại, giải thể... thì áp dụng quy định của luật đó'. Do đó, bạn cần thực hiện thêm các thủ tục với cơ quan quản lý giáo dục (Sở Giáo dục và Đào tạo) về việc chấm dứt hoạt động giáo dục trước khi làm thủ tục giải thể doanh nghiệp.","Điều 3 Luật Doanh nghiệp 2020 - Áp dụng Luật Doanh nghiệp và luật khác
Điều 207, 208, 210 Luật Doanh nghiệp 2020 - Giải thể doanh nghiệp",False,Không thể tạo câu trả lời.,"['59-2020-QH14:d207', '59-2020-QH14:d208', '59-2020-QH14:d210', '01-2021-ND:d70', '01-2021-ND:d71', '168-2025-ND:d64', '168-2025-ND:d65', '59-2020-QH14:d217', '168-2025-ND:d78', '168-2025-ND:d80', '168-2025-ND:d70', '168-2025-ND:d17', '36-2024-QH15:d75', '23-2022-ND:d43', '168-2024-ND-CP:d39', '23-2022-ND:d44', '23-2022-ND:d45', '100-2019-ND-CP:d38', '168-2024-ND-CP:d2', '100-2019-ND-CP:d37', '100-2019-ND-CP:d12', '100-2019-ND-CP:d15', '100-2019-ND-CP:d66', '100-2019-ND-CP:d49', '89-2024-ND:d15', '59-2020-QH14:d1', '59-2020-QH14:d3', '59-2020-QH14:d11', '59-2020-QH14:d13', '59-2020-QH14:d14', '59-2020-QH14:d16', '59-2020-QH14:d18']","['59-2020-QH14:d207', '59-2020-QH14:d208', '59-2020-QH14:d210', '01-2021-ND:d70', '01-2021-ND:d71', '168-2025-ND:d64', '168-2025-ND:d65']","['59-2020-QH14:d207', '59-2020-QH14:d210', '01-2021-ND:d71', '59-2020-QH14:d208', '168-2025-ND:d64', '59-2020-QH14:d217', '168-2025-ND:d78', '168-2025-ND:d80', '168-2025-ND:d70', '168-2025-ND:d17', '36-2024-QH15:d75', '23-2022-ND:d43', '168-2024-ND-CP:d39', '23-2022-ND:d44', '23-2022-ND:d45', '100-2019-ND-CP:d38', '168-2024-ND-CP:d2', '100-2019-ND-CP:d37', '100-2019-ND-CP:d12', '100-2019-ND-CP:d15', '100-2019-ND-CP:d66', '100-2019-ND-CP:d49', '89-2024-ND:d15', '59-2020-QH14:d1', '59-2020-QH14:d3', '59-2020-QH14:d11', '59-2020-QH14:d13', '59-2020-QH14:d14', '59-2020-QH14:d16', '59-2020-QH14:d18']",0.0,1,0.25,1,0.75,1,0.75,1,0.75,1,0.75,1,1.0,1.0
16,"Loại 6: Giải thể & Phá sản - Thủ tục, thanh toán nợ, tạm ngưng","Ac cho e hỏi chút, công ty em đang tạm ngưng hoạt động nên ko định danh được. Ko có tài khoản vnied của công ty nên ko nộp hs tạm ngưng hoạt động trên trang dangkykinhdoanh được. Bây giờ có cách nào để làm tạm ngưng hoạt động dc ko ạ",['59-2020-QH14:d206'],1,"Theo Điều 206 Luật Doanh nghiệp 2020, doanh nghiệp phải thông báo bằng văn bản cho Cơ quan đăng ký kinh doanh chậm nhất 03 ngày làm việc trước ngày tạm ngừng. Trong trường hợp không thể nộp hồ sơ trực tuyến do chưa định danh, bạn có thể: 1) Nộp hồ sơ trực tiếp tại Phòng Đăng ký kinh doanh - Sở Kế hoạch và Đầu tư hoặc qua đường bưu điện; 2) Liên hệ Phòng Đăng ký kinh doanh để được hướng dẫn cụ thể về cách định danh doanh nghiệp hoặc ủy quyền người đại diện theo pháp luật thực hiện định danh. Hồ sơ bao gồm: Thông báo tạm ngừng kinh doanh và các giấy tờ kèm theo theo quy định.","Điều 206 Luật Doanh nghiệp 2020 - Tạm ngừng, đình chỉ hoạt động, chấm dứt kinh doanh (khoản 1)",False,"# Tư vấn pháp lý - Tạm ngưng hoạt động mà không có tài khoản VNIeD

Doanh nghiệp hoàn toàn có thể thực hiện thủ tục tạm ngưng hoạt động mà không cần tài khoản VNIeD.

## Cách thực hiện:

**Căn cứ vào Điều 206 Luật Doanh nghiệp 2020**, doanh nghiệp phải **thông báo bằng văn bản** cho Cơ quan đăng ký kinh doanh chậm nhất là **03 ngày làm việc trước ngày tạm ngừng kinh doanh**.

Quan trọng là từ ""**bằng văn bản**"" - điều này có nghĩa doanh nghiệp có thể:

1. **Gửi trực tiếp**: Mang hồ sơ thông báo tạm ngừng hoạt động đến Phòng Đăng ký kinh doanh nơi công ty đặt trụ sở để nộp in ấn, không nhất thiết phải qua hệ thống điện tử.

2. **Gửi qua bưu điện**: Gửi thư chứng thực thông báo tạm ngừng hoạt động đến Cơ quan đăng ký kinh doanh.

3. **Liên hệ trực tiếp**: Xin hướng dẫn cụ thể từ Phòng Đăng ký kinh doanh địa phương về cách nộp hồ sơ in ấn, vì có thể họ có giải pháp hoặc hướng dẫn riêng cho trường hợp không có tài khoản VNIeD.

Hồ sơ thông báo cần bao gồm các giấy tờ cơ bản như: Giấy đề nghị, quyết định tạm ngừng hoạt động, v.v... theo quy định.

**Căn cứ pháp lý:** Điều 206 Luật Doanh nghiệp 2020; Điều 66 Nghị định 01/2021/NĐ","['168-2025-ND:d60', '168-2025-ND:d71', '01-2021-ND:d66', '01-2021-ND:d68', '59-2020-QH14:d206', '59-2020-QH14:d55', '59-2020-QH14:d99', '89-2024-ND:d10', '36-2024-QH15:d39', '23-2022-ND:d13', '168-2025-ND:d20', '100-2019-ND-CP:d76', '168-2025-ND:d29', '01-2021-ND:d98', '59-2020-QH14:d37', '168-2025-ND:d24', '59-2020-QH14:d161', '01-2021-ND:d56', '168-2024-ND-CP:d29', '59-2020-QH14:d194', '36-2024-QH15:d61', '168-2024-ND-CP:d5', '36-2024-QH15:d48', '59-2020-QH14:d196', '01-2021-ND:d29', '47-2021-ND:d8', '168-2024-ND-CP:d2', '23-2022-ND:d54', '100-2019-ND-CP:d39', '59-2020-QH14:d84', '59-2020-QH14:d137', '01-2021-ND:d8']","['168-2025-ND:d60', '168-2025-ND:d71', '01-2021-ND:d66', '01-2021-ND:d68', '59-2020-QH14:d206']","['01-2021-ND:d68', '168-2025-ND:d60', '59-2020-QH14:d206', '59-2020-QH14:d55', '59-2020-QH14:d99', '89-2024-ND:d10', '36-2024-QH15:d39', '23-2022-ND:d13', '168-2025-ND:d20', '100-2019-ND-CP:d76', '168-2025-ND:d29', '01-2021-ND:d98', '59-2020-QH14:d37', '168-2025-ND:d24', '59-2020-QH14:d161', '01-2021-ND:d56', '168-2024-ND-CP:d29', '59-2020-QH14:d194', '36-2024-QH15:d61', '168-2024-ND-CP:d5', '36-2024-QH15:d48', '59-2020-QH14:d196', '01-2021-ND:d29', '47-2021-ND:d8', '168-2024-ND-CP:d2', '23-2022-ND:d54', '100-2019-ND-CP:d39', '59-2020-QH14:d84', '59-2020-QH14:d137', '01-2021-ND:d8']",0.85,0,0.0,0,0.0,1,1.0,1,1.0,1,1.0,1,1.0,0.2
17,"Loại 6: Giải thể & Phá sản - Thủ tục, thanh toán nợ, tạm ngưng",Cho mình hỏi thủ tục tam ngừng doanh nghiệp mới nhất 2025 ạ!,['59-2020-QH14:d206'],1,"Thủ tục tạm ngừng kinh doanh theo Điều 206 Luật Doanh nghiệp 2020: 1) Doanh nghiệp thông báo bằng văn bản cho Cơ quan đăng ký kinh doanh chậm nhất 03 ngày làm việc trước ngày tạm ngừng; 2) Nộp hồ sơ trực tuyến qua Cổng thông tin quốc gia về đăng ký doanh nghiệp (dangkykinhdoanh.gov.vn) hoặc nộp trực tiếp tại Phòng Đăng ký kinh doanh - Sở KH&ĐT; 3) Hồ sơ gồm: Thông báo tạm ngừng kinh doanh (có chữ ký người đại diện theo pháp luật). Lưu ý: Trong thời gian tạm ngừng, doanh nghiệp vẫn phải nộp đủ thuế, BHXH, BHYT, BHTN còn nợ; tiếp tục thanh toán các khoản nợ và hoàn thành hợp đồng đã ký (trừ khi có thỏa thuận khác).","Điều 206 Luật Doanh nghiệp 2020 - Tạm ngừng, đình chỉ hoạt động, chấm dứt kinh doanh",False,"# TƯ VẤN VỀ THỦ TỤC TẠM NGỪNG KINH DOANH

Xin chào quý khách! Tôi sẽ tư vấn cho quý vị về thủ tục tạm ngừng kinh doanh theo các quy định hiện hành.

## **Thủ tục tạm ngừng kinh doanh chính:**

Căn cứ vào Điều 206 Luật Doanh nghiệp 2020, khi doanh nghiệp dự định tạm ngừng hoặc tiếp tục kinh doanh trước thời hạn đã thông báo, doanh nghiệp phải **thông báo bằng văn bản cho Cơ quan đăng ký kinh doanh chậm nhất là 03 ngày làm việc trước ngày tạm ngừng** kinh doanh hoặc tiếp tục kinh doanh.

## **Hai trường hợp tạm ngừng kinh doanh:**

**1. Tạm ngừng theo ý của doanh nghiệp:**
- Doanh nghiệp gửi thông báo chủ động đến Cơ quan đăng ký kinh doanh nơi đặt trụ sở
- Phải gửi trước 03 ngày làm việc
- Nêu rõ lý do và thời gian tạm ngừng

**2. Tạm ngừng theo yêu cầu của cơ quan nhà nước:**
Cơ quan đăng ký kinh doanh hoặc cơ quan nhà nước có thẩm quyền có thể yêu cầu doanh nghiệp tạm ngừng, đình chỉ hoạt động, chấm dứt kinh doanh khi doanh nghiệp kinh doanh ngành, nghề đầu tư kinh doanh có điều kiện nhưng không đáp ứng điều kiện theo pháp luật.

## **Các yêu cầu khi tạm ngừng:**
- Giấy tờ thông báo phải bằng **văn bản** (không phải hình thức khác)
- Thông báo trước **chậm nhất 03 ngày làm việc**
- Gửi trực tiếp hoặc qua bưu chính đến cơ quan đăng ký kinh doanh có thẩm quyền

---

**Căn cứ pháp lý:** Điều 206 Luật Doanh nghiệp 2020; Điều 60, 61 Nghị định 168/2025/ND","['168-2025-ND:d60', '168-2025-ND:d61', '01-2021-ND:d66', '01-2021-ND:d67', '59-2020-QH14:d206', '23-2022-ND:d12', '168-2024-ND-CP:d32', '59-2020-QH14:d26', '59-2020-QH14:d30', '100-2019-ND-CP:d40', '168-2025-ND:d25', '59-2020-QH14:d207', '59-2020-QH14:d4', '100-2019-ND-CP:d48', '16-2023-ND:d1', '23-2022-ND:d43', '01-2021-ND:d37', '47-2021-ND:d12', '47-2021-ND:d2', '44-2025-ND:d4', '89-2024-ND:d1', '23-2022-ND:d25', '100-2019-ND-CP:d2', '16-2023-ND:d8', '100-2019-ND-CP:d30', '168-2025-ND:d72', '168-2024-ND-CP:d2', '59-2020-QH14:d7', '01-2021-ND:d95', '168-2024-ND-CP:d40', '47-2021-ND:d9', '01-2021-ND:d28']","['168-2025-ND:d60', '168-2025-ND:d61', '01-2021-ND:d66', '01-2021-ND:d67', '59-2020-QH14:d206']","['168-2025-ND:d60', '01-2021-ND:d66', '59-2020-QH14:d206', '23-2022-ND:d12', '168-2024-ND-CP:d32', '59-2020-QH14:d26', '59-2020-QH14:d30', '100-2019-ND-CP:d40', '168-2025-ND:d25', '59-2020-QH14:d207', '59-2020-QH14:d4', '100-2019-ND-CP:d48', '16-2023-ND:d1', '23-2022-ND:d43', '01-2021-ND:d37', '47-2021-ND:d12', '47-2021-ND:d2', '44-2025-ND:d4', '89-2024-ND:d1', '23-2022-ND:d25', '100-2019-ND-CP:d2', '16-2023-ND:d8', '100-2019-ND-CP:d30', '168-2025-ND:d72', '168-2024-ND-CP:d2', '59-2020-QH14:d7', '01-2021-ND:d95', '168-2024-ND-CP:d40', '47-2021-ND:d9', '01-2021-ND:d28']",0.85,0,0.0,0,0.0,1,1.0,1,1.0,1,1.0,1,1.0,0.2
18,"Loại 6: Giải thể & Phá sản - Thủ tục, thanh toán nợ, tạm ngưng",Em cần tư vấn giải thể doanh nghiệp tại Bắc Giang,"['59-2020-QH14:d207', '59-2020-QH14:d208', '59-2020-QH14:d210']",3,"Giải thể doanh nghiệp tại Bắc Giang tuân theo Điều 207, 208, 210 Luật Doanh nghiệp 2020. Điều kiện giải thể (Điều 207): Doanh nghiệp chỉ được giải thể khi bảo đảm thanh toán hết các khoản nợ, nghĩa vụ tài sản khác và không trong quá trình giải quyết tranh chấp tại Tòa án/Trọng tài. Trình tự (Điều 208): 1) Thông qua nghị quyết giải thể; 2) Trong 07 ngày gửi đến Cơ quan đăng ký kinh doanh (Sở KH&ĐT Bắc Giang), cơ quan thuế, người lao động; 3) Thanh toán nợ theo thứ tự: lương NLĐ, nợ thuế, nợ khác; 4) Gửi hồ sơ giải thể trong 05 ngày sau khi thanh toán hết nợ. Hồ sơ (Điều 210): Thông báo giải thể + Báo cáo thanh lý tài sản.","Điều 207 Luật Doanh nghiệp 2020 - Các trường hợp và điều kiện giải thể doanh nghiệp
Điều 208 Luật Doanh nghiệp 2020 - Trình tự, thủ tục giải thể doanh nghiệp
Điều 210 Luật Doanh nghiệp 2020 - Hồ sơ giải thể doanh nghiệp",False,Không thể tạo câu trả lời.,"['59-2020-QH14:d207', '59-2020-QH14:d210', '59-2020-QH14:d208', '59-2020-QH14:d209', '59-2020-QH14:d211', '168-2025-ND:d64', '168-2025-ND:d65', '59-2020-QH14:d29', '59-2020-QH14:d31', '59-2020-QH14:d33', '59-2020-QH14:d36', '59-2020-QH14:d38', '59-2020-QH14:d39', '59-2020-QH14:d41', '59-2020-QH14:d42', '59-2020-QH14:d46', '59-2020-QH14:d49', '59-2020-QH14:d63', '59-2020-QH14:d66', '59-2020-QH14:d69', '59-2020-QH14:d73', '59-2020-QH14:d79', '59-2020-QH14:d81', '59-2020-QH14:d83', '59-2020-QH14:d94', '59-2020-QH14:d96', '59-2020-QH14:d190', '59-2020-QH14:d192', '59-2020-QH14:d206', '59-2020-QH14:d212', '59-2020-QH14:d216', '59-2020-QH14:d218']","['59-2020-QH14:d207', '59-2020-QH14:d210', '59-2020-QH14:d208', '59-2020-QH14:d209', '59-2020-QH14:d211', '168-2025-ND:d64', '168-2025-ND:d65']","['59-2020-QH14:d29', '59-2020-QH14:d31', '59-2020-QH14:d33', '59-2020-QH14:d36', '59-2020-QH14:d38', '59-2020-QH14:d39', '59-2020-QH14:d41', '59-2020-QH14:d42', '59-2020-QH14:d46', '59-2020-QH14:d49', '59-2020-QH14:d63', '59-2020-QH14:d66', '59-2020-QH14:d69', '59-2020-QH14:d73', '59-2020-QH14:d79', '59-2020-QH14:d81', '59-2020-QH14:d83', '59-2020-QH14:d94', '59-2020-QH14:d96', '59-2020-QH14:d190', '59-2020-QH14:d192', '59-2020-QH14:d206', '59-2020-QH14:d212', '59-2020-QH14:d216', '59-2020-QH14:d218', '59-2020-QH14:d207', '59-2020-QH14:d210', '168-2025-ND:d64', '59-2020-QH14:d208', '59-2020-QH14:d209']",0.0,1,0.3333,1,1.0,1,1.0,1,1.0,1,1.0,1,1.0,1.0
19,"Loại 6: Giải thể & Phá sản - Thủ tục, thanh toán nợ, tạm ngưng","Năm 2024 DN đã đăng ký thủ tục giải thể đóng MST tại tỉnh Quảng Nam , đã làm xong tất cả các bước thủ tục nhưng bên TT hành chính công chưa chuyển qua cơ quan thuế để đóng MST nay thuế đt xuống yêu cầu làm thủ tục đóng MST nhưng thực tế khi làm việc với TTHCC tỉnh Quảng Nam năm 2024 bảo DN mình đã xong các thủ tục. Hôm nay CQT đt cũng đã trao đổi thì bảo là lỗi do TTHCC bây giờ tôi phải liên hệ ai để được hỗ trợ việc này","['59-2020-QH14:d208', '59-2020-QH14:d210']",2,"Theo Điều 208 khoản 3 Luật Doanh nghiệp 2020, nghị quyết/quyết định giải thể phải được gửi đến cả Cơ quan đăng ký kinh doanh và cơ quan thuế trong 07 ngày làm việc. Nếu TTHCC Quảng Nam đã xác nhận hoàn tất thủ tục nhưng chưa chuyển sang cơ quan thuế, bạn nên: 1) Liên hệ trực tiếp với Phòng Đăng ký kinh doanh - Sở KH&ĐT Quảng Nam để yêu cầu xác nhận và phối hợp chuyển hồ sơ; 2) Liên hệ với Chi cục Thuế quản lý để cung cấp bản sao hồ sơ giải thể đã nộp tại TTHCC; 3) Gửi văn bản khiếu nại đến TTHCC và Sở KH&ĐT Quảng Nam yêu cầu giải quyết. Theo Điều 210, hồ sơ giải thể cần có: Thông báo giải thể và Báo cáo thanh lý tài sản (bao gồm thanh toán hết các khoản nợ thuế). Bạn cần lưu giữ các chứng từ đã nộp hồ sơ tại TTHCC làm bằng chứng.","Điều 208 Luật Doanh nghiệp 2020 - Trình tự thủ tục giải thể doanh nghiệp (khoản 3 7)
Điều 210 Luật Doanh nghiệp 2020 - Hồ sơ giải thể doanh nghiệp",False,Không thể tạo câu trả lời.,"['168-2025-ND:d64', '168-2025-ND:d69', '168-2025-ND:d78', '168-2025-ND:d79', '168-2025-ND:d80', '168-2025-ND:d20', '168-2025-ND:d21', '59-2020-QH14:d208', '59-2020-QH14:d210', '168-2024-ND-CP:d32', '100-2019-ND-CP:d30', '36-2024-QH15:d37', '168-2024-ND-CP:d13', '01-2021-ND:d16', '168-2024-ND-CP:d52', '59-2020-QH14:d207', '168-2025-ND:d56', '59-2020-QH14:d153', '47-2021-ND:d31', '59-2020-QH14:d206', '168-2025-ND:d17', '59-2020-QH14:d146', '168-2024-ND-CP:d14', '01-2021-ND:d68', '100-2019-ND-CP:d28', '59-2020-QH14:d26', '89-2024-ND:d6', '01-2021-ND:d89', '168-2025-ND:d24', '168-2024-ND-CP:d47', '36-2024-QH15:d36', '100-2019-ND-CP:d16']","['168-2025-ND:d64', '168-2025-ND:d69', '168-2025-ND:d78', '168-2025-ND:d79', '168-2025-ND:d80', '168-2025-ND:d20', '168-2025-ND:d21']","['168-2025-ND:d64', '168-2025-ND:d78', '168-2025-ND:d79', '168-2025-ND:d80', '168-2025-ND:d20', '59-2020-QH14:d208', '59-2020-QH14:d210', '168-2024-ND-CP:d32', '100-2019-ND-CP:d30', '36-2024-QH15:d37', '168-2024-ND-CP:d13', '01-2021-ND:d16', '168-2024-ND-CP:d52', '59-2020-QH14:d207', '168-2025-ND:d56', '59-2020-QH14:d153', '47-2021-ND:d31', '59-2020-QH14:d206', '168-2025-ND:d17', '59-2020-QH14:d146', '168-2024-ND-CP:d14', '01-2021-ND:d68', '100-2019-ND-CP:d28', '59-2020-QH14:d26', '89-2024-ND:d6', '01-2021-ND:d89', '168-2025-ND:d24', '168-2024-ND-CP:d47', '36-2024-QH15:d36', '100-2019-ND-CP:d16']",0.0,0,0.0,0,0.0,0,0.0,1,1.0,1,1.0,1,1.0,0.125
20,"Loại 6: Giải thể & Phá sản - Thủ tục, thanh toán nợ, tạm ngưng","Anh chị cho em hỏi chút, Em làm giải thể doanh nghiệp có giấy xác nhận của cơ quan thuế. giờ phải làm gì tiếp vậy ạ ?","['59-2020-QH14:d208', '59-2020-QH14:d210']",2,"Sau khi có giấy xác nhận của cơ quan thuế về việc hoàn tất nghĩa vụ thuế, theo Điều 208 khoản 7 Luật Doanh nghiệp 2020, bạn cần: 1) Gửi hồ sơ giải thể doanh nghiệp cho Cơ quan đăng ký kinh doanh (Sở KH&ĐT) trong thời hạn 05 ngày làm việc kể từ ngày thanh toán hết các khoản nợ của doanh nghiệp. 2) Hồ sơ giải thể theo Điều 210 gồm: a) Thông báo về giải thể doanh nghiệp; b) Báo cáo thanh lý tài sản doanh nghiệp; danh sách chủ nợ và số nợ đã thanh toán, gồm cả thanh toán hết các khoản nợ về thuế và nợ tiền đóng BHXH, BHYT, BHTN cho người lao động. 3) Sau khi nộp hồ sơ, Cơ quan đăng ký kinh doanh sẽ cập nhật tình trạng pháp lý của doanh nghiệp trên Cơ sở dữ liệu quốc gia về đăng ký doanh nghiệp trong 05 ngày làm việc kể từ ngày nhận hồ sơ giải thể.","Điều 208 Luật Doanh nghiệp 2020 - Trình tự thủ tục giải thể doanh nghiệp (khoản 7 8)
Điều 210 Luật Doanh nghiệp 2020 - Hồ sơ giải thể doanh nghiệp",False,Không thể tạo câu trả lời.,"['59-2020-QH14:d208', '59-2020-QH14:d210', '01-2021-ND:d70', '168-2025-ND:d64', '168-2025-ND:d78', '59-2020-QH14:d217', '168-2025-ND:d80', '168-2025-ND:d70', '59-2020-QH14:d207', '23-2022-ND:d43', '168-2025-ND:d71', '23-2022-ND:d12', '100-2019-ND-CP:d42', '168-2025-ND:d17', '01-2021-ND:d68', '01-2021-ND:d89', '59-2020-QH14:d206', '168-2025-ND:d56', '01-2021-ND:d60', '47-2021-ND:d31', '01-2021-ND:d71', '01-2021-ND:d61', '100-2019-ND-CP:d23', '100-2019-ND-CP:d15', '100-2019-ND-CP:d68', '100-2019-ND-CP:d6', '100-2019-ND-CP:d56', '59-2020-QH14:d26', '59-2020-QH14:d30', '168-2024-ND-CP:d13']","['59-2020-QH14:d208', '59-2020-QH14:d210', '01-2021-ND:d70', '168-2025-ND:d64']","['59-2020-QH14:d210', '168-2025-ND:d64', '168-2025-ND:d78', '59-2020-QH14:d208', '01-2021-ND:d70', '59-2020-QH14:d217', '168-2025-ND:d80', '168-2025-ND:d70', '59-2020-QH14:d207', '23-2022-ND:d43', '168-2025-ND:d71', '23-2022-ND:d12', '100-2019-ND-CP:d42', '168-2025-ND:d17', '01-2021-ND:d68', '01-2021-ND:d89', '59-2020-QH14:d206', '168-2025-ND:d56', '01-2021-ND:d60', '47-2021-ND:d31', '01-2021-ND:d71', '01-2021-ND:d61', '100-2019-ND-CP:d23', '100-2019-ND-CP:d15', '100-2019-ND-CP:d68', '100-2019-ND-CP:d6', '100-2019-ND-CP:d56', '59-2020-QH14:d26', '59-2020-QH14:d30', '168-2024-ND-CP:d13']",0.0,1,0.5,1,1.0,1,1.0,1,1.0,1,1.0,1,1.0,1.0
21,"Loại 6: Giải thể & Phá sản - Thủ tục, thanh toán nợ, tạm ngưng","Xin chào A/C. Cho mình hỏi có ai đã có kinh nghiệm là hồ sơ giải thể tại Đội Thuế Q1 TPHCM chưa ạ?
HS giải thể của công ty mình được Phòng đăng ký kinh doanh TPHCM chấp thuận vào tháng 7.2025.
Đồng thời trước đó cũng gửi HS chấm dứt MST qua cho Thuế Q1.
Sau đó thì có cán bộ liên hệ qua email yêu cầu gửi thêm các thông tin như là QTTNND, báo cáo hóa đơn các năm từ lúc thành lập....
Đến nay mình email hỏi lại thì các bộ thuế báo là hồ sơ giải thể của công ty đã chuyển qua cho cán bộ khác xử lý (hiện chư có thông tin cán bộ nào). Khi có thông tin cán bộ tiếp nhận thì sẽ thông báo lại.
Tổng thời giản từ lúc nộp các hồ sơ là từ tháng 6 đến giờ gần hết tháng 10 nhưng vẫn chưa xong.
Không biết ai có kinh nghiệm làm vấn đề này ở Quận 1 TPHCM có thể chia sẻ cho mình biết là các bước tiếp theo sẽ thế nào và chơ thêm tầm bao lâu không ạ?","['59-2020-QH14:d208', '59-2020-QH14:d211']",2,"Theo Điều 208 Luật Doanh nghiệp 2020, quy trình giải thể gồm nhiều bước và thời gian có thể kéo dài. Về kinh nghiệm tại Đội Thuế Q1 TPHCM: 1) Thời gian xử lý thường mất 3-6 tháng, đặc biệt nếu cần kiểm tra quyết toán thuế; 2) Theo Điều 208 khoản 8, sau thời hạn 180 ngày kể từ ngày nhận được nghị quyết giải thể mà không có phản đối, Cơ quan đăng ký kinh doanh sẽ cập nhật tình trạng pháp lý; 3) Bạn nên liên hệ trực tiếp Chi cục Thuế Quận 1 để hỏi thông tin cán bộ tiếp nhận hồ sơ; 4) Nếu quá thời hạn quy định, có thể gửi văn bản đề nghị giải quyết hoặc khiếu nại theo quy định. Lưu ý: Trong thời gian chờ, doanh nghiệp bị cấm các hoạt động theo Điều 211 như cất giấu tài sản, ký hợp đồng mới (trừ phục vụ giải thể), huy động vốn.","Điều 208 Luật Doanh nghiệp 2020 - Trình tự thủ tục giải thể doanh nghiệp (khoản 8)
Điều 211 Luật Doanh nghiệp 2020 - Các hoạt động bị cấm kể từ khi có quyết định giải thể",False,Không thể tạo câu trả lời.,"['59-2020-QH14:d207', '59-2020-QH14:d208', '59-2020-QH14:d210', '01-2021-ND:d70', '01-2021-ND:d71', '168-2025-ND:d64', '59-2020-QH14:d217', '168-2025-ND:d78', '168-2025-ND:d80', '168-2025-ND:d70', '89-2024-ND:d6', '01-2021-ND:d68', '168-2025-ND:d110', '168-2025-ND:d72', '47-2021-ND:d31', '01-2021-ND:d46', '59-2020-QH14:d206', '59-2020-QH14:d55', '168-2025-ND:d17', '100-2019-ND-CP:d59', '168-2025-ND:d22', '59-2020-QH14:d153', '01-2021-ND:d1', '01-2021-ND:d82', '59-2020-QH14:d99', '100-2019-ND-CP:d28', '168-2025-ND:d47', '23-2022-ND:d3', '23-2022-ND:d13', '59-2020-QH14:d4', '47-2021-ND:d32']","['59-2020-QH14:d207', '59-2020-QH14:d208', '59-2020-QH14:d210', '01-2021-ND:d70', '01-2021-ND:d71', '168-2025-ND:d64']","['59-2020-QH14:d210', '59-2020-QH14:d207', '59-2020-QH14:d208', '01-2021-ND:d70', '168-2025-ND:d64', '59-2020-QH14:d217', '168-2025-ND:d78', '168-2025-ND:d80', '168-2025-ND:d70', '89-2024-ND:d6', '01-2021-ND:d68', '168-2025-ND:d110', '168-2025-ND:d72', '47-2021-ND:d31', '01-2021-ND:d46', '59-2020-QH14:d206', '59-2020-QH14:d55', '168-2025-ND:d17', '100-2019-ND-CP:d59', '168-2025-ND:d22', '59-2020-QH14:d153', '01-2021-ND:d1', '01-2021-ND:d82', '59-2020-QH14:d99', '100-2019-ND-CP:d28', '168-2025-ND:d47', '23-2022-ND:d3', '23-2022-ND:d13', '59-2020-QH14:d4', '47-2021-ND:d32']",0.0,0,0.0,1,0.5,1,0.5,1,0.5,1,0.5,1,0.5,0.5
22,"Loại 6: Giải thể & Phá sản - Thủ tục, thanh toán nợ, tạm ngưng","Dạ em xin mẫu làm Hồ sơ giải thể nộp Sở kế hoạch.
Ai có cho em xin với ạ","['59-2020-QH14:d208', '59-2020-QH14:d210']",2,"Theo Điều 210 Luật Doanh nghiệp 2020, hồ sơ giải thể doanh nghiệp nộp Sở KH&ĐT bao gồm: 1) Thông báo về giải thể doanh nghiệp (theo mẫu quy định); 2) Báo cáo thanh lý tài sản doanh nghiệp; danh sách chủ nợ và số nợ đã thanh toán, gồm cả thanh toán hết các khoản nợ về thuế và nợ tiền đóng BHXH, BHYT, BHTN cho người lao động (nếu có). Trước đó, theo Điều 208, doanh nghiệp cần: a) Có nghị quyết/quyết định giải thể gồm: tên, địa chỉ công ty; lý do giải thể; thời hạn thanh lý; phương án xử lý nghĩa vụ từ hợp đồng lao động; chữ ký người có thẩm quyền; b) Gửi nghị quyết giải thể đến Sở KH&ĐT, cơ quan thuế trong 07 ngày làm việc. Bạn có thể tải mẫu hồ sơ trên Cổng thông tin quốc gia về đăng ký doanh nghiệp (dangkykinhdoanh.gov.vn).","Điều 208 Luật Doanh nghiệp 2020 - Trình tự thủ tục giải thể doanh nghiệp (khoản 1 3 7)
Điều 210 Luật Doanh nghiệp 2020 - Hồ sơ giải thể doanh nghiệp",False,Không thể tạo câu trả lời.,"['59-2020-QH14:d210', '59-2020-QH14:d208', '168-2025-ND:d64', '01-2021-ND:d70', '01-2021-ND:d71', '59-2020-QH14:d217', '168-2025-ND:d80', '59-2020-QH14:d17', '36-2024-QH15:d86', '168-2025-ND:d17', '168-2025-ND:d47', '168-2025-ND:d24', '100-2019-ND-CP:d48', '100-2019-ND-CP:d50', '23-2022-ND:d43', '01-2021-ND:d45', '01-2021-ND:d29', '01-2021-ND:d12', '59-2020-QH14:d207', '168-2024-ND-CP:d23', '168-2024-ND-CP:d40', '36-2024-QH15:d39', '59-2020-QH14:d26', '100-2019-ND-CP:d55', '100-2019-ND-CP:d81', '168-2025-ND:d43', '59-2020-QH14:d27', '01-2021-ND:d91', '23-2022-ND:d44', '01-2021-ND:d37', '01-2021-ND:d16']","['59-2020-QH14:d210', '59-2020-QH14:d208', '168-2025-ND:d64', '01-2021-ND:d70', '01-2021-ND:d71']","['59-2020-QH14:d210', '01-2021-ND:d71', '59-2020-QH14:d208', '168-2025-ND:d64', '59-2020-QH14:d217', '168-2025-ND:d80', '59-2020-QH14:d17', '36-2024-QH15:d86', '168-2025-ND:d17', '168-2025-ND:d47', '168-2025-ND:d24', '100-2019-ND-CP:d48', '100-2019-ND-CP:d50', '23-2022-ND:d43', '01-2021-ND:d45', '01-2021-ND:d29', '01-2021-ND:d12', '59-2020-QH14:d207', '168-2024-ND-CP:d23', '168-2024-ND-CP:d40', '36-2024-QH15:d39', '59-2020-QH14:d26', '100-2019-ND-CP:d55', '100-2019-ND-CP:d81', '168-2025-ND:d43', '59-2020-QH14:d27', '01-2021-ND:d91', '23-2022-ND:d44', '01-2021-ND:d37', '01-2021-ND:d16']",0.0,1,0.5,1,1.0,1,1.0,1,1.0,1,1.0,1,1.0,1.0
23,"Loại 6: Giải thể & Phá sản - Thủ tục, thanh toán nợ, tạm ngưng","Có anh chị nào từng nộp hồ sơ giải thể Chi nhánh cho Công ty Luật chưa ạ, thủ tục các bước nộp sẽ bao gồm những gì ạ. Em cảm ơn ạ
Có anh chị nào từng nộp hồ sơ giải thể Chi nhánh cho Công ty Luật chưa ạ, thủ tục các bước nộp sẽ bao gồm những gì ạ. Em cảm ơn ạ","['59-2020-QH14:d213', '59-2020-QH14:d44']",2,"Theo Điều 213 Luật Doanh nghiệp 2020 về Chấm dứt hoạt động chi nhánh, văn phòng đại diện, địa điểm kinh doanh: 1) Chi nhánh được chấm dứt hoạt động theo quyết định của chính doanh nghiệp (Công ty Luật mẹ); 2) Người đại diện theo pháp luật của doanh nghiệp và người đứng đầu chi nhánh liên đới chịu trách nhiệm về tính trung thực và chính xác của hồ sơ chấm dứt hoạt động; 3) Doanh nghiệp có chi nhánh đã chấm dứt hoạt động phải chịu trách nhiệm thực hiện các hợp đồng, thanh toán các khoản nợ (gồm cả nợ thuế) của chi nhánh và giải quyết quyền lợi cho người lao động đã làm việc tại chi nhánh. Thủ tục gồm: a) Công ty Luật ra quyết định chấm dứt hoạt động chi nhánh; b) Hoàn tất nghĩa vụ thuế của chi nhánh với cơ quan thuế quản lý; c) Nộp hồ sơ chấm dứt hoạt động chi nhánh tại Sở KH&ĐT nơi chi nhánh đặt trụ sở.","Điều 213 Luật Doanh nghiệp 2020 - Chấm dứt hoạt động chi nhánh văn phòng đại diện địa điểm kinh doanh
Điều 44 Luật Doanh nghiệp 2020 - Chi nhánh văn phòng đại diện và địa điểm kinh doanh",False,Không thể tạo câu trả lời.,"['59-2020-QH14:d213', '59-2020-QH14:d210', '59-2020-QH14:d208', '168-2025-ND:d66', '59-2020-QH14:d217', '59-2020-QH14:d47', '59-2020-QH14:d17', '36-2024-QH15:d39', '168-2025-ND:d17', '168-2024-ND-CP:d2', '59-2020-QH14:d55', '168-2025-ND:d47', '01-2021-ND:d37', '168-2025-ND:d3', '23-2022-ND:d13', '168-2024-ND-CP:d32', '168-2025-ND:d24', '168-2024-ND-CP:d40', '59-2020-QH14:d37', '59-2020-QH14:d44', '168-2025-ND:d29', '01-2021-ND:d98', '100-2019-ND-CP:d50', '23-2022-ND:d54', '23-2022-ND:d43', '01-2021-ND:d45', '59-2020-QH14:d24', '01-2021-ND:d29', '168-2024-ND-CP:d23', '01-2021-ND:d68']","['59-2020-QH14:d213', '59-2020-QH14:d210', '59-2020-QH14:d208', '168-2025-ND:d66']","['59-2020-QH14:d210', '59-2020-QH14:d213', '59-2020-QH14:d208', '168-2025-ND:d66', '59-2020-QH14:d217', '59-2020-QH14:d47', '59-2020-QH14:d17', '36-2024-QH15:d39', '168-2025-ND:d17', '168-2024-ND-CP:d2', '59-2020-QH14:d55', '168-2025-ND:d47', '01-2021-ND:d37', '168-2025-ND:d3', '23-2022-ND:d13', '168-2024-ND-CP:d32', '168-2025-ND:d24', '168-2024-ND-CP:d40', '59-2020-QH14:d37', '59-2020-QH14:d44', '168-2025-ND:d29', '01-2021-ND:d98', '100-2019-ND-CP:d50', '23-2022-ND:d54', '23-2022-ND:d43', '01-2021-ND:d45', '59-2020-QH14:d24', '01-2021-ND:d29', '168-2024-ND-CP:d23', '01-2021-ND:d68']",0.0,1,0.5,1,0.5,1,0.5,1,0.5,1,1.0,1,1.0,1.0
24,"Loại 7: Thay đổi ĐKKD - Địa chỉ, tên, ngành nghề",Anh chị cho e xin video hướng dẫn thay đổi địa chỉ cho địa điểm kinh doanh với ạ?,"['59-2020-QH14:d44', '59-2020-QH14:d45']",2,"Theo Điều 45 khoản 4 Luật Doanh nghiệp 2020, doanh nghiệp chịu trách nhiệm đăng ký thay đổi nội dung Giấy chứng nhận đăng ký hoạt động chi nhánh, văn phòng đại diện trong thời hạn 10 ngày kể từ ngày có thay đổi. Đối với thay đổi địa chỉ địa điểm kinh doanh: 1) Theo Điều 45 khoản 5, trong thời hạn 10 ngày kể từ ngày quyết định địa điểm kinh doanh (mới), doanh nghiệp thông báo địa điểm kinh doanh đến Cơ quan đăng ký kinh doanh. 2) Thực hiện trên Cổng thông tin quốc gia về đăng ký doanh nghiệp (dangkykinhdoanh.gov.vn): Đăng nhập > Đăng ký thay đổi > Thay đổi thông tin đăng ký hoạt động địa điểm kinh doanh > Điền thông tin địa chỉ mới > Ký số và nộp hồ sơ. Hồ sơ gồm: Thông báo thay đổi nội dung đăng ký hoạt động địa điểm kinh doanh (theo mẫu quy định). Lưu ý: Nếu thay đổi địa chỉ sang quận/huyện khác, có thể cần thay đổi cơ quan thuế quản lý.","Điều 44 Luật Doanh nghiệp 2020 - Chi nhánh văn phòng đại diện và địa điểm kinh doanh
Điều 45 Luật Doanh nghiệp 2020 - Đăng ký hoạt động chi nhánh văn phòng đại diện thông báo địa điểm kinh doanh (khoản 4 5)",False,Không thể tạo câu trả lời.,"['168-2025-ND:d56', '01-2021-ND:d62', '168-2025-ND:d30', '01-2021-ND:d39', '01-2021-ND:d33', '01-2021-ND:d31', '59-2020-QH14:d31', '59-2020-QH14:d45', '59-2020-QH14:d44', '59-2020-QH14:d28', '59-2020-QH14:d30', '36-2024-QH15:d39', '01-2021-ND:d68', '168-2025-ND:d71', '01-2021-ND:d8', '59-2020-QH14:d4', '59-2020-QH14:d60', '01-2021-ND:d20', '168-2025-ND:d116', '168-2024-ND-CP:d20', '100-2019-ND-CP:d28', '100-2019-ND-CP:d30', '100-2019-ND-CP:d23', '100-2019-ND-CP:d48', '168-2024-ND-CP:d32', '168-2024-ND-CP:d27', '59-2020-QH14:d215', '100-2019-ND-CP:d80', '168-2025-ND:d110', '100-2019-ND-CP:d40']","['168-2025-ND:d56', '01-2021-ND:d62', '168-2025-ND:d30', '01-2021-ND:d39', '01-2021-ND:d33', '01-2021-ND:d31']","['168-2025-ND:d56', '01-2021-ND:d62', '168-2025-ND:d30', '01-2021-ND:d39', '01-2021-ND:d33', '01-2021-ND:d31', '59-2020-QH14:d31', '59-2020-QH14:d45', '59-2020-QH14:d44', '59-2020-QH14:d28', '59-2020-QH14:d30', '36-2024-QH15:d39', '01-2021-ND:d68', '168-2025-ND:d71', '01-2021-ND:d8', '59-2020-QH14:d4', '59-2020-QH14:d60', '01-2021-ND:d20', '168-2025-ND:d116', '168-2024-ND-CP:d20', '100-2019-ND-CP:d28', '100-2019-ND-CP:d30', '100-2019-ND-CP:d23', '100-2019-ND-CP:d48', '168-2024-ND-CP:d32', '168-2024-ND-CP:d27', '59-2020-QH14:d215', '100-2019-ND-CP:d80', '168-2025-ND:d110', '100-2019-ND-CP:d40']",0.0,0,0.0,0,0.0,0,0.0,1,1.0,1,1.0,1,1.0,0.125
25,"Loại 6: Giải thể & Phá sản - Thủ tục, thanh toán nợ, tạm ngưng","Xin tư vấn giúp: cty đã nộp tạm ngừng hoạt động, nay đơn vị thuế gửi thông báo đến làm việc để hoàn tất thủ tục đóng Mã số thuế thì mình cần chuẩn bị các hồ sơ, giấy tờ gì ạ(Cty hoạt động hơn 1 năm, có khai báo và đóng thuế dầy đủ)","['59-2020-QH14:d206', '59-2020-QH14:d208']",2,"Khi cơ quan thuế thông báo đến làm việc để hoàn tất thủ tục đóng Mã số thuế sau khi đã tạm ngừng kinh doanh, bạn cần chuẩn bị: 1) Theo Điều 206 khoản 3 LDN 2020, trong thời gian tạm ngừng, doanh nghiệp phải nộp đủ số thuế còn nợ; 2) Hồ sơ cần mang theo gồm: a) Giấy chứng nhận đăng ký doanh nghiệp (bản sao); b) Sổ sách kế toán, chứng từ, hóa đơn các năm hoạt động; c) Báo cáo tài chính các năm; d) Các tờ khai thuế đã nộp (GTGT, TNCN, TNDN); e) Chứng từ nộp thuế; f) Báo cáo tình hình sử dụng hóa đơn; g) Biên bản hủy hóa đơn (nếu còn hóa đơn chưa sử dụng). 3) Nếu công ty hoạt động hơn 1 năm và kê khai đầy đủ, cần chuẩn bị quyết toán thuế TNDN, TNCN và hoàn thành các nghĩa vụ còn lại. Sau khi hoàn tất với cơ quan thuế, bạn mới tiến hành giải thể tại Sở KH&ĐT.","Điều 206 Luật Doanh nghiệp 2020 - Tạm ngừng đình chỉ hoạt động chấm dứt kinh doanh (khoản 3)
Điều 208 Luật Doanh nghiệp 2020 - Trình tự thủ tục giải thể doanh nghiệp",False,Không thể tạo câu trả lời.,"['59-2020-QH14:d206', '59-2020-QH14:d207', '59-2020-QH14:d208', '59-2020-QH14:d210', '168-2025-ND:d60', '168-2025-ND:d64', '01-2021-ND:d66', '168-2025-ND:d70', '01-2021-ND:d8', '100-2019-ND-CP:d82', '59-2020-QH14:d153', '168-2025-ND:d47', '100-2019-ND-CP:d76', '36-2024-QH15:d55', '47-2021-ND:d8', '01-2021-ND:d28', '168-2024-ND-CP:d48', '01-2021-ND:d68', '01-2021-ND:d89', '36-2024-QH15:d56', '36-2024-QH15:d42', '168-2025-ND:d3', '36-2024-QH15:d48', '01-2021-ND:d29', '168-2025-ND:d71', '100-2019-ND-CP:d35', '168-2024-ND-CP:d40', '100-2019-ND-CP:d39', '100-2019-ND-CP:d48', '168-2024-ND-CP:d41']","['59-2020-QH14:d206', '59-2020-QH14:d207', '59-2020-QH14:d208', '59-2020-QH14:d210']","['59-2020-QH14:d206', '168-2025-ND:d60', '59-2020-QH14:d207', '59-2020-QH14:d208', '59-2020-QH14:d210', '168-2025-ND:d64', '01-2021-ND:d66', '168-2025-ND:d70', '01-2021-ND:d8', '100-2019-ND-CP:d82', '59-2020-QH14:d153', '168-2025-ND:d47', '100-2019-ND-CP:d76', '36-2024-QH15:d55', '47-2021-ND:d8', '01-2021-ND:d28', '168-2024-ND-CP:d48', '01-2021-ND:d68', '01-2021-ND:d89', '36-2024-QH15:d56', '36-2024-QH15:d42', '168-2025-ND:d3', '36-2024-QH15:d48', '01-2021-ND:d29', '168-2025-ND:d71', '100-2019-ND-CP:d35', '168-2024-ND-CP:d40', '100-2019-ND-CP:d39', '100-2019-ND-CP:d48', '168-2024-ND-CP:d41']",0.0,1,0.5,1,1.0,1,1.0,1,1.0,1,1.0,1,1.0,1.0
26,"Loại 6: Giải thể & Phá sản - Thủ tục, thanh toán nợ, tạm ngưng",Mình thành lập công ty nhưng cách đây 2 năm mình có báo ngừng dịch vụ nhưng cũng không biết nên không làm thủ tục giải thể bây giờ mình muốn làm thủ tục giải thể trong nhóm mình có ai nhận làm được thì inbox cho mình nhé xin cảm ơn,"['59-2020-QH14:d207', '59-2020-QH14:d208', '59-2020-QH14:d212']",3,"Theo Điều 207 khoản 1 điểm b Luật Doanh nghiệp 2020, doanh nghiệp có thể giải thể theo nghị quyết/quyết định của chủ doanh nghiệp. Trường hợp của bạn (báo ngừng dịch vụ 2 năm nhưng chưa giải thể), bạn cần thực hiện: 1) Theo Điều 207 khoản 2, doanh nghiệp chỉ được giải thể khi bảo đảm thanh toán hết các khoản nợ, nghĩa vụ tài sản và không trong quá trình giải quyết tranh chấp tại Tòa án/Trọng tài; 2) Thực hiện theo Điều 208: a) Ra nghị quyết/quyết định giải thể; b) Trong 07 ngày gửi đến Sở KH&ĐT, cơ quan thuế; c) Hoàn tất nghĩa vụ thuế (có thể phải nộp phạt chậm kê khai nếu trong 2 năm qua không kê khai); d) Thanh toán nợ theo thứ tự: lương NLĐ, nợ thuế, nợ khác; e) Trong 05 ngày sau khi thanh toán hết nợ, nộp hồ sơ giải thể. Lưu ý: Theo Điều 212, doanh nghiệp ngừng hoạt động 01 năm không thông báo có thể bị thu hồi Giấy ĐKDN.","Điều 207 Luật Doanh nghiệp 2020 - Các trường hợp và điều kiện giải thể doanh nghiệp
Điều 208 Luật Doanh nghiệp 2020 - Trình tự thủ tục giải thể doanh nghiệp
Điều 212 Luật Doanh nghiệp 2020 - Thu hồi Giấy chứng nhận đăng ký doanh nghiệp",False,Không thể tạo câu trả lời.,"['59-2020-QH14:d207', '59-2020-QH14:d208', '59-2020-QH14:d206', '01-2021-ND:d70', '01-2021-ND:d71', '168-2025-ND:d64', '168-2024-ND-CP:d21', '168-2024-ND-CP:d25', '168-2024-ND-CP:d26', '168-2024-ND-CP:d28', '168-2024-ND-CP:d34', '168-2024-ND-CP:d35', '168-2024-ND-CP:d38', '168-2024-ND-CP:d39', '168-2024-ND-CP:d41', '168-2024-ND-CP:d42', '168-2024-ND-CP:d45', '168-2024-ND-CP:d46', '168-2024-ND-CP:d48', '168-2024-ND-CP:d50', '168-2024-ND-CP:d53', '168-2025-ND:d60', '01-2021-ND:d66', '168-2025-ND:d78', '168-2025-ND:d70', '168-2025-ND:d17', '168-2024-ND-CP:d32', '59-2020-QH14:d55', '59-2020-QH14:d153', '100-2019-ND-CP:d30', '23-2022-ND:d13']","['59-2020-QH14:d207', '59-2020-QH14:d208', '59-2020-QH14:d206', '01-2021-ND:d70', '01-2021-ND:d71', '168-2025-ND:d64']","['168-2024-ND-CP:d21', '168-2024-ND-CP:d25', '168-2024-ND-CP:d26', '168-2024-ND-CP:d28', '168-2024-ND-CP:d34', '168-2024-ND-CP:d35', '168-2024-ND-CP:d38', '168-2024-ND-CP:d39', '168-2024-ND-CP:d41', '168-2024-ND-CP:d42', '168-2024-ND-CP:d45', '168-2024-ND-CP:d46', '168-2024-ND-CP:d48', '168-2024-ND-CP:d50', '168-2024-ND-CP:d53', '59-2020-QH14:d207', '59-2020-QH14:d208', '59-2020-QH14:d206', '01-2021-ND:d70', '168-2025-ND:d64', '168-2025-ND:d60', '01-2021-ND:d66', '168-2025-ND:d78', '168-2025-ND:d70', '168-2025-ND:d17', '168-2024-ND-CP:d32', '59-2020-QH14:d55', '59-2020-QH14:d153', '100-2019-ND-CP:d30', '23-2022-ND:d13']",0.0,1,0.3333,1,0.6667,1,0.6667,1,0.6667,1,0.6667,1,0.6667,1.0
27,"Loại 6: Giải thể & Phá sản - Thủ tục, thanh toán nợ, tạm ngưng","Dạ anh chị cho em hỏi , bên công ty em đã hoàn tất thủ tục giải thể công ty , hồ sơ giải thể cũng đã nộp. Công ty đã ngừng hoạt động và không phát sinh doanh thu . Và việc giải thể đều do bên công ty dịch vụ giải quyết .
1. Bây giờ muốn giải thể dứt điểm hoàn toàn thì phải đợi bao lâu nữa ?
2 . Hồ sơ giải thể treo thì có hệ lụy gì ?
Kính mong được các anh chị có kinh nghiệm giải đáp !","['59-2020-QH14:d208', '59-2020-QH14:d210', '59-2020-QH14:d211']",3,"Theo Điều 208 Luật Doanh nghiệp 2020: 1) Về thời gian giải thể dứt điểm: Theo khoản 8, sau thời hạn 180 ngày kể từ ngày Cơ quan đăng ký kinh doanh nhận được nghị quyết/quyết định giải thể mà không có phản đối của bên liên quan, hoặc trong 05 ngày làm việc kể từ ngày nhận hồ sơ giải thể đầy đủ, Cơ quan ĐKKD sẽ cập nhật tình trạng pháp lý trên Cơ sở dữ liệu quốc gia. 2) Hệ lụy của hồ sơ giải thể treo: a) Theo Điều 211, doanh nghiệp bị cấm: cất giấu tài sản, ký hợp đồng mới, cầm cố/thế chấp tài sản, huy động vốn; b) Theo Điều 210 khoản 3, nếu hồ sơ giải thể không chính xác, người quản lý phải liên đới chịu trách nhiệm thanh toán quyền lợi NLĐ, thuế, nợ khác và chịu trách nhiệm cá nhân trước pháp luật trong 05 năm kể từ ngày nộp hồ sơ. Bạn nên liên hệ Sở KH&ĐT và cơ quan thuế để xác định nguyên nhân hồ sơ bị treo và khắc phục.","Điều 208 Luật Doanh nghiệp 2020 - Trình tự thủ tục giải thể doanh nghiệp (khoản 8)
Điều 210 Luật Doanh nghiệp 2020 - Hồ sơ giải thể doanh nghiệp (khoản 3)
Điều 211 Luật Doanh nghiệp 2020 - Các hoạt động bị cấm kể từ khi có quyết định giải thể",False,Không thể tạo câu trả lời.,"['59-2020-QH14:d207', '59-2020-QH14:d210', '59-2020-QH14:d208', '168-2025-ND:d64', '59-2020-QH14:d217', '168-2025-ND:d80', '168-2025-ND:d70', '59-2020-QH14:d55', '100-2019-ND-CP:d57', '168-2025-ND:d17', '23-2022-ND:d13', '168-2025-ND:d47', '168-2024-ND-CP:d40', '01-2021-ND:d12', '100-2019-ND-CP:d51', '100-2019-ND-CP:d54', '100-2019-ND-CP:d76', '168-2025-ND:d29', '01-2021-ND:d98', '168-2025-ND:d24', '100-2019-ND-CP:d48', '59-2020-QH14:d37', '168-2024-ND-CP:d32', '23-2022-ND:d54', '59-2020-QH14:d24', '23-2022-ND:d43', '59-2020-QH14:d161', '59-2020-QH14:d196', '01-2021-ND:d56', '01-2021-ND:d45']","['59-2020-QH14:d207', '59-2020-QH14:d210', '59-2020-QH14:d208']","['59-2020-QH14:d207', '59-2020-QH14:d210', '59-2020-QH14:d208', '168-2025-ND:d64', '59-2020-QH14:d217', '168-2025-ND:d80', '168-2025-ND:d70', '59-2020-QH14:d55', '100-2019-ND-CP:d57', '168-2025-ND:d17', '23-2022-ND:d13', '168-2025-ND:d47', '168-2024-ND-CP:d40', '01-2021-ND:d12', '100-2019-ND-CP:d51', '100-2019-ND-CP:d54', '100-2019-ND-CP:d76', '168-2025-ND:d29', '01-2021-ND:d98', '168-2025-ND:d24', '100-2019-ND-CP:d48', '59-2020-QH14:d37', '168-2024-ND-CP:d32', '23-2022-ND:d54', '59-2020-QH14:d24', '23-2022-ND:d43', '59-2020-QH14:d161', '59-2020-QH14:d196', '01-2021-ND:d56', '01-2021-ND:d45']",0.0,0,0.0,1,0.6667,1,0.6667,1,0.6667,1,0.6667,1,0.6667,0.5
28,"Loại 6: Giải thể & Phá sản - Thủ tục, thanh toán nợ, tạm ngưng","m đứng tên chi nhánh công ty cũ cách đây hơn 10 năm, giờ cty chính đó ko còn hoạt động và ngừng KD luôn lâu rồi mà không giải thể ( kiểu bỏ ngang ấy), m cũng nghỉ việc lâu rồi - mà tên mình vẫn còn trên giấy phép chi nhánh, giờ phải làm sao để giải quyết ah? nhờ tư vấn :((","['59-2020-QH14:d212', '59-2020-QH14:d213', '59-2020-QH14:d44']",3,"Theo Điều 44 Luật Doanh nghiệp 2020, chi nhánh là đơn vị phụ thuộc của doanh nghiệp. Trường hợp công ty chính bỏ ngang không giải thể mà bạn vẫn đứng tên trên giấy phép chi nhánh: 1) Nếu công ty chính bị thu hồi Giấy ĐKDN theo Điều 212 (ngừng hoạt động 01 năm không thông báo), chi nhánh cũng sẽ chấm dứt hoạt động; 2) Tuy nhiên, nếu chưa xử lý dứt điểm, theo Điều 213 khoản 2, người đứng đầu chi nhánh vẫn liên đới chịu trách nhiệm; 3) Để giải quyết, bạn nên: a) Kiểm tra tình trạng pháp lý của công ty chính trên Cổng thông tin quốc gia (dangkykinhdoanh.gov.vn); b) Nếu công ty chính vẫn còn tồn tại pháp lý, liên hệ chủ sở hữu/người đại diện công ty để làm thủ tục chấm dứt hoạt động chi nhánh hoặc thay đổi người đứng đầu chi nhánh; c) Nếu không liên hệ được, có thể làm đơn khiếu nại đến Sở KH&ĐT nơi chi nhánh đăng ký để được hướng dẫn xử lý.","Điều 44 Luật Doanh nghiệp 2020 - Chi nhánh văn phòng đại diện và địa điểm kinh doanh
Điều 212 Luật Doanh nghiệp 2020 - Thu hồi Giấy chứng nhận đăng ký doanh nghiệp
Điều 213 Luật Doanh nghiệp 2020 - Chấm dứt hoạt động chi nhánh văn phòng đại diện địa điểm kinh doanh (khoản 2)",False,Không thể tạo câu trả lời.,"['59-2020-QH14:d207', '59-2020-QH14:d208', '59-2020-QH14:d212', '59-2020-QH14:d213', '168-2025-ND:d56', '168-2025-ND:d43', '168-2025-ND:d57', '168-2025-ND:d64', '59-2020-QH14:d217', '168-2025-ND:d78', '168-2025-ND:d70', '36-2024-QH15:d89', '36-2024-QH15:d62', '01-2021-ND:d98', '168-2024-ND-CP:d42', '168-2024-ND-CP:d2', '59-2020-QH14:d55', '168-2025-ND:d17', '100-2019-ND-CP:d25', '100-2019-ND-CP:d48', '59-2020-QH14:d153', '23-2022-ND:d13', '100-2019-ND-CP:d81', '36-2024-QH15:d57', '168-2024-ND-CP:d37', '100-2019-ND-CP:d21', '100-2019-ND-CP:d76', '100-2019-ND-CP:d41', '36-2024-QH15:d61', '100-2019-ND-CP:d62']","['59-2020-QH14:d207', '59-2020-QH14:d208', '59-2020-QH14:d212', '59-2020-QH14:d213', '168-2025-ND:d56', '168-2025-ND:d43', '168-2025-ND:d57']","['59-2020-QH14:d207', '59-2020-QH14:d208', '59-2020-QH14:d212', '59-2020-QH14:d213', '168-2025-ND:d56', '168-2025-ND:d43', '168-2025-ND:d57', '168-2025-ND:d64', '59-2020-QH14:d217', '168-2025-ND:d78', '168-2025-ND:d70', '36-2024-QH15:d89', '36-2024-QH15:d62', '01-2021-ND:d98', '168-2024-ND-CP:d42', '168-2024-ND-CP:d2', '59-2020-QH14:d55', '168-2025-ND:d17', '100-2019-ND-CP:d25', '100-2019-ND-CP:d48', '59-2020-QH14:d153', '23-2022-ND:d13', '100-2019-ND-CP:d81', '36-2024-QH15:d57', '168-2024-ND-CP:d37', '100-2019-ND-CP:d21', '100-2019-ND-CP:d76', '100-2019-ND-CP:d41', '36-2024-QH15:d61', '100-2019-ND-CP:d62']",0.0,0,0.0,1,0.3333,1,0.6667,1,0.6667,1,0.6667,1,0.6667,0.3333
29,"Loại 1: Thành lập doanh nghiệp - Thủ tục, điều kiện, hồ sơ thành lập","Mọi người cho em hỏi là Phòng đăng ký kinh doanh TP.HCM nay còn cấp ERC bản giấy không ạ? hay chỉ còn cấp bản điện tử có ký chữ ký số thôi vậy anh, chị.",['59-2020-QH14:d4'],1,"Theo Điều 4 khoản 15 Luật Doanh nghiệp 2020, Giấy chứng nhận đăng ký doanh nghiệp (ERC) có thể được cấp dưới dạng bản giấy hoặc bản điện tử. Hiện nay, nhiều Phòng ĐKKD đã chuyển sang cấp bản điện tử có chữ ký số. Tuy nhiên, doanh nghiệp vẫn có quyền yêu cầu cấp bản giấy theo quy định. Bạn nên liên hệ trực tiếp Phòng ĐKKD TP.HCM để được hướng dẫn cụ thể về hình thức cấp hiện hành.",Điều 4 khoản 15 Luật Doanh nghiệp 2020,False,"# Trả lời

Căn cứ vào quy định pháp luật hiện hành, **Giấy chứng nhận đăng ký doanh nghiệp có thể cấp dưới hình thức bản giấy hoặc bản điện tử**, pháp luật không cấm cấp bản giấy.

Tuy nhiên, theo xu hướng cải cách hành chính hiện nay, khi doanh nghiệp đăng ký qua mạng thông tin điện tử (sử dụng chữ ký số hoặc tài khoản đăng ký kinh doanh), Cơ quan đăng ký kinh doanh sẽ cấp **Giấy chứng nhận đăng ký doanh nghiệp dưới dạng bản điện tử** (có xác thực bằng chữ ký số). Giấy chứng nhận dạng này có đầy đủ giá trị pháp lý và được chấp nhận trong các giao dịch kinh doanh, không cần bản giấy bổ sung.

Nếu quý vị muốn có Giấy chứng nhận dạng bản giấy, có thể:
1. Đăng ký trực tiếp tại Phòng đăng ký kinh doanh (nộp hồ sơ bằng bản giấy) để được cấp bản giấy, hoặc
2. Yêu cầu Phòng đăng ký kinh doanh in/cấp bản giấy từ bản điện tử đã được cấp (phí in bản giấy có thể áp dụng)

Khuyến nghị quý vị **liên hệ trực tiếp Phòng đăng ký kinh doanh TP.HCM** để được hướng dẫn cụ thể về chính sách cấp giấy hiện tại và các yêu cầu phí lệ nếu muốn xin bản giấy.

**Căn cứ pháp lý:**
- Điều 15 (Định nghĩa), Luật Doanh nghiệp 2020
- Điều 37, 38, 44, 45, Nghị định 168/2025/NĐ-CP","['168-2025-ND:d37', '168-2025-ND:d38', '01-2021-ND:d45', '01-2021-ND:d44', '168-2025-ND:d33', '168-2025-ND:d24', '168-2025-ND:d31', '59-2020-QH14:d4', '59-2020-QH14:d27', '01-2021-ND:d46', '01-2021-ND:d68', '89-2024-ND:d6', '168-2025-ND:d110', '168-2025-ND:d72', '168-2025-ND:d3', '168-2025-ND:d22', '01-2021-ND:d2', '01-2021-ND:d82', '59-2020-QH14:d146', '59-2020-QH14:d26', '36-2024-QH15:d30', '168-2024-ND-CP:d47', '168-2025-ND:d116', '168-2024-ND-CP:d52', '168-2024-ND-CP:d14', '59-2020-QH14:d215', '01-2021-ND:d95', '01-2021-ND:d37', '168-2025-ND:d71', '168-2024-ND-CP:d13']","['168-2025-ND:d37', '168-2025-ND:d38', '01-2021-ND:d45', '01-2021-ND:d44', '168-2025-ND:d33', '168-2025-ND:d24', '168-2025-ND:d31']","['168-2025-ND:d24', '01-2021-ND:d45', '59-2020-QH14:d4', '168-2025-ND:d37', '168-2025-ND:d38', '01-2021-ND:d44', '168-2025-ND:d33', '168-2025-ND:d31', '59-2020-QH14:d27', '01-2021-ND:d46', '01-2021-ND:d68', '89-2024-ND:d6', '168-2025-ND:d110', '168-2025-ND:d72', '168-2025-ND:d3', '168-2025-ND:d22', '01-2021-ND:d2', '01-2021-ND:d82', '59-2020-QH14:d146', '59-2020-QH14:d26', '36-2024-QH15:d30', '168-2024-ND-CP:d47', '168-2025-ND:d116', '168-2024-ND-CP:d52', '168-2024-ND-CP:d14', '59-2020-QH14:d215', '01-2021-ND:d95', '01-2021-ND:d37', '168-2025-ND:d71', '168-2024-ND-CP:d13']",0.85,0,0.0,0,0.0,0,0.0,1,1.0,1,1.0,1,1.0,0.125
30,"Loại 3: Vốn điều lệ - Góp vốn, tăng/giảm vốn, vốn pháp định","Dạ mọi người cho em hỏi, công ty em là công ty cổ phần có 3 cổ đông sáng lập, sau này có 2 cổ đông sáng lập chuyển nhượng qua cho 2 người khác (hiện tại là 1 cổ đông sáng lập và 2 cổ đông mới). Vậy khi em làm tăng vốn điều lệ phải nộp danh sách cổ đông sau tăng vốn với danh sách chủ sở hữu hưởng lợi theo thông tin 3 cổ đông hiện tại đúng không ạ? Và em có phải nhập trên hệ thống phần danh sách cổ đông sáng lập do thay đổi vốn điều lệ không ạ. Em cảm ơn mọi người","['59-2020-QH14:d113', '59-2020-QH14:d123', '59-2020-QH14:d25', '59-2020-QH14:d4']",4,"Theo Luật Doanh nghiệp 2020: 1) Khi tăng vốn điều lệ, bạn cần nộp danh sách cổ đông theo thông tin 3 cổ đông HIỆN TẠI (1 cổ đông sáng lập cũ + 2 cổ đông mới), không phải danh sách cổ đông sáng lập ban đầu. Theo Điều 4 khoản 4, cổ đông sáng lập là cổ đông ký tên trong danh sách cổ đông sáng lập khi thành lập công ty - tư cách này không thay đổi theo thời gian. 2) Khi làm thủ tục tăng vốn, bạn KHÔNG cần cập nhật danh sách cổ đông sáng lập vì danh sách này chỉ thay đổi khi có sự thay đổi về thông tin của cổ đông sáng lập gốc, không phải khi tăng vốn. 3) Việc nộp danh sách chủ sở hữu hưởng lợi theo thông tin 3 cổ đông hiện tại là đúng.","Điều 4 khoản 4 Luật Doanh nghiệp 2020
Điều 25 Luật Doanh nghiệp 2020
Điều 113 Luật Doanh nghiệp 2020
Điều 123 Luật Doanh nghiệp 2020",False,"# Tư vấn pháp luật về tăng vốn điều lệ và thay đổi cổ đông

Dạ, tôi sẽ trả lời hai câu hỏi của bạn như sau:

## 1. Về danh sách cổ đông sau tăng vốn điều lệ

**Đúng, bạn phải nộp danh sách cổ đông hiện tại** khi đăng ký thay đổi vốn điều lệ. Khi công ty tăng vốn điều lệ, đây được coi là thay đổi nội dung đăng ký doanh nghiệp, và công ty phải gửi hồ sơ đến Phòng Đăng ký kinh doanh. Danh sách cổ đông là thông tin cần thiết để cơ quan đăng ký kinh doanh cập nhật hồ sơ của công ty. Danh sách này phải thể hiện **tất cả cổ đông hiện hữu** (gồm 1 cổ đông sáng lập gốc và 2 cổ đông mới mà bạn nêu).

## 2. Về danh sách cổ đông sáng lập - **Không cần nhập lại**

**Không, bạn không cần nhập lại danh sách cổ đông sáng lập** chỉ vì thay đổi vốn điều lệ. Danh sách cổ đông sáng lập là danh sách được xác định tại thời điểm **đăng ký thành lập doanh nghiệp** và là định danh của các cá nhân ký tên trong danh sách đó lúc thành lập.

Khi 2 cổ đông sáng lập chuyển nhượng cổ phần cho những người khác, những người mua cổ phần trở thành **cổ đông thường (cổ đông sau)**, không phải cổ đông sáng lập. Do đó, họ không được thêm vào danh sách cổ đông sáng lập. Danh sách này vẫn giữ nguyên là danh sách 3 người ký khi thành lập công ty.

**Lưu ý:** Bạn chỉ cần thông báo thay đổi thông tin cổ đông sáng lập nếu cổ đông sáng lập chưa thanh toán đầy đủ vốn điều lệ hoặc thông tin cá nhân của họ có thay đổi (như đổi địa chỉ, số điện thoại, v.v.).

---

**Căn cứ pháp lý:**
- Điều 51 Nghị định 01/2021/NĐ (về đăng ký thay đổi vốn điều lệ)
- Điều 57 Nghị định 01/2021/NĐ (về thay đổi thông tin cổ đông sáng lập)
- Điều 123 Luật Doanh nghiệp 2020 (về chào bán cổ phần và tăng vốn)","['59-2020-QH14:d112', '59-2020-QH14:d120', '59-2020-QH14:d122', '59-2020-QH14:d123', '59-2020-QH14:d127', '01-2021-ND:d51', '01-2021-ND:d57', '59-2020-QH14:d30', '59-2020-QH14:d55', '168-2025-ND:d43', '168-2025-ND:d52', '44-2025-ND:d1', '59-2020-QH14:d25', '01-2021-ND:d61', '59-2020-QH14:d22', '23-2022-ND:d8', '168-2025-ND:d17', '47-2021-ND:d11', '168-2025-ND:d24', '44-2025-ND:d2', '59-2020-QH14:d24', '89-2024-ND:d7', '59-2020-QH14:d211', '168-2025-ND:d74', '23-2022-ND:d15', '36-2024-QH15:d37', '59-2020-QH14:d114', '23-2022-ND:d13', '16-2023-ND:d11', '248-2025-ND:d3']","['59-2020-QH14:d112', '59-2020-QH14:d120', '59-2020-QH14:d122', '59-2020-QH14:d123', '59-2020-QH14:d127', '01-2021-ND:d51', '01-2021-ND:d57']","['59-2020-QH14:d123', '59-2020-QH14:d30', '59-2020-QH14:d55', '59-2020-QH14:d112', '59-2020-QH14:d120', '168-2025-ND:d43', '59-2020-QH14:d122', '59-2020-QH14:d127', '01-2021-ND:d51', '01-2021-ND:d57', '168-2025-ND:d52', '44-2025-ND:d1', '59-2020-QH14:d25', '01-2021-ND:d61', '59-2020-QH14:d22', '23-2022-ND:d8', '168-2025-ND:d17', '47-2021-ND:d11', '168-2025-ND:d24', '44-2025-ND:d2', '59-2020-QH14:d24', '89-2024-ND:d7', '59-2020-QH14:d211', '168-2025-ND:d74', '23-2022-ND:d15', '36-2024-QH15:d37', '59-2020-QH14:d114', '23-2022-ND:d13', '16-2023-ND:d11', '248-2025-ND:d3']",0.85,0,0.0,0,0.0,1,0.25,1,0.25,1,0.5,1,0.5,0.25
31,"Loại 7: Thay đổi ĐKKD - Địa chỉ, tên, ngành nghề","Mình mới làm thay đổi kinh doanh 2 công ty tại TP. Hồ Chí Minh. 1 công ty kết quả trả về qua email có đính kèm giấy chứng nhận ĐKDN nhưng ko có dấu, 1 công ty thì chỉ có thông báo hồ sơ dc chấp thuận. Mình lên tải giấy trên cổng thông tin thì báo lỗi, trả phí rồi mà ko tải về được. Vậy cho mình hỏi còn cách nào khác để lấy được giấy chứng nhận ĐKDN ạ? Cám ơn mọi người rất nhiều","['59-2020-QH14:d26', '59-2020-QH14:d4']",2,"Theo Điều 4 khoản 15 Luật Doanh nghiệp 2020, Giấy chứng nhận đăng ký doanh nghiệp có thể là bản giấy hoặc bản điện tử. Bản điện tử có chữ ký số có giá trị pháp lý tương đương bản giấy. Để lấy được giấy chứng nhận ĐKDN, bạn có thể: 1) Thử tải lại trên Cổng thông tin quốc gia về đăng ký doanh nghiệp vào thời điểm khác (có thể do lỗi hệ thống tạm thời); 2) Liên hệ trực tiếp Phòng Đăng ký kinh doanh TP.HCM để yêu cầu cấp lại hoặc hỗ trợ tải về; 3) Nộp đơn yêu cầu cấp bản giấy tại Phòng ĐKKD nếu cần thiết.","Điều 4 khoản 15 Luật Doanh nghiệp 2020
Điều 26 Luật Doanh nghiệp 2020",False,"# Tư vấn pháp luật về lấy Giấy chứng nhận ĐKDN

Dựa trên tình hình bạn mô tả, tôi có những khuyến cáo sau:

## 1. **Với công ty thứ nhất (giấy không có dấu)**

Giấy chứng nhận ĐKDN nhận được qua email nhưng không có dấu vẫn có thể được coi là giấy hợp lệ để sử dụng trong giao dịch. Tuy nhiên, nếu bạn muốn có bản giấy có dấu chính thức, bạn có thể **yêu cầu cơ quan đăng ký kinh doanh cấp lại** giấy chứng nhận với dấu của cơ quan. Bạn sẽ phải nộp lệ phí theo quy định hiện hành.

## 2. **Với công ty thứ hai (chỉ nhận thông báo chấp thuận)**

Khi hồ sơ thay đổi nội dung ĐKDN được chấp thuận, bạn sẽ được cấp **Giấy xác nhận về việc thay đổi nội dung đăng ký doanh nghiệp**, không phải lúc nào cũng phải là Giấy chứng nhận ĐKDN mới. Giấy xác nhận này có giá trị pháp lý tương đương. Tuy nhiên, nếu bạn cần Giấy chứng nhận ĐKDN bản cứng, bạn nên liên hệ trực tiếp với **Phòng Đăng ký kinh doanh TP. Hồ Chí Minh** để yêu cầu.

## 3. **Cách khác để lấy giấy ĐKDN**

Ngoài việc tải từ cổng thông tin, bạn có thể:

- **Đến trực tiếp** Phòng Đăng ký kinh doanh (cấp quận/huyện hoặc Cơ quan Đăng ký kinh doanh TP) nơi công ty đăng ký để yêu cầu cấp/cấp lại giấy chứng nhận hoặc giấy xác nhận;
- **Gửi giấy tờ yêu cầu** bằng đường bưu điện hoặc qua hệ thống thửa điện tử (nếu cơ quan hỗ trợ) kèm theo thông tin công ty;
- **Liên hệ qua số điện thoại/email** của Phòng Đăng ký kinh doanh để hỏi lý do lỗi tải và xin hỗ trợ;
- **Nộp lệ phí** để xin cấp lại bản giấy nếu cần bản mới có dấu chính thức.

---

**Căn cứ pháp lý:**
- Điều 62, Nghị định 168/2025/NĐ-CP (về cấp lại Giấy chứng nhận ĐKDN và Giấy xác nhận thay đổi nội dung)
- Điều 27 khoản 2, Luật Doanh nghiệp 2020 (về cấp lại giấy ĐKDN khi bị mất, hư hỏng hoặc hủy hoại)","['168-2025-ND:d62', '168-2025-ND:d37', '168-2025-ND:d39', '01-2021-ND:d68', '59-2020-QH14:d4', '59-2020-QH14:d31', '59-2020-QH14:d27', '168-2024-ND-CP:d16', '100-2019-ND-CP:d50', '168-2024-ND-CP:d13', '168-2024-ND-CP:d40', '168-2024-ND-CP:d32', '168-2025-ND:d110', '168-2025-ND:d71', '168-2024-ND-CP:d14', '36-2024-QH15:d42', '168-2024-ND-CP:d5', '59-2020-QH14:d178', '59-2020-QH14:d26', '89-2024-ND:d6', '59-2020-QH14:d215', '47-2021-ND:d2', '59-2020-QH14:d55', '01-2021-ND:d90', '100-2019-ND-CP:d86', '23-2022-ND:d28', '100-2019-ND-CP:d38', '100-2019-ND-CP:d58', '100-2019-ND-CP:d30', '100-2019-ND-CP:d28']","['168-2025-ND:d62', '168-2025-ND:d37', '168-2025-ND:d39', '01-2021-ND:d68']","['01-2021-ND:d68', '59-2020-QH14:d4', '168-2025-ND:d62', '168-2025-ND:d37', '168-2025-ND:d39', '59-2020-QH14:d31', '59-2020-QH14:d27', '168-2024-ND-CP:d16', '100-2019-ND-CP:d50', '168-2024-ND-CP:d13', '168-2024-ND-CP:d40', '168-2024-ND-CP:d32', '168-2025-ND:d110', '168-2025-ND:d71', '168-2024-ND-CP:d14', '36-2024-QH15:d42', '168-2024-ND-CP:d5', '59-2020-QH14:d178', '59-2020-QH14:d26', '89-2024-ND:d6', '59-2020-QH14:d215', '47-2021-ND:d2', '59-2020-QH14:d55', '01-2021-ND:d90', '100-2019-ND-CP:d86', '23-2022-ND:d28', '100-2019-ND-CP:d38', '100-2019-ND-CP:d58', '100-2019-ND-CP:d30', '100-2019-ND-CP:d28']",0.85,0,0.0,0,0.0,1,0.5,1,0.5,1,1.0,1,1.0,0.2
32,"Loại 3: Vốn điều lệ - Góp vốn, tăng/giảm vốn, vốn pháp định","Mình cần giảm vốn công ty TNHH 2TV thành lập năm 2020, báo cáo tài chính là năm gần nhất phải không ạ?",['59-2020-QH14:d68'],1,"Đúng vậy. Theo Điều 68 khoản 5 Luật Doanh nghiệp 2020, khi giảm vốn điều lệ theo quy định tại điểm a và điểm b khoản 3 (hoàn trả phần vốn góp cho thành viên hoặc mua lại phần vốn góp), công ty phải nộp kèm theo thông báo giảm vốn BÁO CÁO TÀI CHÍNH GẦN NHẤT. Lưu ý: Công ty chỉ được giảm vốn bằng cách hoàn trả phần vốn góp nếu đã hoạt động kinh doanh liên tục từ 02 năm trở lên kể từ ngày đăng ký thành lập và bảo đảm thanh toán đủ các khoản nợ và nghĩa vụ tài sản khác sau khi hoàn trả cho thành viên.",Điều 68 Luật Doanh nghiệp 2020,False,Không thể tạo câu trả lời.,"['59-2020-QH14:d68', '59-2020-QH14:d55', '59-2020-QH14:d59', '59-2020-QH14:d46', '01-2021-ND:d51', '01-2021-ND:d52', '01-2021-ND:d64', '59-2020-QH14:d31', '168-2025-ND:d37', '59-2020-QH14:d12', '59-2020-QH14:d37', '59-2020-QH14:d153', '59-2020-QH14:d211', '47-2021-ND:d31', '23-2022-ND:d13', '89-2024-ND:d7', '59-2020-QH14:d172', '168-2025-ND:d29', '01-2021-ND:d98', '59-2020-QH14:d196', '168-2025-ND:d24', '59-2020-QH14:d110', '23-2022-ND:d54', '59-2020-QH14:d128', '01-2021-ND:d56', '47-2021-ND:d35', '248-2025-ND:d12', '59-2020-QH14:d194', '59-2020-QH14:d4', '168-2024-ND-CP:d2']","['59-2020-QH14:d68', '59-2020-QH14:d55', '59-2020-QH14:d59', '59-2020-QH14:d46', '01-2021-ND:d51', '01-2021-ND:d52', '01-2021-ND:d64']","['59-2020-QH14:d55', '59-2020-QH14:d68', '59-2020-QH14:d59', '59-2020-QH14:d46', '01-2021-ND:d51', '01-2021-ND:d52', '01-2021-ND:d64', '59-2020-QH14:d31', '168-2025-ND:d37', '59-2020-QH14:d12', '59-2020-QH14:d37', '59-2020-QH14:d153', '59-2020-QH14:d211', '47-2021-ND:d31', '23-2022-ND:d13', '89-2024-ND:d7', '59-2020-QH14:d172', '168-2025-ND:d29', '01-2021-ND:d98', '59-2020-QH14:d196', '168-2025-ND:d24', '59-2020-QH14:d110', '23-2022-ND:d54', '59-2020-QH14:d128', '01-2021-ND:d56', '47-2021-ND:d35', '248-2025-ND:d12', '59-2020-QH14:d194', '59-2020-QH14:d4', '168-2024-ND-CP:d2']",0.0,1,1.0,1,1.0,1,1.0,1,1.0,1,1.0,1,1.0,1.0
33,"Loại 2: Loại hình doanh nghiệp - TNHH, Cổ phần, Hợp danh, DNTN","Cty mình chuyển đổi từ công ty tnhh 1tv sang 2tv tiếp nhận thành viên mới và tăng vốn thì thành phần hồ sơ đầy đủ gồm những gì ạ. Mong mọi người hướng dẫn giúp mình, xin cảm ơn.","['59-2020-QH14:d21', '59-2020-QH14:d47', '59-2020-QH14:d87']",3,"Theo Điều 87 khoản 2 Luật Doanh nghiệp 2020, khi công ty TNHH 1TV tăng vốn bằng việc huy động thêm vốn góp của người khác, công ty phải tổ chức quản lý theo loại hình công ty TNHH 2TV trở lên. Thành phần hồ sơ gồm: 1) Thông báo thay đổi nội dung đăng ký doanh nghiệp (Mẫu số 08); 2) Quyết định của chủ sở hữu về việc tiếp nhận thành viên mới và tăng vốn điều lệ; 3) Điều lệ công ty sửa đổi, bổ sung; 4) Danh sách thành viên công ty (Mẫu số 6); 5) Hợp đồng chuyển nhượng hoặc các giấy tờ chứng minh việc góp vốn của thành viên mới; 6) Bản sao giấy tờ pháp lý của thành viên mới; 7) Văn bản ủy quyền (nếu không phải người đại diện theo pháp luật nộp hồ sơ). Công ty phải thông báo thay đổi trong thời hạn 10 ngày kể từ ngày hoàn thành việc thay đổi vốn điều lệ.","Điều 87 Luật Doanh nghiệp 2020
Điều 47 Luật Doanh nghiệp 2020
Điều 21 Luật Doanh nghiệp 2020",False,Không thể tạo câu trả lời.,"['59-2020-QH14:d1', '59-2020-QH14:d2', '59-2020-QH14:d3', '168-2025-ND:d52', '59-2020-QH14:d203', '168-2025-ND:d43', '59-2020-QH14:d55', '59-2020-QH14:d37', '01-2021-ND:d52', '59-2020-QH14:d211', '23-2022-ND:d13', '01-2021-ND:d61', '168-2025-ND:d47', '168-2025-ND:d24', '100-2019-ND-CP:d13', '36-2024-QH15:d30', '44-2025-ND:d2', '100-2019-ND-CP:d61', '168-2025-ND:d29', '100-2019-ND-CP:d48', '23-2022-ND:d54', '59-2020-QH14:d161', '59-2020-QH14:d196', '248-2025-ND:d12', '01-2021-ND:d29', '01-2021-ND:d56', '01-2021-ND:d45', '59-2020-QH14:d194', '01-2021-ND:d98', '01-2021-ND:d12', '100-2019-ND-CP:d50', '36-2024-QH15:d55', '168-2024-ND-CP:d40']","['59-2020-QH14:d1', '59-2020-QH14:d2', '59-2020-QH14:d3']","['168-2025-ND:d52', '59-2020-QH14:d203', '168-2025-ND:d43', '59-2020-QH14:d55', '59-2020-QH14:d37', '01-2021-ND:d52', '59-2020-QH14:d211', '23-2022-ND:d13', '01-2021-ND:d61', '168-2025-ND:d47', '168-2025-ND:d24', '100-2019-ND-CP:d13', '36-2024-QH15:d30', '44-2025-ND:d2', '100-2019-ND-CP:d61', '168-2025-ND:d29', '100-2019-ND-CP:d48', '23-2022-ND:d54', '59-2020-QH14:d161', '59-2020-QH14:d196', '248-2025-ND:d12', '01-2021-ND:d29', '01-2021-ND:d56', '01-2021-ND:d45', '59-2020-QH14:d194', '01-2021-ND:d98', '01-2021-ND:d12', '100-2019-ND-CP:d50', '36-2024-QH15:d55', '168-2024-ND-CP:d40']",0.0,0,0.0,0,0.0,0,0.0,0,0.0,0,0.0,0,0.0,0.0
34,"Loại 3: Vốn điều lệ - Góp vốn, tăng/giảm vốn, vốn pháp định","A/c ơi cho em hỏi với ạ. Em đang làm thủ tục tăng vốn cho Công ty TNHH 1TV và đang mắc ở phần hồ sơ. Về giấy tờ chứng minh việc góp vốn thì em có thể dùng ""Giấy chứng nhận góp vốn"" được không hay phải là biên lai gửi tiền vào TK công ty ạ","['59-2020-QH14:d34', '59-2020-QH14:d35', '59-2020-QH14:d87']",3,"Theo Điều 34 và Điều 35 Luật Doanh nghiệp 2020, tài sản góp vốn có thể là tiền Đồng Việt Nam, ngoại tệ, vàng, quyền sử dụng đất, quyền sở hữu trí tuệ, và các tài sản khác có thể định giá được. Về chứng minh việc góp vốn: 1) Đối với tài sản không đăng ký quyền sở hữu (như tiền mặt), việc góp vốn phải được thực hiện bằng việc giao nhận có xác nhận bằng BIÊN BẢN GIAO NHẬN TÀI SẢN GÓP VỐN (Điều 35 khoản 1 điểm b). 2) Giấy chứng nhận góp vốn là văn bản công ty cấp cho thành viên sau khi góp vốn, KHÔNG phải là chứng từ chứng minh việc góp vốn. 3) Nếu góp bằng chuyển khoản, biên lai/sao kê ngân hàng là chứng từ phù hợp. Tóm lại: Bạn nên dùng Biên bản giao nhận tài sản góp vốn hoặc chứng từ chuyển khoản ngân hàng, không phải Giấy chứng nhận góp vốn.","Điều 34 Luật Doanh nghiệp 2020
Điều 35 Luật Doanh nghiệp 2020
Điều 87 Luật Doanh nghiệp 2020",False,Không thể tạo câu trả lời.,"['59-2020-QH14:d47', '59-2020-QH14:d87', '59-2020-QH14:d75', '168-2025-ND:d44', '168-2025-ND:d37', '59-2020-QH14:d26', '59-2020-QH14:d203', '01-2021-ND:d44', '59-2020-QH14:d37', '168-2024-ND-CP:d32', '100-2019-ND-CP:d30', '100-2019-ND-CP:d82', '59-2020-QH14:d55', '168-2025-ND:d3', '36-2024-QH15:d41', '59-2020-QH14:d211', '23-2022-ND:d13', '168-2024-ND-CP:d47', '168-2024-ND-CP:d14', '168-2025-ND:d47', '168-2025-ND:d84', '36-2024-QH15:d39', '100-2019-ND-CP:d50', '168-2024-ND-CP:d13', '36-2024-QH15:d42', '59-2020-QH14:d178', '36-2024-QH15:d56', '100-2019-ND-CP:d58', '168-2024-ND-CP:d48', '168-2024-ND-CP:d16']","['59-2020-QH14:d47', '59-2020-QH14:d87', '59-2020-QH14:d75', '168-2025-ND:d44']","['59-2020-QH14:d47', '59-2020-QH14:d87', '59-2020-QH14:d75', '168-2025-ND:d44', '168-2025-ND:d37', '59-2020-QH14:d26', '59-2020-QH14:d203', '01-2021-ND:d44', '59-2020-QH14:d37', '168-2024-ND-CP:d32', '100-2019-ND-CP:d30', '100-2019-ND-CP:d82', '59-2020-QH14:d55', '168-2025-ND:d3', '36-2024-QH15:d41', '59-2020-QH14:d211', '23-2022-ND:d13', '168-2024-ND-CP:d47', '168-2024-ND-CP:d14', '168-2025-ND:d47', '168-2025-ND:d84', '36-2024-QH15:d39', '100-2019-ND-CP:d50', '168-2024-ND-CP:d13', '36-2024-QH15:d42', '59-2020-QH14:d178', '36-2024-QH15:d56', '100-2019-ND-CP:d58', '168-2024-ND-CP:d48', '168-2024-ND-CP:d16']",0.0,0,0.0,1,0.3333,1,0.3333,1,0.3333,1,0.3333,1,0.3333,0.5
35,"Loại 4: Người đại diện pháp luật - Điều kiện, thay đổi, trách nhiệm","Anh/chị ơi em muốn thay đổi CHS + NĐDPL cty tnhh 1tv và tăng vốn, hồ sơ làm 1 lần được k ạ, anh/chị tư vấn giúp, chi phí bn ạ","['59-2020-QH14:d12', '59-2020-QH14:d77', '59-2020-QH14:d87']",3,"Có thể làm trong 1 hồ sơ. Theo Luật Doanh nghiệp 2020, bạn có thể nộp 1 hồ sơ thay đổi đồng thời nhiều nội dung gồm: thay đổi chủ sở hữu, thay đổi người đại diện theo pháp luật và tăng vốn điều lệ. Hồ sơ bao gồm: 1) Thông báo thay đổi nội dung đăng ký doanh nghiệp (ghi đầy đủ các nội dung thay đổi); 2) Quyết định của chủ sở hữu (cũ) về việc chuyển nhượng/tặng cho vốn góp, thay đổi NĐDPL, tăng vốn; 3) Hợp đồng chuyển nhượng/tặng cho phần vốn góp; 4) Bản sao giấy tờ pháp lý của chủ sở hữu mới và NĐDPL mới; 5) Điều lệ công ty sửa đổi. Lưu ý: Nếu thay đổi chủ sở hữu bằng huy động vốn từ người khác thì phải chuyển đổi sang TNHH 2TV (Điều 87).","Điều 12 Luật Doanh nghiệp 2020
Điều 87 Luật Doanh nghiệp 2020
Điều 77 Luật Doanh nghiệp 2020",False,Không thể tạo câu trả lời.,"['59-2020-QH14:d76', '59-2020-QH14:d78', '59-2020-QH14:d87', '168-2025-ND:d46', '168-2025-ND:d43', '168-2025-ND:d44', '01-2021-ND:d56', '168-2025-ND:d49', '59-2020-QH14:d29', '168-2025-ND:d47', '36-2024-QH15:d39', '59-2020-QH14:d211', '59-2020-QH14:d30', '59-2020-QH14:d9', '100-2019-ND-CP:d48', '168-2025-ND:d24', '168-2024-ND-CP:d40', '168-2024-ND-CP:d32', '100-2019-ND-CP:d30', '36-2024-QH15:d37', '100-2019-ND-CP:d50', '23-2022-ND:d30', '01-2021-ND:d12', '01-2021-ND:d45', '01-2021-ND:d29', '23-2022-ND:d25', '168-2024-ND-CP:d39', '100-2019-ND-CP:d5', '47-2021-ND:d8', '168-2024-ND-CP:d23']","['59-2020-QH14:d76', '59-2020-QH14:d78', '59-2020-QH14:d87', '168-2025-ND:d46', '168-2025-ND:d43', '168-2025-ND:d44']","['168-2025-ND:d43', '59-2020-QH14:d76', '59-2020-QH14:d78', '59-2020-QH14:d87', '168-2025-ND:d46', '168-2025-ND:d44', '01-2021-ND:d56', '168-2025-ND:d49', '59-2020-QH14:d29', '168-2025-ND:d47', '36-2024-QH15:d39', '59-2020-QH14:d211', '59-2020-QH14:d30', '59-2020-QH14:d9', '100-2019-ND-CP:d48', '168-2025-ND:d24', '168-2024-ND-CP:d40', '168-2024-ND-CP:d32', '100-2019-ND-CP:d30', '36-2024-QH15:d37', '100-2019-ND-CP:d50', '23-2022-ND:d30', '01-2021-ND:d12', '01-2021-ND:d45', '01-2021-ND:d29', '23-2022-ND:d25', '168-2024-ND-CP:d39', '100-2019-ND-CP:d5', '47-2021-ND:d8', '168-2024-ND-CP:d23']",0.0,0,0.0,1,0.3333,1,0.3333,1,0.3333,1,0.3333,1,0.3333,0.3333
36,"Loại 5: Hộ kinh doanh - Đăng ký, thay đổi, chuyển đổi HKD","Anh, chị cho em hỏi trường hợp chuyển đổi từ HKD thành Công ty TNHH MTV mà ở 2 quận khác nhau
thì cần những hs gì vậy ạ
Em cảm ơn ạ
Anh, chị cho em hỏi trường hợp chuyển đổi từ HKD thành Công ty TNHH MTV mà ở 2 quận khác nhau
thì cần những hs gì vậy ạ
Em cảm ơn ạ","['59-2020-QH14:d21', '59-2020-QH14:d26', '59-2020-QH14:d74']",3,"Theo Luật Doanh nghiệp 2020, việc 'chuyển đổi' từ HKD sang công ty TNHH MTV thực chất là THÀNH LẬP MỚI công ty (vì HKD không phải doanh nghiệp theo Luật DN). Việc trụ sở ở 2 quận khác nhau không ảnh hưởng. Hồ sơ thành lập TNHH 1TV gồm (Điều 21): 1) Giấy đề nghị đăng ký doanh nghiệp; 2) Điều lệ công ty; 3) Bản sao giấy tờ pháp lý của chủ sở hữu (CCCD/CMND), người đại diện theo pháp luật. Nộp hồ sơ tại Phòng ĐKKD - Sở KH&ĐT tỉnh/thành phố nơi đặt trụ sở công ty mới. Sau khi có GCNĐKDN của công ty mới, bạn có thể làm thủ tục chấm dứt HKD tại quận cũ.","Điều 21 Luật Doanh nghiệp 2020
Điều 74 Luật Doanh nghiệp 2020
Điều 26 Luật Doanh nghiệp 2020",False,Không thể tạo câu trả lời.,"['59-2020-QH14:d74', '59-2020-QH14:d75', '59-2020-QH14:d87', '59-2020-QH14:d205', '168-2025-ND:d27', '168-2025-ND:d24', '168-2025-ND:d26', '01-2021-ND:d56', '168-2025-ND:d49', '59-2020-QH14:d29', '59-2020-QH14:d37', '59-2020-QH14:d55', '59-2020-QH14:d186', '23-2022-ND:d13', '168-2025-ND:d29', '36-2024-QH15:d80', '23-2022-ND:d54', '168-2024-ND-CP:d54', '59-2020-QH14:d196', '59-2020-QH14:d194', '01-2021-ND:d98', '44-2025-ND:d33', '59-2020-QH14:d24', '89-2024-ND:d3', '59-2020-QH14:d93', '59-2020-QH14:d107', '01-2021-ND:d23', '59-2020-QH14:d199', '23-2022-ND:d11', '59-2020-QH14:d169', '47-2021-ND:d7']","['59-2020-QH14:d74', '59-2020-QH14:d75', '59-2020-QH14:d87', '59-2020-QH14:d205', '168-2025-ND:d27', '168-2025-ND:d24', '168-2025-ND:d26']","['168-2025-ND:d24', '01-2021-ND:d56', '59-2020-QH14:d74', '59-2020-QH14:d75', '59-2020-QH14:d87', '59-2020-QH14:d205', '168-2025-ND:d27', '168-2025-ND:d49', '59-2020-QH14:d29', '59-2020-QH14:d37', '59-2020-QH14:d55', '59-2020-QH14:d186', '23-2022-ND:d13', '168-2025-ND:d29', '36-2024-QH15:d80', '23-2022-ND:d54', '168-2024-ND-CP:d54', '59-2020-QH14:d196', '59-2020-QH14:d194', '01-2021-ND:d98', '44-2025-ND:d33', '59-2020-QH14:d24', '89-2024-ND:d3', '59-2020-QH14:d93', '59-2020-QH14:d107', '01-2021-ND:d23', '59-2020-QH14:d199', '23-2022-ND:d11', '59-2020-QH14:d169', '47-2021-ND:d7']",0.0,1,0.3333,1,0.3333,1,0.3333,1,0.3333,1,0.3333,1,0.3333,1.0
43,"Loại 7: Thay đổi ĐKKD - Địa chỉ, tên, ngành nghề","cho e hỏi. công ty e mở bán thêm săm lốp, ắc quy, dầu nhớt thì mình đăng ký thêm mã ngành nào ạ?
cho e hỏi. công ty e mở bán thêm săm lốp, ắc quy, dầu nhớt thì mình đăng ký thêm mã ngành nào ạ?","['59-2020-QH14:d31', '59-2020-QH14:d7']",2,"Theo Điều 7 Luật Doanh nghiệp 2020, doanh nghiệp có quyền kinh doanh ngành, nghề mà luật không cấm. Điều 31 quy định doanh nghiệp phải thông báo thay đổi ngành nghề kinh doanh trong thời hạn 10 ngày kể từ ngày có thay đổi. Để bán săm lốp, ắc quy, dầu nhớt, công ty cần đăng ký bổ sung các mã ngành như: 4530 (Bán phụ tùng và các bộ phận phụ trợ của ô tô, xe máy), 4732 (Bán lẻ phụ tùng, bộ phận phụ trợ của ô tô), hoặc các mã ngành phù hợp theo hệ thống ngành kinh tế Việt Nam.","Điều 7 Luật Doanh nghiệp 2020
Điều 31 Luật Doanh nghiệp 2020",False,Không thể tạo câu trả lời.,"['168-2025-ND:d49', '01-2021-ND:d56', '168-2025-ND:d7', '01-2021-ND:d7', '59-2020-QH14:d30', '59-2020-QH14:d31', '59-2020-QH14:d28', '59-2020-QH14:d7', '59-2020-QH14:d55', '168-2024-ND-CP:d14', '168-2024-ND-CP:d32', '23-2022-ND:d13', '59-2020-QH14:d146', '100-2019-ND-CP:d30', '36-2024-QH15:d39', '59-2020-QH14:d26', '100-2019-ND-CP:d17', '168-2025-ND:d24', '89-2024-ND:d6', '01-2021-ND:d68', '100-2019-ND-CP:d16', '168-2024-ND-CP:d13', '36-2024-QH15:d38', '168-2025-ND:d72', '59-2020-QH14:d37', '36-2024-QH15:d37', '168-2025-ND:d29', '168-2024-ND-CP:d47', '01-2021-ND:d95', '01-2021-ND:d98']","['168-2025-ND:d49', '01-2021-ND:d56', '168-2025-ND:d7', '01-2021-ND:d7']","['01-2021-ND:d56', '168-2025-ND:d49', '59-2020-QH14:d30', '168-2025-ND:d7', '01-2021-ND:d7', '59-2020-QH14:d31', '59-2020-QH14:d28', '59-2020-QH14:d7', '59-2020-QH14:d55', '168-2024-ND-CP:d14', '168-2024-ND-CP:d32', '23-2022-ND:d13', '59-2020-QH14:d146', '100-2019-ND-CP:d30', '36-2024-QH15:d39', '59-2020-QH14:d26', '100-2019-ND-CP:d17', '168-2025-ND:d24', '89-2024-ND:d6', '01-2021-ND:d68', '100-2019-ND-CP:d16', '168-2024-ND-CP:d13', '36-2024-QH15:d38', '168-2025-ND:d72', '59-2020-QH14:d37', '36-2024-QH15:d37', '168-2025-ND:d29', '168-2024-ND-CP:d47', '01-2021-ND:d95', '01-2021-ND:d98']",0.0,0,0.0,0,0.0,0,0.0,1,1.0,1,1.0,1,1.0,0.1667
44,"Loại 6: Giải thể & Phá sản - Thủ tục, thanh toán nợ, tạm ngưng",Em làm tạm ngưng được Sở chấp nhận rồi mà tra trên web thuế thì vẫn đang hoạt động thì có cần làm thêm gì ko ạ,['59-2020-QH14:d206'],1,"Theo Điều 206 Luật Doanh nghiệp 2020, doanh nghiệp phải thông báo tạm ngừng kinh doanh cho Cơ quan đăng ký kinh doanh chậm nhất 03 ngày làm việc trước ngày tạm ngừng. Việc thông tin trên web thuế chưa cập nhật có thể do độ trễ đồng bộ dữ liệu giữa Sở KHĐT và Cơ quan thuế. Thông thường, sau khi Sở KHĐT cập nhật, thông tin sẽ được đồng bộ sang hệ thống thuế. Doanh nghiệp có thể liên hệ Chi cục Thuế quản lý để kiểm tra và xác nhận tình trạng tạm ngừng.",Điều 206 Luật Doanh nghiệp 2020,False,"Xin lỗi, em nên liên hệ trực tiếp với **Phòng Đăng ký kinh doanh** nơi em nộp thông báo tạm ngưng để làm rõ tình trạng này.

**Vấn đề em gặp phải có thể là do việc cập nhật thông tin chưa được đồng bộ giữa các hệ thống nhà nước.**

Theo quy định hiện hành, sau khi Sở chấp nhận thông báo tạm ngưng của em, Phòng Đăng ký kinh doanh **phải cập nhật thông tin vào Hệ thống thông tin quốc gia về đăng ký doanh nghiệp trong thời hạn 03 ngày làm việc**. Thông tin này sau đó được chia sẻ với các cơ quan khác, kể cả cơ quan thuế.

**Em nên:**

1. **Kiểm tra lại** - Liên hệ Phòng Đăng ký kinh doanh để xác nhận xem thông báo tạm ngưng của em đã được cập nhật vào hệ thống quốc gia chưa

2. **Nếu quá 3 ngày làm việc mà chưa cập nhật** - Yêu cầu Phòng Đăng ký kinh doanh cập nhật ngay lập tức

3. **Nếu đã cập nhật nhưng website thuế chưa phản ánh** - Liên hệ cơ quan thuế để kiểm tra độ trễ trong việc đồng bộ thông tin từ cơ sở dữ liệu quốc gia

**Căn cứ pháp lý:** Điều 78 Nghị định 168/2025/NĐ-CP (quy định cập nhật thông tin trong hệ thống quốc gia) và Điều 79 Nghị định 168/2025/NĐ-CP (nguyên tắc kết nối, chia sẻ thông tin).","['168-2025-ND:d60', '168-2025-ND:d71', '168-2025-ND:d78', '168-2025-ND:d79', '01-2021-ND:d66', '01-2021-ND:d68', '59-2020-QH14:d206', '59-2020-QH14:d208', '100-2019-ND-CP:d76', '36-2024-QH15:d20', '100-2019-ND-CP:d66', '36-2024-QH15:d61', '01-2021-ND:d29', '100-2019-ND-CP:d39', '168-2024-ND-CP:d29', '47-2021-ND:d8', '36-2024-QH15:d48', '168-2024-ND-CP:d5', '168-2024-ND-CP:d42', '01-2021-ND:d98', '23-2022-ND:d49', '168-2025-ND:d120', '59-2020-QH14:d137', '59-2020-QH14:d179', '47-2021-ND:d10', '23-2022-ND:d39', '36-2024-QH15:d44', '59-2020-QH14:d172', '59-2020-QH14:d161', '168-2025-ND:d104', '36-2024-QH15:d64', '01-2021-ND:d31']","['168-2025-ND:d60', '168-2025-ND:d71', '168-2025-ND:d78', '168-2025-ND:d79', '01-2021-ND:d66', '01-2021-ND:d68']","['01-2021-ND:d68', '168-2025-ND:d71', '59-2020-QH14:d206', '168-2025-ND:d78', '168-2025-ND:d79', '59-2020-QH14:d208', '100-2019-ND-CP:d76', '36-2024-QH15:d20', '100-2019-ND-CP:d66', '36-2024-QH15:d61', '01-2021-ND:d29', '100-2019-ND-CP:d39', '168-2024-ND-CP:d29', '47-2021-ND:d8', '36-2024-QH15:d48', '168-2024-ND-CP:d5', '168-2024-ND-CP:d42', '01-2021-ND:d98', '23-2022-ND:d49', '168-2025-ND:d120', '59-2020-QH14:d137', '59-2020-QH14:d179', '47-2021-ND:d10', '23-2022-ND:d39', '36-2024-QH15:d44', '59-2020-QH14:d172', '59-2020-QH14:d161', '168-2025-ND:d104', '36-2024-QH15:d64', '01-2021-ND:d31']",0.85,0,0.0,0,0.0,0,0.0,1,1.0,1,1.0,1,1.0,0.1429
46,"Loại 4: Người đại diện pháp luật - Điều kiện, thay đổi, trách nhiệm","Chào anh, chị!
E làm thay đổi người đại diện pháp luật cho CTY CP, thì doanh nghiệp có bắt buộc phải cập nhật liền các mã ngành bị tô xanh đỏ của mình không ạ? Và có phải khai mục chủ sở hữu hưởng lợi ko a","['59-2020-QH14:d12', '59-2020-QH14:d30']",2,"Theo Điều 12 và Điều 30 Luật Doanh nghiệp 2020, khi thay đổi người đại diện theo pháp luật, công ty cổ phần phải đăng ký thay đổi trong thời hạn 10 ngày kể từ ngày có thay đổi. Về mã ngành bị tô xanh đỏ: Luật Doanh nghiệp không bắt buộc phải cập nhật mã ngành khi chỉ thay đổi người đại diện pháp luật. Tuy nhiên, nếu hệ thống đăng ký yêu cầu cập nhật mã ngành theo Quyết định 27/2018/QĐ-TTg thì nên cập nhật để tránh bị từ chối hồ sơ. Về 'chủ sở hữu hưởng lợi': đây không phải quy định của Luật Doanh nghiệp mà thuộc Nghị định 116/2020/NĐ-CP.","Điều 12 Luật Doanh nghiệp 2020
Điều 30 Luật Doanh nghiệp 2020",False,Không thể tạo câu trả lời.,"['59-2020-QH14:d137', '59-2020-QH14:d162', '59-2020-QH14:d164', '168-2025-ND:d43', '168-2025-ND:d49', '168-2025-ND:d52', '59-2020-QH14:d30', '59-2020-QH14:d31', '59-2020-QH14:d12', '59-2020-QH14:d7', '168-2024-ND-CP:d14', '36-2024-QH15:d39', '59-2020-QH14:d25', '248-2025-ND:d3', '23-2022-ND:d12', '47-2021-ND:d33', '100-2019-ND-CP:d40', '59-2020-QH14:d210', '23-2022-ND:d8', '89-2024-ND:d6', '59-2020-QH14:d24', '248-2025-ND:d1', '248-2025-ND:d2', '168-2025-ND:d17', '59-2020-QH14:d64', '168-2025-ND:d74', '23-2022-ND:d15', '168-2025-ND:d84', '168-2024-ND-CP:d16', '16-2023-ND:d11']","['59-2020-QH14:d137', '59-2020-QH14:d162', '59-2020-QH14:d164', '168-2025-ND:d43', '168-2025-ND:d49', '168-2025-ND:d52']","['168-2025-ND:d43', '59-2020-QH14:d30', '59-2020-QH14:d137', '59-2020-QH14:d162', '59-2020-QH14:d164', '168-2025-ND:d49', '168-2025-ND:d52', '59-2020-QH14:d31', '59-2020-QH14:d12', '59-2020-QH14:d7', '168-2024-ND-CP:d14', '36-2024-QH15:d39', '59-2020-QH14:d25', '248-2025-ND:d3', '23-2022-ND:d12', '47-2021-ND:d33', '100-2019-ND-CP:d40', '59-2020-QH14:d210', '23-2022-ND:d8', '89-2024-ND:d6', '59-2020-QH14:d24', '248-2025-ND:d1', '248-2025-ND:d2', '168-2025-ND:d17', '59-2020-QH14:d64', '168-2025-ND:d74', '23-2022-ND:d15', '168-2025-ND:d84', '168-2024-ND-CP:d16', '16-2023-ND:d11']",0.0,0,0.0,0,0.0,0,0.0,1,1.0,1,1.0,1,1.0,0.1429
49,"Loại 7: Thay đổi ĐKKD - Địa chỉ, tên, ngành nghề","Anh/chị cho em hỏi, ban đầu em nộp hồ sơ thông báo thay đổi ngành nghề, sau đó chuyên viên trả lại với lý do công ty chưa cập nhật địa chỉ của ng đại diện theo pháp luật mà phần thông báo thay đổi lại không có mục này thì có cách nào bổ sung thông tin này không hay em phải làm hồ sơ mới ạ?","['59-2020-QH14:d30', '59-2020-QH14:d31']",2,"Theo Điều 30, 31 Luật Doanh nghiệp 2020, khi thông báo thay đổi ngành nghề kinh doanh, nếu cơ quan đăng ký yêu cầu cập nhật thông tin địa chỉ người đại diện theo pháp luật, doanh nghiệp có thể: 1) Nộp kèm thông báo thay đổi thông tin người đại diện theo pháp luật (Mẫu phụ lục II-1) cùng với hồ sơ thay đổi ngành nghề; hoặc 2) Nộp hồ sơ đăng ký thay đổi người đại diện theo pháp luật (cập nhật địa chỉ) trước, sau đó nộp hồ sơ thay đổi ngành nghề. Doanh nghiệp không cần làm lại toàn bộ hồ sơ mà chỉ cần bổ sung phần thông báo thay đổi địa chỉ NĐDPL.","Điều 30 Luật Doanh nghiệp 2020
Điều 31 Luật Doanh nghiệp 2020",False,"Căn cứ vào quy định của pháp luật, **bạn có thể bổ sung thông tin mà không cần phải nộp hồ sơ mới**.

Theo Điều 31 Luật Doanh nghiệp 2020, khi Cơ quan đăng ký kinh doanh xem xét hồ sơ và phát hiện chưa hợp lệ, cơ quan này phải thông báo bằng văn bản nội dung cần sửa đổi, bổ sung cho doanh nghiệp. Bạn được quyền bổ sung các thông tin còn thiếu trong hồ sơ đã nộp.

**Cách xử lý cụ thể:**

Bạn nên quay lại Phòng Đăng ký kinh doanh nơi đã tiếp nhận hồ sơ thông báo thay đổi ngành nghề của bạn, nộp bổ sung **địa chỉ mới của người đại diện theo pháp luật** (hiện đang hoàn thiện trong hồ sơ của công ty). Khi bổ sung, bạn có thể:

1. Ghi rõ đây là bổ sung thông tin cho hồ sơ thông báo thay đổi ngành nghề đã nộp trước đó
2. Cung cấp tài liệu chứng thực địa chỉ mới của người đại diện theo pháp luật (như giấy tờ pháp lý cá nhân, bằng cấp hay tài liệu khác có ghi địa chỉ)

Lưu ý: Địa chỉ của người đại diện theo pháp luật là nội dung của Giấy chứng nhận đăng ký doanh nghiệp, nên khi thay đổi thông tin này, bạn hoàn toàn có thể bổ sung vào hồ sơ đang chờ xử lý.

Căn cứ pháp lý: Điều 31 Luật Doanh nghiệp 2020; Điều 28 Luật Doanh nghiệp 2020","['01-2021-ND:d56', '01-2021-ND:d63', '168-2025-ND:d57', '168-2025-ND:d43', '168-2025-ND:d49', '59-2020-QH14:d31', '59-2020-QH14:d30', '59-2020-QH14:d7', '59-2020-QH14:d28', '36-2024-QH15:d39', '59-2020-QH14:d44', '100-2019-ND-CP:d2', '168-2024-ND-CP:d14', '89-2024-ND:d6', '59-2020-QH14:d210', '36-2024-QH15:d55', '01-2021-ND:d89', '168-2025-ND:d47', '59-2020-QH14:d55', '01-2021-ND:d37', '168-2025-ND:d3', '01-2021-ND:d31', '168-2024-ND-CP:d2', '100-2019-ND-CP:d77', '23-2022-ND:d13', '168-2024-ND-CP:d20', '168-2025-ND:d120', '168-2024-ND-CP:d32', '100-2019-ND-CP:d23', '100-2019-ND-CP:d16']","['01-2021-ND:d56', '01-2021-ND:d63', '168-2025-ND:d57', '168-2025-ND:d43', '168-2025-ND:d49']","['168-2025-ND:d43', '59-2020-QH14:d31', '59-2020-QH14:d30', '01-2021-ND:d56', '01-2021-ND:d63', '168-2025-ND:d57', '168-2025-ND:d49', '59-2020-QH14:d7', '59-2020-QH14:d28', '36-2024-QH15:d39', '59-2020-QH14:d44', '100-2019-ND-CP:d2', '168-2024-ND-CP:d14', '89-2024-ND:d6', '59-2020-QH14:d210', '36-2024-QH15:d55', '01-2021-ND:d89', '168-2025-ND:d47', '59-2020-QH14:d55', '01-2021-ND:d37', '168-2025-ND:d3', '01-2021-ND:d31', '168-2024-ND-CP:d2', '100-2019-ND-CP:d77', '23-2022-ND:d13', '168-2024-ND-CP:d20', '168-2025-ND:d120', '168-2024-ND-CP:d32', '100-2019-ND-CP:d23', '100-2019-ND-CP:d16']",0.85,0,0.0,0,0.0,0,0.0,1,1.0,1,1.0,1,1.0,0.1667
54,"Loại 7: Thay đổi ĐKKD - Địa chỉ, tên, ngành nghề","A/c cho e hỏi, muốn xóa thông tin kế toán trưởng trên hệ thống đăng ký kinh doanh, mà hệ thống bắt buộc ghi thông tin kế toán trưởng mới cho nộp hồ sơ thì phải làm sao khi công ty không có kế toán trưởng",['59-2020-QH14:d30'],1,"Theo Điều 30 Luật Doanh nghiệp 2020, doanh nghiệp phải thông báo đến cơ quan đăng ký kinh doanh khi có thay đổi nội dung đăng ký doanh nghiệp. Thông tin kế toán trưởng/người phụ trách kế toán là thông tin thông báo (không phải nội dung đăng ký bắt buộc). Công ty có thể thuê dịch vụ kế toán hoặc bố trí người phụ trách kế toán thay vì kế toán trưởng. Khi muốn xóa thông tin này, cần nộp thông báo thay đổi nội dung đăng ký doanh nghiệp ghi rõ việc không còn kế toán trưởng.",Điều 30 Luật Doanh nghiệp 2020,False,Không thể tạo câu trả lời.,"['59-2020-QH14:d110', '59-2020-QH14:d102', '01-2021-ND:d63', '168-2025-ND:d57', '59-2020-QH14:d37', '59-2020-QH14:d31', '59-2020-QH14:d30', '89-2024-ND:d6', '36-2024-QH15:d37', '01-2021-ND:d68', '168-2025-ND:d72', '168-2024-ND-CP:d14', '59-2020-QH14:d55', '168-2025-ND:d3', '01-2021-ND:d46', '100-2019-ND-CP:d16', '59-2020-QH14:d4', '01-2021-ND:d37', '168-2025-ND:d110', '44-2025-ND:d2', '168-2025-ND:d47', '168-2025-ND:d22', '01-2021-ND:d2', '01-2021-ND:d82', '168-2024-ND-CP:d32', '168-2024-ND-CP:d13', '23-2022-ND:d13', '59-2020-QH14:d146', '168-2024-ND-CP:d20', '168-2024-ND-CP:d39']","['59-2020-QH14:d110', '59-2020-QH14:d102', '01-2021-ND:d63', '168-2025-ND:d57']","['59-2020-QH14:d37', '59-2020-QH14:d110', '59-2020-QH14:d102', '01-2021-ND:d63', '168-2025-ND:d57', '59-2020-QH14:d31', '59-2020-QH14:d30', '89-2024-ND:d6', '36-2024-QH15:d37', '01-2021-ND:d68', '168-2025-ND:d72', '168-2024-ND-CP:d14', '59-2020-QH14:d55', '168-2025-ND:d3', '01-2021-ND:d46', '100-2019-ND-CP:d16', '59-2020-QH14:d4', '01-2021-ND:d37', '168-2025-ND:d110', '44-2025-ND:d2', '168-2025-ND:d47', '168-2025-ND:d22', '01-2021-ND:d2', '01-2021-ND:d82', '168-2024-ND-CP:d32', '168-2024-ND-CP:d13', '23-2022-ND:d13', '59-2020-QH14:d146', '168-2024-ND-CP:d20', '168-2024-ND-CP:d39']",0.0,0,0.0,0,0.0,0,0.0,1,1.0,1,1.0,1,1.0,0.1429
55,"Loại 1: Thành lập doanh nghiệp - Thủ tục, điều kiện, hồ sơ thành lập","Dạ anh chị cho em hỏi về vấn đề từ ngày 1/1/2026 phải ký số HS đăng ký DN bằng CKS cá nhân phải không ạ?
Dạ anh chị cho em hỏi về vấn đề từ ngày 1/1/2026 phải ký số HS đăng ký DN bằng CKS cá nhân phải không ạ?",['59-2020-QH14:d27'],1,"Theo Điều 27 Luật Doanh nghiệp 2020, hồ sơ đăng ký doanh nghiệp được nộp qua mạng điện tử phải có chữ ký số hoặc chữ ký điện tử của người có thẩm quyền ký. Việc sử dụng chữ ký số cá nhân thay vì chữ ký số tổ chức phụ thuộc vào quy định cụ thể của Nghị định hướng dẫn. Theo Nghị định 168/2024/NĐ-CP, từ ngày 1/1/2026, người ký hồ sơ đăng ký doanh nghiệp phải sử dụng chữ ký số cá nhân của mình để ký thay cho việc sử dụng tài khoản đăng ký kinh doanh.",Điều 27 Luật Doanh nghiệp 2020,False,Không thể tạo câu trả lời.,"['168-2025-ND:d37', '168-2025-ND:d38', '01-2021-ND:d44', '01-2021-ND:d46', '36-2024-QH15:d25', '36-2024-QH15:d28', '36-2024-QH15:d31', '36-2024-QH15:d33', '36-2024-QH15:d36', '36-2024-QH15:d40', '36-2024-QH15:d42', '36-2024-QH15:d49', '36-2024-QH15:d54', '36-2024-QH15:d56', '36-2024-QH15:d60', '36-2024-QH15:d62', '36-2024-QH15:d65', '36-2024-QH15:d67', '36-2024-QH15:d70', '36-2024-QH15:d73', '36-2024-QH15:d81', '36-2024-QH15:d83', '36-2024-QH15:d84', '36-2024-QH15:d86', '59-2020-QH14:d4', '59-2020-QH14:d27', '89-2024-ND:d6', '168-2024-ND-CP:d2', '59-2020-QH14:d146', '59-2020-QH14:d26']","['168-2025-ND:d37', '168-2025-ND:d38', '01-2021-ND:d44', '01-2021-ND:d46']","['36-2024-QH15:d25', '36-2024-QH15:d28', '36-2024-QH15:d31', '36-2024-QH15:d33', '36-2024-QH15:d36', '36-2024-QH15:d40', '36-2024-QH15:d42', '36-2024-QH15:d49', '36-2024-QH15:d54', '36-2024-QH15:d56', '36-2024-QH15:d60', '36-2024-QH15:d62', '36-2024-QH15:d65', '36-2024-QH15:d67', '36-2024-QH15:d70', '36-2024-QH15:d73', '36-2024-QH15:d81', '36-2024-QH15:d83', '36-2024-QH15:d84', '36-2024-QH15:d86', '01-2021-ND:d46', '59-2020-QH14:d4', '168-2025-ND:d37', '168-2025-ND:d38', '01-2021-ND:d44', '59-2020-QH14:d27', '89-2024-ND:d6', '168-2024-ND-CP:d2', '59-2020-QH14:d146', '59-2020-QH14:d26']",0.0,0,0.0,0,0.0,0,0.0,0,0.0,0,0.0,1,1.0,0.0385
56,"Loại 6: Giải thể & Phá sản - Thủ tục, thanh toán nợ, tạm ngưng",Anh chị có kinh nghiệm cho em hỏi: Hồ sơ tạm ngưng của em đã được chấp thuận từ 25/12 đến nay vô xem vẫn chưa đc trả kqua giấy xác nhận luôn (ko có bản demo gì luôn). Trong khi các cty em nộp sau đã có kết quả pdf mộc đỏ hết rồi. Trường hợp này mình phải tự liên hệ với Sở để lấy bản giấy hay họ tự gửi về ạ. E làm ở HCM,['59-2020-QH14:d206'],1,"Theo Điều 206 Luật Doanh nghiệp 2020, trong thời hạn 3 ngày làm việc kể từ ngày nhận được hồ sơ hợp lệ, Cơ quan đăng ký kinh doanh cấp Giấy xác nhận về việc doanh nghiệp đăng ký tạm ngừng kinh doanh. Nếu hồ sơ đã được chấp thuận nhưng chưa nhận được kết quả, doanh nghiệp có thể liên hệ trực tiếp với Sở Kế hoạch và Đầu tư hoặc tra cứu trên Cổng thông tin quốc gia về đăng ký doanh nghiệp để tải giấy xác nhận điện tử.",Điều 206 Luật Doanh nghiệp 2020,False,Không thể tạo câu trả lời.,"['168-2025-ND:d71', '168-2025-ND:d21', '59-2020-QH14:d41', '59-2020-QH14:d44', '59-2020-QH14:d46', '59-2020-QH14:d49', '59-2020-QH14:d51', '59-2020-QH14:d53', '59-2020-QH14:d55', '59-2020-QH14:d57', '59-2020-QH14:d62', '59-2020-QH14:d64', '59-2020-QH14:d66', '59-2020-QH14:d67', '59-2020-QH14:d69', '59-2020-QH14:d70', '59-2020-QH14:d73', '59-2020-QH14:d79', '59-2020-QH14:d81', '59-2020-QH14:d90', '59-2020-QH14:d92', '59-2020-QH14:d103', '59-2020-QH14:d105', '59-2020-QH14:d185', '59-2020-QH14:d187', '59-2020-QH14:d209', '59-2020-QH14:d212', '59-2020-QH14:d214', '59-2020-QH14:d216', '01-2021-ND:d68']","['168-2025-ND:d71', '168-2025-ND:d21']","['59-2020-QH14:d41', '59-2020-QH14:d44', '59-2020-QH14:d46', '59-2020-QH14:d49', '59-2020-QH14:d51', '59-2020-QH14:d53', '59-2020-QH14:d55', '59-2020-QH14:d57', '59-2020-QH14:d62', '59-2020-QH14:d64', '59-2020-QH14:d66', '59-2020-QH14:d67', '59-2020-QH14:d69', '59-2020-QH14:d70', '59-2020-QH14:d73', '59-2020-QH14:d79', '59-2020-QH14:d81', '59-2020-QH14:d90', '59-2020-QH14:d92', '59-2020-QH14:d103', '59-2020-QH14:d105', '59-2020-QH14:d185', '59-2020-QH14:d187', '59-2020-QH14:d209', '59-2020-QH14:d212', '59-2020-QH14:d214', '59-2020-QH14:d216', '168-2025-ND:d71', '168-2025-ND:d21', '01-2021-ND:d68']",0.0,0,0.0,0,0.0,0,0.0,0,0.0,0,0.0,0,0.0,0.0
59,"Loại 7: Thay đổi ĐKKD - Địa chỉ, tên, ngành nghề","Mọi người ơi cho mình hỏi, cty mình muốn đổi địa chỉ mới nhưng địa chỉ đó không có số nhà, mình có xin giấy xác nhận của ủy ban thì họ có trả giấy xác nhận là đất trồng cây lâu năm thì cty mình làm hồ sơ thay đổi địa chỉ trụ sở chính trên thửa đất đó được không nhỉ",['59-2020-QH14:d31'],1,"Theo Điều 31 Luật Doanh nghiệp 2020, trụ sở chính của doanh nghiệp phải đặt trên lãnh thổ Việt Nam, là địa chỉ liên lạc của doanh nghiệp và được xác định theo địa giới hành chính. Việc đặt trụ sở trên đất trồng cây lâu năm có thể gặp vấn đề về mục đích sử dụng đất theo quy định pháp luật đất đai. Doanh nghiệp cần xem xét quy hoạch sử dụng đất và có thể cần xin chuyển đổi mục đích sử dụng đất hoặc tìm địa chỉ khác phù hợp.",Điều 31 Luật Doanh nghiệp 2020,False,Không thể tạo câu trả lời.,"['59-2020-QH14:d30', '59-2020-QH14:d42', '168-2025-ND:d24', '168-2025-ND:d40', '168-2025-ND:d43', '01-2021-ND:d63', '168-2025-ND:d49', '168-2025-ND:d57', '01-2021-ND:d56', '36-2024-QH15:d39', '100-2019-ND-CP:d42', '100-2019-ND-CP:d23', '168-2025-ND:d47', '168-2025-ND:d71', '59-2020-QH14:d137', '01-2021-ND:d68', '01-2021-ND:d29', '01-2021-ND:d60', '59-2020-QH14:d153', '59-2020-QH14:d149', '168-2025-ND:d87', '01-2021-ND:d61', '168-2025-ND:d116', '36-2024-QH15:d30', '100-2019-ND-CP:d51', '168-2024-ND-CP:d27', '168-2024-ND-CP:d15', '168-2024-ND-CP:d20', '100-2019-ND-CP:d48', '168-2024-ND-CP:d14']","['59-2020-QH14:d30', '59-2020-QH14:d42', '168-2025-ND:d24', '168-2025-ND:d40']","['59-2020-QH14:d30', '168-2025-ND:d24', '168-2025-ND:d43', '59-2020-QH14:d42', '168-2025-ND:d40', '01-2021-ND:d63', '168-2025-ND:d49', '168-2025-ND:d57', '01-2021-ND:d56', '36-2024-QH15:d39', '100-2019-ND-CP:d42', '100-2019-ND-CP:d23', '168-2025-ND:d47', '168-2025-ND:d71', '59-2020-QH14:d137', '01-2021-ND:d68', '01-2021-ND:d29', '01-2021-ND:d60', '59-2020-QH14:d153', '59-2020-QH14:d149', '168-2025-ND:d87', '01-2021-ND:d61', '168-2025-ND:d116', '36-2024-QH15:d30', '100-2019-ND-CP:d51', '168-2024-ND-CP:d27', '168-2024-ND-CP:d15', '168-2024-ND-CP:d20', '100-2019-ND-CP:d48', '168-2024-ND-CP:d14']",0.0,0,0.0,0,0.0,0,0.0,0,0.0,0,0.0,0,0.0,0.0
60,"Loại 2: Loại hình doanh nghiệp - TNHH, Cổ phần, Hợp danh, DNTN","Cho em hỏi chuyển đổi từ công ty CP sang cty TNHH 2 Tv thủ tục v đủ chưa anh chị, hic em cảm ơn ạ
· 01. MẪU 03
· 02. QUYẾT ĐỊNH ĐẠI HỘI ĐỒNG CỔ ĐÔNG
· 03. BB HỌP ĐẠI HỘI ĐỒNG CỔ ĐÔNG
· 04. HĐ CHUYỂN NHƯỢNG CỔ PHẦN
· 05. GIẤY ỦY QUYỀN
· 06. MẪU SỐ 06
· 07. MẪU SỐ 10",['59-2020-QH14:d203'],1,"Theo Điều 203 Luật Doanh nghiệp 2020, công ty cổ phần có thể chuyển đổi thành công ty TNHH hai thành viên trở lên. Hồ sơ chuyển đổi bao gồm: Giấy đề nghị đăng ký doanh nghiệp, Quyết định của Đại hội đồng cổ đông về việc chuyển đổi, Biên bản họp Đại hội đồng cổ đông, Điều lệ công ty chuyển đổi, Danh sách thành viên. Hợp đồng chuyển nhượng cổ phần cần thiết nếu có chuyển nhượng, và các giấy tờ chứng thực cá nhân của thành viên mới (nếu có).",Điều 203 Luật Doanh nghiệp 2020,False,Không thể tạo câu trả lời.,"['59-2020-QH14:d46', '59-2020-QH14:d47', '59-2020-QH14:d87', '59-2020-QH14:d120', '59-2020-QH14:d138', '59-2020-QH14:d147', '59-2020-QH14:d204', '168-2025-ND:d37', '59-2020-QH14:d26', '59-2020-QH14:d27', '01-2021-ND:d44', '59-2020-QH14:d55', '59-2020-QH14:d37', '59-2020-QH14:d12', '01-2021-ND:d61', '01-2021-ND:d53', '59-2020-QH14:d174', '47-2021-ND:d20', '23-2022-ND:d13', '59-2020-QH14:d123', '36-2024-QH15:d37', '59-2020-QH14:d114', '59-2020-QH14:d110', '59-2020-QH14:d25', '168-2025-ND:d29', '168-2025-ND:d24', '59-2020-QH14:d24', '47-2021-ND:d2', '59-2020-QH14:d133', '59-2020-QH14:d22', '23-2022-ND:d43']","['59-2020-QH14:d46', '59-2020-QH14:d47', '59-2020-QH14:d87', '59-2020-QH14:d120', '59-2020-QH14:d138', '59-2020-QH14:d147', '59-2020-QH14:d204']","['59-2020-QH14:d46', '59-2020-QH14:d47', '59-2020-QH14:d87', '59-2020-QH14:d120', '59-2020-QH14:d138', '59-2020-QH14:d147', '168-2025-ND:d37', '59-2020-QH14:d26', '59-2020-QH14:d27', '01-2021-ND:d44', '59-2020-QH14:d55', '59-2020-QH14:d37', '59-2020-QH14:d12', '01-2021-ND:d61', '01-2021-ND:d53', '59-2020-QH14:d174', '47-2021-ND:d20', '23-2022-ND:d13', '59-2020-QH14:d123', '36-2024-QH15:d37', '59-2020-QH14:d114', '59-2020-QH14:d110', '59-2020-QH14:d25', '168-2025-ND:d29', '168-2025-ND:d24', '59-2020-QH14:d24', '47-2021-ND:d2', '59-2020-QH14:d133', '59-2020-QH14:d22', '23-2022-ND:d43']",0.0,0,0.0,0,0.0,0,0.0,0,0.0,0,0.0,0,0.0,0.0
62,"Loại 7: Thay đổi ĐKKD - Địa chỉ, tên, ngành nghề","Các anh chị cho em hỏi với ạ.
Em làm hồ sơ đổi địa chỉ cho DN theo địa chỉ sau sát nhập thì có phải tích vào phần Cập nhật địa chỉ nhân thông báo thuế luôn ko ạ? Và có phải nộp bổ sung danh sách CSH hưởng lợi ko ạ?
Em cảm ơn ạ.",['59-2020-QH14:d31'],1,"Theo Điều 31 Luật Doanh nghiệp 2020, khi thay đổi địa chỉ trụ sở chính do sáp nhập địa giới hành chính, doanh nghiệp phải đăng ký thay đổi nội dung đăng ký doanh nghiệp. Về việc cập nhật địa chỉ nhận thông báo thuế, nên tích chọn để đảm bảo thông tin thống nhất. Về danh sách chủ sở hữu hưởng lợi, đây là quy định của Nghị định 116/2020/NĐ-CP về phòng chống rửa tiền, không nằm trong Luật Doanh nghiệp 2020.",Điều 31 Luật Doanh nghiệp 2020,False,"# Tư Vấn Pháp Luật

Xin chào anh chị, tôi sẽ tư vấn cho bạn về hai câu hỏi này.

## 1. Về việc tích vào phần ""Cập nhật địa chỉ nhân thông báo thuế""

**Câu trả lời: CÓ, bạn phải cập nhật thông báo thuế.**

Căn cứ vào Điều 40 Nghị định 168/2025/NĐ, khi doanh nghiệp thay đổi địa chỉ trụ sở chính dẫn đến thay đổi cơ quan thuế quản lý (do sáp nhập chuyển đến địa chỉ mới thuộc quận/huyện/tỉnh khác), doanh nghiệp **phải thực hiện các thủ tục với cơ quan thuế liên quan đến việc chuyển địa điểm** trước khi đăng ký thay đổi với cơ quan đăng ký kinh doanh.

Đồng thời, theo Điều 53 Nghị định 168/2025/NĐ, khi thay đổi nội dung đăng ký thuế, doanh nghiệp phải gửi thông báo thay đổi nội dung đăng ký doanh nghiệp đến cơ quan đăng ký kinh doanh cấp tỉnh.

## 2. Về việc nộp bổ sung danh sách chủ sở hữu hưởng lợi

**Câu trả lời: TUỲ THUỘC vào việc chủ sở hữu hưởng lợi có thay đổi hay không.**

Căn cứ vào Điều 52 Nghị định 168/2025/NĐ, doanh nghiệp **chỉ phải thông báo thay đổi danh sách chủ sở hữu hưởng lợi khi có sự thay đổi thông tin hoặc tỷ lệ sở hữu** của các chủ sở hữu hưởng lợi trong vòng 10 ngày.

Nếu sáp nhập của bạn chỉ làm thay đổi địa chỉ mà **chủ sở hữu hưởng lợi vẫn giữ nguyên**, thì **không cần phải nộp bổ sung**. Tuy nhiên, nếu quá trình sáp nhập gây ra thay đổi về chủ sở hữu hoặc tỷ lệ sở hữu, thì bạn cần phải thông báo danh sách chủ sở hữu hưởng lợi mới.

---

**Căn cứ pháp lý:** Điều 40, Điều 52 và Điều 53 Nghị định 168/2025/NĐ","['168-2025-ND:d40', '168-2025-ND:d53', '168-2025-ND:d52', '168-2025-ND:d57', '01-2021-ND:d47', '01-2021-ND:d59', '01-2021-ND:d61', '59-2020-QH14:d30', '59-2020-QH14:d31', '59-2020-QH14:d12', '59-2020-QH14:d42', '36-2024-QH15:d39', '168-2025-ND:d47', '59-2020-QH14:d206', '168-2025-ND:d24', '36-2024-QH15:d55', '100-2019-ND-CP:d48', '168-2024-ND-CP:d40', '100-2019-ND-CP:d50', '59-2020-QH14:d22', '01-2021-ND:d12', '01-2021-ND:d29', '01-2021-ND:d89', '01-2021-ND:d45', '100-2019-ND-CP:d61', '168-2024-ND-CP:d23', '168-2024-ND-CP:d51', '59-2020-QH14:d4', '168-2024-ND-CP:d50', '100-2019-ND-CP:d15']","['168-2025-ND:d40', '168-2025-ND:d53', '168-2025-ND:d52', '168-2025-ND:d57', '01-2021-ND:d47', '01-2021-ND:d59', '01-2021-ND:d61']","['59-2020-QH14:d30', '168-2025-ND:d40', '168-2025-ND:d53', '168-2025-ND:d52', '168-2025-ND:d57', '01-2021-ND:d47', '01-2021-ND:d59', '01-2021-ND:d61', '59-2020-QH14:d31', '59-2020-QH14:d12', '59-2020-QH14:d42', '36-2024-QH15:d39', '168-2025-ND:d47', '59-2020-QH14:d206', '168-2025-ND:d24', '36-2024-QH15:d55', '100-2019-ND-CP:d48', '168-2024-ND-CP:d40', '100-2019-ND-CP:d50', '59-2020-QH14:d22', '01-2021-ND:d12', '01-2021-ND:d29', '01-2021-ND:d89', '01-2021-ND:d45', '100-2019-ND-CP:d61', '168-2024-ND-CP:d23', '168-2024-ND-CP:d51', '59-2020-QH14:d4', '168-2024-ND-CP:d50', '100-2019-ND-CP:d15']",0.85,0,0.0,0,0.0,0,0.0,1,1.0,1,1.0,1,1.0,0.1111
64,"Loại 7: Thay đổi ĐKKD - Địa chỉ, tên, ngành nghề","Dạ anh, chị cho cho em hỏi 1 vấn đề là em làm chấm dứt chi nhánh của công ty mà đăng ký kinh doanh của chi nhánh chưa cập nhật CMND của người đứng đầu lên CCCD thì có phải cập nhật lên trước không ạ. Em cảm ơn ạ","['59-2020-QH14:d30', '59-2020-QH14:d31', '59-2020-QH14:d45']",3,"Theo Điều 45 Luật Doanh nghiệp 2020 về chấm dứt hoạt động chi nhánh, việc chấm dứt không yêu cầu bắt buộc phải cập nhật thông tin CCCD của người đứng đầu trước. Tuy nhiên, thực tế một số Sở có thể yêu cầu hồ sơ có thông tin cập nhật. Theo Điều 30, 31, doanh nghiệp có trách nhiệm cập nhật thông tin khi có thay đổi. Nên kiểm tra yêu cầu cụ thể của Sở KHĐT tại địa phương.","Điều 30 Luật Doanh nghiệp 2020
Điều 31 Luật Doanh nghiệp 2020
Điều 45 Luật Doanh nghiệp 2020",False,"Dạ, em cho em trả lời vấn đề này:

Về cơ bản, **không bắt buộc phải cập nhật CMND sang CCCD riêng biệt trước khi chấm dứt chi nhánh**, nhưng cần lưu ý một số điểm quan trọng:

**1. Về nghĩa vụ cập nhật thông tin:**
Căn cứ vào Điều 63 Nghị định 01/2021/ND, doanh nghiệp có trách nhiệm thực hiện việc cập nhật, bổ sung thông tin trong Giấy chứng nhận đăng ký, bao gồm thông tin cá nhân của người đứng đầu chi nhánh. Tuy nhiên, pháp luật không quy định phải cập nhật **riêng** trước khi chấm dứt.

**2. Về thủ tục chấm dứt chi nhánh:**
Căn cứ vào Điều 72 Nghị định 01/2021/ND, trước khi thông báo chấm dứt hoạt động chi nhánh, doanh nghiệp chỉ cần:
- Đăng ký với Cơ quan thuế để hoàn thành nghĩa vụ nộp thuế
- Trong vòng 10 ngày, gửi Thông báo về việc chấm dứt hoạt động

**3. Giải pháp thực tế:**
Em có thể **cập nhật thông tin CMND → CCCD và chấm dứt chi nhánh cùng lúc** trong cùng một đợt nộp hồ sơ tại Cơ quan đăng ký kinh doanh. Điều này không chỉ đơn giản hơn mà còn đảm bảo hồ sơ luôn chính xác, kịp thời.

**Căn cứ pháp lý:**
- Điều 63 Nghị định 01/2021/ND (về cập nhật thông tin đăng ký)
- Điều 72 Nghị định 01/2021/ND (về thủ tục chấm dứt chi nhánh)","['59-2020-QH14:d213', '01-2021-ND:d62', '01-2021-ND:d63', '01-2021-ND:d68', '01-2021-ND:d72', '168-2025-ND:d57', '168-2025-ND:d66', '59-2020-QH14:d217', '59-2020-QH14:d47', '59-2020-QH14:d17', '89-2024-ND:d6', '168-2025-ND:d110', '59-2020-QH14:d44', '168-2025-ND:d72', '59-2020-QH14:d55', '01-2021-ND:d46', '100-2019-ND-CP:d71', '168-2025-ND:d22', '01-2021-ND:d2', '01-2021-ND:d82', '59-2020-QH14:d99', '23-2022-ND:d13', '168-2024-ND-CP:d2', '168-2025-ND:d11', '59-2020-QH14:d4', '168-2024-ND-CP:d13', '23-2022-ND:d8', '100-2019-ND-CP:d4', '168-2024-ND-CP:d14', '59-2020-QH14:d146', '59-2020-QH14:d26']","['59-2020-QH14:d213', '01-2021-ND:d62', '01-2021-ND:d63', '01-2021-ND:d68', '01-2021-ND:d72', '168-2025-ND:d57', '168-2025-ND:d66']","['01-2021-ND:d68', '59-2020-QH14:d213', '01-2021-ND:d62', '01-2021-ND:d63', '168-2025-ND:d57', '168-2025-ND:d66', '59-2020-QH14:d217', '59-2020-QH14:d47', '59-2020-QH14:d17', '89-2024-ND:d6', '168-2025-ND:d110', '59-2020-QH14:d44', '168-2025-ND:d72', '59-2020-QH14:d55', '01-2021-ND:d46', '100-2019-ND-CP:d71', '168-2025-ND:d22', '01-2021-ND:d2', '01-2021-ND:d82', '59-2020-QH14:d99', '23-2022-ND:d13', '168-2024-ND-CP:d2', '168-2025-ND:d11', '59-2020-QH14:d4', '168-2024-ND-CP:d13', '23-2022-ND:d8', '100-2019-ND-CP:d4', '168-2024-ND-CP:d14', '59-2020-QH14:d146', '59-2020-QH14:d26']",0.85,0,0.0,0,0.0,0,0.0,0,0.0,0,0.0,0,0.0,0.0
65,"Loại 6: Giải thể & Phá sản - Thủ tục, thanh toán nợ, tạm ngưng",Hồ sơ tạm ngừng của em trạng thái đang treo thì phải xử lý như nào để hết treo vậy ạ,['59-2020-QH14:d206'],1,"Theo Điều 206 Luật Doanh nghiệp 2020, hồ sơ tạm ngừng kinh doanh được xử lý trong vòng 3 ngày làm việc. Nếu hồ sơ bị 'treo' (chưa được xử lý), có thể do: hồ sơ chưa đầy đủ/hợp lệ, chờ bổ sung thông tin, hoặc do lỗi hệ thống. Doanh nghiệp nên: (1) Kiểm tra trạng thái chi tiết trên hệ thống, (2) Liên hệ hotline hoặc chuyên viên xử lý hồ sơ tại Sở KHĐT, (3) Nộp lại hồ sơ mới nếu cần thiết.",Điều 206 Luật Doanh nghiệp 2020,False,Không thể tạo câu trả lời.,"['59-2020-QH14:d206', '01-2021-ND:d66', '01-2021-ND:d69', '168-2025-ND:d60', '168-2025-ND:d47', '100-2019-ND-CP:d48', '168-2025-ND:d24', '168-2024-ND-CP:d40', '01-2021-ND:d45', '01-2021-ND:d29', '168-2024-ND-CP:d23', '01-2021-ND:d12', '36-2024-QH15:d65', '168-2024-ND-CP:d3', '100-2019-ND-CP:d50', '100-2019-ND-CP:d55', '36-2024-QH15:d39', '100-2019-ND-CP:d56', '168-2024-ND-CP:d47', '59-2020-QH14:d26', '59-2020-QH14:d193', '100-2019-ND-CP:d61', '36-2024-QH15:d67', '168-2025-ND:d43', '100-2019-ND-CP:d73', '59-2020-QH14:d27', '36-2024-QH15:d72', '168-2024-ND-CP:d50', '01-2021-ND:d91', '01-2021-ND:d37', '36-2024-QH15:d3']","['59-2020-QH14:d206', '01-2021-ND:d66', '01-2021-ND:d69', '168-2025-ND:d60']","['59-2020-QH14:d206', '01-2021-ND:d66', '168-2025-ND:d60', '168-2025-ND:d47', '100-2019-ND-CP:d48', '168-2025-ND:d24', '168-2024-ND-CP:d40', '01-2021-ND:d45', '01-2021-ND:d29', '168-2024-ND-CP:d23', '01-2021-ND:d12', '36-2024-QH15:d65', '168-2024-ND-CP:d3', '100-2019-ND-CP:d50', '100-2019-ND-CP:d55', '36-2024-QH15:d39', '100-2019-ND-CP:d56', '168-2024-ND-CP:d47', '59-2020-QH14:d26', '59-2020-QH14:d193', '100-2019-ND-CP:d61', '36-2024-QH15:d67', '168-2025-ND:d43', '100-2019-ND-CP:d73', '59-2020-QH14:d27', '36-2024-QH15:d72', '168-2024-ND-CP:d50', '01-2021-ND:d91', '01-2021-ND:d37', '36-2024-QH15:d3']",0.0,1,1.0,1,1.0,1,1.0,1,1.0,1,1.0,1,1.0,1.0
66,"Loại 6: Giải thể & Phá sản - Thủ tục, thanh toán nợ, tạm ngưng","Hi các anh chị,
Em đã đăng ký tạm ngừng hoạt động được rồi
Nhưng em chưa thể nhận kết quả bản điện tử qua email được
Các anh chị đã nhận bản điện tử rồi cho em xin hướng dẫn với ạ
Em cảm ơn nhà mình nhiều",['59-2020-QH14:d206'],1,"Theo Điều 206 Luật Doanh nghiệp 2020, sau khi được chấp thuận tạm ngừng kinh doanh, Cơ quan đăng ký kinh doanh cấp Giấy xác nhận. Kết quả điện tử thường được gửi qua email đăng ký hoặc có thể tải trực tiếp từ Cổng thông tin quốc gia về đăng ký doanh nghiệp (dangkykinhdoanh.gov.vn) bằng cách đăng nhập tài khoản và vào mục 'Tra cứu kết quả' hoặc 'Hồ sơ của tôi'.",Điều 206 Luật Doanh nghiệp 2020,False,"Xin chào em,

Dựa trên quy định của pháp luật, em có thể thực hiện các bước sau để nhận bản điện tử của Giấy xác nhận thông báo tạm ngừng hoạt động:

**1. Kiểm tra hộp thư email và thư rác (spam folder)**

Trước tiên, em nên kiểm tra cả hộp thư chính và thư mục thư rác (spam) vì đôi khi email từ cơ quan có thể bị lọc vào đây.

**2. Xác nhận địa chỉ email trong tài khoản đăng ký**

Căn cứ vào **Điều 37 và Điều 45 Nghị định 168/2025**, khi em sử dụng Tài khoản đăng ký kinh doanh để thực hiện thủ tục tạm ngừng hoạt động qua Cổng thông tin quốc gia về đăng ký doanh nghiệp, em cần đảm bảo rằng địa chỉ email trong tài khoản của em là chính xác và được xác minh.

**3. Liên hệ Phòng Đăng ký kinh doanh**

Nếu em đã chờ đợi một thời gian hợp lý nhưng vẫn không nhận được email, em nên liên hệ trực tiếp với Phòng Đăng ký kinh doanh nơi em đã nộp thông báo tạm ngừng hoạt động để:
- Xác nhận hồ sơ của em đã được tiếp nhận và xử lý thành công
- Cung cấp lại bản điện tử của Giấy xác nhận thông báo tạm ngừng hoạt động

**4. Nếu cần bản giấy, em có thể yêu cầu in bản cứng**

Theo pháp luật, bản điện tử có giá trị pháp lý tương đương bản giấy, nhưng nếu em cần, em có thể yêu cầu Phòng Đăng ký kinh doanh cấp bản giấy.

---

**Căn cứ pháp lý:** Điều 37, Điều 45 Nghị định 168/2025/NĐ-CP; Điều 60 Nghị định 168/2025/NĐ-CP","['168-2025-ND:d60', '168-2025-ND:d69', '168-2025-ND:d71', '01-2021-ND:d66', '168-2025-ND:d37', '168-2025-ND:d38', '01-2021-ND:d45', '59-2020-QH14:d206', '59-2020-QH14:d4', '59-2020-QH14:d27', '168-2024-ND-CP:d14', '100-2019-ND-CP:d17', '168-2025-ND:d3', '100-2019-ND-CP:d16', '36-2024-QH15:d39', '100-2019-ND-CP:d28', '168-2024-ND-CP:d13', '168-2025-ND:d64', '168-2024-ND-CP:d52', '59-2020-QH14:d146', '100-2019-ND-CP:d76', '100-2019-ND-CP:d30', '59-2020-QH14:d26', '89-2024-ND:d6', '01-2021-ND:d68', '168-2025-ND:d24', '168-2024-ND-CP:d32', '168-2024-ND-CP:d20', '36-2024-QH15:d61', '36-2024-QH15:d37', '01-2021-ND:d95', '01-2021-ND:d37']","['168-2025-ND:d60', '168-2025-ND:d69', '168-2025-ND:d71', '01-2021-ND:d66', '168-2025-ND:d37', '168-2025-ND:d38', '01-2021-ND:d45']","['168-2025-ND:d71', '01-2021-ND:d45', '59-2020-QH14:d206', '01-2021-ND:d66', '168-2025-ND:d37', '168-2025-ND:d38', '59-2020-QH14:d4', '59-2020-QH14:d27', '168-2024-ND-CP:d14', '100-2019-ND-CP:d17', '168-2025-ND:d3', '100-2019-ND-CP:d16', '36-2024-QH15:d39', '100-2019-ND-CP:d28', '168-2024-ND-CP:d13', '168-2025-ND:d64', '168-2024-ND-CP:d52', '59-2020-QH14:d146', '100-2019-ND-CP:d76', '100-2019-ND-CP:d30', '59-2020-QH14:d26', '89-2024-ND:d6', '01-2021-ND:d68', '168-2025-ND:d24', '168-2024-ND-CP:d32', '168-2024-ND-CP:d20', '36-2024-QH15:d61', '36-2024-QH15:d37', '01-2021-ND:d95', '01-2021-ND:d37']",0.85,0,0.0,0,0.0,0,0.0,1,1.0,1,1.0,1,1.0,0.125
68,"Loại 7: Thay đổi ĐKKD - Địa chỉ, tên, ngành nghề","Chào mọi người ạ, em đang làm đăng ký thay đổi ngành nghề kinh doanh, hiện bên em cần đăng ký mục sàn giao dịch bất động sản thì em sẽ note chi tiết ""sàn giao dịch bất động sản"" vào mã ngành 6829 - Hoạt động bất động sản khác trên cơ sở phí và hợp đồng có được không ạ? Hay sẽ note phần chi tiết ""sàn giao dịch bất động s","['59-2020-QH14:d29', '59-2020-QH14:d7']",2,"Theo Điều 7, 29 Luật Doanh nghiệp 2020, doanh nghiệp có quyền tự do kinh doanh ngành, nghề mà pháp luật không cấm và phải đăng ký ngành, nghề kinh doanh. Ngành nghề kinh doanh được ghi theo Hệ thống ngành kinh tế Việt Nam và có thể ghi chi tiết ngành nghề trong phạm vi mã ngành cấp 4. Đối với sàn giao dịch bất động sản, có thể note vào mã ngành 6820 hoặc 6829 tùy theo hoạt động cụ thể. Nên tham khảo Quyết định 27/2018/QĐ-TTg về hệ thống ngành kinh tế Việt Nam.","Điều 7 Luật Doanh nghiệp 2020
Điều 29 Luật Doanh nghiệp 2020",False,Không thể tạo câu trả lời.,"['59-2020-QH14:d31', '59-2020-QH14:d30', '01-2021-ND:d56', '168-2025-ND:d49', '168-2025-ND:d43', '168-2025-ND:d52', '01-2021-ND:d47', '01-2021-ND:d63', '168-2025-ND:d40', '59-2020-QH14:d211', '168-2025-ND:d47', '59-2020-QH14:d86', '168-2025-ND:d44', '168-2025-ND:d123', '36-2024-QH15:d7', '168-2024-ND-CP:d14', '36-2024-QH15:d39', '59-2020-QH14:d146', '59-2020-QH14:d4', '59-2020-QH14:d26', '168-2025-ND:d24', '168-2024-ND-CP:d40', '100-2019-ND-CP:d76', '36-2024-QH15:d30', '89-2024-ND:d6', '01-2021-ND:d68', '36-2024-QH15:d42', '01-2021-ND:d95', '168-2025-ND:d72', '100-2019-ND-CP:d16']","['59-2020-QH14:d31', '59-2020-QH14:d30', '01-2021-ND:d56', '168-2025-ND:d49']","['59-2020-QH14:d31', '59-2020-QH14:d30', '168-2025-ND:d43', '01-2021-ND:d56', '168-2025-ND:d49', '168-2025-ND:d52', '01-2021-ND:d47', '01-2021-ND:d63', '168-2025-ND:d40', '59-2020-QH14:d211', '168-2025-ND:d47', '59-2020-QH14:d86', '168-2025-ND:d44', '168-2025-ND:d123', '36-2024-QH15:d7', '168-2024-ND-CP:d14', '36-2024-QH15:d39', '59-2020-QH14:d146', '59-2020-QH14:d4', '59-2020-QH14:d26', '168-2025-ND:d24', '168-2024-ND-CP:d40', '100-2019-ND-CP:d76', '36-2024-QH15:d30', '89-2024-ND:d6', '01-2021-ND:d68', '36-2024-QH15:d42', '01-2021-ND:d95', '168-2025-ND:d72', '100-2019-ND-CP:d16']",0.0,0,0.0,0,0.0,0,0.0,0,0.0,0,0.0,0,0.0,0.0
69,"Loại 1: Thành lập doanh nghiệp - Thủ tục, điều kiện, hồ sơ thành lập","Mn ơi, mình muốn thành lập công ty, ngành nghề kinh doanh muốn cho cả mã ngành kho bãi (kho ở mảnh đất khác k có sổ hay giấy tờ) liệu có đăng ký đc k ạ, như thế thì thuế hay thị trường đi kiểm tra có sao không","['59-2020-QH14:d22', '59-2020-QH14:d29', '59-2020-QH14:d44', '59-2020-QH14:d45']",4,"Theo Điều 22, 29 Luật Doanh nghiệp 2020, doanh nghiệp có thể đăng ký bất kỳ ngành nghề nào pháp luật không cấm. Việc đăng ký ngành nghề kho bãi là được phép. Tuy nhiên, khi thực tế hoạt động kho bãi, doanh nghiệp cần có địa điểm kinh doanh hợp pháp (Điều 44, 45). Kho ở mảnh đất không có giấy tờ có thể gặp vấn đề khi cơ quan thuế hoặc quản lý thị trường kiểm tra tính hợp pháp của địa điểm kinh doanh thực tế.","Điều 22 Luật Doanh nghiệp 2020
Điều 29 Luật Doanh nghiệp 2020
Điều 44 Luật Doanh nghiệp 2020
Điều 45 Luật Doanh nghiệp 2020",False,Không thể tạo câu trả lời.,"['59-2020-QH14:d7', '59-2020-QH14:d4', '59-2020-QH14:d16', '59-2020-QH14:d1', '59-2020-QH14:d3', '59-2020-QH14:d8', '59-2020-QH14:d26', '01-2021-ND:d56', '168-2025-ND:d49', '59-2020-QH14:d46', '168-2025-ND:d56', '36-2024-QH15:d39', '59-2020-QH14:d206', '168-2025-ND:d116', '36-2024-QH15:d63', '59-2020-QH14:d31', '100-2019-ND-CP:d18', '100-2019-ND-CP:d82', '59-2020-QH14:d146', '59-2020-QH14:d55', '168-2024-ND-CP:d14', '168-2024-ND-CP:d13', '01-2021-ND:d68', '168-2025-ND:d24', '168-2024-ND-CP:d52', '168-2024-ND-CP:d32', '100-2019-ND-CP:d28', '100-2019-ND-CP:d51', '89-2024-ND:d6', '36-2024-QH15:d37', '168-2025-ND:d110', '100-2019-ND-CP:d80']","['59-2020-QH14:d7', '59-2020-QH14:d4', '59-2020-QH14:d16', '59-2020-QH14:d1', '59-2020-QH14:d3', '59-2020-QH14:d8', '59-2020-QH14:d26']","['59-2020-QH14:d7', '59-2020-QH14:d4', '59-2020-QH14:d26', '59-2020-QH14:d16', '59-2020-QH14:d8', '01-2021-ND:d56', '168-2025-ND:d49', '59-2020-QH14:d46', '168-2025-ND:d56', '36-2024-QH15:d39', '59-2020-QH14:d206', '168-2025-ND:d116', '36-2024-QH15:d63', '59-2020-QH14:d31', '100-2019-ND-CP:d18', '100-2019-ND-CP:d82', '59-2020-QH14:d146', '59-2020-QH14:d55', '168-2024-ND-CP:d14', '168-2024-ND-CP:d13', '01-2021-ND:d68', '168-2025-ND:d24', '168-2024-ND-CP:d52', '168-2024-ND-CP:d32', '100-2019-ND-CP:d28', '100-2019-ND-CP:d51', '89-2024-ND:d6', '36-2024-QH15:d37', '168-2025-ND:d110', '100-2019-ND-CP:d80']",0.0,0,0.0,0,0.0,0,0.0,0,0.0,0,0.0,0,0.0,0.0
71,"Loại 6: Giải thể & Phá sản - Thủ tục, thanh toán nợ, tạm ngưng","Công ty đang tạm ngưng hoạt động em muốn hđ trở lại và thay đổi đại diện thì có làm chung 1 lần được không ạ
Công ty đang tạm ngưng hoạt động em muốn hđ trở lại và thay đổi đại diện thì có làm chung 1 lần được không ạ","['59-2020-QH14:d206', '59-2020-QH14:d30', '59-2020-QH14:d31']",3,"Theo Điều 206 và Điều 30, 31 Luật Doanh nghiệp 2020, doanh nghiệp có thể kết hợp thủ tục hoạt động trở lại sau tạm ngừng với thay đổi người đại diện theo pháp luật trong cùng một hồ sơ. Hồ sơ cần bao gồm: (1) Thông báo tiếp tục kinh doanh trước thời hạn đã đăng ký, (2) Thông báo thay đổi người đại diện theo pháp luật, (3) Các giấy tờ kèm theo như quyết định, biên bản họp và giấy tờ chứng thực cá nhân của người đại diện mới.","Điều 30 Luật Doanh nghiệp 2020
Điều 31 Luật Doanh nghiệp 2020
Điều 206 Luật Doanh nghiệp 2020",False,"# Tư vấn pháp luật

Căn cứ vào các quy định hiện hành, **bạn hoàn toàn có thể thực hiện cả hai thủ tục này cùng một lần**. Đây là hai loại thay đổi đăng ký doanh nghiệp khác nhau và pháp luật không cấm kết hợp chúng.

## Quy trình thực hiện:

**1. Thay đổi người đại diện theo pháp luật:**
Theo Điều 43 (Nghị định 168/2025/NĐ-CP), bạn cần gửi hồ sơ đăng ký thay đổi đến Cơ quan đăng ký kinh doanh cấp tỉnh, bao gồm:
- Giấy đề nghị đăng ký thay đổi người đại diện theo pháp luật
- Bản sao hoặc bản chính nghị quyết/quyết định về thay đổi người đại diện

**2. Thông báo tiếp tục kinh doanh:**
Theo Điều 206 Luật Doanh nghiệp 2020, bạn phải thông báo bằng văn bản cho Cơ quan đăng ký kinh doanh **chậm nhất 03 ngày làm việc trước ngày tiếp tục kinh doanh**.

## Lưu ý quan trọng:

- Bạn có thể gửi cả 2 loại hồ sơ này cùng lúc đến cơ quan có thẩm quyền
- Cơ quan đăng ký sẽ xem xét từng nội dung theo thủ tục riêng
- Thời hạn xử lý mỗi nội dung là 03 ngày làm việc
- Đảm bảo hồ sơ đầy đủ, hợp lệ để tránh phải sửa đổi, bổ sung

**Căn cứ pháp lý:**
- Điều 43 Nghị định 168/2025/NĐ-CP
- Điều 206 Luật Doanh nghiệp 2020
- Điều 30 Luật Doanh nghiệp 2020","['168-2025-ND:d43', '168-2025-ND:d60', '168-2025-ND:d69', '59-2020-QH14:d30', '59-2020-QH14:d31', '59-2020-QH14:d206', '59-2020-QH14:d12', '59-2020-QH14:d55', '23-2022-ND:d13', '100-2019-ND-CP:d76', '168-2025-ND:d29', '100-2019-ND-CP:d2', '59-2020-QH14:d44', '01-2021-ND:d98', '168-2025-ND:d24', '59-2020-QH14:d37', '36-2024-QH15:d39', '100-2019-ND-CP:d77', '01-2021-ND:d68', '168-2024-ND-CP:d2', '23-2022-ND:d54', '168-2024-ND-CP:d5', '59-2020-QH14:d161', '59-2020-QH14:d196', '248-2025-ND:d3', '01-2021-ND:d29', '01-2021-ND:d56', '44-2025-ND:d2', '168-2025-ND:d120', '89-2024-ND:d10', '168-2024-ND-CP:d29']","['168-2025-ND:d43', '168-2025-ND:d60', '168-2025-ND:d69']","['168-2025-ND:d43', '59-2020-QH14:d30', '168-2025-ND:d60', '59-2020-QH14:d31', '59-2020-QH14:d206', '59-2020-QH14:d12', '59-2020-QH14:d55', '23-2022-ND:d13', '100-2019-ND-CP:d76', '168-2025-ND:d29', '100-2019-ND-CP:d2', '59-2020-QH14:d44', '01-2021-ND:d98', '168-2025-ND:d24', '59-2020-QH14:d37', '36-2024-QH15:d39', '100-2019-ND-CP:d77', '01-2021-ND:d68', '168-2024-ND-CP:d2', '23-2022-ND:d54', '168-2024-ND-CP:d5', '59-2020-QH14:d161', '59-2020-QH14:d196', '248-2025-ND:d3', '01-2021-ND:d29', '01-2021-ND:d56', '44-2025-ND:d2', '168-2025-ND:d120', '89-2024-ND:d10', '168-2024-ND-CP:d29']",0.85,0,0.0,0,0.0,1,0.6667,1,1.0,1,1.0,1,1.0,0.25
74,"Loại 2: Loại hình doanh nghiệp - TNHH, Cổ phần, Hợp danh, DNTN","Dạ anh chị cho em hỏi, em đang chuyển đổi loại hình từ công ty TNHH 2 TV thành công ty TNHH 1 TV + thay đổi địa chỉ doanh nghiệp thì mình chỉ cần điền Mẫu 2 thôi đúng không ạ?
Mình có cần thêm các hồ sơ gì khác không ạ?","['59-2020-QH14:d31', '59-2020-QH14:d52']",2,"Theo Điều 199 và Điều 206 Luật Doanh nghiệp 2020, khi chuyển đổi từ công ty TNHH 2 thành viên sang công ty TNHH 1 thành viên đồng thời thay đổi địa chỉ, cần nộp hồ sơ chuyển đổi loại hình doanh nghiệp gồm: (1) Giấy đề nghị đăng ký doanh nghiệp (Mẫu theo quy định); (2) Điều lệ công ty TNHH 1 thành viên; (3) Hợp đồng chuyển nhượng phần vốn góp hoặc các giấy tờ chứng minh việc hoàn tất chuyển nhượng; (4) Bản sao giấy tờ pháp lý cá nhân của chủ sở hữu mới. Thay đổi địa chỉ có thể ghi chung trong hồ sơ chuyển đổi.","Điều 52 khoản 3 Luật Doanh nghiệp 2020
Điều 31 Luật Doanh nghiệp 2020",False,Không thể tạo câu trả lời.,"['59-2020-QH14:d198', '59-2020-QH14:d203', '01-2021-ND:d47', '01-2021-ND:d52', '01-2021-ND:d53', '168-2025-ND:d45', '168-2025-ND:d40', '59-2020-QH14:d47', '59-2020-QH14:d46', '59-2020-QH14:d30', '36-2024-QH15:d39', '59-2020-QH14:d37', '23-2022-ND:d12', '168-2025-ND:d47', '59-2020-QH14:d55', '23-2022-ND:d13', '100-2019-ND-CP:d48', '59-2020-QH14:d4', '59-2020-QH14:d26', '168-2025-ND:d24', '168-2025-ND:d29', '168-2025-ND:d25', '59-2020-QH14:d207', '23-2022-ND:d25', '59-2020-QH14:d194', '168-2024-ND-CP:d2', '47-2021-ND:d2', '23-2022-ND:d54', '168-2025-ND:d43', '89-2024-ND:d3']","['59-2020-QH14:d198', '59-2020-QH14:d203', '01-2021-ND:d47', '01-2021-ND:d52', '01-2021-ND:d53', '168-2025-ND:d45', '168-2025-ND:d40']","['59-2020-QH14:d198', '59-2020-QH14:d203', '01-2021-ND:d47', '01-2021-ND:d52', '01-2021-ND:d53', '168-2025-ND:d45', '168-2025-ND:d40', '59-2020-QH14:d47', '59-2020-QH14:d46', '59-2020-QH14:d30', '36-2024-QH15:d39', '59-2020-QH14:d37', '23-2022-ND:d12', '168-2025-ND:d47', '59-2020-QH14:d55', '23-2022-ND:d13', '100-2019-ND-CP:d48', '59-2020-QH14:d4', '59-2020-QH14:d26', '168-2025-ND:d24', '168-2025-ND:d29', '168-2025-ND:d25', '59-2020-QH14:d207', '23-2022-ND:d25', '59-2020-QH14:d194', '168-2024-ND-CP:d2', '47-2021-ND:d2', '23-2022-ND:d54', '168-2025-ND:d43', '89-2024-ND:d3']",0.0,0,0.0,0,0.0,0,0.0,0,0.0,0,0.0,0,0.0,0.0
75,"Loại 7: Thay đổi ĐKKD - Địa chỉ, tên, ngành nghề",Anh chị cho e hỏi ạ. Em nộp hồ sơ thay đổi địa chỉ công ty. Nay nhận được thông báo từ chối hô sơ ( yêu cầu nộp lại hồ sơ chứ không được bổ sung). Nếu nộp lại có bị chậm nộp không ạ ( quá 10 ngày kể từ Quyết định thay đổi địa chỉ) . Ngày trên Quyết định là 9/12 ạ.,['59-2020-QH14:d31'],1,"Theo Điều 31 Luật Doanh nghiệp 2020, doanh nghiệp phải thông báo thay đổi nội dung đăng ký doanh nghiệp trong thời hạn 10 ngày kể từ ngày có thay đổi. Tuy nhiên, thời hạn này được tính từ ngày có quyết định thay đổi đến ngày nộp hồ sơ hợp lệ. Nếu hồ sơ bị từ chối và phải nộp lại, ngày nộp hồ sơ lần đầu vẫn được tính là ngày doanh nghiệp thực hiện thông báo, miễn là hồ sơ ban đầu được nộp trong thời hạn. Vì vậy, việc nộp lại hồ sơ sau khi bị từ chối không bị coi là chậm nộp nếu lần nộp đầu tiên trong thời hạn 10 ngày.",Điều 31 Luật Doanh nghiệp 2020,False,"Căn cứ vào Điều 31 Luật Doanh nghiệp 2020, doanh nghiệp **chịu trách nhiệm thông báo thay đổi nội dung đăng ký doanh nghiệp trong thời hạn 10 ngày kể từ ngày có thay đổi**. Trong trường hợp của anh chị, ngày có thay đổi là 9/12, do đó thời hạn 10 ngày tính từ ngày đó.

**Vấn đề chính**: Pháp luật không có quy định cụ thể về việc tính lại thời hạn 10 ngày khi hồ sơ bị từ chối (yêu cầu nộp lại chứ không yêu cầu bổ sung). Tuy nhiên, theo nguyên tắc chung:

- Thời hạn 10 ngày vẫn bắt đầu từ ngày 9/12 (ngày có thay đổi)
- Nếu nộp lại hồ sơ sau ngày thứ 10 tính từ 9/12, về mặt pháp lý có thể bị coi là chậm nộp

**Tôi khuyến cáo anh chị nên:**

1. **Nộp lại hồ sơ ngay lập tức** để đảm bảo không vượt quá thời hạn 10 ngày
2. **Kiểm tra kỹ lý do từ chối** - nếu cơ quan từ chối không đúng quy định pháp luật (yêu cầu nộp lại thay vì bổ sung), anh chị có thể ghi nhận điều này để làm cơ sở bảo vệ quyền lợi nếu cần
3. **Giữ lại giấy tờ** liên quan đến lần nộp hồ sơ đầu tiên và thông báo từ chối

Sự chậm trễ do lỗi của Cơ quan đăng ký kinh doanh có thể là cơ sở miễn trừ trách nhiệm, nhưng để an toàn, nộp lại hồ sơ sớm nhất có thể.

**Căn cứ pháp lý:** Điều 31 Luật Doanh nghiệp 2020 (Luật số 59/2020/QH14)","['01-2021-ND:d47', '168-2025-ND:d40', '59-2020-QH14:d31', '59-2020-QH14:d42', '59-2020-QH14:d30', '36-2024-QH15:d39', '01-2021-ND:d29', '168-2025-ND:d47', '59-2020-QH14:d123', '01-2021-ND:d37', '168-2025-ND:d3', '59-2020-QH14:d110', '59-2020-QH14:d55', '01-2021-ND:d53', '168-2025-ND:d24', '36-2024-QH15:d55', '100-2019-ND-CP:d51', '100-2019-ND-CP:d48', '168-2024-ND-CP:d40', '168-2025-ND:d43', '01-2021-ND:d89', '01-2021-ND:d45', '168-2025-ND:d71', '01-2021-ND:d12', '01-2021-ND:d68', '100-2019-ND-CP:d30', '100-2019-ND-CP:d31', '36-2024-QH15:d73', '168-2024-ND-CP:d32', '100-2019-ND-CP:d50']","['01-2021-ND:d47', '168-2025-ND:d40']","['59-2020-QH14:d31', '01-2021-ND:d47', '168-2025-ND:d40', '59-2020-QH14:d42', '59-2020-QH14:d30', '36-2024-QH15:d39', '01-2021-ND:d29', '168-2025-ND:d47', '59-2020-QH14:d123', '01-2021-ND:d37', '168-2025-ND:d3', '59-2020-QH14:d110', '59-2020-QH14:d55', '01-2021-ND:d53', '168-2025-ND:d24', '36-2024-QH15:d55', '100-2019-ND-CP:d51', '100-2019-ND-CP:d48', '168-2024-ND-CP:d40', '168-2025-ND:d43', '01-2021-ND:d89', '01-2021-ND:d45', '168-2025-ND:d71', '01-2021-ND:d12', '01-2021-ND:d68', '100-2019-ND-CP:d30', '100-2019-ND-CP:d31', '36-2024-QH15:d73', '168-2024-ND-CP:d32', '100-2019-ND-CP:d50']",0.85,0,0.0,1,1.0,1,1.0,1,1.0,1,1.0,1,1.0,0.3333
77,"Loại 2: Loại hình doanh nghiệp - TNHH, Cổ phần, Hợp danh, DNTN","Dạ em đang chuyển đổi loại hình từ công ty TNHH 2 TV thành công ty TNHH 1 TV, trong Mẫu 2 em đã điền thông tin mã ngành mới theo Quyết định 36, vậy em có cần làm hồ sơ cập nhật mã ngành nữa không ạ ? (cần nộp thêm tbao thay đổi ngành nghề khi làm thủ tục chuyển đổi).","['59-2020-QH14:d31', '59-2020-QH14:d52']",2,"Theo Điều 7 và Điều 199, 206 Luật Doanh nghiệp 2020, khi chuyển đổi loại hình doanh nghiệp, bạn có thể gộp việc cập nhật mã ngành nghề kinh doanh vào cùng hồ sơ chuyển đổi. Nếu trong Mẫu đăng ký đã điền đầy đủ thông tin mã ngành mới theo Quyết định 36, bạn không cần nộp thêm thông báo thay đổi ngành nghề riêng. Việc cập nhật mã ngành sẽ được thực hiện đồng thời khi cấp Giấy chứng nhận đăng ký doanh nghiệp mới cho loại hình công ty TNHH 1 thành viên.","Điều 52 khoản 3 Luật Doanh nghiệp 2020
Điều 31 Luật Doanh nghiệp 2020",False,Không thể tạo câu trả lời.,"['59-2020-QH14:d87', '59-2020-QH14:d68', '59-2020-QH14:d74', '59-2020-QH14:d46', '59-2020-QH14:d73', '59-2020-QH14:d198', '59-2020-QH14:d199', '59-2020-QH14:d217', '59-2020-QH14:d17', '59-2020-QH14:d22', '59-2020-QH14:d37', '168-2025-ND:d47', '100-2019-ND-CP:d30', '168-2024-ND-CP:d32', '59-2020-QH14:d55', '59-2020-QH14:d31', '59-2020-QH14:d30', '23-2022-ND:d13', '59-2020-QH14:d110', '01-2021-ND:d53', '168-2025-ND:d24', '36-2024-QH15:d39', '47-2021-ND:d2', '168-2025-ND:d29', '01-2021-ND:d29', '168-2024-ND-CP:d40', '59-2020-QH14:d26', '168-2025-ND:d43', '59-2020-QH14:d24', '36-2024-QH15:d38']","['59-2020-QH14:d87', '59-2020-QH14:d68', '59-2020-QH14:d74', '59-2020-QH14:d46', '59-2020-QH14:d73', '59-2020-QH14:d198', '59-2020-QH14:d199']","['59-2020-QH14:d198', '59-2020-QH14:d87', '59-2020-QH14:d68', '59-2020-QH14:d74', '59-2020-QH14:d46', '59-2020-QH14:d73', '59-2020-QH14:d199', '59-2020-QH14:d217', '59-2020-QH14:d17', '59-2020-QH14:d22', '59-2020-QH14:d37', '168-2025-ND:d47', '100-2019-ND-CP:d30', '168-2024-ND-CP:d32', '59-2020-QH14:d55', '59-2020-QH14:d31', '59-2020-QH14:d30', '23-2022-ND:d13', '59-2020-QH14:d110', '01-2021-ND:d53', '168-2025-ND:d24', '36-2024-QH15:d39', '47-2021-ND:d2', '168-2025-ND:d29', '01-2021-ND:d29', '168-2024-ND-CP:d40', '59-2020-QH14:d26', '168-2025-ND:d43', '59-2020-QH14:d24', '36-2024-QH15:d38']",0.0,0,0.0,0,0.0,0,0.0,0,0.0,1,0.5,1,0.5,0.0625
78,"Loại 7: Thay đổi ĐKKD - Địa chỉ, tên, ngành nghề","Em nhờ các anh chị tư vấn giúp em trường hợp em bổ sung ngành nghề kinh doanh nhưng hệ thống cứ báo là một số mã ngành đã đăng ký trước đây bị thay đổi/xoá theo quyết định 36/2025QĐ-Ttg thì em có phải đăng ký thông báo thay đổi mã ngành này không ạ và nếu đăng ký thay đỗi mã ngành cũ sang mã ngành mới thì sử dụng mẫu số mấy theo thông tư 68 về đăng ký kinh doanh ạ
Em cảm ơn ạ!","['59-2020-QH14:d31', '59-2020-QH14:d7']",2,"Theo Điều 7 và Điều 31 Luật Doanh nghiệp 2020, doanh nghiệp có quyền tự do kinh doanh trong những ngành, nghề mà pháp luật không cấm và phải thông báo thay đổi nội dung đăng ký doanh nghiệp khi có thay đổi. Khi mã ngành cũ bị thay đổi/xóa theo Quyết định 36, doanh nghiệp cần cập nhật sang mã ngành mới tương ứng. Việc này thực hiện bằng Thông báo thay đổi nội dung đăng ký doanh nghiệp theo quy định.","Điều 7 Luật Doanh nghiệp 2020
Điều 31 Luật Doanh nghiệp 2020",False,"# Tư Vấn Pháp Luật

Dựa trên tình huống của em, tôi sẽ tư vấn như sau:

## Câu 1: Có phải đăng ký thông báo thay đổi mã ngành?

**Trả lời: CÓ, em cần phải thông báo thay đổi.**

Khi các mã ngành cũ của em bị thay đổi/xoá theo Quyết định 36/2025QĐ-TTg, và em cần cập nhật sang mã ngành mới (hoặc bổ sung ngành, nghề kinh doanh mới), đây cấu thành ""thay đổi ngành, nghề kinh doanh"" theo quy định pháp luật. Em **bắt buộc phải thông báo** điều này với Cơ quan đăng ký kinh doanh cấp tỉnh nơi doanh nghiệp đặt trụ sở chính.

**Thời hạn thông báo:** Em có 10 ngày kể từ ngày có thay đổi để nộp thông báo.

---

## Câu 2: Sử dụng mẫu số mấy?

**Trả lời: Xin lỗi, tôi không tìm thấy quy định cụ thể về mẫu số trong Thông tư 68 trong tài liệu pháp luật được cung cấp.**

Tuy nhiên, em nên:
- **Liên hệ trực tiếp với Phòng Đăng ký kinh doanh** cấp tỉnh nơi doanh nghiệp đặt trụ sở để hỏi rõ mẫu thông báo hiện tại
- Hoặc tra cứu trên **Cổng thông tin quốc gia về đăng ký doanh nghiệp** (www.dangkykinhdoanh.gov.vn) để tải mẫu thích hợp

---

**Căn cứ pháp lý:** Điều 31 Luật Doanh nghiệp 2020 (59/2020/QH14); Điều 49 Nghị định 168/2025/ND.","['168-2025-ND:d49', '01-2021-ND:d56', '01-2021-ND:d63', '59-2020-QH14:d31', '59-2020-QH14:d30', '59-2020-QH14:d7', '59-2020-QH14:d28', '168-2025-ND:d72', '59-2020-QH14:d26', '168-2025-ND:d116', '89-2024-ND:d6', '01-2021-ND:d68', '168-2024-ND-CP:d13', '168-2025-ND:d110', '168-2025-ND:d43', '100-2019-ND-CP:d28', '89-2024-ND:d3', '01-2021-ND:d46', '168-2024-ND-CP:d52', '59-2020-QH14:d206', '01-2021-ND:d89', '36-2024-QH15:d67', '36-2024-QH15:d39', '59-2020-QH14:d186', '168-2025-ND:d22', '168-2025-ND:d3', '01-2021-ND:d2', '168-2025-ND:d113', '01-2021-ND:d82', '168-2025-ND:d123']","['168-2025-ND:d49', '01-2021-ND:d56', '01-2021-ND:d63']","['59-2020-QH14:d31', '59-2020-QH14:d30', '168-2025-ND:d49', '01-2021-ND:d56', '01-2021-ND:d63', '59-2020-QH14:d7', '59-2020-QH14:d28', '168-2025-ND:d72', '59-2020-QH14:d26', '168-2025-ND:d116', '89-2024-ND:d6', '01-2021-ND:d68', '168-2024-ND-CP:d13', '168-2025-ND:d110', '168-2025-ND:d43', '100-2019-ND-CP:d28', '89-2024-ND:d3', '01-2021-ND:d46', '168-2024-ND-CP:d52', '59-2020-QH14:d206', '01-2021-ND:d89', '36-2024-QH15:d67', '36-2024-QH15:d39', '59-2020-QH14:d186', '168-2025-ND:d22', '168-2025-ND:d3', '01-2021-ND:d2', '168-2025-ND:d113', '01-2021-ND:d82', '168-2025-ND:d123']",0.85,0,0.0,0,0.0,1,0.5,1,1.0,1,1.0,1,1.0,0.25
80,"Loại 2: Loại hình doanh nghiệp - TNHH, Cổ phần, Hợp danh, DNTN","Các bác cho em hỏi: sau khi chuyển đổi từ cty TNHH 1 thành viên sang CTy Cổ phần có cần ký lại toàn bộ hợp đồng cho CBCNV không ạ?
Các bác cho em hỏi: sau khi chuyển đổi từ cty TNHH 1 thành viên sang CTy Cổ phần có cần ký lại toàn bộ hợp đồng cho CBCNV không ạ?",['59-2020-QH14:d203'],1,"Theo Điều 203 Luật Doanh nghiệp 2020, khi chuyển đổi từ công ty TNHH sang công ty cổ phần, công ty chuyển đổi đương nhiên kế thừa toàn bộ quyền, nghĩa vụ và lợi ích hợp pháp của công ty được chuyển đổi. Do đó, các hợp đồng lao động đã ký với CBCNV vẫn có hiệu lực và không cần ký lại. Tuy nhiên, cần làm phụ lục hợp đồng để cập nhật thông tin công ty mới (tên, mã số thuế).",Điều 203 Luật Doanh nghiệp 2020,False,Không thể tạo câu trả lời.,"['59-2020-QH14:d1', '59-2020-QH14:d8', '59-2020-QH14:d87', '59-2020-QH14:d74', '59-2020-QH14:d85', '59-2020-QH14:d120', '59-2020-QH14:d137', '168-2025-ND:d52', '59-2020-QH14:d203', '168-2025-ND:d43', '59-2020-QH14:d211', '59-2020-QH14:d123', '59-2020-QH14:d191', '44-2025-ND:d1', '100-2019-ND-CP:d23', '01-2021-ND:d61', '23-2022-ND:d3', '59-2020-QH14:d114', '44-2025-ND:d2', '59-2020-QH14:d133', '47-2021-ND:d11', '01-2021-ND:d56', '01-2021-ND:d52', '59-2020-QH14:d25', '168-2024-ND-CP:d20', '59-2020-QH14:d205', '168-2025-ND:d47', '100-2019-ND-CP:d28', '59-2020-QH14:d150', '59-2020-QH14:d95', '01-2021-ND:d87', '01-2021-ND:d79']","['59-2020-QH14:d1', '59-2020-QH14:d8', '59-2020-QH14:d87', '59-2020-QH14:d74', '59-2020-QH14:d85', '59-2020-QH14:d120', '59-2020-QH14:d137']","['59-2020-QH14:d8', '59-2020-QH14:d87', '59-2020-QH14:d74', '59-2020-QH14:d120', '59-2020-QH14:d137', '168-2025-ND:d52', '59-2020-QH14:d203', '168-2025-ND:d43', '59-2020-QH14:d211', '59-2020-QH14:d123', '59-2020-QH14:d191', '44-2025-ND:d1', '100-2019-ND-CP:d23', '01-2021-ND:d61', '23-2022-ND:d3', '59-2020-QH14:d114', '44-2025-ND:d2', '59-2020-QH14:d133', '47-2021-ND:d11', '01-2021-ND:d56', '01-2021-ND:d52', '59-2020-QH14:d25', '168-2024-ND-CP:d20', '59-2020-QH14:d205', '168-2025-ND:d47', '100-2019-ND-CP:d28', '59-2020-QH14:d150', '59-2020-QH14:d95', '01-2021-ND:d87', '01-2021-ND:d79']",0.0,0,0.0,0,0.0,0,0.0,1,1.0,1,1.0,1,1.0,0.1111
83,"Loại 6: Giải thể & Phá sản - Thủ tục, thanh toán nợ, tạm ngưng","Công ty đang tạm ngừng có Thông báo thay đổi ngành, nghề kinh doanh được không ạ. E cảm ơn ạ","['59-2020-QH14:d206', '59-2020-QH14:d7']",2,"Theo Điều 206 Luật Doanh nghiệp 2020, trong thời gian tạm ngừng kinh doanh, doanh nghiệp vẫn có thể thực hiện một số thủ tục đăng ký doanh nghiệp như thay đổi ngành nghề kinh doanh. Điều 7 quy định doanh nghiệp có quyền tự do kinh doanh trong những ngành, nghề mà pháp luật không cấm. Do đó, công ty đang tạm ngừng vẫn có thể thông báo thay đổi ngành, nghề kinh doanh.","Điều 7 Luật Doanh nghiệp 2020
Điều 206 Luật Doanh nghiệp 2020",False,"**TRẢ LỜI:**

Căn cứ vào Luật Doanh nghiệp 2020, **pháp luật không có quy định cấm** công ty thay đổi ngành, nghề kinh doanh khi công ty đang ở trạng thái tạm ngừng kinh doanh.

Cụ thể:

**1. Điều 31 Luật Doanh nghiệp 2020** quy định doanh nghiệp phải thông báo với Cơ quan đăng ký kinh doanh khi thay đổi ngành, nghề kinh doanh. Quy định này không có ngoại lệ hay điều kiện liên quan đến trạng thái tạm ngừng kinh doanh của công ty.

**2. Về thủ tục hành chính:** Công ty hoàn toàn có thể nộp Thông báo thay đổi ngành, nghề kinh doanh theo quy định tại Điều 49 Nghị định 168/2025/ND. Cơ quan đăng ký kinh doanh sẽ xem xét tính hợp lệ của hồ sơ và thực hiện thay đổi nếu đủ điều kiện.

**3. Tuy nhiên cần lưu ý:** Mặc dù có thể thông báo thay đổi ngành, nghề, nhưng trong thời gian tạm ngừng kinh doanh, công ty vẫn không thể hoạt động kinh doanh bình thường cho đến khi có Thông báo tiếp tục kinh doanh. Công ty chỉ được tiếp tục kinh doanh sau khi gửi Thông báo tiếp tục kinh doanh theo Điều 206 Luật Doanh nghiệp 2020.

**Căn cứ pháp lý:**
- Điều 31 Luật Doanh nghiệp 2020
- Điều 49 Nghị định 168/2025/ND
- Điều 206 Luật Doanh nghiệp 2020","['168-2025-ND:d49', '168-2025-ND:d62', '59-2020-QH14:d31', '59-2020-QH14:d7', '59-2020-QH14:d30', '59-2020-QH14:d28', '168-2025-ND:d116', '59-2020-QH14:d206', '01-2021-ND:d89', '59-2020-QH14:d55', '59-2020-QH14:d4', '23-2022-ND:d13', '36-2024-QH15:d55', '168-2025-ND:d71', '01-2021-ND:d88', '100-2019-ND-CP:d48', '168-2025-ND:d110', '168-2025-ND:d29', '100-2019-ND-CP:d80', '01-2021-ND:d68', '36-2024-QH15:d39', '168-2024-ND-CP:d39', '59-2020-QH14:d215', '100-2019-ND-CP:d40', '168-2025-ND:d24', '59-2020-QH14:d37', '168-2024-ND-CP:d52', '168-2024-ND-CP:d32', '100-2019-ND-CP:d28', '168-2024-ND-CP:d13']","['168-2025-ND:d49', '168-2025-ND:d62']","['59-2020-QH14:d31', '59-2020-QH14:d7', '59-2020-QH14:d30', '168-2025-ND:d49', '168-2025-ND:d62', '59-2020-QH14:d28', '168-2025-ND:d116', '59-2020-QH14:d206', '01-2021-ND:d89', '59-2020-QH14:d55', '59-2020-QH14:d4', '23-2022-ND:d13', '36-2024-QH15:d55', '168-2025-ND:d71', '01-2021-ND:d88', '100-2019-ND-CP:d48', '168-2025-ND:d110', '168-2025-ND:d29', '100-2019-ND-CP:d80', '01-2021-ND:d68', '36-2024-QH15:d39', '168-2024-ND-CP:d39', '59-2020-QH14:d215', '100-2019-ND-CP:d40', '168-2025-ND:d24', '59-2020-QH14:d37', '168-2024-ND-CP:d52', '168-2024-ND-CP:d32', '100-2019-ND-CP:d28', '168-2024-ND-CP:d13']",0.85,0,0.0,0,0.0,1,0.5,1,1.0,1,1.0,1,1.0,0.25
85,"Loại 7: Thay đổi ĐKKD - Địa chỉ, tên, ngành nghề",Bây giờ công ty muốn đăng ký mã ngành 6810 vì muốn cho thuê lại xưởng với văn phòng trống thì khi đăng khí cần bổ sung điều kiện gì không ạ.,['59-2020-QH14:d7'],1,"Theo Điều 7 Luật Doanh nghiệp 2020, doanh nghiệp có quyền tự do kinh doanh trong những ngành, nghề mà pháp luật không cấm. Mã ngành 6810 (Kinh doanh bất động sản, quyền sử dụng đất thuộc chủ sở hữu, chủ sử dụng hoặc đi thuê) là ngành nghề kinh doanh có điều kiện. Khi đăng ký mã ngành này để cho thuê lại xưởng, văn phòng, công ty cần đáp ứng điều kiện theo Luật Kinh doanh bất động sản nếu hoạt động này được thực hiện thường xuyên.",Điều 7 Luật Doanh nghiệp 2020,False,Không thể tạo câu trả lời.,"['59-2020-QH14:d23', '59-2020-QH14:d26', '59-2020-QH14:d31', '59-2020-QH14:d44', '59-2020-QH14:d45', '168-2025-ND:d24', '168-2025-ND:d33', '59-2020-QH14:d7', '59-2020-QH14:d4', '59-2020-QH14:d55', '59-2020-QH14:d162', '23-2022-ND:d13', '100-2019-ND-CP:d64', '59-2020-QH14:d146', '23-2022-ND:d55', '89-2024-ND:d6', '01-2021-ND:d68', '36-2024-QH15:d39', '168-2024-ND-CP:d32', '100-2019-ND-CP:d30', '168-2025-ND:d29', '100-2019-ND-CP:d2', '168-2025-ND:d72', '59-2020-QH14:d37', '36-2024-QH15:d22', '100-2019-ND-CP:d17', '36-2024-QH15:d37', '36-2024-QH15:d38', '01-2021-ND:d95', '168-2024-ND-CP:d40', '100-2019-ND-CP:d86']","['59-2020-QH14:d23', '59-2020-QH14:d26', '59-2020-QH14:d31', '59-2020-QH14:d44', '59-2020-QH14:d45', '168-2025-ND:d24', '168-2025-ND:d33']","['59-2020-QH14:d26', '59-2020-QH14:d44', '168-2025-ND:d24', '59-2020-QH14:d31', '59-2020-QH14:d45', '168-2025-ND:d33', '59-2020-QH14:d7', '59-2020-QH14:d4', '59-2020-QH14:d55', '59-2020-QH14:d162', '23-2022-ND:d13', '100-2019-ND-CP:d64', '59-2020-QH14:d146', '23-2022-ND:d55', '89-2024-ND:d6', '01-2021-ND:d68', '36-2024-QH15:d39', '168-2024-ND-CP:d32', '100-2019-ND-CP:d30', '168-2025-ND:d29', '100-2019-ND-CP:d2', '168-2025-ND:d72', '59-2020-QH14:d37', '36-2024-QH15:d22', '100-2019-ND-CP:d17', '36-2024-QH15:d37', '36-2024-QH15:d38', '01-2021-ND:d95', '168-2024-ND-CP:d40', '100-2019-ND-CP:d86']",0.0,0,0.0,0,0.0,0,0.0,1,1.0,1,1.0,1,1.0,0.125
86,"Loại 6: Giải thể & Phá sản - Thủ tục, thanh toán nợ, tạm ngưng","công ty đang tạm ngưng có làm hồ sơ thay đổi chủ sở hữu , và người đại diện pháp luật được k các bác , hay phải mở ra mới làm được ,","['59-2020-QH14:d12', '59-2020-QH14:d206', '59-2020-QH14:d52']",3,"Theo Điều 206 Luật Doanh nghiệp 2020, trong thời gian tạm ngừng kinh doanh, doanh nghiệp vẫn có thể thực hiện các thủ tục đăng ký doanh nghiệp liên quan đến thay đổi chủ sở hữu và người đại diện theo pháp luật. Điều 12 quy định về người đại diện theo pháp luật, và Điều 52 quy định về chuyển nhượng phần vốn góp. Công ty không cần hoạt động trở lại để thực hiện các thay đổi này.","Điều 12 Luật Doanh nghiệp 2020
Điều 52 Luật Doanh nghiệp 2020
Điều 206 Luật Doanh nghiệp 2020",False,"# Tư vấn pháp luật: Thay đổi chủ sở hữu khi công ty tạm ngừng kinh doanh

Dựa trên pháp luật hiện hành, **công ty đang tạm ngừng kinh doanh vẫn có thể thực hiện thay đổi chủ sở hữu mà không cần phải mở lại công ty trước**.

## Phân tích pháp luật

Cơ quan đăng ký kinh doanh chỉ có quyền từ chối cấp đăng ký trong những trường hợp cụ thể được quy định. Theo pháp luật, các lý do từ chối cấp đăng ký bao gồm:

1. **Doanh nghiệp bị thông báo vi phạm hoặc đã bị thu hồi Giấy chứng nhận đăng ký doanh nghiệp**; 
2. **Doanh nghiệp đang trong quá trình giải thể**.

Quan trọng là: **tạm ngừng kinh doanh KHÔNG nằm trong danh sách lý do từ chối**. Tạm ngừng và giải thể là hai tình trạng khác nhau. Khi tạm ngừng, doanh nghiệp vẫn tồn tại với tư cách pháp nhân, vẫn phải tiếp tục thanh toán nợ, hoàn thành hợp đồng, v.v.

## Kết luận

Bạn có thể nộp hồ sơ thay đổi chủ sở hữu ngay trong khi công ty tạm ngừng kinh doanh. Không bắt buộc phải tiếp tục kinh doanh trước đó.

---

**Căn cứ pháp lý:** Điều 59 (Nghị định 168/2025/NĐ-CP) - Các trường hợp từ chối cấp đăng ký doanh nghiệp; Điều 206 (Luật Doanh nghiệp 2020) - Các quy định về tạm ngừng kinh doanh.","['168-2025-ND:d43', '168-2025-ND:d47', '168-2025-ND:d46', '168-2025-ND:d59', '168-2025-ND:d60', '168-2025-ND:d62', '59-2020-QH14:d30', '59-2020-QH14:d31', '59-2020-QH14:d206', '59-2020-QH14:d12', '36-2024-QH15:d39', '59-2020-QH14:d25', '248-2025-ND:d3', '168-2025-ND:d17', '89-2024-ND:d6', '59-2020-QH14:d55', '23-2022-ND:d8', '100-2019-ND-CP:d57', '01-2021-ND:d29', '44-2025-ND:d2', '59-2020-QH14:d210', '168-2024-ND-CP:d32', '168-2025-ND:d84', '16-2023-ND:d11', '59-2020-QH14:d24', '248-2025-ND:d1', '248-2025-ND:d2', '59-2020-QH14:d64', '168-2025-ND:d74', '23-2022-ND:d15', '168-2024-ND-CP:d14']","['168-2025-ND:d43', '168-2025-ND:d47', '168-2025-ND:d46', '168-2025-ND:d59', '168-2025-ND:d60', '168-2025-ND:d62']","['168-2025-ND:d43', '168-2025-ND:d47', '59-2020-QH14:d30', '168-2025-ND:d46', '168-2025-ND:d59', '168-2025-ND:d60', '59-2020-QH14:d31', '59-2020-QH14:d206', '59-2020-QH14:d12', '36-2024-QH15:d39', '59-2020-QH14:d25', '248-2025-ND:d3', '168-2025-ND:d17', '89-2024-ND:d6', '59-2020-QH14:d55', '23-2022-ND:d8', '100-2019-ND-CP:d57', '01-2021-ND:d29', '44-2025-ND:d2', '59-2020-QH14:d210', '168-2024-ND-CP:d32', '168-2025-ND:d84', '16-2023-ND:d11', '59-2020-QH14:d24', '248-2025-ND:d1', '248-2025-ND:d2', '59-2020-QH14:d64', '168-2025-ND:d74', '23-2022-ND:d15', '168-2024-ND-CP:d14']",0.85,0,0.0,0,0.0,0,0.0,1,0.6667,1,0.6667,1,0.6667,0.1111
89,"Loại 3: Vốn điều lệ - Góp vốn, tăng/giảm vốn, vốn pháp định","Dạ CTY TNHH 1TV cần tăng vốn điều lệ, theo Luật mới phải có giấy xác nhận góp vốn. A/C có file hay bản scan hình cho em xin với được kh ạ. Em cảm ơn A/C. Mong ad duyệt bài ạ","['59-2020-QH14:d47', '59-2020-QH14:d68']",2,"Theo Điều 47 và Điều 68 Luật Doanh nghiệp 2020, khi tăng vốn điều lệ, thành viên/chủ sở hữu phải góp vốn và việc góp vốn được xác nhận bằng biên bản góp vốn. Hồ sơ đăng ký tăng vốn gồm: Thông báo thay đổi nội dung đăng ký doanh nghiệp và Quyết định của chủ sở hữu về việc tăng vốn. Giấy xác nhận góp vốn là văn bản nội bộ công ty, không bắt buộc nộp kèm hồ sơ nhưng phải lưu giữ tại trụ sở.","Điều 47 Luật Doanh nghiệp 2020
Điều 68 Luật Doanh nghiệp 2020",False,"# Ý KIẾN PHÁP LỰC

Kính gửi Anh/Chị,

Tôi tiếp nhận yêu cầu của Anh/Chị về vấn đề tăng vốn điều lệ của công ty TNHH 1 thành viên và yêu cầu ""giấy xác nhận góp vốn"".

**Xin lỗi, tôi không tìm thấy quy định pháp luật cụ thể về việc cấp ""giấy xác nhận góp vốn"" khi công ty TNHH 1 thành viên tăng vốn điều lệ trong các quy định được cung cấp.**

Tuy nhiên, để hỗ trợ tốt hơn, tôi cần thông tin thêm:

**Công ty dự định tăng vốn theo cách nào?**
- **Cách 1**: Chủ sở hữu công ty góp thêm vốn → Công ty vẫn là TNHH 1 thành viên
- **Cách 2**: Huy động vốn góp từ người khác → Công ty sẽ chuyển thành TNHH 2 thành viên trở lên

Nếu là **Cách 2** (huy động từ người khác), căn cứ vào **Điều 87 khoản 2 Luật Doanh nghiệp 2020**, công ty bắt buộc phải chuyển thành TNHH nhiều thành viên trở lên. Lúc đó, **Điều 47 Luật Doanh nghiệp 2020** sẽ quy định về ""cấp giấy chứng nhận phần vốn góp"" cho các thành viên.

**Anh/Chị vui lòng cung cấp thêm chi tiết về hình thức tăng vốn để tôi có thể tư vấn chính xác và cung cấp mẫu tài liệu phù hợp.**

---
**Căn cứ pháp lý:**
- Điều 87 Luật Doanh nghiệp số 59/2020/QH14
- Điều 47 Luật Doanh nghiệp số 59/2020/QH14","['59-2020-QH14:d87', '59-2020-QH14:d76', '59-2020-QH14:d75', '59-2020-QH14:d47', '59-2020-QH14:d217', '59-2020-QH14:d205', '59-2020-QH14:d17', '01-2021-ND:d68', '168-2025-ND:d71', '100-2019-ND-CP:d42', '01-2021-ND:d60', '23-2022-ND:d48', '01-2021-ND:d61', '100-2019-ND-CP:d64', '89-2024-ND:d7', '59-2020-QH14:d211', '168-2025-ND:d84', '36-2024-QH15:d39', '44-2025-ND:d1', '168-2024-ND-CP:d34', '100-2019-ND-CP:d50', '168-2024-ND-CP:d48', '100-2019-ND-CP:d28', '168-2024-ND-CP:d37', '59-2020-QH14:d79', '100-2019-ND-CP:d43', '168-2024-ND-CP:d13', '59-2020-QH14:d30', '168-2024-ND-CP:d22', '36-2024-QH15:d38']","['59-2020-QH14:d87', '59-2020-QH14:d76', '59-2020-QH14:d75', '59-2020-QH14:d47']","['59-2020-QH14:d87', '59-2020-QH14:d76', '59-2020-QH14:d75', '59-2020-QH14:d47', '59-2020-QH14:d217', '59-2020-QH14:d205', '59-2020-QH14:d17', '01-2021-ND:d68', '168-2025-ND:d71', '100-2019-ND-CP:d42', '01-2021-ND:d60', '23-2022-ND:d48', '01-2021-ND:d61', '100-2019-ND-CP:d64', '89-2024-ND:d7', '59-2020-QH14:d211', '168-2025-ND:d84', '36-2024-QH15:d39', '44-2025-ND:d1', '168-2024-ND-CP:d34', '100-2019-ND-CP:d50', '168-2024-ND-CP:d48', '100-2019-ND-CP:d28', '168-2024-ND-CP:d37', '59-2020-QH14:d79', '100-2019-ND-CP:d43', '168-2024-ND-CP:d13', '59-2020-QH14:d30', '168-2024-ND-CP:d22', '36-2024-QH15:d38']",0.85,0,0.0,0,0.0,1,0.5,1,0.5,1,0.5,1,0.5,0.25
91,,"E chào anh/chị!! Cho e hỏi thủ tục chuyển từ CTY 1TV lên Cổ Phần thì thành phần hồ sơ gồm những mẫu nào ạ. Dạ và khi soạn hồ sơ cần lưu ý gì ko ạ
E cảm ơn anh/chị
E chào anh/chị!! Cho e hỏi thủ tục chuyển từ CTY 1TV lên Cổ Phần thì thành phần hồ sơ gồm những mẫu nào ạ. Dạ và khi soạn hồ sơ cần lưu ý gì ko ạ
E cảm ơn anh/chị",['59-2020-QH14:d203'],1,"Theo Điều 203 Luật Doanh nghiệp 2020, hồ sơ chuyển đổi từ công ty TNHH 1 thành viên sang công ty cổ phần gồm: (1) Giấy đề nghị đăng ký doanh nghiệp; (2) Điều lệ công ty cổ phần; (3) Quyết định của chủ sở hữu về việc chuyển đổi; (4) Danh sách cổ đông sáng lập; (5) Bản sao giấy tờ pháp lý cá nhân của cổ đông sáng lập. Lưu ý: phải có tối thiểu 3 cổ đông sáng lập, vốn điều lệ chia thành cổ phần.",Điều 203 Luật Doanh nghiệp 2020,False,Không thể tạo câu trả lời.,"['59-2020-QH14:d202', '59-2020-QH14:d111', '59-2020-QH14:d112', '59-2020-QH14:d113', '59-2020-QH14:d121', '59-2020-QH14:d122', '59-2020-QH14:d123', '59-2020-QH14:d34', '59-2020-QH14:d47', '59-2020-QH14:d46', '168-2025-ND:d47', '168-2025-ND:d24', '168-2024-ND-CP:d40', '100-2019-ND-CP:d48', '59-2020-QH14:d114', '100-2019-ND-CP:d30', '100-2019-ND-CP:d50', '59-2020-QH14:d133', '01-2021-ND:d45', '01-2021-ND:d29', '16-2023-ND:d10', '47-2021-ND:d11', '01-2021-ND:d12', '59-2020-QH14:d25', '168-2024-ND-CP:d32', '59-2020-QH14:d26', '168-2025-ND:d92', '59-2020-QH14:d150', '100-2019-ND-CP:d81', '23-2022-ND:d22']","['59-2020-QH14:d202', '59-2020-QH14:d111', '59-2020-QH14:d112', '59-2020-QH14:d113', '59-2020-QH14:d121', '59-2020-QH14:d122', '59-2020-QH14:d123']","['59-2020-QH14:d123', '59-2020-QH14:d202', '59-2020-QH14:d111', '59-2020-QH14:d112', '59-2020-QH14:d113', '59-2020-QH14:d121', '59-2020-QH14:d122', '59-2020-QH14:d34', '59-2020-QH14:d47', '59-2020-QH14:d46', '168-2025-ND:d47', '168-2025-ND:d24', '168-2024-ND-CP:d40', '100-2019-ND-CP:d48', '59-2020-QH14:d114', '100-2019-ND-CP:d30', '100-2019-ND-CP:d50', '59-2020-QH14:d133', '01-2021-ND:d45', '01-2021-ND:d29', '16-2023-ND:d10', '47-2021-ND:d11', '01-2021-ND:d12', '59-2020-QH14:d25', '168-2024-ND-CP:d32', '59-2020-QH14:d26', '168-2025-ND:d92', '59-2020-QH14:d150', '100-2019-ND-CP:d81', '23-2022-ND:d22']",0.0,0,0.0,0,0.0,0,0.0,0,0.0,0,0.0,0,0.0,0.0
94,"Loại 6: Giải thể & Phá sản - Thủ tục, thanh toán nợ, tạm ngưng","Anh chị cho em hỏi ở TPHCM trong Thông báo tạm ngừng có bắt buộc điền số điện thoại đin diện không ạ? Nếu đại diện là người nước ngoài thì không phải điền số định danh cá nhân phải không ạ?
Em cảm ơn anh chị!",['59-2020-QH14:d206'],1,"Theo Điều 206 Luật Doanh nghiệp 2020 và quy định về đăng ký doanh nghiệp, Thông báo tạm ngừng kinh doanh cần ghi đầy đủ thông tin người đại diện theo pháp luật. Đối với người Việt Nam, cần điền số định danh cá nhân. Đối với người nước ngoài làm đại diện pháp luật, điền số hộ chiếu thay vì số định danh cá nhân. Số điện thoại là thông tin liên hệ cần thiết để cơ quan đăng ký có thể liên hệ khi cần.",Điều 206 Luật Doanh nghiệp 2020,False,"# Tư vấn pháp luật

Xin lỗi, em nhé. Dựa trên các tài liệu được cung cấp, **tôi không tìm thấy quy định pháp luật cụ thể** chi tiết về:

1. **Yêu cầu bắt buộc điền số điện thoại** trong thông báo tạm ngừng kinh doanh
2. **Yêu cầu về số định danh cá nhân của đại diện là người nước ngoài**

---

## Những gì pháp luật quy định:

Căn cứ vào **Điều 206 Luật Doanh nghiệp 2020**, doanh nghiệp chỉ được quy định rằng phải **""thông báo bằng văn bản cho Cơ quan đăng ký kinh doanh""** về việc tạm ngừng kinh doanh, nhưng không nêu chi tiết về **những thông tin bắt buộc phải điền** (số điện thoại, số định danh, v.v.).

---

## Khuyến cáo:

Để có câu trả lời chính xác về các yêu cầu cụ thể này, em nên:

✓ **Liên hệ trực tiếp Phòng Đăng ký Kinh doanh** (DRC) cấp tỉnh ở TP.HCM để hỏi về **biểu mẫu thông báo tạm ngừng kinh doanh hiện hành** và những **trường hợp xác định danh tính của đại diện nước ngoài**

✓ Xem **Quy chế thực hiện hoặc Hướng dẫn** của DRC TP.HCM về mẫu đơn thông báo

---

**Căn cứ pháp lý:** Điều 206 Luật Doanh nghiệp 2020","['168-2025-ND:d60', '01-2021-ND:d66', '59-2020-QH14:d206', '36-2024-QH15:d55', '100-2019-ND-CP:d48', '168-2025-ND:d71', '168-2024-ND-CP:d2', '36-2024-QH15:d39', '100-2019-ND-CP:d28', '100-2019-ND-CP:d2', '59-2020-QH14:d44', '01-2021-ND:d2', '168-2025-ND:d43', '01-2021-ND:d98', '59-2020-QH14:d193', '01-2021-ND:d11', '248-2025-ND:d3', '01-2021-ND:d89', '36-2024-QH15:d71', '36-2024-QH15:d36', '100-2019-ND-CP:d77', '168-2024-ND-CP:d18', '100-2019-ND-CP:d61', '59-2020-QH14:d25', '59-2020-QH14:d4', '100-2019-ND-CP:d11', '168-2024-ND-CP:d39', '36-2024-QH15:d85', '59-2020-QH14:d21', '59-2020-QH14:d41']","['168-2025-ND:d60', '01-2021-ND:d66']","['59-2020-QH14:d206', '168-2025-ND:d60', '01-2021-ND:d66', '36-2024-QH15:d55', '100-2019-ND-CP:d48', '168-2025-ND:d71', '168-2024-ND-CP:d2', '36-2024-QH15:d39', '100-2019-ND-CP:d28', '100-2019-ND-CP:d2', '59-2020-QH14:d44', '01-2021-ND:d2', '168-2025-ND:d43', '01-2021-ND:d98', '59-2020-QH14:d193', '01-2021-ND:d11', '248-2025-ND:d3', '01-2021-ND:d89', '36-2024-QH15:d71', '36-2024-QH15:d36', '100-2019-ND-CP:d77', '168-2024-ND-CP:d18', '100-2019-ND-CP:d61', '59-2020-QH14:d25', '59-2020-QH14:d4', '100-2019-ND-CP:d11', '168-2024-ND-CP:d39', '36-2024-QH15:d85', '59-2020-QH14:d21', '59-2020-QH14:d41']",0.85,0,0.0,1,1.0,1,1.0,1,1.0,1,1.0,1,1.0,0.3333
96,"Loại 7: Thay đổi ĐKKD - Địa chỉ, tên, ngành nghề",Anh chị cho em hỏi ngành nghề làm dịch vụ tư vấn visa và hộ chiếu thì mình chọn mã ngành nào?,['59-2020-QH14:d7'],1,"Theo Điều 7 Luật Doanh nghiệp 2020, doanh nghiệp có quyền tự do kinh doanh trong những ngành, nghề mà pháp luật không cấm. Dịch vụ tư vấn visa và hộ chiếu có thể đăng ký mã ngành: 8299 - Hoạt động hỗ trợ kinh doanh khác chưa được phân vào đâu; hoặc 7490 - Hoạt động chuyên môn, khoa học và công nghệ khác chưa được phân vào đâu. Lưu ý: không được thực hiện dịch vụ làm visa/hộ chiếu thay cơ quan nhà nước.",Điều 7 Luật Doanh nghiệp 2020,False,"# Tư vấn về mã ngành kinh doanh dịch vụ tư vấn visa và hộ chiếu

Căn cứ vào **Điều 23 Luật Doanh nghiệp 2020**, khi đăng ký doanh nghiệp bạn phải kê khai rõ ""**Ngành, nghề kinh doanh**"" trong giấy đề nghị đăng ký. Luật cũng ghi nhận nguyên tắc tự do kinh doanh các ngành, nghề mà luật không cấm (Điều 7).

Tuy nhiên, để xác định **mã ngành cụ thể** cho dịch vụ tư vấn visa và hộ chiếu, bạn cần tham khảo **Danh mục phân loại ngành kinh tế Việt Nam (VSIC)**, là danh mục chính thức được Nhà nước quy định cho việc phân loại các hoạt động kinh tế.

**Khuyến nghị của tôi:**
- Liên hệ trực tiếp với **Sở Kế hoạch và Đầu tư** địa phương để được hướng dẫn mã ngành chính xác
- Hoặc tham khảo một tư vấn viên chuyên về đăng ký kinh doanh để đảm bảo chọn mã ngành phù hợp với phạm vi hoạt động dự kiến

---

**Căn cứ pháp lý:** 
- Điều 23 (Luật Doanh nghiệp 2020)
- Điều 7 (Luật Doanh nghiệp 2020)","['59-2020-QH14:d23', '59-2020-QH14:d26', '59-2020-QH14:d28', '01-2021-ND:d36', '168-2025-ND:d24', '168-2025-ND:d33', '59-2020-QH14:d4', '59-2020-QH14:d7', '168-2025-ND:d11', '01-2021-ND:d11', '168-2024-ND-CP:d52', '168-2024-ND-CP:d47', '168-2024-ND-CP:d51', '01-2021-ND:d12', '100-2019-ND-CP:d28', '23-2022-ND:d49', '168-2024-ND-CP:d50', '59-2020-QH14:d31', '01-2021-ND:d37', '100-2019-ND-CP:d22', '44-2025-ND:d14', '44-2025-ND:d4', '23-2022-ND:d50', '168-2024-ND-CP:d41', '59-2020-QH14:d9', '168-2024-ND-CP:d40', '100-2019-ND-CP:d38', '100-2019-ND-CP:d23', '168-2024-ND-CP:d20', '100-2019-ND-CP:d81', '100-2019-ND-CP:d12']","['59-2020-QH14:d23', '59-2020-QH14:d26', '59-2020-QH14:d28', '01-2021-ND:d36', '168-2025-ND:d24', '168-2025-ND:d33']","['59-2020-QH14:d4', '59-2020-QH14:d26', '59-2020-QH14:d28', '01-2021-ND:d36', '168-2025-ND:d24', '168-2025-ND:d33', '59-2020-QH14:d7', '168-2025-ND:d11', '01-2021-ND:d11', '168-2024-ND-CP:d52', '168-2024-ND-CP:d47', '168-2024-ND-CP:d51', '01-2021-ND:d12', '100-2019-ND-CP:d28', '23-2022-ND:d49', '168-2024-ND-CP:d50', '59-2020-QH14:d31', '01-2021-ND:d37', '100-2019-ND-CP:d22', '44-2025-ND:d14', '44-2025-ND:d4', '23-2022-ND:d50', '168-2024-ND-CP:d41', '59-2020-QH14:d9', '168-2024-ND-CP:d40', '100-2019-ND-CP:d38', '100-2019-ND-CP:d23', '168-2024-ND-CP:d20', '100-2019-ND-CP:d81', '100-2019-ND-CP:d12']",0.85,0,0.0,0,0.0,0,0.0,1,1.0,1,1.0,1,1.0,0.125
98,"Loại 7: Thay đổi ĐKKD - Địa chỉ, tên, ngành nghề","Công ty tư nhân có địa chỉ dkkd là nhà sếp nhưng thuê văn phòng ở chỗ khác, nay mình muốn đăng ký địa chỉ văn phòng này để thuế không bắt lỗi không hoạt động tại địa điểm thì mình làm mẫu nào ạ, mình hỏi sơ sơ bảo mẫu 17 rồi 19 của Tt 68. Có ai hướng dẫn giúp mình tý dc ko ạ. Mình cảm ơn",['59-2020-QH14:d45'],1,"Theo Điều 45 Luật Doanh nghiệp 2020, doanh nghiệp có thể đăng ký địa điểm kinh doanh ngoài trụ sở chính. Để đăng ký văn phòng thuê làm địa điểm kinh doanh, sử dụng Thông báo về việc đặt địa điểm kinh doanh. Địa điểm kinh doanh được cấp mã số riêng gắn với mã số doanh nghiệp. Như vậy doanh nghiệp có thể giữ trụ sở chính tại nhà và đăng ký địa điểm kinh doanh tại văn phòng thuê.",Điều 45 Luật Doanh nghiệp 2020,False,"# Hướng Dẫn Pháp Lý: Đăng Ký Địa Chỉ Văn Phòng Hoạt Động

Căn cứ vào pháp luật Việt Nam, tình huống của bạn có hai khả năng xử lý như sau:

## **Trường hợp 1: Thay đổi trụ sở chính** (nếu muốn chuyển từ nhà sếp sang văn phòng mới)

Nếu bạn muốn **thay đổi địa chỉ trụ sở chính** của công ty từ nhà sếp sang văn phòng cho thuê, bạn phải:

1. **Thực hiện thủ tục thuế trước** - Thông báo với cơ quan thuế về việc chuyển địa điểm (vì điều này có thể dẫn đến thay đổi cơ quan thuế quản lý)
2. **Gửi hồ sơ đăng ký thay đổi** đến Cơ quan đăng ký kinh doanh cấp tỉnh nơi có trụ sở mới
3. Trong thời hạn **10 ngày kể từ khi có thay đổi**

---

## **Trường hợp 2: Thông báo địa điểm kinh doanh** (nếu chỉ muốn bổ sung địa chỉ hoạt động)

Nếu bạn chỉ muốn **thông báo một địa điểm kinh doanh mới** mà vẫn giữ nhà sếp là trụ sở chính, bạn chỉ cần:

1. **Thông báo địa điểm kinh doanh** đến Cơ quan đăng ký kinh doanh
2. Thực hiện trong vòng **10 ngày kể từ khi quyết định địa điểm này**

Địa điểm kinh doanh là ""nơi doanh nghiệp tiến hành hoạt động kinh doanh cụ thể"", khác với trụ số chính.

---

## **Lưu ý quan trọng**

Để tránh bị xử phạt về không hoạt động tại địa điểm đăng ký, bạn **cần chọn phương án phù hợp với tình hình thực tế**:

- Nếu thực tế chỉ hoạt động ở văn phòng mới → nên **thay đổi trụ sở chính** để đồng nhất
- Nếu cần hai địa điểm hoạt động → **thông báo thêm địa điểm kinh doanh**

Mẫu biểu chính xác (mẫu 17, 19 của TT 68) bạn nên hỏi trực tiếp tại Phòng Đăng ký kinh doanh cấp tỉnh nơi công ty đặt trụ sở, họ sẽ cấp mẫu chính thức và hướng dẫn cụ thể.

---

**Căn cứ pháp lý:** Điều 40 (Nghị định 168/2025/ND-CP), Điều 45 (Luật Doanh nghiệp 59/2020/QH14), Điều 62 (Nghị định 01/2021/ND-CP)","['01-2021-ND:d62', '168-2025-ND:d40', '168-2025-ND:d57', '59-2020-QH14:d44', '59-2020-QH14:d31', '59-2020-QH14:d45', '59-2020-QH14:d42', '36-2024-QH15:d39', '01-2021-ND:d68', '168-2024-ND-CP:d29', '59-2020-QH14:d55', '59-2020-QH14:d206', '168-2025-ND:d71', '168-2024-ND-CP:d20', '100-2019-ND-CP:d60', '59-2020-QH14:d60', '23-2022-ND:d13', '168-2024-ND-CP:d14', '100-2019-ND-CP:d61', '59-2020-QH14:d146', '59-2020-QH14:d26', '100-2019-ND-CP:d17', '168-2024-ND-CP:d32', '100-2019-ND-CP:d30', '23-2022-ND:d55', '89-2024-ND:d6', '100-2019-ND-CP:d24', '100-2019-ND-CP:d76', '100-2019-ND-CP:d23', '168-2025-ND:d29']","['01-2021-ND:d62', '168-2025-ND:d40', '168-2025-ND:d57']","['59-2020-QH14:d44', '01-2021-ND:d62', '168-2025-ND:d40', '168-2025-ND:d57', '59-2020-QH14:d31', '59-2020-QH14:d45', '59-2020-QH14:d42', '36-2024-QH15:d39', '01-2021-ND:d68', '168-2024-ND-CP:d29', '59-2020-QH14:d55', '59-2020-QH14:d206', '168-2025-ND:d71', '168-2024-ND-CP:d20', '100-2019-ND-CP:d60', '59-2020-QH14:d60', '23-2022-ND:d13', '168-2024-ND-CP:d14', '100-2019-ND-CP:d61', '59-2020-QH14:d146', '59-2020-QH14:d26', '100-2019-ND-CP:d17', '168-2024-ND-CP:d32', '100-2019-ND-CP:d30', '23-2022-ND:d55', '89-2024-ND:d6', '100-2019-ND-CP:d24', '100-2019-ND-CP:d76', '100-2019-ND-CP:d23', '168-2025-ND:d29']",0.85,0,0.0,0,0.0,0,0.0,1,1.0,1,1.0,1,1.0,0.1667
105,"Loại 7: Thay đổi ĐKKD - Địa chỉ, tên, ngành nghề","Em cần thay đổi tăng vốn điều lệ, bổ sung ngành nghề kinh doanh, lập địa chỉ kd mới ac nào làm đc ib e nhé, ở Hà Nội ạ
Em cần thay đổi tăng vốn điều lệ, bổ sung ngành nghề kinh doanh, lập địa chỉ kd mới ac nào làm đc ib e nhé, ở Hà Nội ạ","['59-2020-QH14:d28', '59-2020-QH14:d44', '59-2020-QH14:d68', '59-2020-QH14:d7', '59-2020-QH14:d87']",5,"Theo Luật Doanh nghiệp 2020: (1) Tăng vốn điều lệ: Công ty TNHH thực hiện theo Điều 68 (2TV) hoặc Điều 87 (1TV); (2) Bổ sung ngành nghề: theo Điều 7 về quyền kinh doanh ngành nghề mà pháp luật không cấm, cần đăng ký thay đổi theo Điều 28; (3) Lập địa điểm kinh doanh: theo Điều 44 về địa điểm kinh doanh của doanh nghiệp.","Điều 7 Luật Doanh nghiệp 2020
Điều 28 Luật Doanh nghiệp 2020
Điều 44 Luật Doanh nghiệp 2020
Điều 68 Luật Doanh nghiệp 2020
Điều 87 Luật Doanh nghiệp 2020",False,Không thể tạo câu trả lời.,"['168-2025-ND:d44', '168-2025-ND:d49', '168-2025-ND:d56', '01-2021-ND:d47', '01-2021-ND:d51', '01-2021-ND:d56', '01-2021-ND:d20', '59-2020-QH14:d31', '59-2020-QH14:d30', '59-2020-QH14:d44', '59-2020-QH14:d28', '59-2020-QH14:d7', '36-2024-QH15:d39', '59-2020-QH14:d4', '100-2019-ND-CP:d64', '89-2024-ND:d7', '59-2020-QH14:d211', '23-2022-ND:d48', '168-2024-ND-CP:d21', '100-2019-ND-CP:d25', '100-2019-ND-CP:d24', '168-2025-ND:d43', '168-2024-ND-CP:d22', '168-2024-ND-CP:d36', '44-2025-ND:d1', '100-2019-ND-CP:d30', '168-2024-ND-CP:d32', '100-2019-ND-CP:d41', '100-2019-ND-CP:d15', '168-2024-ND-CP:d20']","['168-2025-ND:d44', '168-2025-ND:d49', '168-2025-ND:d56', '01-2021-ND:d47', '01-2021-ND:d51', '01-2021-ND:d56', '01-2021-ND:d20']","['168-2025-ND:d44', '59-2020-QH14:d31', '59-2020-QH14:d30', '168-2025-ND:d49', '168-2025-ND:d56', '01-2021-ND:d47', '01-2021-ND:d51', '01-2021-ND:d56', '01-2021-ND:d20', '59-2020-QH14:d44', '59-2020-QH14:d28', '59-2020-QH14:d7', '36-2024-QH15:d39', '59-2020-QH14:d4', '100-2019-ND-CP:d64', '89-2024-ND:d7', '59-2020-QH14:d211', '23-2022-ND:d48', '168-2024-ND-CP:d21', '100-2019-ND-CP:d25', '100-2019-ND-CP:d24', '168-2025-ND:d43', '168-2024-ND-CP:d22', '168-2024-ND-CP:d36', '44-2025-ND:d1', '100-2019-ND-CP:d30', '168-2024-ND-CP:d32', '100-2019-ND-CP:d41', '100-2019-ND-CP:d15', '168-2024-ND-CP:d20']",0.0,0,0.0,0,0.0,0,0.0,1,0.2,1,0.6,1,0.6,0.1
109,"Loại 1: Thành lập doanh nghiệp - Thủ tục, điều kiện, hồ sơ thành lập",Bây giờ nộp hồ sơ thành lập doanh nghiệp có bị yêu cầu đính kèm giấy tờ pháp lý về trụ sở nữa ko ạ. Chỗ em chưa có sổ hồng do chưa hoàn công được,"['59-2020-QH14:d27', '59-2020-QH14:d28', '59-2020-QH14:d42']",3,"Theo Điều 27 và Điều 28 Luật Doanh nghiệp 2020, hồ sơ đăng ký thành lập doanh nghiệp không bắt buộc phải nộp kèm giấy tờ chứng minh quyền sở hữu/sử dụng trụ sở. Tuy nhiên, doanh nghiệp phải chịu trách nhiệm về tính hợp pháp của địa chỉ trụ sở đã đăng ký. Địa chỉ trụ sở phải xác định được, có số nhà/tên đường theo Điều 42 LDN 2020.","Điều 27 Luật Doanh nghiệp 2020
Điều 28 Luật Doanh nghiệp 2020
Điều 42 Luật Doanh nghiệp 2020",False,"# TƯ VẤN PHÁP LUẬT

Dựa trên quy định hiện hành, **hồ sơ đăng ký doanh nghiệp KHÔNG bắt buộc phải đính kèm giấy tờ pháp lý về trụ sở** (như sổ hồng/sổ đỏ).

## Giấy tờ thực tế cần đính kèm:

Các loại hồ sơ đăng ký doanh nghiệp chỉ yêu cầu:

1. **Giấy đề nghị đăng ký doanh nghiệp**
2. **Giấy tờ pháp lý của cá nhân** (đối với chủ doanh nghiệp tư nhân, người đại diện theo pháp luật, các thành viên):
   - Thẻ Căn cước công dân
   - Giấy chứng minh nhân dân
   - Hộ chiếu
   - Giấy tờ chứng thực cá nhân hợp pháp khác

3. **Các giấy tờ khác** tùy loại doanh nghiệp (Điều lệ công ty, Danh sách thành viên, v.v.)

## Trường hợp của bạn:

Vì chỗ bạn chưa hoàn công, chưa có sổ hồng - **điều này KHÔNG ảnh hưởng đến việc nộp hồ sơ đăng ký doanh nghiệp**. Bạn hoàn toàn có thể nộp hồ sơ mà không cần sổ hồng. Tuy nhiên, bạn cần đảm bảo kê khai chính xác địa chỉ trụ sở trong đơn đăng ký.

---

**Căn cứ pháp lý:** Điều 21, 22, 23, 24 của Nghị định số 01/2021/ND-CP và Điều 4 của Luật Doanh nghiệp số 59/2020/QH14","['168-2025-ND:d24', '01-2021-ND:d21', '01-2021-ND:d22', '01-2021-ND:d23', '01-2021-ND:d24', '01-2021-ND:d31', '59-2020-QH14:d26', '59-2020-QH14:d27', '59-2020-QH14:d17', '59-2020-QH14:d4', '100-2019-ND-CP:d82', '168-2025-ND:d3', '23-2022-ND:d12', '01-2021-ND:d37', '89-2024-ND:d6', '23-2022-ND:d8', '168-2025-ND:d47', '23-2022-ND:d9', '01-2021-ND:d53', '168-2025-ND:d87', '59-2020-QH14:d30', '100-2019-ND-CP:d51', '100-2019-ND-CP:d48', '168-2025-ND:d25', '36-2024-QH15:d56', '23-2022-ND:d25', '59-2020-QH14:d207', '168-2024-ND-CP:d48', '23-2022-ND:d43', '16-2023-ND:d1', '47-2021-ND:d12', '16-2023-ND:d10', '89-2024-ND:d1']","['168-2025-ND:d24', '01-2021-ND:d21', '01-2021-ND:d22', '01-2021-ND:d23', '01-2021-ND:d24', '01-2021-ND:d31', '59-2020-QH14:d26']","['59-2020-QH14:d26', '01-2021-ND:d22', '168-2025-ND:d24', '59-2020-QH14:d27', '01-2021-ND:d31', '59-2020-QH14:d17', '59-2020-QH14:d4', '100-2019-ND-CP:d82', '168-2025-ND:d3', '23-2022-ND:d12', '01-2021-ND:d37', '89-2024-ND:d6', '23-2022-ND:d8', '168-2025-ND:d47', '23-2022-ND:d9', '01-2021-ND:d53', '168-2025-ND:d87', '59-2020-QH14:d30', '100-2019-ND-CP:d51', '100-2019-ND-CP:d48', '168-2025-ND:d25', '36-2024-QH15:d56', '23-2022-ND:d25', '59-2020-QH14:d207', '168-2024-ND-CP:d48', '23-2022-ND:d43', '16-2023-ND:d1', '47-2021-ND:d12', '16-2023-ND:d10', '89-2024-ND:d1']",0.85,0,0.0,0,0.0,0,0.0,1,0.3333,1,0.3333,1,0.3333,0.125
113,"Loại 6: Giải thể & Phá sản - Thủ tục, thanh toán nợ, tạm ngưng",Các bác cho e hỏi e muốn giải thể cty thì giờ cần những thủ tục gì ạ . 1 năm nay e k hoạt động và cũng k báo cáo thuế,"['59-2020-QH14:d207', '59-2020-QH14:d208', '59-2020-QH14:d209']",3,"Theo Điều 207, 208 Luật Doanh nghiệp 2020, giải thể doanh nghiệp gồm các bước: (1) Thông qua quyết định giải thể; (2) Thanh lý tài sản, thanh toán nợ theo thứ tự ưu tiên tại Điều 208; (3) Gửi hồ sơ giải thể đến Cơ quan ĐKKD trong 05 ngày. Trước đó cần hoàn tất nghĩa vụ thuế - quyết toán thuế các năm chưa báo cáo, nộp phạt chậm nộp báo cáo theo quy định của Luật Quản lý thuế.","Điều 207 Luật Doanh nghiệp 2020
Điều 208 Luật Doanh nghiệp 2020
Điều 209 Luật Doanh nghiệp 2020",False,Không thể tạo câu trả lời.,"['59-2020-QH14:d206', '59-2020-QH14:d207', '59-2020-QH14:d208', '59-2020-QH14:d210', '59-2020-QH14:d212', '01-2021-ND:d70', '01-2021-ND:d71', '168-2025-ND:d60', '168-2025-ND:d64', '01-2021-ND:d66', '168-2025-ND:d70', '168-2024-ND-CP:d13', '168-2024-ND-CP:d14', '100-2019-ND-CP:d16', '168-2024-ND-CP:d27', '168-2024-ND-CP:d20', '47-2021-ND:d31', '59-2020-QH14:d215', '168-2025-ND:d17', '59-2020-QH14:d153', '100-2019-ND-CP:d76', '100-2019-ND-CP:d23', '168-2024-ND-CP:d21', '168-2024-ND-CP:d16', '100-2019-ND-CP:d11', '168-2024-ND-CP:d15', '100-2019-ND-CP:d28', '168-2024-ND-CP:d18', '168-2024-ND-CP:d32', '100-2019-ND-CP:d18', '36-2024-QH15:d42']","['59-2020-QH14:d206', '59-2020-QH14:d207', '59-2020-QH14:d208', '59-2020-QH14:d210', '59-2020-QH14:d212', '01-2021-ND:d70', '01-2021-ND:d71']","['59-2020-QH14:d206', '59-2020-QH14:d207', '59-2020-QH14:d208', '59-2020-QH14:d210', '59-2020-QH14:d212', '01-2021-ND:d70', '168-2025-ND:d60', '168-2025-ND:d64', '01-2021-ND:d66', '168-2025-ND:d70', '168-2024-ND-CP:d13', '168-2024-ND-CP:d14', '100-2019-ND-CP:d16', '168-2024-ND-CP:d27', '168-2024-ND-CP:d20', '47-2021-ND:d31', '59-2020-QH14:d215', '168-2025-ND:d17', '59-2020-QH14:d153', '100-2019-ND-CP:d76', '100-2019-ND-CP:d23', '168-2024-ND-CP:d21', '168-2024-ND-CP:d16', '100-2019-ND-CP:d11', '168-2024-ND-CP:d15', '100-2019-ND-CP:d28', '168-2024-ND-CP:d18', '168-2024-ND-CP:d32', '100-2019-ND-CP:d18', '36-2024-QH15:d42']",0.0,0,0.0,1,0.6667,1,0.6667,1,0.6667,1,0.6667,1,0.6667,0.5
115,"Loại 4: Người đại diện pháp luật - Điều kiện, thay đổi, trách nhiệm","Anh chị cho e hỏi e để người đại diện pl là 1 người chủ tịch hội đồng thành viên trên dkkd. nhưng người ký các giấy tờ khác thì chủ tịch hội đồng thành viên ủy quyền cho giám đốc ký hợp đồng, ngân hàng ... thì có được không ạ vì e muốn như thế nên hỏi. e đang dự định thành lập doanh nghiệp để như thế","['59-2020-QH14:d12', '59-2020-QH14:d55', '59-2020-QH14:d56']",3,"Theo Điều 12 Luật Doanh nghiệp 2020, người đại diện theo pháp luật có thể ủy quyền cho người khác thực hiện quyền và nghĩa vụ của mình. Chủ tịch HĐTV có thể đăng ký là người đại diện pháp luật và ủy quyền cho Giám đốc ký các văn bản, hợp đồng. Việc ủy quyền phải tuân thủ Điều lệ công ty và phù hợp với quy định tại Điều 55, 56 LDN 2020 về quyền của HĐTV và Giám đốc.","Điều 12 Luật Doanh nghiệp 2020
Điều 55 Luật Doanh nghiệp 2020
Điều 56 Luật Doanh nghiệp 2020",False,Không thể tạo câu trả lời.,"['59-2020-QH14:d46', '59-2020-QH14:d55', '59-2020-QH14:d56', '59-2020-QH14:d63', '59-2020-QH14:d54', '59-2020-QH14:d67', '59-2020-QH14:d12', '59-2020-QH14:d26', '168-2025-ND:d37', '59-2020-QH14:d203', '01-2021-ND:d44', '44-2025-ND:d2', '59-2020-QH14:d30', '168-2025-ND:d43', '248-2025-ND:d3', '59-2020-QH14:d4', '01-2021-ND:d61', '23-2022-ND:d12', '23-2022-ND:d43', '248-2025-ND:d1', '89-2024-ND:d10', '59-2020-QH14:d210', '100-2019-ND-CP:d82', '59-2020-QH14:d11', '47-2021-ND:d33', '23-2022-ND:d8', '59-2020-QH14:d95', '23-2022-ND:d9', '59-2020-QH14:d27', '248-2025-ND:d2']","['59-2020-QH14:d46', '59-2020-QH14:d55', '59-2020-QH14:d56', '59-2020-QH14:d63', '59-2020-QH14:d54', '59-2020-QH14:d67', '59-2020-QH14:d12']","['59-2020-QH14:d55', '59-2020-QH14:d12', '59-2020-QH14:d26', '59-2020-QH14:d46', '59-2020-QH14:d56', '59-2020-QH14:d63', '59-2020-QH14:d54', '59-2020-QH14:d67', '168-2025-ND:d37', '59-2020-QH14:d203', '01-2021-ND:d44', '44-2025-ND:d2', '59-2020-QH14:d30', '168-2025-ND:d43', '248-2025-ND:d3', '59-2020-QH14:d4', '01-2021-ND:d61', '23-2022-ND:d12', '23-2022-ND:d43', '248-2025-ND:d1', '89-2024-ND:d10', '59-2020-QH14:d210', '100-2019-ND-CP:d82', '59-2020-QH14:d11', '47-2021-ND:d33', '23-2022-ND:d8', '59-2020-QH14:d95', '23-2022-ND:d9', '59-2020-QH14:d27', '248-2025-ND:d2']",0.0,0,0.0,1,0.6667,1,0.6667,1,1.0,1,1.0,1,1.0,0.5
116,"Loại 6: Giải thể & Phá sản - Thủ tục, thanh toán nợ, tạm ngưng","Dạ các Anh Chị cho e hỏi với ạ, giải thể chi nhánh công ty cổ phần (hạch toán độc lập) thì làm theo HỒ SƠ GIẢI THỂ hay CHẤM DỨT HOẠT ĐỘNG vậy ạ? E đọc được thông tin là Nếu cty mẹ vẫn hoạt động bình thường thì Chi nhánh làm thủ tục CHẤM DỨT HOẠT ĐỘNG chứ không phải GIẢI THỂ thì có đúng không ạ?
Mong các Anh Chị giúp đỡ ạ!","['59-2020-QH14:d207', '59-2020-QH14:d213', '59-2020-QH14:d45']",3,"Theo Điều 45 và Điều 213 Luật Doanh nghiệp 2020, chi nhánh là đơn vị phụ thuộc của doanh nghiệp, không có tư cách pháp nhân riêng. Khi doanh nghiệp (công ty mẹ) vẫn hoạt động mà chỉ muốn đóng chi nhánh, đúng là phải thực hiện thủ tục 'Chấm dứt hoạt động chi nhánh' theo Điều 213, không phải 'Giải thể'. Giải thể chỉ áp dụng cho pháp nhân doanh nghiệp theo Điều 207-210.","Điều 45 Luật Doanh nghiệp 2020
Điều 213 Luật Doanh nghiệp 2020
Điều 207 Luật Doanh nghiệp 2020",False,"# Trả lời

Dạ, thông tin mà anh/chị đọc được là **hoàn toàn chính xác** ạ.

Khi chi nhánh công ty cổ phần (hạch toán độc lập) cần ngừng hoạt động, chúng ta phải phân biệt rõ hai khái niệm:

## **CHẤM DỨT HOẠT ĐỘNG** (áp dụng cho chi nhánh)

Chi nhánh công ty cổ phần phải làm thủ tục **CHẤM DỨT HOẠT ĐỘNG**, không phải GIẢI THỂ. Đây là thủ tục bình thường khi chi nhánh ngừng hoạt động trong khi **công ty mẹ vẫn tiếp tục hoạt động**.

Quy trình như sau:
- Chi nhánh phải đăng ký với Cơ quan thuế để hoàn thành nghĩa vụ nộp thuế
- Trong vòng 10 ngày kể từ ngày quyết định chấm dứt hoạt động, doanh nghiệp gửi hồ sơ đăng ký chấm dứt hoạt động chi nhánh đến cơ quan đăng ký kinh doanh

## **GIẢI THỂ** (áp dụng cho doanh nghiệp mẹ)

GIẢI THỂ là thủ tục dành riêng cho **doanh nghiệp mẹ** khi doanh nghiệp đó **hoàn toàn ngừng hoạt động**. Chi nhánh không áp dụng thủ tục này.

**Tóm lại:** Vì công ty mẹ anh/chị vẫn hoạt động bình thường, nên chi nhánh chỉ cần thực hiện thủ tục **CHẤM DỨT HOẠT ĐỘNG** theo quy định pháp luật.

---

**Căn cứ pháp lý:**
- Điều 213 Luật Doanh nghiệp 2020 (59/2020/QH14)
- Điều 72 Nghị định 01/2021/ND
- Điều 66 Nghị định 168/2025/ND","['59-2020-QH14:d213', '01-2021-ND:d72', '168-2025-ND:d66', '168-2025-ND:d71', '59-2020-QH14:d217', '59-2020-QH14:d47', '59-2020-QH14:d17', '168-2025-ND:d24', '01-2021-ND:d98', '168-2024-ND-CP:d32', '59-2020-QH14:d55', '168-2025-ND:d17', '47-2021-ND:d11', '168-2024-ND-CP:d2', '100-2019-ND-CP:d39', '100-2019-ND-CP:d30', '59-2020-QH14:d123', '168-2025-ND:d36', '168-2025-ND:d104', '168-2025-ND:d55', '168-2025-ND:d47', '23-2022-ND:d13', '59-2020-QH14:d210', '36-2024-QH15:d30', '168-2024-ND-CP:d5', '168-2024-ND-CP:d40', '100-2019-ND-CP:d76', '47-2021-ND:d2', '168-2025-ND:d29', '59-2020-QH14:d44', '36-2024-QH15:d42']","['59-2020-QH14:d213', '01-2021-ND:d72', '168-2025-ND:d66', '168-2025-ND:d71']","['59-2020-QH14:d213', '01-2021-ND:d72', '168-2025-ND:d66', '59-2020-QH14:d217', '59-2020-QH14:d47', '59-2020-QH14:d17', '168-2025-ND:d24', '01-2021-ND:d98', '168-2024-ND-CP:d32', '59-2020-QH14:d55', '168-2025-ND:d17', '47-2021-ND:d11', '168-2024-ND-CP:d2', '100-2019-ND-CP:d39', '100-2019-ND-CP:d30', '59-2020-QH14:d123', '168-2025-ND:d36', '168-2025-ND:d104', '168-2025-ND:d55', '168-2025-ND:d47', '23-2022-ND:d13', '59-2020-QH14:d210', '36-2024-QH15:d30', '168-2024-ND-CP:d5', '168-2024-ND-CP:d40', '100-2019-ND-CP:d76', '47-2021-ND:d2', '168-2025-ND:d29', '59-2020-QH14:d44', '36-2024-QH15:d42']",0.85,1,0.3333,1,0.3333,1,0.3333,1,0.3333,1,0.3333,1,0.3333,1.0
118,"Loại 8: Quản trị công ty - HĐQT, ĐHĐCĐ, cổ đông, điều lệ",Anh chị cho em hỏi em muốn biết được thông tin cổ đông hoặc các thành viên công ty em làm thế nào ạ! Anh chị hướng dẫn giúp em với ạ,"['59-2020-QH14:d115', '59-2020-QH14:d122', '59-2020-QH14:d48', '59-2020-QH14:d49']",4,"Theo Luật Doanh nghiệp 2020: Với công ty TNHH, thông tin thành viên được lưu trong Sổ đăng ký thành viên theo Điều 48. Với công ty cổ phần, thông tin cổ đông được lưu trong Sổ đăng ký cổ đông theo Điều 122. Công ty phải lập và lưu giữ các sổ này tại trụ sở chính. Cổ đông/thành viên có quyền yêu cầu công ty cung cấp thông tin theo Điều 49, 115 LDN 2020.","Điều 48 Luật Doanh nghiệp 2020
Điều 49 Luật Doanh nghiệp 2020
Điều 115 Luật Doanh nghiệp 2020
Điều 122 Luật Doanh nghiệp 2020",False,Không thể tạo câu trả lời.,"['59-2020-QH14:d122', '59-2020-QH14:d141', '59-2020-QH14:d159', '59-2020-QH14:d171', '59-2020-QH14:d48', '59-2020-QH14:d73', '168-2025-ND:d74', '01-2021-ND:d27', '01-2021-ND:d31', '01-2021-ND:d33', '01-2021-ND:d36', '01-2021-ND:d38', '01-2021-ND:d41', '01-2021-ND:d44', '01-2021-ND:d46', '01-2021-ND:d47', '01-2021-ND:d49', '01-2021-ND:d50', '01-2021-ND:d53', '01-2021-ND:d57', '01-2021-ND:d60', '01-2021-ND:d62', '01-2021-ND:d68', '01-2021-ND:d72', '01-2021-ND:d75', '01-2021-ND:d78', '01-2021-ND:d80', '01-2021-ND:d82', '01-2021-ND:d85', '01-2021-ND:d88', '01-2021-ND:d92', '01-2021-ND:d94', '01-2021-ND:d96', '01-2021-ND:d97', '01-2021-ND:d99', '59-2020-QH14:d21']","['59-2020-QH14:d122', '59-2020-QH14:d141', '59-2020-QH14:d159', '59-2020-QH14:d171', '59-2020-QH14:d48', '59-2020-QH14:d73', '168-2025-ND:d74']","['01-2021-ND:d27', '01-2021-ND:d31', '01-2021-ND:d33', '01-2021-ND:d36', '01-2021-ND:d38', '01-2021-ND:d41', '01-2021-ND:d44', '01-2021-ND:d46', '01-2021-ND:d47', '01-2021-ND:d49', '01-2021-ND:d50', '01-2021-ND:d53', '01-2021-ND:d57', '01-2021-ND:d60', '01-2021-ND:d62', '01-2021-ND:d68', '01-2021-ND:d72', '01-2021-ND:d75', '01-2021-ND:d78', '01-2021-ND:d80', '01-2021-ND:d82', '01-2021-ND:d85', '01-2021-ND:d88', '01-2021-ND:d92', '01-2021-ND:d94', '01-2021-ND:d96', '01-2021-ND:d97', '01-2021-ND:d99', '59-2020-QH14:d122', '59-2020-QH14:d21']",0.0,1,0.25,1,0.25,1,0.5,1,0.5,1,0.5,1,0.5,1.0
120,"Loại 7: Thay đổi ĐKKD - Địa chỉ, tên, ngành nghề","Cần hỗ trợ bổ sung tên tiếng anh cho cty.
Cần hỗ trợ bổ sung tên tiếng anh cho cty.","['59-2020-QH14:d30', '59-2020-QH14:d37', '59-2020-QH14:d38']",3,"Theo Điều 37, 38 Luật Doanh nghiệp 2020 về tên doanh nghiệp, doanh nghiệp có quyền đăng ký tên bằng tiếng nước ngoài. Tên tiếng nước ngoài là tên được dịch từ tên tiếng Việt sang ngôn ngữ tương ứng, phải đảm bảo không trùng hoặc gây nhầm lẫn. Để bổ sung tên tiếng Anh, doanh nghiệp thực hiện thủ tục thay đổi nội dung đăng ký doanh nghiệp theo Điều 30 LDN 2020.","Điều 37 Luật Doanh nghiệp 2020
Điều 38 Luật Doanh nghiệp 2020
Điều 30 Luật Doanh nghiệp 2020",False,Không thể tạo câu trả lời.,"['168-2025-ND:d57', '01-2021-ND:d48', '01-2021-ND:d63', '59-2020-QH14:d39', '59-2020-QH14:d37', '59-2020-QH14:d30', '36-2024-QH15:d21', '36-2024-QH15:d22', '36-2024-QH15:d24', '36-2024-QH15:d26', '36-2024-QH15:d34', '36-2024-QH15:d36', '36-2024-QH15:d38', '36-2024-QH15:d40', '36-2024-QH15:d42', '36-2024-QH15:d45', '36-2024-QH15:d46', '36-2024-QH15:d49', '36-2024-QH15:d51', '36-2024-QH15:d54', '36-2024-QH15:d58', '36-2024-QH15:d60', '36-2024-QH15:d62', '36-2024-QH15:d64', '36-2024-QH15:d66', '36-2024-QH15:d69', '36-2024-QH15:d71', '36-2024-QH15:d72', '36-2024-QH15:d75', '36-2024-QH15:d79', '36-2024-QH15:d81', '36-2024-QH15:d85', '36-2024-QH15:d87', '36-2024-QH15:d89']","['168-2025-ND:d57', '01-2021-ND:d48', '01-2021-ND:d63', '59-2020-QH14:d39', '59-2020-QH14:d37', '59-2020-QH14:d30']","['36-2024-QH15:d21', '36-2024-QH15:d22', '36-2024-QH15:d24', '36-2024-QH15:d26', '36-2024-QH15:d34', '36-2024-QH15:d36', '36-2024-QH15:d38', '36-2024-QH15:d40', '36-2024-QH15:d42', '36-2024-QH15:d45', '36-2024-QH15:d46', '36-2024-QH15:d49', '36-2024-QH15:d51', '36-2024-QH15:d54', '36-2024-QH15:d58', '36-2024-QH15:d60', '36-2024-QH15:d62', '36-2024-QH15:d64', '36-2024-QH15:d66', '36-2024-QH15:d69', '36-2024-QH15:d71', '36-2024-QH15:d72', '36-2024-QH15:d75', '36-2024-QH15:d79', '36-2024-QH15:d81', '36-2024-QH15:d85', '36-2024-QH15:d87', '36-2024-QH15:d89', '01-2021-ND:d48', '59-2020-QH14:d30']",0.0,0,0.0,0,0.0,1,0.3333,1,0.6667,1,0.6667,1,0.6667,0.2
121,"Loại 7: Thay đổi ĐKKD - Địa chỉ, tên, ngành nghề","Mn cho e hỏi mở địa điểm kd mà ngành nghề chính cty mẹ bị xanh đỏ thì phải cập nhật ngành nghề cty mẹ trc phải k ạ
Mn cho e hỏi mở địa điểm kd mà ngành nghề chính cty mẹ bị xanh đỏ thì phải cập nhật ngành nghề cty mẹ trc phải k ạ","['59-2020-QH14:d28', '59-2020-QH14:d44', '59-2020-QH14:d7']",3,"Theo Điều 7 và Điều 44 Luật Doanh nghiệp 2020, địa điểm kinh doanh chỉ được hoạt động ngành nghề mà công ty đã đăng ký. Khi mã ngành của công ty mẹ bị 'xanh đỏ' (không còn phù hợp với hệ thống ngành nghề mới theo Quyết định 27/2018/QĐ-TTg hoặc Quyết định 36/2025/QĐ-TTg), công ty cần cập nhật ngành nghề cho công ty mẹ trước khi đăng ký địa điểm kinh doanh mới.","Điều 7 Luật Doanh nghiệp 2020
Điều 44 Luật Doanh nghiệp 2020
Điều 28 Luật Doanh nghiệp 2020",False,Không thể tạo câu trả lời.,"['59-2020-QH14:d195', '59-2020-QH14:d196', '168-2025-ND:d30', '168-2025-ND:d49', '168-2025-ND:d56', '59-2020-QH14:d69', '59-2020-QH14:d70', '59-2020-QH14:d72', '59-2020-QH14:d148', '59-2020-QH14:d150', '59-2020-QH14:d194', '59-2020-QH14:d197', '59-2020-QH14:d31', '59-2020-QH14:d44', '59-2020-QH14:d28', '59-2020-QH14:d7', '59-2020-QH14:d45', '59-2020-QH14:d60', '23-2022-ND:d49', '01-2021-ND:d20', '01-2021-ND:d8', '100-2019-ND-CP:d22', '100-2019-ND-CP:d37', '59-2020-QH14:d11', '01-2021-ND:d68', '168-2025-ND:d71', '100-2019-ND-CP:d28', '100-2019-ND-CP:d40', '100-2019-ND-CP:d48', '168-2024-ND-CP:d51']","['59-2020-QH14:d195', '59-2020-QH14:d196', '168-2025-ND:d30', '168-2025-ND:d49', '168-2025-ND:d56']","['59-2020-QH14:d69', '59-2020-QH14:d70', '59-2020-QH14:d72', '59-2020-QH14:d148', '59-2020-QH14:d150', '59-2020-QH14:d194', '59-2020-QH14:d197', '59-2020-QH14:d31', '59-2020-QH14:d195', '59-2020-QH14:d196', '168-2025-ND:d30', '168-2025-ND:d49', '168-2025-ND:d56', '59-2020-QH14:d44', '59-2020-QH14:d28', '59-2020-QH14:d7', '59-2020-QH14:d45', '59-2020-QH14:d60', '23-2022-ND:d49', '01-2021-ND:d20', '01-2021-ND:d8', '100-2019-ND-CP:d22', '100-2019-ND-CP:d37', '59-2020-QH14:d11', '01-2021-ND:d68', '168-2025-ND:d71', '100-2019-ND-CP:d28', '100-2019-ND-CP:d40', '100-2019-ND-CP:d48', '168-2024-ND-CP:d51']",0.0,0,0.0,0,0.0,0,0.0,0,0.0,1,1.0,1,1.0,0.0714
122,"Loại 7: Thay đổi ĐKKD - Địa chỉ, tên, ngành nghề",Mình muốn đăng ký thêm mã ngành và làm giảm vốn điều lệ công ty. Công ty mới thành lập 2 tháng đang trong thời gian góp vốn. Mình ở Hà Nội. Có ai hỗ trợ ko ạ,"['59-2020-QH14:d28', '59-2020-QH14:d47', '59-2020-QH14:d68', '59-2020-QH14:d7']",4,"Theo Luật Doanh nghiệp 2020: (1) Bổ sung mã ngành: theo Điều 7 và Điều 28 về thay đổi nội dung đăng ký; (2) Giảm vốn điều lệ trong thời gian góp vốn: theo Điều 47, 68, thành viên có 90 ngày để góp đủ vốn cam kết. Nếu không góp đủ, công ty phải đăng ký giảm vốn điều lệ tương ứng với phần vốn chưa góp. Có thể thực hiện cả hai thay đổi trong cùng một hồ sơ.","Điều 7 Luật Doanh nghiệp 2020
Điều 28 Luật Doanh nghiệp 2020
Điều 47 Luật Doanh nghiệp 2020
Điều 68 Luật Doanh nghiệp 2020",False,Không thể tạo câu trả lời.,"['59-2020-QH14:d68', '59-2020-QH14:d47', '59-2020-QH14:d46', '59-2020-QH14:d112', '59-2020-QH14:d113', '59-2020-QH14:d134', '59-2020-QH14:d111', '59-2020-QH14:d26', '59-2020-QH14:d31', '168-2025-ND:d37', '01-2021-ND:d44', '168-2024-ND-CP:d32', '44-2025-ND:d1', '59-2020-QH14:d30', '59-2020-QH14:d55', '59-2020-QH14:d146', '89-2024-ND:d7', '59-2020-QH14:d51', '59-2020-QH14:d211', '47-2021-ND:d11', '23-2022-ND:d13', '168-2025-ND:d84', '100-2019-ND-CP:d64', '23-2022-ND:d48', '168-2024-ND-CP:d21', '100-2019-ND-CP:d6', '100-2019-ND-CP:d25', '36-2024-QH15:d38', '89-2024-ND:d6', '100-2019-ND-CP:d24']","['59-2020-QH14:d68', '59-2020-QH14:d47', '59-2020-QH14:d46', '59-2020-QH14:d112', '59-2020-QH14:d113', '59-2020-QH14:d134', '59-2020-QH14:d111']","['59-2020-QH14:d26', '59-2020-QH14:d68', '59-2020-QH14:d47', '59-2020-QH14:d46', '59-2020-QH14:d112', '59-2020-QH14:d113', '59-2020-QH14:d134', '59-2020-QH14:d111', '59-2020-QH14:d31', '168-2025-ND:d37', '01-2021-ND:d44', '168-2024-ND-CP:d32', '44-2025-ND:d1', '59-2020-QH14:d30', '59-2020-QH14:d55', '59-2020-QH14:d146', '89-2024-ND:d7', '59-2020-QH14:d51', '59-2020-QH14:d211', '47-2021-ND:d11', '23-2022-ND:d13', '168-2025-ND:d84', '100-2019-ND-CP:d64', '23-2022-ND:d48', '168-2024-ND-CP:d21', '100-2019-ND-CP:d6', '100-2019-ND-CP:d25', '36-2024-QH15:d38', '89-2024-ND:d6', '100-2019-ND-CP:d24']",0.0,1,0.25,1,0.5,1,0.5,1,0.5,1,0.5,1,0.5,1.0
124,"Loại 9: Chuyển nhượng vốn/cổ phần - Mua bán, thừa kế","Dạ anh, chị cho em hỏi là công ty tnhh 2tv có 3tv góp vốn, nhưng giờ có 1tv muốn rút vốn ra khỏi công ty và ko chuyển nhượng cho ai hết thì hồ sơ mình làm sao ạ","['59-2020-QH14:d51', '59-2020-QH14:d52', '59-2020-QH14:d68']",3,"Theo Điều 51, 52 Luật Doanh nghiệp 2020, thành viên công ty TNHH 2TV trở lên có quyền yêu cầu công ty mua lại phần vốn góp nếu thuộc các trường hợp tại Điều 51, hoặc chuyển nhượng cho thành viên khác/người ngoài (Điều 52). Nếu không chuyển nhượng mà công ty mua lại, công ty phải giảm vốn điều lệ tương ứng theo Điều 68. Hồ sơ gồm: quyết định HĐTV, danh sách thành viên mới, thông báo thay đổi ĐKKD.","Điều 51 Luật Doanh nghiệp 2020
Điều 52 Luật Doanh nghiệp 2020
Điều 68 Luật Doanh nghiệp 2020",False,Không thể tạo câu trả lời.,"['59-2020-QH14:d51', '59-2020-QH14:d68', '59-2020-QH14:d53', '59-2020-QH14:d48', '59-2020-QH14:d46', '01-2021-ND:d52', '01-2021-ND:d51', '59-2020-QH14:d26', '59-2020-QH14:d31', '168-2025-ND:d37', '01-2021-ND:d44', '59-2020-QH14:d37', '59-2020-QH14:d55', '168-2025-ND:d47', '59-2020-QH14:d211', '36-2024-QH15:d37', '23-2022-ND:d13', '168-2025-ND:d84', '168-2025-ND:d24', '168-2025-ND:d29', '100-2019-ND-CP:d48', '36-2024-QH15:d39', '01-2021-ND:d98', '23-2022-ND:d54', '01-2021-ND:d45', '01-2021-ND:d29', '59-2020-QH14:d196', '01-2021-ND:d56', '59-2020-QH14:d194', '168-2025-ND:d3', '100-2019-ND-CP:d50']","['59-2020-QH14:d51', '59-2020-QH14:d68', '59-2020-QH14:d53', '59-2020-QH14:d48', '59-2020-QH14:d46', '01-2021-ND:d52', '01-2021-ND:d51']","['59-2020-QH14:d51', '59-2020-QH14:d26', '59-2020-QH14:d68', '59-2020-QH14:d53', '59-2020-QH14:d46', '01-2021-ND:d52', '01-2021-ND:d51', '59-2020-QH14:d31', '168-2025-ND:d37', '01-2021-ND:d44', '59-2020-QH14:d37', '59-2020-QH14:d55', '168-2025-ND:d47', '59-2020-QH14:d211', '36-2024-QH15:d37', '23-2022-ND:d13', '168-2025-ND:d84', '168-2025-ND:d24', '168-2025-ND:d29', '100-2019-ND-CP:d48', '36-2024-QH15:d39', '01-2021-ND:d98', '23-2022-ND:d54', '01-2021-ND:d45', '01-2021-ND:d29', '59-2020-QH14:d196', '01-2021-ND:d56', '59-2020-QH14:d194', '168-2025-ND:d3', '100-2019-ND-CP:d50']",0.0,1,0.3333,1,0.6667,1,0.6667,1,0.6667,1,0.6667,1,0.6667,1.0
125,"Loại 6: Giải thể & Phá sản - Thủ tục, thanh toán nợ, tạm ngưng","Dạ anh/ chị cho em hỏi, công ty em mới thành lập Tháng 9/2025, mà do nội bộ lục đục nên giải thể công ty, công ty chưa ai góp vốn mà em nộp Thông báo giải thể rồi ạ, vậy cho em hỏi em có cần nộp hồ sơ giảm VĐL hay hồ sơ nào cam kết chưa góp vốn lên Sở không ạ","['59-2020-QH14:d207', '59-2020-QH14:d208', '59-2020-QH14:d47']",3,"Theo Điều 207, 208 Luật Doanh nghiệp 2020 về giải thể, khi đã nộp thông báo giải thể, không cần làm thêm hồ sơ giảm vốn điều lệ riêng. Tuy nhiên, theo Điều 47, 68 về nghĩa vụ góp vốn, công ty cần lập biên bản xác nhận tình trạng góp vốn thực tế, ghi rõ các thành viên chưa góp vốn. Biên bản này nộp kèm hồ sơ giải thể để minh chứng công ty không có tài sản và nghĩa vụ cần thanh toán.","Điều 47 Luật Doanh nghiệp 2020
Điều 207 Luật Doanh nghiệp 2020
Điều 208 Luật Doanh nghiệp 2020",False,"Dạ anh/chị, tôi xin tư vấn như sau:

**Khi nộp hồ sơ giải thể doanh nghiệp, công ty không cần nộp hồ sơ giảm vốn điều lệ hay hồ sơ cam kết chưa góp vốn.**

Theo quy định về giải thể doanh nghiệp, hồ sơ giải thể chỉ bao gồm:

1. **Thông báo về giải thể doanh nghiệp** (mà anh/chị đã nộp)
2. **Báo cáo thanh lý tài sản doanh nghiệp** - gồm danh sách chủ nợ và số nợ đã thanh toán

Vốn điều lệ chưa thực hiện góp là tình huống xảy ra khi công ty vẫn hoạt động. Bình thường, nếu sau 90 ngày cấp Giấy chứng nhận đăng ký doanh nghiệp mà thành viên chưa góp vốn, công ty phải đăng ký thay đổi vốn điều lệ. **Tuy nhiên, khi công ty quyết định giải thể, bước đăng ký thay đổi vốn điều lệ này không còn cần thiết nữa.**

Do đó, anh/chị chỉ cần chuẩn bị đầy đủ:
- Thông báo giải thể (đã có)
- Báo cáo thanh lý tài sản (nếu có tài sản)
- Danh sách chủ nợ (nếu có nợ)

rồi nộp lên Sở Kế hoạch và Đầu tư theo đúng thời hạn pháp luật quy định.

**Căn cứ pháp lý:** Điều 210 Luật Doanh nghiệp năm 2020 và Điều 70 Nghị định 01/2021/NĐ-CP.","['168-2025-ND:d64', '59-2020-QH14:d210', '59-2020-QH14:d207', '59-2020-QH14:d208', '01-2021-ND:d70', '59-2020-QH14:d30', '59-2020-QH14:d31', '59-2020-QH14:d217', '59-2020-QH14:d47', '168-2025-ND:d80', '59-2020-QH14:d55', '168-2025-ND:d3', '168-2025-ND:d17', '23-2022-ND:d3', '01-2021-ND:d37', '168-2025-ND:d47', '59-2020-QH14:d211', '23-2022-ND:d13', '168-2025-ND:d84', '36-2024-QH15:d55', '168-2025-ND:d24', '168-2025-ND:d29', '01-2021-ND:d98', '59-2020-QH14:d37', '100-2019-ND-CP:d48', '23-2022-ND:d54', '59-2020-QH14:d170', '100-2019-ND-CP:d50', '23-2022-ND:d43', '59-2020-QH14:d196']","['168-2025-ND:d64', '59-2020-QH14:d210', '59-2020-QH14:d207', '59-2020-QH14:d208', '01-2021-ND:d70', '59-2020-QH14:d30', '59-2020-QH14:d31']","['59-2020-QH14:d207', '168-2025-ND:d64', '59-2020-QH14:d210', '59-2020-QH14:d208', '01-2021-ND:d70', '59-2020-QH14:d30', '59-2020-QH14:d31', '59-2020-QH14:d217', '59-2020-QH14:d47', '168-2025-ND:d80', '59-2020-QH14:d55', '168-2025-ND:d3', '168-2025-ND:d17', '23-2022-ND:d3', '01-2021-ND:d37', '168-2025-ND:d47', '59-2020-QH14:d211', '23-2022-ND:d13', '168-2025-ND:d84', '36-2024-QH15:d55', '168-2025-ND:d24', '168-2025-ND:d29', '01-2021-ND:d98', '59-2020-QH14:d37', '100-2019-ND-CP:d48', '23-2022-ND:d54', '59-2020-QH14:d170', '100-2019-ND-CP:d50', '23-2022-ND:d43', '59-2020-QH14:d196']",0.85,0,0.0,1,0.3333,1,0.6667,1,1.0,1,1.0,1,1.0,0.3333
130,"Loại 9: Chuyển nhượng vốn/cổ phần - Mua bán, thừa kế","Mn cho mình hỏi hồ sơ chuyển nhượng cổ phần của công ty cổ phần gồm những gì ạ?
Mn cho mình hỏi hồ sơ chuyển nhượng cổ phần của công ty cổ phần gồm những gì ạ?","['59-2020-QH14:d120', '59-2020-QH14:d122', '59-2020-QH14:d127']",3,"Theo Điều 127 Luật Doanh nghiệp 2020, chuyển nhượng cổ phần trong CTCP cần: (1) Hợp đồng chuyển nhượng cổ phần; (2) Biên bản xác nhận việc chuyển nhượng hoàn tất; (3) Ghi nhận vào sổ đăng ký cổ đông. Nếu cổ đông sáng lập chuyển nhượng trong 3 năm đầu, cần có sự chấp thuận của ĐHĐCĐ theo Điều 120. Việc chuyển nhượng chỉ có hiệu lực khi được ghi vào sổ đăng ký cổ đông.","Điều 127 Luật Doanh nghiệp 2020
Điều 120 Luật Doanh nghiệp 2020
Điều 122 Luật Doanh nghiệp 2020",False,Không thể tạo câu trả lời.,"['59-2020-QH14:d127', '59-2020-QH14:d122', '59-2020-QH14:d121', '59-2020-QH14:d55', '168-2025-ND:d43', '168-2025-ND:d52', '59-2020-QH14:d30', '168-2025-ND:d24', '47-2021-ND:d11', '168-2025-ND:d47', '59-2020-QH14:d99', '36-2024-QH15:d37', '59-2020-QH14:d123', '168-2025-ND:d55', '23-2022-ND:d13', '89-2024-ND:d10', '100-2019-ND-CP:d48', '59-2020-QH14:d37', '168-2025-ND:d29', '59-2020-QH14:d114', '36-2024-QH15:d39', '01-2021-ND:d98', '100-2019-ND-CP:d50', '59-2020-QH14:d133', '23-2022-ND:d54', '01-2021-ND:d45', '01-2021-ND:d29', '16-2023-ND:d10', '59-2020-QH14:d196', '01-2021-ND:d56']","['59-2020-QH14:d127', '59-2020-QH14:d122', '59-2020-QH14:d121']","['59-2020-QH14:d55', '59-2020-QH14:d127', '59-2020-QH14:d122', '59-2020-QH14:d121', '168-2025-ND:d43', '168-2025-ND:d52', '59-2020-QH14:d30', '168-2025-ND:d24', '47-2021-ND:d11', '168-2025-ND:d47', '59-2020-QH14:d99', '36-2024-QH15:d37', '59-2020-QH14:d123', '168-2025-ND:d55', '23-2022-ND:d13', '89-2024-ND:d10', '100-2019-ND-CP:d48', '59-2020-QH14:d37', '168-2025-ND:d29', '59-2020-QH14:d114', '36-2024-QH15:d39', '01-2021-ND:d98', '100-2019-ND-CP:d50', '59-2020-QH14:d133', '23-2022-ND:d54', '01-2021-ND:d45', '01-2021-ND:d29', '16-2023-ND:d10', '59-2020-QH14:d196', '01-2021-ND:d56']",0.0,1,0.3333,1,0.6667,1,0.6667,1,0.6667,1,0.6667,1,0.6667,1.0
131,"Loại 3: Vốn điều lệ - Góp vốn, tăng/giảm vốn, vốn pháp định",Dạ cho em xin phép nhờ anh chị hỗ trợ em trường hợp thành lập công ty TNHH 2TV mà có 1 người góp vốn bằng hàng hoá thì hồ sơ cần những thành phần nào ạ. Em cảm ơn anh chị,"['59-2020-QH14:d21', '59-2020-QH14:d34', '59-2020-QH14:d35']",3,"Theo Điều 34, 35 Luật Doanh nghiệp 2020 về tài sản góp vốn, khi góp vốn bằng hàng hóa (tài sản), cần: (1) Biên bản định giá tài sản góp vốn do các thành viên nhất trí hoặc tổ chức thẩm định giá định giá; (2) Biên bản giao nhận tài sản góp vốn; (3) Chứng từ chuyển quyền sở hữu tài sản (nếu có). Hồ sơ thành lập công ty gồm các giấy tờ theo Điều 21 LDN và kèm theo biên bản định giá tài sản.","Điều 34 Luật Doanh nghiệp 2020
Điều 35 Luật Doanh nghiệp 2020
Điều 21 Luật Doanh nghiệp 2020",False,Không thể tạo câu trả lời.,"['59-2020-QH14:d21', '59-2020-QH14:d26', '59-2020-QH14:d34', '59-2020-QH14:d36', '59-2020-QH14:d18', '59-2020-QH14:d25', '59-2020-QH14:d17', '168-2025-ND:d64', '59-2020-QH14:d208', '168-2025-ND:d80', '59-2020-QH14:d8', '59-2020-QH14:d37', '59-2020-QH14:d55', '23-2022-ND:d13', '59-2020-QH14:d186', '59-2020-QH14:d211', '168-2025-ND:d84', '168-2025-ND:d47', '168-2025-ND:d24', '168-2025-ND:d29', '01-2021-ND:d98', '100-2019-ND-CP:d48', '36-2024-QH15:d65', '23-2022-ND:d54', '100-2019-ND-CP:d50', '168-2024-ND-CP:d54', '59-2020-QH14:d196', '168-2025-ND:d3', '01-2021-ND:d56', '01-2021-ND:d45']","['59-2020-QH14:d21', '59-2020-QH14:d26', '59-2020-QH14:d34', '59-2020-QH14:d36', '59-2020-QH14:d18', '59-2020-QH14:d25', '59-2020-QH14:d17']","['59-2020-QH14:d26', '59-2020-QH14:d21', '59-2020-QH14:d34', '59-2020-QH14:d36', '59-2020-QH14:d25', '59-2020-QH14:d17', '168-2025-ND:d64', '59-2020-QH14:d208', '168-2025-ND:d80', '59-2020-QH14:d8', '59-2020-QH14:d37', '59-2020-QH14:d55', '23-2022-ND:d13', '59-2020-QH14:d186', '59-2020-QH14:d211', '168-2025-ND:d84', '168-2025-ND:d47', '168-2025-ND:d24', '168-2025-ND:d29', '59-2020-QH14:d18', '01-2021-ND:d98', '100-2019-ND-CP:d48', '36-2024-QH15:d65', '23-2022-ND:d54', '100-2019-ND-CP:d50', '168-2024-ND-CP:d54', '59-2020-QH14:d196', '168-2025-ND:d3', '01-2021-ND:d56', '01-2021-ND:d45']",0.0,1,0.3333,1,0.6667,1,0.6667,1,0.6667,1,0.6667,1,0.6667,1.0
138,"Loại 6: Giải thể & Phá sản - Thủ tục, thanh toán nợ, tạm ngưng","Mọi người ai có kinh nghiệp cho em hỏi chút ạ. Công ty em đang giải thể đã hoàn thành xong bước 1 nộp hồ sơ trên phòng ĐKKD. Bước 2 chốt thuế thì bộ hồ sơ cần những gì ạ? Hiện tại em đang chuẩn bị:
1. VB đề nghị chấm dứt MST
2. Nghị quyết, biên bản họp
3. Tờ khai quyết toán thuế thu nhập doanh nghiệp (Theo mẫu số 03/TN","['59-2020-QH14:d207', '59-2020-QH14:d208', '59-2020-QH14:d209']",3,"Theo Điều 207, 208, 209 Luật Doanh nghiệp 2020, sau khi hoàn thành bước 1 (thông báo giải thể tại Cơ quan ĐKKD), bước 2 chốt thuế cần bổ sung thêm: Tờ khai quyết toán thuế GTGT, Báo cáo tài chính tại thời điểm giải thể, Biên bản kiểm tra quyết toán thuế (nếu có), Thông báo hủy hóa đơn. Hồ sơ đã chuẩn bị cơ bản đúng, cần bổ sung thêm các tờ khai thuế liên quan.","Điều 207 Luật Doanh nghiệp 2020
Điều 208 Luật Doanh nghiệp 2020
Điều 209 Luật Doanh nghiệp 2020",False,Không thể tạo câu trả lời.,"['59-2020-QH14:d206', '59-2020-QH14:d207', '59-2020-QH14:d208', '59-2020-QH14:d210', '01-2021-ND:d71', '01-2021-ND:d70', '168-2025-ND:d64', '168-2025-ND:d60', '01-2021-ND:d66', '168-2025-ND:d78', '168-2025-ND:d70', '23-2022-ND:d25', '168-2025-ND:d17', '01-2021-ND:d99', '23-2022-ND:d12', '168-2025-ND:d58', '59-2020-QH14:d84', '59-2020-QH14:d55', '01-2021-ND:d37', '168-2025-ND:d47', '59-2020-QH14:d5', '23-2022-ND:d3', '23-2022-ND:d13', '59-2020-QH14:d150', '01-2021-ND:d87', '16-2023-ND:d8', '59-2020-QH14:d11', '01-2021-ND:d53', '36-2024-QH15:d61', '168-2025-ND:d3', '59-2020-QH14:d26']","['59-2020-QH14:d206', '59-2020-QH14:d207', '59-2020-QH14:d208', '59-2020-QH14:d210', '01-2021-ND:d71', '01-2021-ND:d70', '168-2025-ND:d64']","['59-2020-QH14:d206', '59-2020-QH14:d207', '59-2020-QH14:d208', '59-2020-QH14:d210', '01-2021-ND:d71', '168-2025-ND:d64', '168-2025-ND:d60', '01-2021-ND:d66', '168-2025-ND:d78', '168-2025-ND:d70', '23-2022-ND:d25', '168-2025-ND:d17', '01-2021-ND:d99', '23-2022-ND:d12', '168-2025-ND:d58', '59-2020-QH14:d84', '59-2020-QH14:d55', '01-2021-ND:d37', '168-2025-ND:d47', '59-2020-QH14:d5', '23-2022-ND:d3', '23-2022-ND:d13', '59-2020-QH14:d150', '01-2021-ND:d87', '16-2023-ND:d8', '59-2020-QH14:d11', '01-2021-ND:d53', '36-2024-QH15:d61', '168-2025-ND:d3', '59-2020-QH14:d26']",0.0,0,0.0,1,0.6667,1,0.6667,1,0.6667,1,0.6667,1,0.6667,0.5
140,"Loại 2: Loại hình doanh nghiệp - TNHH, Cổ phần, Hợp danh, DNTN","Anh chị cho em hỏi, em cần đăng ký chuyển công ty TNHH 1 TV thành doanh nghiệp xã hội kèm theo đổi tên công ty và đổi chủ sở hữu, vậy có thể đăng ký thay đổi chung 1 lần được không hay cần đổi tên công ty và chủ sở hữu trước, sau đó mới đăng ký đổi thành doanh nghiệp xã hội ạ?","['59-2020-QH14:d10', '59-2020-QH14:d30', '59-2020-QH14:d37']",3,"Theo Điều 10, 30, 37 Luật Doanh nghiệp 2020, có thể thực hiện đồng thời nhiều nội dung thay đổi trong một hồ sơ: đổi tên công ty, thay đổi chủ sở hữu, và đăng ký thành doanh nghiệp xã hội. Hồ sơ cần kèm Cam kết thực hiện mục tiêu xã hội, môi trường theo Điều 10 LDN 2020. Doanh nghiệp xã hội phải dành ít nhất 51% lợi nhuận hàng năm để tái đầu tư vào mục tiêu xã hội, môi trường.","Điều 10 Luật Doanh nghiệp 2020
Điều 30 Luật Doanh nghiệp 2020
Điều 37 Luật Doanh nghiệp 2020",False,Không thể tạo câu trả lời.,"['59-2020-QH14:d87', '59-2020-QH14:d78', '59-2020-QH14:d76', '59-2020-QH14:d74', '59-2020-QH14:d202', '01-2021-ND:d48', '01-2021-ND:d53', '59-2020-QH14:d217', '59-2020-QH14:d17', '59-2020-QH14:d22', '89-2024-ND:d6', '01-2021-ND:d28', '59-2020-QH14:d37', '23-2022-ND:d8', '100-2019-ND-CP:d40', '168-2025-ND:d43', '23-2022-ND:d12', '59-2020-QH14:d55', '168-2025-ND:d17', '36-2024-QH15:d39', '168-2024-ND-CP:d32', '59-2020-QH14:d24', '248-2025-ND:d1', '23-2022-ND:d51', '168-2025-ND:d47', '248-2025-ND:d3', '59-2020-QH14:d10', '168-2025-ND:d44', '59-2020-QH14:d185', '168-2025-ND:d74']","['59-2020-QH14:d87', '59-2020-QH14:d78', '59-2020-QH14:d76', '59-2020-QH14:d74', '59-2020-QH14:d202', '01-2021-ND:d48', '01-2021-ND:d53']","['59-2020-QH14:d87', '59-2020-QH14:d78', '59-2020-QH14:d76', '59-2020-QH14:d74', '59-2020-QH14:d202', '01-2021-ND:d48', '01-2021-ND:d53', '59-2020-QH14:d217', '59-2020-QH14:d17', '59-2020-QH14:d22', '89-2024-ND:d6', '01-2021-ND:d28', '59-2020-QH14:d37', '23-2022-ND:d8', '100-2019-ND-CP:d40', '168-2025-ND:d43', '23-2022-ND:d12', '59-2020-QH14:d55', '168-2025-ND:d17', '36-2024-QH15:d39', '168-2024-ND-CP:d32', '59-2020-QH14:d24', '248-2025-ND:d1', '23-2022-ND:d51', '168-2025-ND:d47', '248-2025-ND:d3', '59-2020-QH14:d10', '168-2025-ND:d44', '59-2020-QH14:d185', '168-2025-ND:d74']",0.0,0,0.0,0,0.0,0,0.0,0,0.0,1,0.3333,1,0.6667,0.0769
143,"Loại 10: Doanh nghiệp FDI - Vốn nước ngoài, tỷ lệ sở hữu",Anh chị cho e hỏi Người Trung Quốc hộ chiếu E có nhận chuyển nhượng được phần vốn góp tại tp Hồ Chí Minh không ạ,"['59-2020-QH14:d17', '59-2020-QH14:d51', '59-2020-QH14:d52']",3,"Theo Điều 17, 51, 52 Luật Doanh nghiệp 2020 và Luật Đầu tư 2020, người nước ngoài (bao gồm công dân Trung Quốc) có thể nhận chuyển nhượng phần vốn góp tại Việt Nam. Tuy nhiên, khi nhà đầu tư nước ngoài nhận chuyển nhượng phần vốn làm tỷ lệ sở hữu vốn nước ngoài tăng trên 50%, cần thực hiện thủ tục đăng ký góp vốn, mua cổ phần theo quy định Luật Đầu tư.","Điều 17 Luật Doanh nghiệp 2020
Điều 51 Luật Doanh nghiệp 2020
Điều 52 Luật Doanh nghiệp 2020",False,Không thể tạo câu trả lời.,"['59-2020-QH14:d25', '59-2020-QH14:d35', '59-2020-QH14:d17', '59-2020-QH14:d52', '168-2025-ND:d45', '168-2025-ND:d44', '168-2025-ND:d54', '59-2020-QH14:d217', '59-2020-QH14:d202', '59-2020-QH14:d8', '59-2020-QH14:d178', '59-2020-QH14:d70', '59-2020-QH14:d211', '59-2020-QH14:d181', '168-2025-ND:d11', '23-2022-ND:d51', '168-2025-ND:d84', '36-2024-QH15:d37', '01-2021-ND:d11', '168-2024-ND-CP:d13', '168-2024-ND-CP:d34', '168-2024-ND-CP:d16', '100-2019-ND-CP:d16', '168-2024-ND-CP:d9', '23-2022-ND:d55', '36-2024-QH15:d17', '44-2025-ND:d14', '59-2020-QH14:d218', '100-2019-ND-CP:d24', '59-2020-QH14:d64']","['59-2020-QH14:d25', '59-2020-QH14:d35', '59-2020-QH14:d17', '59-2020-QH14:d52', '168-2025-ND:d45', '168-2025-ND:d44', '168-2025-ND:d54']","['59-2020-QH14:d25', '59-2020-QH14:d35', '59-2020-QH14:d17', '59-2020-QH14:d52', '168-2025-ND:d45', '168-2025-ND:d44', '168-2025-ND:d54', '59-2020-QH14:d217', '59-2020-QH14:d202', '59-2020-QH14:d8', '59-2020-QH14:d178', '59-2020-QH14:d70', '59-2020-QH14:d211', '59-2020-QH14:d181', '168-2025-ND:d11', '23-2022-ND:d51', '168-2025-ND:d84', '36-2024-QH15:d37', '01-2021-ND:d11', '168-2024-ND-CP:d13', '168-2024-ND-CP:d34', '168-2024-ND-CP:d16', '100-2019-ND-CP:d16', '168-2024-ND-CP:d9', '23-2022-ND:d55', '36-2024-QH15:d17', '44-2025-ND:d14', '59-2020-QH14:d218', '100-2019-ND-CP:d24', '59-2020-QH14:d64']",0.0,0,0.0,1,0.3333,1,0.6667,1,0.6667,1,0.6667,1,0.6667,0.3333
154,"Loại 6: Giải thể & Phá sản - Thủ tục, thanh toán nợ, tạm ngưng","Dạ anh chị cho e hỏi xíu ạ .
CTy mới thành lập T5 phát sinh 1-2 tờ hóa đơn . Da nộp hs giai thể B1, thì lúc quyết toán tren thuế mất nhiu thời gian không ạ .","['59-2020-QH14:d207', '59-2020-QH14:d208', '59-2020-QH14:d209']",3,"Theo Điều 207, 208, 209 Luật Doanh nghiệp 2020, sau khi nộp hồ sơ giải thể bước 1 tại Cơ quan ĐKKD, doanh nghiệp cần làm thủ tục quyết toán thuế tại Cục Thuế. Với công ty mới thành lập, ít phát sinh hóa đơn, thời gian quyết toán thuế thường nhanh hơn (khoảng 15-30 ngày), phụ thuộc vào việc nộp đầy đủ hồ sơ và không có vấn đề về thuế.","Điều 207 Luật Doanh nghiệp 2020
Điều 208 Luật Doanh nghiệp 2020
Điều 209 Luật Doanh nghiệp 2020",False,Không thể tạo câu trả lời.,"['59-2020-QH14:d206', '59-2020-QH14:d208', '59-2020-QH14:d210', '01-2021-ND:d70', '168-2025-ND:d64', '01-2021-ND:d66', '168-2025-ND:d60', '168-2025-ND:d80', '168-2025-ND:d70', '168-2025-ND:d78', '01-2021-ND:d1', '59-2020-QH14:d146', '168-2024-ND-CP:d21', '36-2024-QH15:d60', '100-2019-ND-CP:d81', '100-2019-ND-CP:d15', '100-2019-ND-CP:d43', '168-2024-ND-CP:d20', '100-2019-ND-CP:d28', '59-2020-QH14:d26', '01-2021-ND:d98', '23-2022-ND:d9', '36-2024-QH15:d55', '100-2019-ND-CP:d80', '59-2020-QH14:d27', '44-2025-ND:d33', '36-2024-QH15:d36', '168-2024-ND-CP:d28', '36-2024-QH15:d7', '100-2019-ND-CP:d27']","['59-2020-QH14:d206', '59-2020-QH14:d208', '59-2020-QH14:d210', '01-2021-ND:d70', '168-2025-ND:d64']","['59-2020-QH14:d206', '59-2020-QH14:d208', '59-2020-QH14:d210', '01-2021-ND:d70', '168-2025-ND:d64', '01-2021-ND:d66', '168-2025-ND:d60', '168-2025-ND:d80', '168-2025-ND:d70', '168-2025-ND:d78', '01-2021-ND:d1', '59-2020-QH14:d146', '168-2024-ND-CP:d21', '36-2024-QH15:d60', '100-2019-ND-CP:d81', '100-2019-ND-CP:d15', '100-2019-ND-CP:d43', '168-2024-ND-CP:d20', '100-2019-ND-CP:d28', '59-2020-QH14:d26', '01-2021-ND:d98', '23-2022-ND:d9', '36-2024-QH15:d55', '100-2019-ND-CP:d80', '59-2020-QH14:d27', '44-2025-ND:d33', '36-2024-QH15:d36', '168-2024-ND-CP:d28', '36-2024-QH15:d7', '100-2019-ND-CP:d27']",0.0,0,0.0,1,0.3333,1,0.3333,1,0.3333,1,0.3333,1,0.3333,0.5
164,"Loại 1: Thành lập doanh nghiệp - Thủ tục, điều kiện, hồ sơ thành lập","Em chào anh chị ạ, em muốn hỏi về việc thành lập mới doanh nghiệp. Sắp tới 15/11/2026 Bảng hệ thống ngành kinh tế mới sẽ có hiệu lực, vậy những hồ sơ nộp từ trước ngày 15/11 nhưng chưa có kết quả thì có phải sửa đổi hồ sơ không ạ?
Em có tìm các văn bản quy định, hướng dẫn thì chưa thấy có ạ.
Em cảm ơn anh chị nhiều!","['59-2020-QH14:d26', '59-2020-QH14:d27', '59-2020-QH14:d28', '59-2020-QH14:d29']",4,"Theo Điều 26, 27, 28, 29 Luật Doanh nghiệp 2020 về hồ sơ và trình tự đăng ký doanh nghiệp, thông thường khi có quy định mới về hệ thống ngành kinh tế, sẽ có văn bản hướng dẫn chuyển tiếp. Đối với hồ sơ nộp trước ngày quy định mới có hiệu lực nhưng chưa có kết quả, thường được xử lý theo nguyên tắc: hồ sơ đã tiếp nhận sẽ được giải quyết theo quy định cũ. Tuy nhiên, cần theo dõi văn bản hướng dẫn cụ thể của Bộ Kế hoạch và Đầu tư hoặc liên hệ trực tiếp cơ quan đăng ký kinh doanh để được hướng dẫn.","Điều 26 Luật Doanh nghiệp 2020
Điều 27 Luật Doanh nghiệp 2020
Điều 28 Luật Doanh nghiệp 2020
Điều 29 Luật Doanh nghiệp 2020",False,"Chào em,

Dựa trên các tài liệu pháp luật được cung cấp, tôi xin tư vấn như sau:

**Vấn đề của em:**

Về nguyên tắc, **ngành, nghề kinh doanh là nội dung chủ yếu của hồ sơ đăng ký doanh nghiệp**. Căn cứ vào Điều 23 Luật Doanh nghiệp 2020, hồ sơ đăng ký doanh nghiệp phải bao gồm kê khai về ngành, nghề kinh doanh.

Tuy nhiên, **tôi phải thừa nhận rằng trong các tài liệu được cung cấp, chưa tìm thấy quy định cụ thể nào hướng dẫn cách xử lý đối với những hồ sơ nộp trước ngày 15/11/2026 nhưng chưa có kết quả xử lý khi Bảng hệ thống ngành kinh tế mới có hiệu lực**.

**Lời khuyên của tôi:**

Em nên:
1. **Liên hệ trực tiếp với Phòng Đăng ký kinh doanh** nơi em nộp hồ sơ để hỏi ý kiến cụ thể về trường hợp của mình
2. **Tìm kiếm các văn bản hướng dẫn từ Bộ Kế hoạch và Đầu tư** hoặc cơ quan chủ trì soạn thảo Bảng hệ thống ngành kinh tế mới

Vì đây là vấn đề mang tính chuyển tiếp giữa hai hệ thống pháp luật, các cơ quan chức năng thường sẽ có hướng dẫn riêng khi thời điểm có hiệu lực đến gần.

---

**Căn cứ pháp lý:** Điều 23 Luật Doanh nghiệp số 59/2020/QH14","['59-2020-QH14:d26', '59-2020-QH14:d23', '59-2020-QH14:d30', '59-2020-QH14:d217', '59-2020-QH14:d218', '01-2021-ND:d24', '01-2021-ND:d33', '59-2020-QH14:d7', '59-2020-QH14:d4', '100-2019-ND-CP:d50', '168-2025-ND:d89', '168-2025-ND:d47', '168-2024-ND-CP:d40', '36-2024-QH15:d75', '59-2020-QH14:d168', '16-2023-ND:d9', '23-2022-ND:d1', '168-2025-ND:d7', '59-2020-QH14:d144', '23-2022-ND:d12', '168-2025-ND:d24', '01-2021-ND:d12', '36-2024-QH15:d65', '100-2019-ND-CP:d56', '168-2025-ND:d20', '01-2021-ND:d29', '16-2023-ND:d10', '01-2021-ND:d45', '100-2019-ND-CP:d51', '23-2022-ND:d8', '36-2024-QH15:d55']","['59-2020-QH14:d26', '59-2020-QH14:d23', '59-2020-QH14:d30', '59-2020-QH14:d217', '59-2020-QH14:d218', '01-2021-ND:d24', '01-2021-ND:d33']","['01-2021-ND:d24', '59-2020-QH14:d26', '59-2020-QH14:d30', '59-2020-QH14:d217', '59-2020-QH14:d218', '01-2021-ND:d33', '59-2020-QH14:d7', '59-2020-QH14:d4', '100-2019-ND-CP:d50', '168-2025-ND:d89', '168-2025-ND:d47', '168-2024-ND-CP:d40', '36-2024-QH15:d75', '59-2020-QH14:d168', '16-2023-ND:d9', '23-2022-ND:d1', '168-2025-ND:d7', '59-2020-QH14:d144', '23-2022-ND:d12', '168-2025-ND:d24', '01-2021-ND:d12', '36-2024-QH15:d65', '100-2019-ND-CP:d56', '168-2025-ND:d20', '01-2021-ND:d29', '16-2023-ND:d10', '01-2021-ND:d45', '100-2019-ND-CP:d51', '23-2022-ND:d8', '36-2024-QH15:d55']",0.85,1,0.25,1,0.25,1,0.25,1,0.25,1,0.25,1,0.25,1.0
165,"Loại 6: Giải thể & Phá sản - Thủ tục, thanh toán nợ, tạm ngưng","Em muốn xin mẫu BBH Đại hội cổ đông về việc giải thể doanh nghiệp ạ
Em cảm ơn ạ
Em muốn xin mẫu BBH Đại hội cổ đông về việc giải thể doanh nghiệp ạ
Em cảm ơn ạ","['59-2020-QH14:d148', '59-2020-QH14:d207', '59-2020-QH14:d208']",3,"Theo Điều 207, 208 Luật Doanh nghiệp 2020 về giải thể doanh nghiệp, đối với công ty cổ phần, Biên bản họp Đại hội đồng cổ đông về việc giải thể cần có các nội dung: (1) Thời gian, địa điểm họp; (2) Danh sách cổ đông tham dự, số cổ phần sở hữu; (3) Nội dung thảo luận về việc giải thể công ty; (4) Kết quả biểu quyết thông qua quyết định giải thể (cần đạt tỷ lệ theo Điều 148 - ít nhất 65% tổng số phiếu biểu quyết của cổ đông dự họp tán thành); (5) Chữ ký của chủ tọa và thư ký cuộc họp.","Điều 207 Luật Doanh nghiệp 2020
Điều 208 Luật Doanh nghiệp 2020
Điều 148 Luật Doanh nghiệp 2020",False,Không thể tạo câu trả lời.,"['59-2020-QH14:d150', '59-2020-QH14:d138', '59-2020-QH14:d147', '59-2020-QH14:d148', '59-2020-QH14:d207', '59-2020-QH14:d210', '59-2020-QH14:d208', '168-2025-ND:d64', '59-2020-QH14:d217', '168-2025-ND:d80', '168-2025-ND:d70', '01-2021-ND:d61', '23-2022-ND:d43', '23-2022-ND:d12', '168-2025-ND:d17', '44-2025-ND:d25', '01-2021-ND:d71', '59-2020-QH14:d26', '59-2020-QH14:d30', '168-2025-ND:d25', '100-2019-ND-CP:d40', '59-2020-QH14:d4', '16-2023-ND:d1', '59-2020-QH14:d22', '23-2022-ND:d44', '01-2021-ND:d37', '47-2021-ND:d12', '47-2021-ND:d2', '44-2025-ND:d4', '89-2024-ND:d1']","['59-2020-QH14:d150', '59-2020-QH14:d138', '59-2020-QH14:d147', '59-2020-QH14:d148', '59-2020-QH14:d207', '59-2020-QH14:d210', '59-2020-QH14:d208']","['59-2020-QH14:d207', '59-2020-QH14:d210', '59-2020-QH14:d150', '59-2020-QH14:d138', '59-2020-QH14:d147', '59-2020-QH14:d148', '59-2020-QH14:d208', '168-2025-ND:d64', '59-2020-QH14:d217', '168-2025-ND:d80', '168-2025-ND:d70', '01-2021-ND:d61', '23-2022-ND:d43', '23-2022-ND:d12', '168-2025-ND:d17', '44-2025-ND:d25', '01-2021-ND:d71', '59-2020-QH14:d26', '59-2020-QH14:d30', '168-2025-ND:d25', '100-2019-ND-CP:d40', '59-2020-QH14:d4', '16-2023-ND:d1', '59-2020-QH14:d22', '23-2022-ND:d44', '01-2021-ND:d37', '47-2021-ND:d12', '47-2021-ND:d2', '44-2025-ND:d4', '89-2024-ND:d1']",0.0,0,0.0,0,0.0,1,0.6667,1,1.0,1,1.0,1,1.0,0.25
169,"Loại 1: Thành lập doanh nghiệp - Thủ tục, điều kiện, hồ sơ thành lập","anh chị cho e hỏi với ạ , trang soạn thảo hồ sơ đky doanh nghiệp tại nhà sao bị mất tiêu trường đăng ký thành lập công ty rồi ạ . Anh chị nào có biểu mẫu thành lập cty cho e xin với ạ . Em cảm ơn","['59-2020-QH14:d26', '59-2020-QH14:d27', '59-2020-QH14:d28', '59-2020-QH14:d29']",4,"Theo Điều 26, 27, 28, 29 Luật Doanh nghiệp 2020 về hồ sơ đăng ký doanh nghiệp, các biểu mẫu đăng ký thành lập công ty được quy định tại phụ lục của Nghị định 168/2025/NĐ-CP về đăng ký doanh nghiệp. Các mẫu cơ bản gồm: Mẫu 01 (Giấy đề nghị ĐKDN cho CTTNHH 1TV), Mẫu 02 (cho CTTNHH 2TV trở lên), Mẫu 03 (cho CTCP), Mẫu 04 (cho công ty hợp danh), Mẫu 05 (cho DNTN). Ngoài ra còn cần Điều lệ công ty, Danh sách thành viên/cổ đông sáng lập. Có thể tải mẫu từ Cổng thông tin quốc gia về đăng ký doanh nghiệp hoặc website Sở KH&ĐT.","Điều 26 Luật Doanh nghiệp 2020
Điều 27 Luật Doanh nghiệp 2020
Điều 28 Luật Doanh nghiệp 2020
Điều 29 Luật Doanh nghiệp 2020",False,"# TƯ VẤN PHÁP LUẬT

Dựa trên tài liệu pháp luật, tôi xin hướng dẫn bạn như sau:

## Vấn đề của bạn

Bạn gặp sự cố kỹ thuật khi soạn thảo hồ sơ đăng ký doanh nghiệp trực tuyến - một mục dữ liệu bị thiếu trên hệ thống.

## Giải pháp

**1. Về biểu mẫu đăng ký:**
Căn cứ vào Điều 26 Luật Doanh nghiệp 2020, Chính phủ có trách nhiệm quy định về hồ sơ, trình tự, thủ tục đăng ký doanh nghiệp. Các biểu mẫu chính thức được quy định trong Nghị định của Chính phủ. Bạn có thể:
- Truy cập **Cổng thông tin quốc gia về đăng ký doanh nghiệp** để tải biểu mẫu chính thức
- Liên hệ **Cơ quan đăng ký kinh doanh cấp tỉnh** nơi doanh nghiệp của bạn đặt trụ sở để được hỗ trợ

**2. Nếu hệ thống trực tuyến gặp lỗi:**
Luật quy định bạn có quyền chọn 3 phương thức đăng ký:
- Đăng ký **trực tiếp** tại Cơ quan đăng ký kinh doanh
- Đăng ký qua **dịch vụ bưu chính**  
- Đăng ký **qua mạng thông tin điện tử**

Nếu phương thức trực tuyến gặp vấn đề, bạn hoàn toàn có thể sử dụng hai phương thức khác.

**Căn cứ pháp lý:** Điều 26 Luật Doanh nghiệp 2020; Điều 31, 32 Nghị định 168/2025/NĐ-CP","['168-2025-ND:d24', '168-2025-ND:d31', '01-2021-ND:d32', '01-2021-ND:d23', '01-2021-ND:d24', '01-2021-ND:d22', '59-2020-QH14:d19', '59-2020-QH14:d27', '59-2020-QH14:d17', '59-2020-QH14:d26', '23-2022-ND:d12', '168-2025-ND:d47', '59-2020-QH14:d55', '59-2020-QH14:d47', '36-2024-QH15:d39', '23-2022-ND:d13', '59-2020-QH14:d146', '168-2024-ND-CP:d14', '59-2020-QH14:d30', '89-2024-ND:d6', '01-2021-ND:d68', '59-2020-QH14:d37', '36-2024-QH15:d37', '168-2025-ND:d29', '01-2021-ND:d98', '36-2024-QH15:d38', '168-2025-ND:d72', '168-2025-ND:d25', '59-2020-QH14:d207', '23-2022-ND:d25', '59-2020-QH14:d194', '100-2019-ND-CP:d48', '100-2019-ND-CP:d30']","['168-2025-ND:d24', '168-2025-ND:d31', '01-2021-ND:d32', '01-2021-ND:d23', '01-2021-ND:d24', '01-2021-ND:d22', '59-2020-QH14:d19']","['168-2025-ND:d24', '59-2020-QH14:d27', '168-2025-ND:d31', '01-2021-ND:d32', '01-2021-ND:d23', '59-2020-QH14:d17', '59-2020-QH14:d26', '23-2022-ND:d12', '168-2025-ND:d47', '59-2020-QH14:d55', '59-2020-QH14:d47', '36-2024-QH15:d39', '23-2022-ND:d13', '59-2020-QH14:d146', '168-2024-ND-CP:d14', '59-2020-QH14:d30', '89-2024-ND:d6', '01-2021-ND:d68', '59-2020-QH14:d37', '36-2024-QH15:d37', '168-2025-ND:d29', '01-2021-ND:d98', '36-2024-QH15:d38', '168-2025-ND:d72', '168-2025-ND:d25', '59-2020-QH14:d207', '23-2022-ND:d25', '59-2020-QH14:d194', '100-2019-ND-CP:d48', '100-2019-ND-CP:d30']",0.85,0,0.0,0,0.0,0,0.0,1,0.5,1,0.5,1,0.5,0.125
170,"Loại 1: Thành lập doanh nghiệp - Thủ tục, điều kiện, hồ sơ thành lập","Cho em hỏi, công ty cp lập công ty con là công ty tnhh mtv thì có cần văn bản ủy quyền cho người đại diện phần vốn góp không ạ? Vì người đại diện cho cả 2 công ty mẹ và con đều cùng là 1 người đại diện theo pháp luật ạ? Thành phần hs: Giấy đề nghị, ủy quyền, bản sao GCN DKKD, với quyết định của HĐQT cử người đại diện ph","['59-2020-QH14:d45', '59-2020-QH14:d46', '59-2020-QH14:d79']",3,"Theo Điều 45, 46, 79 Luật Doanh nghiệp 2020 về chủ sở hữu công ty TNHH một thành viên là tổ chức, khi công ty cổ phần lập công ty con là công ty TNHH MTV, cần có: (1) Quyết định của HĐQT (hoặc ĐHĐCĐ tùy mức vốn đầu tư) về việc thành lập công ty con; (2) Văn bản ủy quyền/cử người đại diện theo ủy quyền quản lý phần vốn góp tại công ty con. Dù người đại diện theo pháp luật của 2 công ty là một người, vẫn cần văn bản ủy quyền vì đây là quan hệ pháp lý giữa pháp nhân (công ty mẹ) và cá nhân được ủy quyền.","Điều 45 Luật Doanh nghiệp 2020
Điều 46 Luật Doanh nghiệp 2020
Điều 79 Luật Doanh nghiệp 2020",False,Không thể tạo câu trả lời.,"['59-2020-QH14:d74', '59-2020-QH14:d75', '59-2020-QH14:d78', '59-2020-QH14:d79', '59-2020-QH14:d137', '59-2020-QH14:d138', '59-2020-QH14:d153', '01-2021-ND:d56', '168-2025-ND:d49', '59-2020-QH14:d29', '59-2020-QH14:d37', '168-2025-ND:d43', '59-2020-QH14:d196', '248-2025-ND:d3', '59-2020-QH14:d178', '01-2021-ND:d87', '47-2021-ND:d2', '59-2020-QH14:d70', '59-2020-QH14:d12', '89-2024-ND:d10', '168-2025-ND:d84', '23-2022-ND:d51', '59-2020-QH14:d25', '23-2022-ND:d54', '59-2020-QH14:d55', '248-2025-ND:d1', '248-2025-ND:d2', '59-2020-QH14:d64', '89-2024-ND:d8', '59-2020-QH14:d144']","['59-2020-QH14:d74', '59-2020-QH14:d75', '59-2020-QH14:d78', '59-2020-QH14:d79', '59-2020-QH14:d137', '59-2020-QH14:d138', '59-2020-QH14:d153']","['59-2020-QH14:d74', '01-2021-ND:d56', '59-2020-QH14:d75', '59-2020-QH14:d78', '59-2020-QH14:d79', '59-2020-QH14:d137', '59-2020-QH14:d138', '59-2020-QH14:d153', '168-2025-ND:d49', '59-2020-QH14:d29', '59-2020-QH14:d37', '168-2025-ND:d43', '59-2020-QH14:d196', '248-2025-ND:d3', '59-2020-QH14:d178', '01-2021-ND:d87', '47-2021-ND:d2', '59-2020-QH14:d70', '59-2020-QH14:d12', '89-2024-ND:d10', '168-2025-ND:d84', '23-2022-ND:d51', '59-2020-QH14:d25', '23-2022-ND:d54', '59-2020-QH14:d55', '248-2025-ND:d1', '248-2025-ND:d2', '59-2020-QH14:d64', '89-2024-ND:d8', '59-2020-QH14:d144']",0.0,0,0.0,0,0.0,1,0.3333,1,0.3333,1,0.3333,1,0.3333,0.25
176,"Loại 6: Giải thể & Phá sản - Thủ tục, thanh toán nợ, tạm ngưng","Công ty mình thành lập 2019. Sau đó tạm ngưng tới giờ và mình ko biết hiên tại như thế nào. Chưa có phát sinh chứng từ.
Mình kiểm tra thì báo là Ko có hoạt động tại nơi đăng ký.
Giờ mình muốn cho hoạt động lại được ko ạ. Hay giải thể và lập giấy phép kinh doanh mới ạ.
Nhờ các bạn tư vấn giúp . Mình ở hcm.","['59-2020-QH14:d206', '59-2020-QH14:d207', '59-2020-QH14:d209']",3,"Theo Điều 206, 207, 209 Luật Doanh nghiệp 2020 về tạm ngừng và giải thể doanh nghiệp: Nếu công ty bị đưa vào trạng thái ""không hoạt động tại nơi đăng ký"", cần kiểm tra trên Cổng thông tin quốc gia về đăng ký doanh nghiệp tình trạng pháp lý hiện tại. Có thể: (1) Nếu muốn hoạt động lại: làm thủ tục thông báo hoạt động trở lại theo Điều 206 và giải quyết các nghĩa vụ thuế còn tồn đọng; (2) Nếu muốn giải thể: làm thủ tục giải thể theo Điều 207-209 (quyết toán thuế, thanh lý nợ, nộp hồ sơ giải thể). Trường hợp chưa phát sinh chứng từ, thủ tục thường đơn giản hơn.","Điều 206 Luật Doanh nghiệp 2020
Điều 207 Luật Doanh nghiệp 2020
Điều 209 Luật Doanh nghiệp 2020",False,Không thể tạo câu trả lời.,"['59-2020-QH14:d16', '59-2020-QH14:d1', '59-2020-QH14:d8', '59-2020-QH14:d7', '01-2021-ND:d66', '01-2021-ND:d70', '168-2025-ND:d60', '168-2025-ND:d52', '59-2020-QH14:d203', '168-2025-ND:d43', '36-2024-QH15:d89', '100-2019-ND-CP:d28', '59-2020-QH14:d215', '168-2024-ND-CP:d42', '36-2024-QH15:d62', '168-2024-ND-CP:d52', '59-2020-QH14:d55', '168-2025-ND:d17', '59-2020-QH14:d4', '100-2019-ND-CP:d25', '59-2020-QH14:d146', '23-2022-ND:d13', '36-2024-QH15:d63', '100-2019-ND-CP:d81', '168-2024-ND-CP:d5', '100-2019-ND-CP:d21', '168-2025-ND:d116', '01-2021-ND:d68', '01-2021-ND:d88', '100-2019-ND-CP:d76', '100-2019-ND-CP:d66', '168-2024-ND-CP:d34']","['59-2020-QH14:d16', '59-2020-QH14:d1', '59-2020-QH14:d8', '59-2020-QH14:d7', '01-2021-ND:d66', '01-2021-ND:d70', '168-2025-ND:d60']","['59-2020-QH14:d16', '59-2020-QH14:d8', '59-2020-QH14:d7', '01-2021-ND:d66', '168-2025-ND:d60', '168-2025-ND:d52', '59-2020-QH14:d203', '168-2025-ND:d43', '36-2024-QH15:d89', '100-2019-ND-CP:d28', '59-2020-QH14:d215', '168-2024-ND-CP:d42', '36-2024-QH15:d62', '168-2024-ND-CP:d52', '59-2020-QH14:d55', '168-2025-ND:d17', '59-2020-QH14:d4', '100-2019-ND-CP:d25', '59-2020-QH14:d146', '23-2022-ND:d13', '36-2024-QH15:d63', '100-2019-ND-CP:d81', '168-2024-ND-CP:d5', '100-2019-ND-CP:d21', '168-2025-ND:d116', '01-2021-ND:d68', '01-2021-ND:d88', '100-2019-ND-CP:d76', '100-2019-ND-CP:d66', '168-2024-ND-CP:d34']",0.0,0,0.0,0,0.0,0,0.0,0,0.0,0,0.0,0,0.0,0.0
178,"Loại 1: Thành lập doanh nghiệp - Thủ tục, điều kiện, hồ sơ thành lập","Em muốn thành lập công ty con, công ty mẹ là CTCP, muốn góp 100% vốn chủ sở hữu vào công ty con. Vậy hồ sơ cần những gì ạ?","['59-2020-QH14:d45', '59-2020-QH14:d46', '59-2020-QH14:d79']",3,"Theo Điều 45, 46, 79 Luật Doanh nghiệp 2020 về công ty TNHH một thành viên do tổ chức làm chủ sở hữu, khi CTCP (công ty mẹ) góp 100% vốn thành lập công ty con (công ty TNHH 1TV), hồ sơ cần: (1) Giấy đề nghị đăng ký doanh nghiệp (Mẫu 01 cho TNHH 1TV); (2) Điều lệ công ty con; (3) Bản sao Giấy CNĐKDN của công ty mẹ; (4) Quyết định của HĐQT/ĐHĐCĐ công ty mẹ về việc thành lập công ty con; (5) Văn bản cử người đại diện theo ủy quyền quản lý phần vốn góp; (6) Giấy tờ pháp lý của người được cử làm người đại diện theo ủy quyền và người ĐDPL của công ty con.","Điều 45 Luật Doanh nghiệp 2020
Điều 46 Luật Doanh nghiệp 2020
Điều 79 Luật Doanh nghiệp 2020",False,Không thể tạo câu trả lời.,"['59-2020-QH14:d26', '59-2020-QH14:d18', '59-2020-QH14:d24', '59-2020-QH14:d21', '59-2020-QH14:d22', '59-2020-QH14:d23', '59-2020-QH14:d17', '59-2020-QH14:d4', '59-2020-QH14:d7', '59-2020-QH14:d79', '23-2022-ND:d54', '59-2020-QH14:d196', '23-2022-ND:d8', '100-2019-ND-CP:d57', '168-2025-ND:d17', '59-2020-QH14:d55', '16-2023-ND:d11', '248-2025-ND:d1', '59-2020-QH14:d211', '89-2024-ND:d8', '168-2025-ND:d74', '23-2022-ND:d15', '44-2025-ND:d2', '23-2022-ND:d13', '23-2022-ND:d51', '168-2025-ND:d47', '248-2025-ND:d3', '47-2021-ND:d2', '168-2024-ND-CP:d20', '100-2019-ND-CP:d40', '100-2019-ND-CP:d48', '168-2025-ND:d15']","['59-2020-QH14:d26', '59-2020-QH14:d18', '59-2020-QH14:d24', '59-2020-QH14:d21', '59-2020-QH14:d22', '59-2020-QH14:d23', '59-2020-QH14:d17']","['59-2020-QH14:d24', '59-2020-QH14:d26', '59-2020-QH14:d4', '59-2020-QH14:d21', '59-2020-QH14:d22', '59-2020-QH14:d17', '59-2020-QH14:d7', '59-2020-QH14:d79', '23-2022-ND:d54', '59-2020-QH14:d196', '23-2022-ND:d8', '100-2019-ND-CP:d57', '168-2025-ND:d17', '59-2020-QH14:d55', '16-2023-ND:d11', '248-2025-ND:d1', '59-2020-QH14:d211', '89-2024-ND:d8', '168-2025-ND:d74', '23-2022-ND:d15', '44-2025-ND:d2', '23-2022-ND:d13', '23-2022-ND:d51', '168-2025-ND:d47', '248-2025-ND:d3', '47-2021-ND:d2', '168-2024-ND-CP:d20', '100-2019-ND-CP:d40', '100-2019-ND-CP:d48', '168-2025-ND:d15']",0.0,0,0.0,0,0.0,0,0.0,1,0.3333,1,0.3333,1,0.3333,0.1
190,"Loại 2: Loại hình doanh nghiệp - TNHH, Cổ phần, Hợp danh, DNTN","Dạ chào anh chị em đang muốn tư vấn thành lập doanh nghiệp hoạt động trong lĩnh vực tư vấn , đào tạo - sản phẩm giáo dục
- em đang muốn được tư vấn về loại hình doanh nghiệp phù hợp : cho hoạt động hiện tại và cho việc có thêm các nhà đầu tư và chuyển đổi thành công ty cổ phần
- tư vấn về việc thực hiện sổ sách kế toán nội bộ , kê khai thuế
Anh chị nào có kinh nghiệp trong việc thành lập doanh nghiệp và hỗ trợ cho các startup thì để lại thông tin em chủ động liên hệ ạ","['59-2020-QH14:d202', '59-2020-QH14:d26', '59-2020-QH14:d27', '59-2020-QH14:d28', '59-2020-QH14:d29']",5,"Theo Điều 26-29 Luật Doanh nghiệp 2020, để thuận tiện cho việc huy động vốn từ nhà đầu tư và chuyển đổi thành công ty cổ phần sau này, nên cân nhắc: (1) Thành lập công ty TNHH 2TV trở lên - dễ dàng thêm thành viên mới, có thể chuyển đổi sang CTCP theo Điều 202; (2) Hoặc thành lập trực tiếp CTCP - linh hoạt trong huy động vốn qua phát hành cổ phần. CTCP phù hợp hơn cho startup có kế hoạch gọi vốn. Lưu ý: Lĩnh vực đào tạo có thể là ngành nghề kinh doanh có điều kiện (Điều 7).","Điều 26 Luật Doanh nghiệp 2020
Điều 27 Luật Doanh nghiệp 2020
Điều 28 Luật Doanh nghiệp 2020
Điều 29 Luật Doanh nghiệp 2020
Điều 202 Luật Doanh nghiệp 2020",False,Không thể tạo câu trả lời.,"['59-2020-QH14:d26', '59-2020-QH14:d25', '59-2020-QH14:d18', '59-2020-QH14:d22', '59-2020-QH14:d17', '59-2020-QH14:d21', '59-2020-QH14:d46', '59-2020-QH14:d4', '59-2020-QH14:d7', '59-2020-QH14:d217', '168-2025-ND:d24', '59-2020-QH14:d170', '59-2020-QH14:d128', '100-2019-ND-CP:d75', '100-2019-ND-CP:d37', '59-2020-QH14:d206', '23-2022-ND:d25', '168-2024-ND-CP:d39', '23-2022-ND:d12', '16-2023-ND:d1', '47-2021-ND:d11', '100-2019-ND-CP:d2', '168-2024-ND-CP:d52', '59-2020-QH14:d55', '23-2022-ND:d3', '36-2024-QH15:d44', '23-2022-ND:d9', '59-2020-QH14:d123', '59-2020-QH14:d125', '59-2020-QH14:d27']","['59-2020-QH14:d26', '59-2020-QH14:d25', '59-2020-QH14:d18', '59-2020-QH14:d22', '59-2020-QH14:d17', '59-2020-QH14:d21', '59-2020-QH14:d46']","['59-2020-QH14:d26', '59-2020-QH14:d25', '59-2020-QH14:d22', '59-2020-QH14:d4', '59-2020-QH14:d17', '59-2020-QH14:d21', '59-2020-QH14:d46', '59-2020-QH14:d7', '59-2020-QH14:d217', '168-2025-ND:d24', '59-2020-QH14:d170', '59-2020-QH14:d128', '59-2020-QH14:d18', '100-2019-ND-CP:d75', '100-2019-ND-CP:d37', '59-2020-QH14:d206', '23-2022-ND:d25', '168-2024-ND-CP:d39', '23-2022-ND:d12', '16-2023-ND:d1', '47-2021-ND:d11', '100-2019-ND-CP:d2', '168-2024-ND-CP:d52', '59-2020-QH14:d55', '23-2022-ND:d3', '36-2024-QH15:d44', '23-2022-ND:d9', '59-2020-QH14:d123', '59-2020-QH14:d125', '59-2020-QH14:d27']",0.0,1,0.2,1,0.2,1,0.2,1,0.2,1,0.2,1,0.4,1.0
196,"Loại 9: Chuyển nhượng vốn/cổ phần - Mua bán, thừa kế","Anh chị cho e hỏi công ty TNHH 2 thành viên gồm 4 thành viên góp vốn:
Hiện 1 thành viên chuyển 100% vốn góp của mình trong công ty cho 1 thành viên còn lại thì hồ sơ sẽ áp dụng theo quy định khoản 2 Điều 45 Nghị định 68 đúng không ạ?
Đồng thời em muốn đổi tên công ty có làm cùng trong một dịch vụ được không ạ?
Em cảm ơn!","['59-2020-QH14:d37', '59-2020-QH14:d51', '59-2020-QH14:d52']",3,"Theo Điều 51, 52 Luật Doanh nghiệp 2020 về chuyển nhượng phần vốn góp trong công ty TNHH 2TV trở lên, khi 1 thành viên chuyển 100% vốn góp cho thành viên khác (còn lại 3 thành viên), cần: (1) Thông báo thay đổi nội dung ĐKDN về thay đổi thành viên (Mẫu 12); (2) Hợp đồng chuyển nhượng phần vốn góp; (3) Danh sách thành viên sau chuyển nhượng. Có thể làm đồng thời với thủ tục đổi tên công ty (Điều 37, 38) trong cùng một bộ hồ sơ, ghi cả hai nội dung thay đổi vào Thông báo (Mẫu 12).","Điều 51 Luật Doanh nghiệp 2020
Điều 52 Luật Doanh nghiệp 2020
Điều 37 Luật Doanh nghiệp 2020",False,Không thể tạo câu trả lời.,"['59-2020-QH14:d37', '59-2020-QH14:d30', '59-2020-QH14:d25', '59-2020-QH14:d35', '59-2020-QH14:d21', '59-2020-QH14:d31', '59-2020-QH14:d55', '01-2021-ND:d56', '59-2020-QH14:d10', '01-2021-ND:d63', '168-2025-ND:d43', '44-2025-ND:d33', '59-2020-QH14:d178', '100-2019-ND-CP:d10', '44-2025-ND:d34', '100-2019-ND-CP:d19', '168-2024-ND-CP:d20', '100-2019-ND-CP:d25', '168-2025-ND:d84', '100-2019-ND-CP:d60', '168-2024-ND-CP:d32', '168-2024-ND-CP:d21', '168-2024-ND-CP:d10', '01-2021-ND:d3', '23-2022-ND:d1', '100-2019-ND-CP:d24', '59-2020-QH14:d70', '100-2019-ND-CP:d6', '100-2019-ND-CP:d73', '168-2024-ND-CP:d13']","['59-2020-QH14:d37', '59-2020-QH14:d30', '59-2020-QH14:d25', '59-2020-QH14:d35', '59-2020-QH14:d21', '59-2020-QH14:d31', '59-2020-QH14:d55']","['59-2020-QH14:d37', '59-2020-QH14:d55', '59-2020-QH14:d30', '59-2020-QH14:d25', '59-2020-QH14:d35', '59-2020-QH14:d21', '59-2020-QH14:d31', '01-2021-ND:d56', '59-2020-QH14:d10', '01-2021-ND:d63', '168-2025-ND:d43', '44-2025-ND:d33', '59-2020-QH14:d178', '100-2019-ND-CP:d10', '44-2025-ND:d34', '100-2019-ND-CP:d19', '168-2024-ND-CP:d20', '100-2019-ND-CP:d25', '168-2025-ND:d84', '100-2019-ND-CP:d60', '168-2024-ND-CP:d32', '168-2024-ND-CP:d21', '168-2024-ND-CP:d10', '01-2021-ND:d3', '23-2022-ND:d1', '100-2019-ND-CP:d24', '59-2020-QH14:d70', '100-2019-ND-CP:d6', '100-2019-ND-CP:d73', '168-2024-ND-CP:d13']",0.0,1,0.3333,1,0.3333,1,0.3333,1,0.3333,1,0.3333,1,0.3333,1.0
200,"Loại 2: Loại hình doanh nghiệp - TNHH, Cổ phần, Hợp danh, DNTN","Chào mọi người. Mình chuyển đổi loại hình doanh nghiệp, lúc trước mình chưa cập nhật địa chỉ trụ sở với NĐDPL nên sẵn hồ sơ này mình cập nhật luôn
Tuy nhiên, chuyên viên yêu cầu bỏ mẫu 12B, nếu như vậy thì giấy phép mới có hiển thị địa chỉ mới không hay còn địa chỉ cũ. Mình nộp ở Hải Phòng ạ","['59-2020-QH14:d199', '59-2020-QH14:d202', '59-2020-QH14:d203']",3,"Theo Điều 199-203 Luật Doanh nghiệp 2020 về chuyển đổi loại hình doanh nghiệp, khi chuyển đổi loại hình đồng thời thay đổi địa chỉ trụ sở và NĐDPL, thông thường cần ghi tất cả nội dung thay đổi vào hồ sơ chuyển đổi. Nếu chuyên viên yêu cầu bỏ mẫu 12B (cập nhật thông tin), Giấy CNĐKDN mới sau chuyển đổi sẽ hiển thị địa chỉ theo hồ sơ chuyển đổi (Mẫu 03 - Giấy đề nghị ĐKDN). Nếu địa chỉ cũ, cần nộp thêm hồ sơ thay đổi địa chỉ sau khi chuyển đổi hoặc hỏi lại chuyên viên về cách ghi địa chỉ mới trong hồ sơ chuyển đổi.","Điều 199 Luật Doanh nghiệp 2020
Điều 202 Luật Doanh nghiệp 2020
Điều 203 Luật Doanh nghiệp 2020",False,Không thể tạo câu trả lời.,"['59-2020-QH14:d198', '59-2020-QH14:d205', '59-2020-QH14:d207', '01-2021-ND:d47', '01-2021-ND:d61', '168-2025-ND:d40', '168-2025-ND:d55', '59-2020-QH14:d217', '168-2025-ND:d70', '59-2020-QH14:d8', '36-2024-QH15:d62', '36-2024-QH15:d89', '100-2019-ND-CP:d25', '168-2024-ND-CP:d42', '59-2020-QH14:d149', '59-2020-QH14:d30', '168-2025-ND:d47', '36-2024-QH15:d39', '23-2022-ND:d12', '168-2025-ND:d87', '100-2019-ND-CP:d81', '36-2024-QH15:d30', '168-2024-ND-CP:d51', '100-2019-ND-CP:d21', '168-2024-ND-CP:d18', '168-2024-ND-CP:d50', '168-2025-ND:d116', '168-2025-ND:d24', '168-2024-ND-CP:d34', '100-2019-ND-CP:d66']","['59-2020-QH14:d198', '59-2020-QH14:d205', '59-2020-QH14:d207', '01-2021-ND:d47', '01-2021-ND:d61', '168-2025-ND:d40', '168-2025-ND:d55']","['59-2020-QH14:d198', '59-2020-QH14:d205', '59-2020-QH14:d207', '01-2021-ND:d47', '01-2021-ND:d61', '168-2025-ND:d40', '168-2025-ND:d55', '59-2020-QH14:d217', '168-2025-ND:d70', '59-2020-QH14:d8', '36-2024-QH15:d62', '36-2024-QH15:d89', '100-2019-ND-CP:d25', '168-2024-ND-CP:d42', '59-2020-QH14:d149', '59-2020-QH14:d30', '168-2025-ND:d47', '36-2024-QH15:d39', '23-2022-ND:d12', '168-2025-ND:d87', '100-2019-ND-CP:d81', '36-2024-QH15:d30', '168-2024-ND-CP:d51', '100-2019-ND-CP:d21', '168-2024-ND-CP:d18', '168-2024-ND-CP:d50', '168-2025-ND:d116', '168-2025-ND:d24', '168-2024-ND-CP:d34', '100-2019-ND-CP:d66']",0.0,0,0.0,0,0.0,0,0.0,0,0.0,0,0.0,0,0.0,0.0
217,"Loại 3: Vốn điều lệ - Góp vốn, tăng/giảm vốn, vốn pháp định","Mn cho e hỏi góp vốn bằng tài sản (ô tô) thì cần nộp giấy tờ gì ạ
Mn cho e hỏi góp vốn bằng tài sản (ô tô) thì cần nộp giấy tờ gì ạ","['59-2020-QH14:d34', '59-2020-QH14:d35', '59-2020-QH14:d47']",3,"Theo Điều 34, 35, 47 Luật Doanh nghiệp 2020 về góp vốn bằng tài sản, khi góp vốn bằng ô tô cần: (1) Biên bản định giá tài sản góp vốn (do các thành viên/cổ đông hoặc tổ chức thẩm định giá độc lập lập); (2) Biên bản giao nhận tài sản góp vốn; (3) Giấy đăng ký xe (đăng ký đổi tên chủ sở hữu sang công ty); (4) Hợp đồng góp vốn bằng tài sản. Nếu góp khi thành lập, các giấy tờ này cần hoàn tất trong 90 ngày kể từ ngày được cấp ĐKKD.","Điều 34 Luật Doanh nghiệp 2020
Điều 35 Luật Doanh nghiệp 2020
Điều 47 Luật Doanh nghiệp 2020",False,Không thể tạo câu trả lời.,"['59-2020-QH14:d34', '59-2020-QH14:d35', '59-2020-QH14:d36', '59-2020-QH14:d21', '59-2020-QH14:d22', '59-2020-QH14:d19', '01-2021-ND:d23', '168-2025-ND:d64', '59-2020-QH14:d202', '100-2019-ND-CP:d82', '59-2020-QH14:d211', '168-2025-ND:d84', '59-2020-QH14:d181', '36-2024-QH15:d9', '59-2020-QH14:d25', '59-2020-QH14:d179', '168-2024-ND-CP:d48', '36-2024-QH15:d56', '59-2020-QH14:d178', '47-2021-ND:d14', '59-2020-QH14:d205', '23-2022-ND:d26', '168-2025-ND:d3', '100-2019-ND-CP:d35', '59-2020-QH14:d70', '01-2021-ND:d22', '100-2019-ND-CP:d11', '59-2020-QH14:d53', '59-2020-QH14:d5', '01-2021-ND:d11']","['59-2020-QH14:d34', '59-2020-QH14:d35', '59-2020-QH14:d36', '59-2020-QH14:d21', '59-2020-QH14:d22', '59-2020-QH14:d19', '01-2021-ND:d23']","['59-2020-QH14:d35', '59-2020-QH14:d34', '59-2020-QH14:d36', '59-2020-QH14:d21', '59-2020-QH14:d22', '01-2021-ND:d23', '168-2025-ND:d64', '59-2020-QH14:d202', '100-2019-ND-CP:d82', '59-2020-QH14:d211', '168-2025-ND:d84', '59-2020-QH14:d181', '36-2024-QH15:d9', '59-2020-QH14:d25', '59-2020-QH14:d19', '59-2020-QH14:d179', '168-2024-ND-CP:d48', '36-2024-QH15:d56', '59-2020-QH14:d178', '47-2021-ND:d14', '59-2020-QH14:d205', '23-2022-ND:d26', '168-2025-ND:d3', '100-2019-ND-CP:d35', '59-2020-QH14:d70', '01-2021-ND:d22', '100-2019-ND-CP:d11', '59-2020-QH14:d53', '59-2020-QH14:d5', '01-2021-ND:d11']",0.0,1,0.3333,1,0.6667,1,0.6667,1,0.6667,1,0.6667,1,0.6667,1.0
219,"Loại 6: Giải thể & Phá sản - Thủ tục, thanh toán nợ, tạm ngưng","Mình thành lập công ty 8 năm nay nhưng cty k hdong k đóng thuế, giờ muốn đóng cty thủ tục thế nào có bị phạt k?
Mình thành lập công ty 8 năm nay nhưng cty k hdong k đóng thuế, giờ muốn đóng cty thủ tục thế nào có bị phạt k?","['59-2020-QH14:d207', '59-2020-QH14:d208', '59-2020-QH14:d209']",3,"Theo Điều 207, 208, 209 Luật Doanh nghiệp 2020 về giải thể doanh nghiệp, để giải thể công ty không hoạt động 8 năm, bạn cần: (1) Quyết toán thuế với cơ quan thuế - sẽ bị phạt vi phạm hành chính về không kê khai, không nộp báo cáo thuế; (2) Hoàn tất nghĩa vụ với các bên liên quan; (3) Nộp hồ sơ giải thể tại Sở ĐKKD. Mức phạt phụ thuộc vào số năm vi phạm và loại vi phạm cụ thể. Nên liên hệ cơ quan thuế để xác định mức phạt cụ thể trước.","Điều 207 Luật Doanh nghiệp 2020
Điều 208 Luật Doanh nghiệp 2020
Điều 209 Luật Doanh nghiệp 2020",False,Không thể tạo câu trả lời.,"['59-2020-QH14:d206', '59-2020-QH14:d207', '59-2020-QH14:d208', '168-2025-ND:d64', '168-2025-ND:d60', '01-2021-ND:d66', '168-2025-ND:d78', '168-2025-ND:d70', '59-2020-QH14:d55', '59-2020-QH14:d153', '23-2022-ND:d13', '168-2025-ND:d29', '01-2021-ND:d98', '168-2025-ND:d24', '59-2020-QH14:d37', '23-2022-ND:d54', '59-2020-QH14:d24', '01-2021-ND:d56', '59-2020-QH14:d196', '59-2020-QH14:d4', '59-2020-QH14:d194', '168-2024-ND-CP:d32', '168-2024-ND-CP:d2', '59-2020-QH14:d26', '59-2020-QH14:d84', '23-2022-ND:d9', '01-2021-ND:d8', '44-2025-ND:d33', '36-2024-QH15:d37', '168-2025-ND:d36']","['59-2020-QH14:d206', '59-2020-QH14:d207', '59-2020-QH14:d208', '168-2025-ND:d64']","['59-2020-QH14:d206', '59-2020-QH14:d207', '59-2020-QH14:d208', '168-2025-ND:d64', '168-2025-ND:d60', '01-2021-ND:d66', '168-2025-ND:d78', '168-2025-ND:d70', '59-2020-QH14:d55', '59-2020-QH14:d153', '23-2022-ND:d13', '168-2025-ND:d29', '01-2021-ND:d98', '168-2025-ND:d24', '59-2020-QH14:d37', '23-2022-ND:d54', '59-2020-QH14:d24', '01-2021-ND:d56', '59-2020-QH14:d196', '59-2020-QH14:d4', '59-2020-QH14:d194', '168-2024-ND-CP:d32', '168-2024-ND-CP:d2', '59-2020-QH14:d26', '59-2020-QH14:d84', '23-2022-ND:d9', '01-2021-ND:d8', '44-2025-ND:d33', '36-2024-QH15:d37', '168-2025-ND:d36']",0.0,0,0.0,1,0.6667,1,0.6667,1,0.6667,1,0.6667,1,0.6667,0.5
220,"Loại 2: Loại hình doanh nghiệp - TNHH, Cổ phần, Hợp danh, DNTN","Mọi người cho e hỏi là e muốn chuyển đổi từ cty 1tv thành cty 2tv, thành viên mới sẽ góp thêm vốn bằng tài sản thì cần làm mấy bộ hồ sơ và thành phần hồ sơ như thế nào ạ. Em cảm ơn
Mọi người cho e hỏi là e muốn chuyển đổi từ cty 1tv thành cty 2tv, thành viên mới sẽ góp thêm vốn bằng tài sản thì cần làm mấy bộ hồ sơ và thành phần hồ sơ như thế nào ạ. Em cảm ơn","['59-2020-QH14:d202', '59-2020-QH14:d34', '59-2020-QH14:d35']",3,"Theo Điều 202, 34, 35 Luật Doanh nghiệp 2020 về chuyển đổi TNHH 1TV thành TNHH 2TV với góp vốn bằng tài sản, chỉ cần 1 bộ hồ sơ gồm: (1) Giấy đề nghị đăng ký DN (Mẫu); (2) Điều lệ công ty mới; (3) Danh sách thành viên; (4) Bản sao CCCD thành viên mới; (5) Hợp đồng chuyển nhượng/góp vốn; (6) Biên bản định giá tài sản góp vốn (phải được các thành viên nhất trí hoặc tổ chức định giá độc lập thực hiện); (7) Văn bản chứng minh quyền sở hữu tài sản.","Điều 202 Luật Doanh nghiệp 2020
Điều 34 Luật Doanh nghiệp 2020
Điều 35 Luật Doanh nghiệp 2020",False,Không thể tạo câu trả lời.,"['59-2020-QH14:d1', '59-2020-QH14:d4', '59-2020-QH14:d8', '59-2020-QH14:d87', '59-2020-QH14:d78', '59-2020-QH14:d47', '59-2020-QH14:d68', '01-2021-ND:d19', '01-2021-ND:d22', '01-2021-ND:d28', '01-2021-ND:d31', '01-2021-ND:d32', '01-2021-ND:d34', '01-2021-ND:d36', '01-2021-ND:d38', '01-2021-ND:d39', '01-2021-ND:d41', '01-2021-ND:d42', '01-2021-ND:d44', '01-2021-ND:d46', '01-2021-ND:d49', '01-2021-ND:d51', '01-2021-ND:d57', '01-2021-ND:d60', '01-2021-ND:d62', '01-2021-ND:d67', '01-2021-ND:d71', '01-2021-ND:d77', '01-2021-ND:d80', '01-2021-ND:d86', '01-2021-ND:d88', '01-2021-ND:d90', '01-2021-ND:d92', '01-2021-ND:d94', '01-2021-ND:d96']","['59-2020-QH14:d1', '59-2020-QH14:d4', '59-2020-QH14:d8', '59-2020-QH14:d87', '59-2020-QH14:d78', '59-2020-QH14:d47', '59-2020-QH14:d68']","['01-2021-ND:d19', '01-2021-ND:d22', '01-2021-ND:d28', '01-2021-ND:d31', '01-2021-ND:d32', '01-2021-ND:d34', '01-2021-ND:d36', '01-2021-ND:d38', '01-2021-ND:d39', '01-2021-ND:d41', '01-2021-ND:d42', '01-2021-ND:d44', '01-2021-ND:d46', '01-2021-ND:d49', '01-2021-ND:d51', '01-2021-ND:d57', '01-2021-ND:d60', '01-2021-ND:d62', '01-2021-ND:d67', '01-2021-ND:d71', '01-2021-ND:d77', '01-2021-ND:d80', '01-2021-ND:d86', '01-2021-ND:d88', '01-2021-ND:d90', '01-2021-ND:d92', '01-2021-ND:d94', '01-2021-ND:d96', '59-2020-QH14:d4', '59-2020-QH14:d8']",0.0,0,0.0,0,0.0,0,0.0,0,0.0,0,0.0,0,0.0,0.0
228,"Loại 7: Thay đổi ĐKKD - Địa chỉ, tên, ngành nghề","Cho e hỏi nếu thay đổi địa điểm đăng ký doanh vs đổi tên doanh nghiệp mã số thuế có đổi k mọi người nhỉ
Cho e hỏi nếu thay đổi địa điểm đăng ký doanh vs đổi tên doanh nghiệp mã số thuế có đổi k mọi người nhỉ","['59-2020-QH14:d29', '59-2020-QH14:d37', '59-2020-QH14:d42']",3,"Theo Điều 37, 42, 29 Luật Doanh nghiệp 2020, mã số thuế (cũng là mã số doanh nghiệp) KHÔNG thay đổi khi thay đổi địa chỉ hoặc đổi tên doanh nghiệp. Mã số doanh nghiệp được cấp 1 lần duy nhất khi thành lập và không thay đổi trong suốt quá trình hoạt động của doanh nghiệp. Chỉ có số Giấy CNĐKDN mới thay đổi (lần đăng ký thứ mấy), còn mã số vẫn giữ nguyên.","Điều 29 Luật Doanh nghiệp 2020
Điều 37 Luật Doanh nghiệp 2020
Điều 42 Luật Doanh nghiệp 2020",False,Không thể tạo câu trả lời.,"['01-2021-ND:d47', '01-2021-ND:d48', '01-2021-ND:d59', '168-2025-ND:d40', '168-2025-ND:d41', '168-2025-ND:d53', '59-2020-QH14:d30', '168-2025-ND:d43', '59-2020-QH14:d31', '01-2021-ND:d63', '59-2020-QH14:d42', '36-2024-QH15:d39', '59-2020-QH14:d26', '01-2021-ND:d8', '01-2021-ND:d95', '168-2025-ND:d72', '89-2024-ND:d6', '23-2022-ND:d12', '01-2021-ND:d37', '168-2025-ND:d24', '01-2021-ND:d45', '59-2020-QH14:d206', '168-2025-ND:d31', '168-2025-ND:d4', '01-2021-ND:d12', '01-2021-ND:d61', '168-2025-ND:d44', '168-2025-ND:d13', '01-2021-ND:d32', '168-2025-ND:d34']","['01-2021-ND:d47', '01-2021-ND:d48', '01-2021-ND:d59', '168-2025-ND:d40', '168-2025-ND:d41', '168-2025-ND:d53', '59-2020-QH14:d30']","['59-2020-QH14:d30', '01-2021-ND:d48', '01-2021-ND:d47', '168-2025-ND:d43', '01-2021-ND:d59', '168-2025-ND:d40', '168-2025-ND:d41', '168-2025-ND:d53', '59-2020-QH14:d31', '01-2021-ND:d63', '59-2020-QH14:d42', '36-2024-QH15:d39', '59-2020-QH14:d26', '01-2021-ND:d8', '01-2021-ND:d95', '168-2025-ND:d72', '89-2024-ND:d6', '23-2022-ND:d12', '01-2021-ND:d37', '168-2025-ND:d24', '01-2021-ND:d45', '59-2020-QH14:d206', '168-2025-ND:d31', '168-2025-ND:d4', '01-2021-ND:d12', '01-2021-ND:d61', '168-2025-ND:d44', '168-2025-ND:d13', '01-2021-ND:d32', '168-2025-ND:d34']",0.0,0,0.0,0,0.0,0,0.0,0,0.0,1,0.3333,1,0.3333,0.0909
238,"Loại 1: Thành lập doanh nghiệp - Thủ tục, điều kiện, hồ sơ thành lập","chào mọi người!!!
sau khi đăng ký thành lập công ty thành công, thì mình cần làm gì tiếp theo ạ, mong mọi người chỉ bảo
mong admin duyệt bài ạ.","['59-2020-QH14:d26', '59-2020-QH14:d30', '59-2020-QH14:d47']",3,"Theo Điều 26-30 Luật Doanh nghiệp 2020, sau khi được cấp Giấy CNĐKDN, doanh nghiệp cần thực hiện: (1) Góp đủ vốn điều lệ trong 90 ngày; (2) Khắc con dấu (nếu cần) và thông báo mẫu dấu; (3) Đăng ký kê khai thuế ban đầu tại cơ quan thuế; (4) Mở tài khoản ngân hàng; (5) Đăng ký sử dụng hóa đơn điện tử; (6) Mua chữ ký số; (7) Đăng ký tham gia BHXH cho người lao động (nếu có); (8) Treo biển hiệu tại trụ sở theo quy định.","Điều 26 Luật Doanh nghiệp 2020
Điều 30 Luật Doanh nghiệp 2020
Điều 47 Luật Doanh nghiệp 2020",False,Không thể tạo câu trả lời.,"['59-2020-QH14:d7', '59-2020-QH14:d8', '59-2020-QH14:d12', '59-2020-QH14:d11', '59-2020-QH14:d30', '59-2020-QH14:d40', '59-2020-QH14:d27', '01-2021-ND:d56', '59-2020-QH14:d217', '59-2020-QH14:d46', '168-2025-ND:d49', '59-2020-QH14:d26', '59-2020-QH14:d55', '59-2020-QH14:d194', '59-2020-QH14:d47', '23-2022-ND:d13', '168-2024-ND-CP:d14', '59-2020-QH14:d146', '168-2025-ND:d24', '36-2024-QH15:d30', '168-2024-ND-CP:d13', '36-2024-QH15:d39', '89-2024-ND:d6', '01-2021-ND:d68', '100-2019-ND-CP:d16', '168-2025-ND:d29', '01-2021-ND:d98', '168-2025-ND:d72', '59-2020-QH14:d37', '168-2024-ND-CP:d32', '100-2019-ND-CP:d30']","['59-2020-QH14:d7', '59-2020-QH14:d8', '59-2020-QH14:d12', '59-2020-QH14:d11', '59-2020-QH14:d30', '59-2020-QH14:d40', '59-2020-QH14:d27']","['59-2020-QH14:d27', '01-2021-ND:d56', '59-2020-QH14:d7', '59-2020-QH14:d8', '59-2020-QH14:d12', '59-2020-QH14:d11', '59-2020-QH14:d30', '59-2020-QH14:d217', '59-2020-QH14:d46', '168-2025-ND:d49', '59-2020-QH14:d26', '59-2020-QH14:d55', '59-2020-QH14:d194', '59-2020-QH14:d47', '23-2022-ND:d13', '168-2024-ND-CP:d14', '59-2020-QH14:d146', '168-2025-ND:d24', '36-2024-QH15:d30', '168-2024-ND-CP:d13', '36-2024-QH15:d39', '89-2024-ND:d6', '01-2021-ND:d68', '100-2019-ND-CP:d16', '168-2025-ND:d29', '01-2021-ND:d98', '168-2025-ND:d72', '59-2020-QH14:d37', '168-2024-ND-CP:d32', '100-2019-ND-CP:d30']",0.0,0,0.0,0,0.0,1,0.3333,1,0.3333,1,1.0,1,1.0,0.2
240,"Loại 3: Vốn điều lệ - Góp vốn, tăng/giảm vốn, vốn pháp định",Em đang làm hồ sơ giảm vốn cho cty TNHH 2 thành viên nhưng bị chuyên viên bắt về báo cáo tài chính. Anh/ chị cho em xin kinh nghiệm giảm vốn cty 2 thành viên với ạ. Em cảm ơn.,"['59-2020-QH14:d47', '59-2020-QH14:d51', '59-2020-QH14:d68']",3,"Theo Điều 68 Luật Doanh nghiệp 2020, công ty TNHH 2 thành viên trở lên được giảm vốn điều lệ trong các trường hợp: (1) Hoàn trả vốn góp sau khi hoạt động liên tục từ 02 năm trở lên và đảm bảo thanh toán đủ các khoản nợ; (2) Mua lại phần vốn góp của thành viên theo Điều 51; (3) Vốn điều lệ không được thanh toán đầy đủ và đúng hạn theo Điều 47. Việc yêu cầu báo cáo tài chính là để chứng minh công ty đảm bảo khả năng thanh toán nợ sau khi giảm vốn. Hồ sơ cần bao gồm: Thông báo giảm vốn, Biên bản họp HĐTV, Quyết định giảm vốn, Danh sách thành viên sau giảm vốn, và chứng từ chứng minh.","Điều 68 Luật Doanh nghiệp 2020
Điều 47 Luật Doanh nghiệp 2020
Điều 51 Luật Doanh nghiệp 2020",False,Không thể tạo câu trả lời.,"['59-2020-QH14:d68', '59-2020-QH14:d55', '59-2020-QH14:d59', '59-2020-QH14:d46', '168-2025-ND:d44', '168-2025-ND:d45', '59-2020-QH14:d31', '168-2025-ND:d37', '59-2020-QH14:d12', '01-2021-ND:d61', '168-2025-ND:d47', '59-2020-QH14:d211', '47-2021-ND:d31', '59-2020-QH14:d172', '89-2024-ND:d7', '168-2025-ND:d24', '44-2025-ND:d2', '100-2019-ND-CP:d50', '01-2021-ND:d12', '01-2021-ND:d29', '01-2021-ND:d56', '01-2021-ND:d45', '01-2021-ND:d52', '23-2022-ND:d25', '168-2024-ND-CP:d40', '100-2019-ND-CP:d55', '100-2019-ND-CP:d57', '168-2024-ND-CP:d29', '100-2019-ND-CP:d48', '168-2024-ND-CP:d23']","['59-2020-QH14:d68', '59-2020-QH14:d55', '59-2020-QH14:d59', '59-2020-QH14:d46', '168-2025-ND:d44', '168-2025-ND:d45']","['59-2020-QH14:d55', '59-2020-QH14:d68', '59-2020-QH14:d59', '59-2020-QH14:d46', '168-2025-ND:d44', '168-2025-ND:d45', '59-2020-QH14:d31', '168-2025-ND:d37', '59-2020-QH14:d12', '01-2021-ND:d61', '168-2025-ND:d47', '59-2020-QH14:d211', '47-2021-ND:d31', '59-2020-QH14:d172', '89-2024-ND:d7', '168-2025-ND:d24', '44-2025-ND:d2', '100-2019-ND-CP:d50', '01-2021-ND:d12', '01-2021-ND:d29', '01-2021-ND:d56', '01-2021-ND:d45', '01-2021-ND:d52', '23-2022-ND:d25', '168-2024-ND-CP:d40', '100-2019-ND-CP:d55', '100-2019-ND-CP:d57', '168-2024-ND-CP:d29', '100-2019-ND-CP:d48', '168-2024-ND-CP:d23']",0.0,1,0.3333,1,0.3333,1,0.3333,1,0.3333,1,0.3333,1,0.3333,1.0
241,"Loại 7: Thay đổi ĐKKD - Địa chỉ, tên, ngành nghề","Mọi người cho em hỏi: cty tnhh 2 tv có thể thay đổi địa chỉ, đại diện PL, thành viên góp vốn 1 lần được không ạ. Với hồ sơ là đại diện PL cũ ký hay Đại diện PL mới ký nhỉ. E chưa biết. Mong cả nhà giúp đỡ ạ.","['59-2020-QH14:d12', '59-2020-QH14:d31', '59-2020-QH14:d55']",3,"Theo Điều 31 Luật Doanh nghiệp 2020, doanh nghiệp có thể thay đổi nhiều nội dung đăng ký doanh nghiệp trong cùng một hồ sơ. Với công ty TNHH 2TV, khi thay đổi địa chỉ, người ĐDPL và thành viên góp vốn cùng lúc, hồ sơ cần có: Thông báo thay đổi (Mẫu), Biên bản họp HĐTV, Quyết định của HĐTV, Danh sách thành viên mới. Về thẩm quyền ký: Người ĐDPL cũ ký các văn bản liên quan đến việc thay đổi người ĐDPL, còn các nội dung khác do người có thẩm quyền theo điều lệ ký (thường là Chủ tịch HĐTV).","Điều 31 Luật Doanh nghiệp 2020
Điều 55 Luật Doanh nghiệp 2020
Điều 12 Luật Doanh nghiệp 2020",False,Không thể tạo câu trả lời.,"['59-2020-QH14:d46', '59-2020-QH14:d47', '59-2020-QH14:d54', '59-2020-QH14:d55', '01-2021-ND:d47', '01-2021-ND:d50', '01-2021-ND:d51', '01-2021-ND:d11', '01-2021-ND:d13', '01-2021-ND:d16', '01-2021-ND:d19', '01-2021-ND:d20', '01-2021-ND:d22', '01-2021-ND:d27', '01-2021-ND:d28', '01-2021-ND:d31', '01-2021-ND:d33', '01-2021-ND:d34', '01-2021-ND:d36', '01-2021-ND:d38', '01-2021-ND:d41', '01-2021-ND:d42', '01-2021-ND:d49', '01-2021-ND:d53', '01-2021-ND:d57', '01-2021-ND:d60', '01-2021-ND:d62', '01-2021-ND:d67', '01-2021-ND:d69', '01-2021-ND:d76', '01-2021-ND:d78', '01-2021-ND:d80', '01-2021-ND:d83', '01-2021-ND:d85', '01-2021-ND:d86', '01-2021-ND:d88', '01-2021-ND:d94']","['59-2020-QH14:d46', '59-2020-QH14:d47', '59-2020-QH14:d54', '59-2020-QH14:d55', '01-2021-ND:d47', '01-2021-ND:d50', '01-2021-ND:d51']","['01-2021-ND:d11', '01-2021-ND:d13', '01-2021-ND:d16', '01-2021-ND:d19', '01-2021-ND:d20', '01-2021-ND:d22', '01-2021-ND:d27', '01-2021-ND:d28', '01-2021-ND:d31', '01-2021-ND:d33', '01-2021-ND:d34', '01-2021-ND:d36', '01-2021-ND:d38', '01-2021-ND:d41', '01-2021-ND:d42', '01-2021-ND:d49', '01-2021-ND:d53', '01-2021-ND:d57', '01-2021-ND:d60', '01-2021-ND:d62', '01-2021-ND:d67', '01-2021-ND:d69', '01-2021-ND:d76', '01-2021-ND:d78', '01-2021-ND:d80', '01-2021-ND:d83', '01-2021-ND:d85', '01-2021-ND:d86', '01-2021-ND:d88', '01-2021-ND:d94']",0.0,0,0.0,0,0.0,1,0.3333,1,0.3333,1,0.3333,1,0.3333,0.25
242,"Loại 9: Chuyển nhượng vốn/cổ phần - Mua bán, thừa kế","Mọi người cho e hỏi là có thể thay đổi chủ sở hữu và người đại diện pháp luật công ty tnhh 1 thành viên vào chung 1 lần được không ạ
Mọi người cho e hỏi là có thể thay đổi chủ sở hữu và người đại diện pháp luật công ty tnhh 1 thành viên vào chung 1 lần được không ạ","['59-2020-QH14:d31', '59-2020-QH14:d76', '59-2020-QH14:d79']",3,"Theo Điều 31 Luật Doanh nghiệp 2020, doanh nghiệp có thể thay đổi nhiều nội dung đăng ký doanh nghiệp trong cùng một hồ sơ. Với công ty TNHH 1TV, việc thay đổi chủ sở hữu và người ĐDPL có thể thực hiện cùng lúc. Khi thay đổi chủ sở hữu, cần có Hợp đồng chuyển nhượng vốn góp hoặc văn bản xác nhận việc chuyển nhượng theo Điều 76 LDN 2020. Hồ sơ bao gồm: Thông báo thay đổi, Quyết định của chủ sở hữu cũ về việc chuyển nhượng, Hợp đồng chuyển nhượng, Điều lệ công ty sửa đổi.","Điều 31 Luật Doanh nghiệp 2020
Điều 76 Luật Doanh nghiệp 2020
Điều 79 Luật Doanh nghiệp 2020",False,Không thể tạo câu trả lời.,"['59-2020-QH14:d76', '59-2020-QH14:d78', '59-2020-QH14:d81', '59-2020-QH14:d79', '59-2020-QH14:d85', '01-2021-ND:d50', '01-2021-ND:d53', '01-2021-ND:d56', '168-2025-ND:d49', '59-2020-QH14:d29', '59-2020-QH14:d30', '36-2024-QH15:d39', '44-2025-ND:d2', '59-2020-QH14:d25', '59-2020-QH14:d37', '168-2025-ND:d43', '248-2025-ND:d3', '59-2020-QH14:d55', '89-2024-ND:d10', '01-2021-ND:d61', '168-2025-ND:d17', '168-2025-ND:d84', '168-2024-ND-CP:d32', '168-2024-ND-CP:d14', '16-2023-ND:d11', '59-2020-QH14:d24', '248-2025-ND:d1', '248-2025-ND:d2', '59-2020-QH14:d64', '168-2025-ND:d74', '23-2022-ND:d15']","['59-2020-QH14:d76', '59-2020-QH14:d78', '59-2020-QH14:d81', '59-2020-QH14:d79', '59-2020-QH14:d85', '01-2021-ND:d50', '01-2021-ND:d53']","['59-2020-QH14:d76', '59-2020-QH14:d78', '59-2020-QH14:d81', '59-2020-QH14:d79', '01-2021-ND:d50', '01-2021-ND:d53', '01-2021-ND:d56', '168-2025-ND:d49', '59-2020-QH14:d29', '59-2020-QH14:d30', '36-2024-QH15:d39', '44-2025-ND:d2', '59-2020-QH14:d25', '59-2020-QH14:d37', '168-2025-ND:d43', '248-2025-ND:d3', '59-2020-QH14:d55', '89-2024-ND:d10', '01-2021-ND:d61', '168-2025-ND:d17', '168-2025-ND:d84', '168-2024-ND-CP:d32', '168-2024-ND-CP:d14', '16-2023-ND:d11', '59-2020-QH14:d24', '248-2025-ND:d1', '248-2025-ND:d2', '59-2020-QH14:d64', '168-2025-ND:d74', '23-2022-ND:d15']",0.0,1,0.3333,1,0.3333,1,0.6667,1,0.6667,1,0.6667,1,0.6667,1.0
248,"Loại 7: Thay đổi ĐKKD - Địa chỉ, tên, ngành nghề","Chào các ace nhóm mình cho em hỏi? em đang nộp thông báo thay đổi địa chỉ theo địa giới hành chính xong Lần 1 được cấp lại ĐKKD rồi nhưng trong đkkd chỉ thay đổi địa chỉ nhận TB thuế, địa chỉ trụ sở chính, địa chỉ của Giám đốc, nhưng địa chỉ của chủ sở hữu hưởng lợi có 2 ng thì lại ko đổi, em làm tiếp hồ sơ thay đổi địa chỉ của csh hưởng lợi thì lần 3 rồi vẫn bị sai và nhận đc thông báo điều chỉnh như sau ""Phòng Đăng ký kinh doanh đề nghị Quý Doanh nghiệp những nội dung cần sửa đổi, bổ sung trong hồ sơ và lý do sửa đổi, bổ sung như sau: Hồ sơ doanh nghiệp nộp lại chưa hợp lệ, đề nghị doanh nghiệp chỉ nộp trong hồ sơ 01 Giấy đề nghị hợp lệ và kê khai chính xác thẩm quyền ký là người đại diện theo pháp luật. Doanh nghiệp lưu ý: Khi thực hiện sửa đổi, bổ sung hồ sơ đăng ký qua Cổng thông tin quốc gia về đăng ký doanh nghiệp, đề nghị doanh nghiệp thực hiện các bước sau: - Bước 1: Sửa đổi hồ sơ bản giấy theo hướng dẫn; - Bước 2: Nhập lại thống nhất các thông tin trên Cổng thông tin đăng ký doanh nghiệp Quốc gia theo nội dung doanh nghiệp đã sửa đổi, bổ sung; - Bước 3: Đính kèm lại toàn bộ hồ sơ đã được sửa đổi (định dạng PDF) và gỡ bỏ tài liệu chưa hợp lệ đã nộp trước đó"" em gọi điện lên sở TC nhờ hướng dẫn không đc, mà e không biết sửa như nào, có ace nào vào hỗ trợ em với. em cảm ơn mn ạ.","['59-2020-QH14:d31', '59-2020-QH14:d42', '59-2020-QH14:d43']",3,"Theo Điều 31, 42, 43 Luật Doanh nghiệp 2020, khi thay đổi địa chỉ theo địa giới hành chính, cần thực hiện: (1) Sử dụng đúng mẫu Giấy đề nghị đăng ký thay đổi (không dùng mẫu thông báo); (2) Người ký phải là người đại diện theo pháp luật; (3) Nếu cần thay đổi thông tin chủ sở hữu hưởng lợi, phải kê khai đầy đủ trong phần thay đổi thông tin người quản lý. Đối với trường hợp bị trả hồ sơ nhiều lần, nên: liên hệ trực tiếp Phòng ĐKKD để được hướng dẫn cụ thể, hoặc nhờ đơn vị dịch vụ hỗ trợ.","Điều 31 Luật Doanh nghiệp 2020
Điều 42 Luật Doanh nghiệp 2020
Điều 43 Luật Doanh nghiệp 2020",False,"# TƯ VẤN PHÁP LUẬT VỀ THAY ĐỔI ĐỊA CHỈ CHỦ SỞ HỮU HƯỞNG LỢI

## Phân tích tình huống

Căn cứ vào Điều 32 Nghị định 168/2025/ND, khi hồ sơ của doanh nghiệp chưa hợp lệ hoặc **nội dung kê khai trong hồ sơ đăng ký doanh nghiệp không thống nhất**, Cơ quan đăng ký kinh doanh cấp tỉnh có trách nhiệm thông báo bằng văn bản nội dung cần sửa đổi, bổ sung. Đây chính là trường hợp của bạn.

Qua những yêu cầu của Phòng Đăng ký kinh doanh, vấn đề chính nằm ở 2 điểm:

1. **Hồ sơ chưa hợp lệ**: Giấy đề nghị (Mẫu 01) chưa đáp ứng đầy đủ các yêu cầu
2. **Thông tin không thống nhất**: Dữ liệu kê khai trên hồ sơ bản giấy và trên Cổng thông tin quốc gia về đăng ký doanh nghiệp không khớp nhau

## Hướng dẫn sửa đổi hồ sơ

Bạn cần thực hiện **đúng theo 3 bước** mà Phòng Đăng ký kinh doanh hướng dẫn:

### **Bước 1: Sửa đổi hồ sơ bản giấy**
- Đặc biệt là **Giấy đề nghị hợp lệ (Mẫu 01)** phải được ký bởi **người đại diện theo pháp luật** (Giám đốc hoặc Tổng giám đốc)
- Thông tin địa chỉ chủ sở hữu hưởng lợi trên giấy đề nghị phải **chính xác, đầy đủ** cho cả 2 người
- Đảm bảo không có chỗ để trống hay sai sót

### **Bước 2: Nhập lại thông tin trên Cổng thông tin quốc gia**
- Truy cập Cổng thông tin quốc gia về đăng ký doanh nghiệp
- **Sửa đổi, bổ sung toàn bộ thông tin** về địa chỉ chủ sở hữu hưởng lợi cho cả 2 người, đảm bảo **thống nhất** với hồ sơ bản giấy đã sửa
- Đừng bỏ sót bất cứ thông tin nào

### **Bước 3: Nộp hồ sơ chính thức**
- **Chuyển toàn bộ hồ sơ đã sửa đổi sang định dạng PDF** trước khi đính kèm
- **Gỡ bỏ, không nộp lại** những tài liệu chưa hợp lệ từ những lần nộp trước đó
- Nộp hồ sơ đầy đủ và chính xác

## Lưu ý quan trọng

Căn cứ vào Điều 30 Luật Doanh nghiệp 2020, doanh nghiệp có trách nhiệm **thông báo thay đổi nội dung** trong thời hạn **10 ngày** kể từ ngày có thay đổi. Cơ quan đăng ký kinh doanh có thời hạn **3 ngày làm việc** để xem xét, nên bạn nên gửi hồ sơ sớm để tránh quá hạn.

Nếu sau lần nộp thứ 4 vẫn bị từ chối, hãy:
- Yêu cầu Phòng Đăng ký kinh doanh **nêu rõ lý do cụ thể** từ chối (theo quy định pháp luật)
- Liên hệ trực tiếp với cán bộ thủ tục để được hướng dẫn chi tiết từng điểm sai
- Xem xét liên hệ với một tổ chức tư vấn pháp lý để kiểm tra hồ sơ trước khi nộp

---

**Căn cứ pháp lý:**
- Điều 32 Nghị định 168/2025/ND (Thông báo yêu cầu sửa đổi, bổ sung hồ sơ đăng ký doanh nghiệp)
- Điều 30 Luật Doanh nghiệp 2020 (Đăng ký thay đổi nội dung Giấy chứng nhận đăng ký doanh nghiệp)
- Điều 39 Nghị định 168/2025/ND (Trình tự, thủ tục đăng ký doanh nghiệp qua mạng thông tin điện tử)","['168-2025-ND:d52', '168-2025-ND:d57', '168-2025-ND:d37', '168-2025-ND:d39', '168-2025-ND:d24', '168-2025-ND:d32', '168-2025-ND:d31', '59-2020-QH14:d30', '59-2020-QH14:d4', '59-2020-QH14:d31', '59-2020-QH14:d12', '89-2024-ND:d6', '36-2024-QH15:d39', '59-2020-QH14:d26', '100-2019-ND-CP:d40', '168-2025-ND:d116', '168-2025-ND:d72', '168-2025-ND:d15', '01-2021-ND:d95', '47-2021-ND:d33', '01-2021-ND:d68', '168-2025-ND:d110', '01-2021-ND:d89', '168-2024-ND-CP:d32', '168-2025-ND:d43', '248-2025-ND:d3', '01-2021-ND:d45', '100-2019-ND-CP:d30', '01-2021-ND:d8', '100-2019-ND-CP:d71']","['168-2025-ND:d52', '168-2025-ND:d57', '168-2025-ND:d37', '168-2025-ND:d39', '168-2025-ND:d24', '168-2025-ND:d32', '168-2025-ND:d31']","['168-2025-ND:d24', '59-2020-QH14:d30', '59-2020-QH14:d4', '168-2025-ND:d52', '168-2025-ND:d57', '168-2025-ND:d37', '168-2025-ND:d39', '168-2025-ND:d32', '168-2025-ND:d31', '59-2020-QH14:d31', '59-2020-QH14:d12', '89-2024-ND:d6', '36-2024-QH15:d39', '59-2020-QH14:d26', '100-2019-ND-CP:d40', '168-2025-ND:d116', '168-2025-ND:d72', '168-2025-ND:d15', '01-2021-ND:d95', '47-2021-ND:d33', '01-2021-ND:d68', '168-2025-ND:d110', '01-2021-ND:d89', '168-2024-ND-CP:d32', '168-2025-ND:d43', '248-2025-ND:d3', '01-2021-ND:d45', '100-2019-ND-CP:d30', '01-2021-ND:d8', '100-2019-ND-CP:d71']",0.85,0,0.0,0,0.0,0,0.0,1,0.3333,1,0.3333,1,0.3333,0.1
255,,Hi ac cho em hỏi là em có nộp hồ sơ đăng kí địa điểm kinh doanh nhưng đến ngày trả kết quả thì bị báo từ chối không phải sửa đổi như mọi lần là bị sao vậy ạ,"['59-2020-QH14:d31', '59-2020-QH14:d44', '59-2020-QH14:d45']",3,"Theo Điều 31, 44, 45 Luật Doanh nghiệp 2020, hồ sơ đăng ký địa điểm kinh doanh bị từ chối (không phải yêu cầu sửa đổi) có thể do: (1) Hồ sơ có sai sót nghiêm trọng không thể sửa; (2) Địa chỉ không hợp lệ (thuộc khu vực cấm kinh doanh, tranh chấp); (3) Thiếu giấy tờ bắt buộc; (4) Công ty mẹ đang ở trạng thái đặc biệt (tạm ngừng, giải thể...). Cách xử lý: Đọc kỹ lý do từ chối trong thông báo, khắc phục các vấn đề và nộp hồ sơ mới. Nếu không rõ lý do, liên hệ Phòng ĐKKD để được giải thích.","Điều 31 Luật Doanh nghiệp 2020
Điều 44 Luật Doanh nghiệp 2020
Điều 45 Luật Doanh nghiệp 2020",False,"Em vâng. Dựa trên quy định pháp luật về đăng ký kinh doanh, em hãy để tôi giải thích rõ vấn đề này.

## Phân tích tình hình

Theo quy định của pháp luật, **Cơ quan đăng ký kinh doanh có hai cách xử lý hồ sơ**:

**Trường hợp 1 - Hồ sơ chưa hợp lệ:**
- Cơ quan sẽ **yêu cầu sửa đổi, bổ sung** (giấy tờ thiếu, hình thức chưa đúng, thông tin không nhất quán,...)

**Trường hợp 2 - Hồ sơ hợp lệ nhưng bị từ chối:**
- Cơ quan sẽ **thông báo từ chối và phải nêu rõ lý do** (không phải yêu cầu sửa đổi)

## Nguyên nhân có thể dẫn đến từ chối

Lý do từ chối thường không phải vấn đề hồ sơ, mà có thể do:
- Địa điểm kinh doanh không đạt tiêu chuẩn (không thuê được, không phù hợp quy hoạch,...)
- Địa điểm vi phạm quy hoạch sử dụng đất
- Các điều kiện kinh doanh tại địa điểm không đáp ứng yêu cầu

## Những gì em cần làm ngay

1. **Yêu cầu Cơ quan đăng ký kinh doanh phải nêu rõ lý do từ chối** (bằng văn bản);
2. **Xác định nguyên nhân cụ thể** - nếu do hồ sơ → sửa đổi, nếu do địa điểm → thay đổi địa điểm;
3. **Nếu không đồng ý** → em có quyền khiếu nại hoặc yêu cầu cơ quan giải thích chi tiết hơn.

---

**Căn cứ pháp lý:** Điều 45 Luật Doanh nghiệp 2020","['01-2021-ND:d31', '01-2021-ND:d32', '01-2021-ND:d34', '01-2021-ND:d39', '168-2025-ND:d30', '168-2025-ND:d32', '168-2025-ND:d31', '59-2020-QH14:d45', '59-2020-QH14:d44', '168-2025-ND:d24', '01-2021-ND:d45', '168-2025-ND:d3', '01-2021-ND:d12', '01-2021-ND:d29', '168-2025-ND:d71', '89-2024-ND:d6', '01-2021-ND:d8', '168-2025-ND:d104', '59-2020-QH14:d27', '01-2021-ND:d16', '59-2020-QH14:d60', '01-2021-ND:d68', '168-2025-ND:d47', '168-2025-ND:d43', '01-2021-ND:d37', '59-2020-QH14:d4', '01-2021-ND:d20', '100-2019-ND-CP:d30', '168-2024-ND-CP:d32', '59-2020-QH14:d26']","['01-2021-ND:d31', '01-2021-ND:d32', '01-2021-ND:d34', '01-2021-ND:d39', '168-2025-ND:d30', '168-2025-ND:d32', '168-2025-ND:d31']","['01-2021-ND:d31', '01-2021-ND:d32', '01-2021-ND:d34', '01-2021-ND:d39', '168-2025-ND:d30', '168-2025-ND:d32', '168-2025-ND:d31', '59-2020-QH14:d45', '59-2020-QH14:d44', '168-2025-ND:d24', '01-2021-ND:d45', '168-2025-ND:d3', '01-2021-ND:d12', '01-2021-ND:d29', '168-2025-ND:d71', '89-2024-ND:d6', '01-2021-ND:d8', '168-2025-ND:d104', '59-2020-QH14:d27', '01-2021-ND:d16', '59-2020-QH14:d60', '01-2021-ND:d68', '168-2025-ND:d47', '168-2025-ND:d43', '01-2021-ND:d37', '59-2020-QH14:d4', '01-2021-ND:d20', '100-2019-ND-CP:d30', '168-2024-ND-CP:d32', '59-2020-QH14:d26']",0.85,0,0.0,0,0.0,0,0.0,1,0.6667,1,0.6667,1,0.6667,0.125
258,"Loại 7: Thay đổi ĐKKD - Địa chỉ, tên, ngành nghề","Chào mn, e đã làm thủ tục thay đổi ngành, nghề chính trên Cổng thông tin đăng ký doanh nghiệp và đã được chấp thuận rồi, nhưng em quên tích vào ô ""cấp Giấy xác nhận thay đổi nội dung doanh nghiệp"". Như vậy có sao không ạ? Nếu giờ em muốn xin Giấy xác nhận này thì cần làm thế nào ạ?
Em cảm ơn mn nhiều ạ","['59-2020-QH14:d28', '59-2020-QH14:d31', '59-2020-QH14:d32']",3,"Theo Điều 28, 31, 32 Luật Doanh nghiệp 2020, thay đổi ngành nghề chính không cấp lại ĐKKD mới (vì MST và thông tin cơ bản không đổi), chỉ cấp Giấy xác nhận thay đổi nội dung ĐKDN nếu doanh nghiệp yêu cầu. Việc quên tích ô 'cấp Giấy xác nhận' KHÔNG ảnh hưởng đến hiệu lực của việc thay đổi - thông tin đã được cập nhật trên hệ thống. Nếu cần Giấy xác nhận, bạn có thể: (1) Làm công văn đề nghị cấp lại gửi Phòng ĐKKD; hoặc (2) Tra cứu và in thông tin doanh nghiệp từ Cổng thông tin quốc gia về ĐKKD.","Điều 28 Luật Doanh nghiệp 2020
Điều 31 Luật Doanh nghiệp 2020
Điều 32 Luật Doanh nghiệp 2020",False,"# Tư vấn Pháp luật Doanh nghiệp

Chào em,

Tình huống của em hoàn toàn có thể được giải quyết. Dưới đây là ý kiến pháp luật của tôi:

## **Câu trả lời ngắn gọn:**

**Không sao đâu.** Dù em quên không tích vào ô đó, nếu thủ tục thay đổi ngành, nghề kinh doanh đã được Cơ quan đăng ký kinh doanh chấp thuận, thì nội dung đã được thay đổi trong hệ thống. Em hoàn toàn có quyền yêu cầu Cơ quan đăng ký kinh doanh cấp **Giấy chứng nhận đăng ký doanh nghiệp mới** thể hiện ngành, nghề kinh doanh đã thay đổi.

## **Cách thực hiện:**

Em có hai lựa chọn:

1. **Liên hệ trực tiếp Cơ quan đăng ký kinh doanh** nơi doanh nghiệp đặt trụ sở chính để xin cấp Giấy chứng nhận đăng ký doanh nghiệp mới (hoặc giấy xác nhận thay đổi), kèm theo mã số doanh nghiệp của em.

2. **Nộp đơn xin cấp lại** Giấy chứng nhận đăng ký doanh nghiệp mới trực tiếp hoặc qua mạng trên Cổng thông tin quốc gia về đăng ký doanh nghiệp.

Cơ quan đăng ký kinh doanh **có trách nhiệm cấp** cho em Giấy chứng nhận đăng ký doanh nghiệp mới với nội dung ngành, nghề kinh doanh đã được cập nhật, mà không phải nộp hồ sơ lại.

---

**Căn cứ pháp lý:** 
- Điều 30, khoản 3 của Luật Doanh nghiệp 2020 (59/2020/QH14)","['01-2021-ND:d56', '168-2025-ND:d49', '01-2021-ND:d45', '168-2025-ND:d37', '168-2025-ND:d39', '59-2020-QH14:d30', '59-2020-QH14:d7', '59-2020-QH14:d31', '59-2020-QH14:d28', '59-2020-QH14:d26', '168-2025-ND:d24', '01-2021-ND:d95', '168-2025-ND:d72', '168-2025-ND:d71', '01-2021-ND:d68', '100-2019-ND-CP:d30', '168-2024-ND-CP:d32', '100-2019-ND-CP:d42', '89-2024-ND:d6', '47-2021-ND:d2', '01-2021-ND:d37', '23-2022-ND:d12', '01-2021-ND:d29', '01-2021-ND:d8', '36-2024-QH15:d39', '168-2024-ND-CP:d14', '168-2025-ND:d31', '01-2021-ND:d60', '168-2025-ND:d4', '168-2025-ND:d44']","['01-2021-ND:d56', '168-2025-ND:d49', '01-2021-ND:d45', '168-2025-ND:d37', '168-2025-ND:d39']","['01-2021-ND:d45', '59-2020-QH14:d30', '59-2020-QH14:d7', '01-2021-ND:d56', '168-2025-ND:d49', '168-2025-ND:d37', '168-2025-ND:d39', '59-2020-QH14:d31', '59-2020-QH14:d28', '59-2020-QH14:d26', '168-2025-ND:d24', '01-2021-ND:d95', '168-2025-ND:d72', '168-2025-ND:d71', '01-2021-ND:d68', '100-2019-ND-CP:d30', '168-2024-ND-CP:d32', '100-2019-ND-CP:d42', '89-2024-ND:d6', '47-2021-ND:d2', '01-2021-ND:d37', '23-2022-ND:d12', '01-2021-ND:d29', '01-2021-ND:d8', '36-2024-QH15:d39', '168-2024-ND-CP:d14', '168-2025-ND:d31', '01-2021-ND:d60', '168-2025-ND:d4', '168-2025-ND:d44']",0.85,0,0.0,0,0.0,0,0.0,1,0.6667,1,0.6667,1,0.6667,0.125
260,"Loại 3: Vốn điều lệ - Góp vốn, tăng/giảm vốn, vốn pháp định","Ac ơi e cần tư vấn mở công ty mới
e đã có một công ty cổ phần đang hoạt động
E có 1 căn nhà ( trong quá trình xây dựng đã ghi nhận chi phí xây dựng căn nhà đó vào tài sản cố định của công ty cổ phần)
Giờ nếu e mở 1 công ty mới e kê căn nhà đó là tài sản của cty mới đc ko ạ e dự định dùng căn nhà đó để kinh doanh khách sạn
( sắp tới e định cho ngừng kinh doanh cty cổ phần đang hoạt động để giải thể ạ)
Ac nào rành chỉ e với ạ","['59-2020-QH14:d34', '59-2020-QH14:d35', '59-2020-QH14:d47']",3,"Theo Điều 34, 35, 47 Luật Doanh nghiệp 2020, căn nhà đã là tài sản cố định của công ty cổ phần (A) thì KHÔNG THỂ trực tiếp kê khai là tài sản góp vốn của công ty mới (B). Vì tài sản này thuộc sở hữu pháp nhân của công ty A, không thuộc cá nhân bạn. Các phương án: (1) Công ty A bán/chuyển nhượng căn nhà cho cá nhân bạn → bạn dùng góp vốn vào công ty B; (2) Công ty A góp vốn vào công ty B bằng tài sản; (3) Hoàn thành giải thể công ty A, phân chia tài sản cho cổ đông → cổ đông góp vốn vào công ty B. Lưu ý: cần tính toán thuế TNDN, thuế TNCN khi chuyển nhượng.","Điều 34 Luật Doanh nghiệp 2020
Điều 35 Luật Doanh nghiệp 2020
Điều 47 Luật Doanh nghiệp 2020",False,Không thể tạo câu trả lời.,"['59-2020-QH14:d26', '59-2020-QH14:d34', '59-2020-QH14:d36', '59-2020-QH14:d18', '59-2020-QH14:d111', '59-2020-QH14:d112', '59-2020-QH14:d113', '59-2020-QH14:d7', '59-2020-QH14:d4', '59-2020-QH14:d202', '100-2019-ND-CP:d52', '59-2020-QH14:d206', '168-2025-ND:d71', '168-2025-ND:d24', '59-2020-QH14:d55', '47-2021-ND:d11', '01-2021-ND:d89', '100-2019-ND-CP:d14', '168-2025-ND:d17', '168-2024-ND-CP:d21', '59-2020-QH14:d123', '168-2025-ND:d55', '59-2020-QH14:d99', '100-2019-ND-CP:d12', '23-2022-ND:d13', '100-2019-ND-CP:d51', '59-2020-QH14:d181', '89-2024-ND:d10', '36-2024-QH15:d20', '100-2019-ND-CP:d11', '59-2020-QH14:d9']","['59-2020-QH14:d26', '59-2020-QH14:d34', '59-2020-QH14:d36', '59-2020-QH14:d18', '59-2020-QH14:d111', '59-2020-QH14:d112', '59-2020-QH14:d113']","['59-2020-QH14:d7', '59-2020-QH14:d4', '59-2020-QH14:d26', '59-2020-QH14:d34', '59-2020-QH14:d36', '59-2020-QH14:d111', '59-2020-QH14:d112', '59-2020-QH14:d113', '59-2020-QH14:d202', '100-2019-ND-CP:d52', '59-2020-QH14:d206', '168-2025-ND:d71', '168-2025-ND:d24', '59-2020-QH14:d55', '47-2021-ND:d11', '01-2021-ND:d89', '100-2019-ND-CP:d14', '168-2025-ND:d17', '168-2024-ND-CP:d21', '59-2020-QH14:d123', '168-2025-ND:d55', '59-2020-QH14:d99', '100-2019-ND-CP:d12', '23-2022-ND:d13', '100-2019-ND-CP:d51', '59-2020-QH14:d181', '89-2024-ND:d10', '36-2024-QH15:d20', '100-2019-ND-CP:d11', '59-2020-QH14:d9']",0.0,0,0.0,1,0.3333,1,0.3333,1,0.3333,1,0.3333,1,0.3333,0.5
277,"Loại 1: Thành lập doanh nghiệp - Thủ tục, điều kiện, hồ sơ thành lập","Em cbi thành lập công ty chỉ chuyên hoàn toàn bán trên sàn TMDT, muốn tìm 1 bên dịch vụ thuế nhận kê khai thuế + hỗ trợ và hướng dẫn, định hướng về xuất hoá đơn hàng ngày (misa sẽ ký và xuất hoá đơn tự động)
Cần 1 bên có kinh nghiệm và đã làm nhiều đơn vị bán sàn TMDT.
A c inb e nhé","['59-2020-QH14:d21', '59-2020-QH14:d26', '59-2020-QH14:d27']",3,"Theo Luật Doanh nghiệp 2020, việc thành lập công ty để bán hàng trên sàn TMĐT thực hiện theo trình tự đăng ký doanh nghiệp quy định tại Điều 26, 27 LDN 2020. Cần chuẩn bị: Giấy đề nghị đăng ký doanh nghiệp, Điều lệ công ty, Danh sách thành viên/cổ đông, Giấy tờ pháp lý của người đại diện. Về vấn đề kế toán thuế và xuất hóa đơn điện tử, không thuộc phạm vi Luật DN 2020 mà được quy định tại Luật Kế toán, Luật Quản lý thuế và Nghị định 123/2020/NĐ-CP về hóa đơn.","Điều 26 LDN 2020
Điều 27 LDN 2020
Điều 21 LDN 2020",False,Không thể tạo câu trả lời.,"['59-2020-QH14:d26', '59-2020-QH14:d18', '59-2020-QH14:d27', '59-2020-QH14:d37', '59-2020-QH14:d23', '59-2020-QH14:d17', '168-2025-ND:d1', '59-2020-QH14:d4', '59-2020-QH14:d7', '59-2020-QH14:d79', '59-2020-QH14:d55', '23-2022-ND:d13', '59-2020-QH14:d206', '100-2019-ND-CP:d77', '168-2025-ND:d29', '01-2021-ND:d98', '100-2019-ND-CP:d40', '100-2019-ND-CP:d15', '59-2020-QH14:d196', '100-2019-ND-CP:d62', '01-2021-ND:d56', '89-2024-ND:d10', '01-2021-ND:d8', '168-2025-ND:d24', '100-2019-ND-CP:d41', '36-2024-QH15:d82', '01-2021-ND:d12', '36-2024-QH15:d65', '36-2024-QH15:d27', '100-2019-ND-CP:d57', '100-2019-ND-CP:d48']","['59-2020-QH14:d26', '59-2020-QH14:d18', '59-2020-QH14:d27', '59-2020-QH14:d37', '59-2020-QH14:d23', '59-2020-QH14:d17', '168-2025-ND:d1']","['59-2020-QH14:d37', '59-2020-QH14:d4', '59-2020-QH14:d26', '59-2020-QH14:d27', '59-2020-QH14:d17', '168-2025-ND:d1', '59-2020-QH14:d7', '59-2020-QH14:d79', '59-2020-QH14:d55', '23-2022-ND:d13', '59-2020-QH14:d206', '100-2019-ND-CP:d77', '168-2025-ND:d29', '01-2021-ND:d98', '59-2020-QH14:d18', '100-2019-ND-CP:d40', '100-2019-ND-CP:d15', '59-2020-QH14:d196', '100-2019-ND-CP:d62', '01-2021-ND:d56', '89-2024-ND:d10', '01-2021-ND:d8', '168-2025-ND:d24', '100-2019-ND-CP:d41', '36-2024-QH15:d82', '01-2021-ND:d12', '36-2024-QH15:d65', '36-2024-QH15:d27', '100-2019-ND-CP:d57', '100-2019-ND-CP:d48']",0.0,1,0.3333,1,0.6667,1,0.6667,1,0.6667,1,0.6667,1,0.6667,1.0
278,Loại 11: Khác - Chưa phân loại,"Em cần tư vấn về luật doanh nghiệp đặc biệt là thuế dn
Ở bắc giang thì tốt ạ
Em cần tư vấn về luật doanh nghiệp đặc biệt là thuế dn
Ở bắc giang thì tốt ạ","['59-2020-QH14:d1', '59-2020-QH14:d7', '59-2020-QH14:d8']",3,"Luật Doanh nghiệp 2020 quy định về: thành lập, tổ chức quản lý, tổ chức lại, giải thể và hoạt động có liên quan của doanh nghiệp (Điều 1). Các quyền của doanh nghiệp được quy định tại Điều 7, nghĩa vụ tại Điều 8. Về thuế doanh nghiệp (thuế TNDN), không thuộc phạm vi Luật DN 2020 mà được quy định tại Luật Thuế thu nhập doanh nghiệp và các văn bản hướng dẫn. Doanh nghiệp có nghĩa vụ nộp thuế đầy đủ theo quy định pháp luật về thuế (Điều 8 khoản 4 LDN 2020).","Điều 1 LDN 2020
Điều 7 LDN 2020
Điều 8 LDN 2020",False,"Xin lỗi, tôi không tìm thấy quy định pháp luật liên quan về **thuế doanh nghiệp** trong tài liệu được cung cấp. 

Các tài liệu hiện có chỉ quy định về **Luật Doanh nghiệp** (các vấn đề thành lập, quản lý, tổ chức lại, giải thể doanh nghiệp) và **đăng ký doanh nghiệp**, nhưng không bao gồm các vấn đề về thuế doanh nghiệp.

Để tôi có thể cung cấp tư vấn chính xác về vấn đề thuế doanh nghiệp tại Bắc Giang, bạn cần cung cấp thêm:
- Luật Thuế Giá trị gia tăng
- Luật Thuế Thu nhập doanh nghiệp
- Nghị định, Thông tư liên quan đến thuế doanh nghiệp

Nếu bạn có câu hỏi cụ thể về **thành lập, quản lý, hay điều chỉnh thông tin đăng ký doanh nghiệp**, tôi rất sẵn lòng tư vấn dựa trên các tài liệu hiện có.","['59-2020-QH14:d1', '59-2020-QH14:d2', '59-2020-QH14:d3', '59-2020-QH14:d7', '59-2020-QH14:d8', '59-2020-QH14:d17', '59-2020-QH14:d26', '168-2025-ND:d52', '59-2020-QH14:d203', '168-2025-ND:d43', '168-2025-ND:d25', '47-2021-ND:d12', '89-2024-ND:d1', '59-2020-QH14:d207', '23-2022-ND:d12', '36-2024-QH15:d39', '59-2020-QH14:d206', '168-2024-ND-CP:d2', '89-2024-ND:d2', '47-2021-ND:d24', '168-2025-ND:d64', '168-2025-ND:d54', '59-2020-QH14:d79', '47-2021-ND:d9', '16-2023-ND:d5', '59-2020-QH14:d217', '59-2020-QH14:d30', '100-2019-ND-CP:d71', '100-2019-ND-CP:d48', '100-2019-ND-CP:d40', '59-2020-QH14:d4', '16-2023-ND:d1', '23-2022-ND:d43']","['59-2020-QH14:d1', '59-2020-QH14:d2', '59-2020-QH14:d3', '59-2020-QH14:d7', '59-2020-QH14:d8', '59-2020-QH14:d17', '59-2020-QH14:d26']","['59-2020-QH14:d26', '59-2020-QH14:d7', '59-2020-QH14:d8', '59-2020-QH14:d17', '168-2025-ND:d52', '59-2020-QH14:d203', '168-2025-ND:d43', '168-2025-ND:d25', '47-2021-ND:d12', '89-2024-ND:d1', '59-2020-QH14:d207', '23-2022-ND:d12', '36-2024-QH15:d39', '59-2020-QH14:d206', '168-2024-ND-CP:d2', '89-2024-ND:d2', '47-2021-ND:d24', '168-2025-ND:d64', '168-2025-ND:d54', '59-2020-QH14:d79', '47-2021-ND:d9', '16-2023-ND:d5', '59-2020-QH14:d217', '59-2020-QH14:d30', '100-2019-ND-CP:d71', '100-2019-ND-CP:d48', '100-2019-ND-CP:d40', '59-2020-QH14:d4', '16-2023-ND:d1', '23-2022-ND:d43']",0.85,1,0.3333,1,0.3333,1,1.0,1,1.0,1,1.0,1,1.0,1.0
280,"Loại 7: Thay đổi ĐKKD - Địa chỉ, tên, ngành nghề","Hi anh chị bên em muốn thay đổi địa điểm kinh doanh, bên em chưa cập nhật ngành nghề kế toán dịch vụ bên em báo phải cập nhật lại ngành nghề và cập nhật lại địa chỉ của chủ sở hữu theo địa giới hành chính ( địa chỉ chủ sở hữu có bắt buộc cập nhật không ạ ?) sau đó mới thay đổi địa điểm kinh doanh được ạ","['59-2020-QH14:d28', '59-2020-QH14:d30', '59-2020-QH14:d31']",3,"Theo Điều 30 và Điều 31 Luật Doanh nghiệp 2020: 1) Khi thay đổi địa điểm kinh doanh (nếu thuộc nội dung GCN đăng ký doanh nghiệp), doanh nghiệp phải đăng ký thay đổi trong thời hạn 10 ngày kể từ ngày có thay đổi. 2) Việc thay đổi ngành nghề kinh doanh phải thông báo với Cơ quan đăng ký kinh doanh trong thời hạn 10 ngày. 3) Về địa chỉ chủ sở hữu: Theo Điều 28, địa chỉ liên lạc của chủ sở hữu là nội dung của GCN đăng ký doanh nghiệp, nên khi có thay đổi cần cập nhật theo Điều 30. Tuy nhiên, việc cập nhật theo địa giới hành chính mới (do Nhà nước điều chỉnh) thường được Cơ quan đăng ký kinh doanh cập nhật tự động hoặc doanh nghiệp có thể đề nghị cập nhật khi thực hiện thủ tục thay đổi khác.","Điều 28 LDN 2020
Điều 30 LDN 2020
Điều 31 LDN 2020",False,Không thể tạo câu trả lời.,"['01-2021-ND:d62', '01-2021-ND:d56', '01-2021-ND:d63', '168-2025-ND:d49', '168-2025-ND:d56', '168-2025-ND:d57', '59-2020-QH14:d31', '59-2020-QH14:d45', '59-2020-QH14:d44', '59-2020-QH14:d7', '59-2020-QH14:d30', '36-2024-QH15:d39', '01-2021-ND:d68', '168-2025-ND:d71', '100-2019-ND-CP:d40', '59-2020-QH14:d4', '01-2021-ND:d8', '44-2025-ND:d2', '59-2020-QH14:d24', '23-2022-ND:d51', '248-2025-ND:d3', '168-2025-ND:d17', '168-2025-ND:d74', '23-2022-ND:d15', '168-2024-ND-CP:d52', '01-2021-ND:d20', '16-2023-ND:d11', '248-2025-ND:d1', '59-2020-QH14:d60', '168-2025-ND:d116']","['01-2021-ND:d62', '01-2021-ND:d56', '01-2021-ND:d63', '168-2025-ND:d49', '168-2025-ND:d56', '168-2025-ND:d57']","['01-2021-ND:d62', '01-2021-ND:d56', '01-2021-ND:d63', '168-2025-ND:d49', '168-2025-ND:d56', '168-2025-ND:d57', '59-2020-QH14:d31', '59-2020-QH14:d45', '59-2020-QH14:d44', '59-2020-QH14:d7', '59-2020-QH14:d30', '36-2024-QH15:d39', '01-2021-ND:d68', '168-2025-ND:d71', '100-2019-ND-CP:d40', '59-2020-QH14:d4', '01-2021-ND:d8', '44-2025-ND:d2', '59-2020-QH14:d24', '23-2022-ND:d51', '248-2025-ND:d3', '168-2025-ND:d17', '168-2025-ND:d74', '23-2022-ND:d15', '168-2024-ND-CP:d52', '01-2021-ND:d20', '16-2023-ND:d11', '248-2025-ND:d1', '59-2020-QH14:d60', '168-2025-ND:d116']",0.0,0,0.0,0,0.0,0,0.0,1,0.3333,1,0.6667,1,0.6667,0.1429
284,"Loại 4: Người đại diện pháp luật - Điều kiện, thay đổi, trách nhiệm","Cần hỗ trợ tư vấn làm lại đăng ký kinh doanh
Công ty mình là TNHH 2 thành viên . Bạn mình là đại diện pháp luật mất rồi , Cần hỗ trợ thay người đại diện pháp luật , Bác nào chuyên mảng này để lại sdt mình liên hệ . Mình cần dịch vụ ở hà nội","['59-2020-QH14:d12', '59-2020-QH14:d30']",2,"Theo Điều 12 Luật Doanh nghiệp 2020 về người đại diện theo pháp luật:

Khoản 6: Đối với công ty TNHH có hai thành viên, nếu có thành viên là cá nhân làm người đại diện theo pháp luật của công ty chết thì thành viên còn lại đương nhiên làm người đại diện theo pháp luật của công ty cho đến khi có quyết định mới của Hội đồng thành viên về người đại diện theo pháp luật của công ty.

Thủ tục cần làm:
1. Thành viên còn lại họp Hội đồng thành viên để ra quyết định cử người đại diện theo pháp luật mới
2. Nộp hồ sơ đăng ký thay đổi nội dung đăng ký doanh nghiệp theo Điều 30 LDN 2020 trong thời hạn 10 ngày kể từ ngày có thay đổi
3. Hồ sơ bao gồm: Thông báo thay đổi, quyết định/biên bản họp của HĐTV, giấy tờ pháp lý của người đại diện mới

Lưu ý: Cần có giấy chứng tử của người đại diện pháp luật đã mất để làm căn cứ thay đổi.","Điều 12 khoản 6 LDN 2020
Điều 30 LDN 2020",False,Không thể tạo câu trả lời.,"['59-2020-QH14:d55', '59-2020-QH14:d46', '59-2020-QH14:d64', '59-2020-QH14:d54', '59-2020-QH14:d71', '01-2021-ND:d50', '168-2025-ND:d43', '59-2020-QH14:d26', '168-2025-ND:d37', '59-2020-QH14:d12', '01-2021-ND:d44', '89-2024-ND:d6', '01-2021-ND:d68', '168-2025-ND:d110', '168-2025-ND:d72', '248-2025-ND:d3', '168-2024-ND-CP:d14', '01-2021-ND:d2', '01-2021-ND:d46', '36-2024-QH15:d39', '01-2021-ND:d61', '59-2020-QH14:d4', '168-2025-ND:d22', '248-2025-ND:d1', '248-2025-ND:d2', '01-2021-ND:d82', '59-2020-QH14:d30', '168-2025-ND:d84', '36-2024-QH15:d73', '23-2022-ND:d13', '168-2024-ND-CP:d52']","['59-2020-QH14:d55', '59-2020-QH14:d46', '59-2020-QH14:d64', '59-2020-QH14:d54', '59-2020-QH14:d71', '01-2021-ND:d50', '168-2025-ND:d43']","['59-2020-QH14:d55', '168-2025-ND:d43', '59-2020-QH14:d64', '59-2020-QH14:d26', '59-2020-QH14:d46', '59-2020-QH14:d54', '01-2021-ND:d50', '168-2025-ND:d37', '59-2020-QH14:d12', '01-2021-ND:d44', '89-2024-ND:d6', '01-2021-ND:d68', '168-2025-ND:d110', '168-2025-ND:d72', '248-2025-ND:d3', '168-2024-ND-CP:d14', '01-2021-ND:d2', '01-2021-ND:d46', '36-2024-QH15:d39', '01-2021-ND:d61', '59-2020-QH14:d4', '168-2025-ND:d22', '248-2025-ND:d1', '248-2025-ND:d2', '01-2021-ND:d82', '59-2020-QH14:d30', '168-2025-ND:d84', '36-2024-QH15:d73', '23-2022-ND:d13', '168-2024-ND-CP:d52']",0.0,0,0.0,0,0.0,0,0.0,1,0.5,1,0.5,1,1.0,0.1
288,"Loại 5: Hộ kinh doanh - Đăng ký, thay đổi, chuyển đổi HKD","Mình mới chuyển đổi từ HKD lên doanh nghiệp
Đã xin xong giấy phép kinh doanh, tiếp theo mình cần làm gì bên thuế ạ
Nhờ cả nhà có kinh nghiệm giải đáp giúp mình với ạ","['59-2020-QH14:d217', '59-2020-QH14:d8']",2,"Theo Luật Doanh nghiệp 2020:

Điều 217 khoản 4 quy định: Chính phủ quy định việc đăng ký và hoạt động của hộ kinh doanh. Việc chuyển đổi từ hộ kinh doanh lên doanh nghiệp là thủ tục đăng ký doanh nghiệp mới.

Sau khi được cấp Giấy chứng nhận đăng ký doanh nghiệp, theo Điều 8 LDN 2020 về nghĩa vụ của doanh nghiệp:
- Khoản 4: Tổ chức công tác kế toán, nộp thuế và thực hiện các nghĩa vụ tài chính khác theo quy định của pháp luật

Các bước cần làm bên thuế (theo quy định của Luật Quản lý thuế, không thuộc LDN 2020):
1. Đăng ký mã số thuế doanh nghiệp (thường được cấp cùng với mã số doanh nghiệp)
2. Khai thuế ban đầu với cơ quan thuế quản lý
3. Đăng ký hóa đơn điện tử
4. Mua chữ ký số (token) nếu cần thiết
5. Kê khai thuế định kỳ theo quy định

Lưu ý: Cần chốt thuế và xử lý nghĩa vụ thuế của hộ kinh doanh cũ trước khi hoạt động dưới hình thức doanh nghiệp mới.","Điều 217 khoản 4 LDN 2020
Điều 8 khoản 4 LDN 2020",False,"# Tư vấn: Các bước thực hiện bên cơ quan thuế sau khi chuyển đổi từ HKD lên doanh nghiệp

Xin chúc mừng bạn đã hoàn thành bước đăng ký thành lập doanh nghiệp. Dưới đây là những thông tin liên quan đến vấn đề thuế:

## 1. Về Mã Số Thuế

Khi bạn được cấp **Giấy chứng nhận đăng ký doanh nghiệp**, mã số doanh nghiệp được ghi trên giấy chứng nhận này **đồng thời chính là mã số thuế** của doanh nghiệp. Điều này có nghĩa bạn không cần phải xin cấp mã số thuế riêng - mã số doanh nghiệp đã thay thế chức năng này.

## 2. Các Nghĩa Vụ Tiếp Theo Cần Thực Hiện

Tuy nhiên, các tài liệu pháp luật đã cung cấp không chi tiết quy định cụ thể về các bước thực hiện những nghĩa vụ thuế sau khi thành lập doanh nghiệp (như: thông báo tình trạng phụ thuộc, khai báo lần đầu, lập sổ kế toán, v.v.). 

**Bạn nên liên hệ với Cơ quan Thuế địa phương** nơi doanh nghiệp đặt trụ sở chính để được hướng dẫn cụ thể về:
- Các biểu mẫu cần nộp
- Thời hạn nộp theo quy định
- Các yêu cầu khác theo Luật Thuế

---

**Căn cứ pháp lý:** Điều 8, Nghị định số 01/2021/ND-CP","['01-2021-ND:d27', '01-2021-ND:d32', '01-2021-ND:d34', '01-2021-ND:d35', '01-2021-ND:d36', '01-2021-ND:d37', '01-2021-ND:d8', '36-2024-QH15:d62', '36-2024-QH15:d89', '59-2020-QH14:d4', '23-2022-ND:d12', '168-2024-ND-CP:d42', '59-2020-QH14:d206', '100-2019-ND-CP:d25', '100-2019-ND-CP:d81', '59-2020-QH14:d215', '100-2019-ND-CP:d28', '168-2024-ND-CP:d52', '59-2020-QH14:d26', '168-2024-ND-CP:d50', '100-2019-ND-CP:d21', '168-2024-ND-CP:d39', '168-2024-ND-CP:d2', '100-2019-ND-CP:d51', '100-2019-ND-CP:d62', '168-2025-ND:d25', '168-2024-ND-CP:d18', '59-2020-QH14:d30', '168-2024-ND-CP:d51', '168-2024-ND-CP:d34']","['01-2021-ND:d27', '01-2021-ND:d32', '01-2021-ND:d34', '01-2021-ND:d35', '01-2021-ND:d36', '01-2021-ND:d37', '01-2021-ND:d8']","['01-2021-ND:d37', '01-2021-ND:d27', '01-2021-ND:d32', '01-2021-ND:d34', '01-2021-ND:d35', '01-2021-ND:d36', '01-2021-ND:d8', '36-2024-QH15:d62', '36-2024-QH15:d89', '59-2020-QH14:d4', '23-2022-ND:d12', '168-2024-ND-CP:d42', '59-2020-QH14:d206', '100-2019-ND-CP:d25', '100-2019-ND-CP:d81', '59-2020-QH14:d215', '100-2019-ND-CP:d28', '168-2024-ND-CP:d52', '59-2020-QH14:d26', '168-2024-ND-CP:d50', '100-2019-ND-CP:d21', '168-2024-ND-CP:d39', '168-2024-ND-CP:d2', '100-2019-ND-CP:d51', '100-2019-ND-CP:d62', '168-2025-ND:d25', '168-2024-ND-CP:d18', '59-2020-QH14:d30', '168-2024-ND-CP:d51', '168-2024-ND-CP:d34']",0.85,0,0.0,0,0.0,0,0.0,0,0.0,0,0.0,0,0.0,0.0
289,"Loại 5: Hộ kinh doanh - Đăng ký, thay đổi, chuyển đổi HKD",Dạ anh chị cho em hỏi nhờ mình muốn chuyển hộ kinh doanh sang công ty TNHH 2 thành viên thì hồ sơ gồm những gì ạ. Em cảm ơn ạ,"['59-2020-QH14:d21', '59-2020-QH14:d24', '59-2020-QH14:d25']",3,"Theo Luật Doanh nghiệp 2020, để chuyển đổi hộ kinh doanh sang công ty TNHH 2 thành viên, cần thực hiện đăng ký doanh nghiệp mới.

Hồ sơ đăng ký công ty TNHH 2 thành viên theo Điều 21 LDN 2020 bao gồm:

1. Giấy đề nghị đăng ký doanh nghiệp (theo mẫu quy định)
2. Điều lệ công ty (nội dung theo Điều 24 LDN 2020)
3. Danh sách thành viên (nội dung theo Điều 25 LDN 2020)
4. Bản sao các giấy tờ pháp lý:
   a) Giấy tờ pháp lý của cá nhân đối với thành viên là cá nhân (CCCD/CMND/Hộ chiếu) và người đại diện theo pháp luật
   b) Giấy tờ pháp lý của tổ chức đối với thành viên là tổ chức (nếu có)

Ngoài ra, theo Nghị định 01/2021/NĐ-CP về đăng ký doanh nghiệp, cần bổ sung:
- Văn bản xác nhận về địa điểm đặt trụ sở chính (hợp đồng thuê hoặc giấy tờ chứng minh quyền sử dụng địa điểm)
- Giấy đăng ký hộ kinh doanh (để làm căn cứ chốt thuế và chấm dứt hoạt động HKD)

Lưu ý: Cần chấm dứt hoạt động hộ kinh doanh và hoàn thành nghĩa vụ thuế trước khi đăng ký doanh nghiệp mới.","Điều 21 LDN 2020
Điều 24 LDN 2020
Điều 25 LDN 2020",False,Không thể tạo câu trả lời.,"['59-2020-QH14:d46', '59-2020-QH14:d47', '59-2020-QH14:d48', '59-2020-QH14:d54', '59-2020-QH14:d55', '01-2021-ND:d23', '01-2021-ND:d27', '168-2025-ND:d37', '59-2020-QH14:d26', '59-2020-QH14:d203', '01-2021-ND:d44', '168-2025-ND:d116', '01-2021-ND:d88', '168-2025-ND:d110', '01-2021-ND:d89', '59-2020-QH14:d37', '168-2025-ND:d85', '01-2021-ND:d90', '168-2025-ND:d3', '59-2020-QH14:d4', '168-2025-ND:d96', '01-2021-ND:d16', '168-2025-ND:d99', '59-2020-QH14:d79', '168-2025-ND:d113', '23-2022-ND:d13', '168-2025-ND:d92', '01-2021-ND:d61', '168-2025-ND:d47', '168-2025-ND:d123', '100-2019-ND-CP:d48']","['59-2020-QH14:d46', '59-2020-QH14:d47', '59-2020-QH14:d48', '59-2020-QH14:d54', '59-2020-QH14:d55', '01-2021-ND:d23', '01-2021-ND:d27']","['59-2020-QH14:d55', '59-2020-QH14:d46', '59-2020-QH14:d47', '59-2020-QH14:d54', '01-2021-ND:d23', '01-2021-ND:d27', '168-2025-ND:d37', '59-2020-QH14:d26', '59-2020-QH14:d203', '01-2021-ND:d44', '168-2025-ND:d116', '01-2021-ND:d88', '168-2025-ND:d110', '01-2021-ND:d89', '59-2020-QH14:d37', '168-2025-ND:d85', '01-2021-ND:d90', '168-2025-ND:d3', '59-2020-QH14:d4', '168-2025-ND:d96', '01-2021-ND:d16', '168-2025-ND:d99', '59-2020-QH14:d79', '168-2025-ND:d113', '23-2022-ND:d13', '168-2025-ND:d92', '01-2021-ND:d61', '168-2025-ND:d47', '168-2025-ND:d123', '100-2019-ND-CP:d48']",0.0,0,0.0,0,0.0,0,0.0,0,0.0,0,0.0,0,0.0,0.0
290,"Loại 7: Thay đổi ĐKKD - Địa chỉ, tên, ngành nghề","dạ anh, chị cho em hỏi chút là Công ty em làm chuyển trụ sở khác tỉnh hiện đã nhận được mẫu 09 và đã thông báo cho phòng đkkd nhưng chưa được phòng đkkd chấp thuận dẫn đến chưa khai thuế được. vậy trong trường hợp quá thời hạn nộp khai thuế quý thì có bị phạt không ạ","['59-2020-QH14:d30', '59-2020-QH14:d8']",2,"Theo Điều 30 Luật Doanh nghiệp 2020 về đăng ký thay đổi nội dung Giấy chứng nhận đăng ký doanh nghiệp:

- Khoản 2: Doanh nghiệp chịu trách nhiệm đăng ký thay đổi nội dung Giấy chứng nhận ĐKDN trong thời hạn 10 ngày kể từ ngày có thay đổi.
- Khoản 3: Trong thời hạn 03 ngày làm việc kể từ ngày nhận hồ sơ hợp lệ, Cơ quan đăng ký kinh doanh có trách nhiệm cấp Giấy chứng nhận ĐKDN mới.

Về vấn đề khai thuế:
Luật Doanh nghiệp 2020 không quy định cụ thể về thời hạn khai thuế - đây thuộc phạm vi điều chỉnh của Luật Quản lý thuế. Tuy nhiên, theo Điều 8 khoản 4 LDN 2020, doanh nghiệp có nghĩa vụ nộp thuế và thực hiện các nghĩa vụ tài chính theo quy định.

Về việc chậm nộp tờ khai thuế do chưa được phòng ĐKKD chấp thuận:
Doanh nghiệp nên có văn bản giải trình với cơ quan thuế về lý do chậm nộp (do đang trong quá trình chuyển trụ sở khác tỉnh), kèm theo các chứng từ như mẫu 09 đã nhận và thông báo gửi phòng ĐKKD. Việc phạt hay không phụ thuộc vào quy định của Luật Quản lý thuế và quyết định của cơ quan thuế.","Điều 30 LDN 2020
Điều 8 khoản 4 LDN 2020",False,Không thể tạo câu trả lời.,"['168-2025-ND:d40', '168-2025-ND:d53', '01-2021-ND:d47', '01-2021-ND:d59', '59-2020-QH14:d30', '59-2020-QH14:d31', '01-2021-ND:d15', '01-2021-ND:d56', '168-2025-ND:d43', '01-2021-ND:d63', '59-2020-QH14:d42', '168-2025-ND:d57', '59-2020-QH14:d55', '168-2024-ND-CP:d37', '59-2020-QH14:d186', '100-2019-ND-CP:d82', '23-2022-ND:d13', '168-2025-ND:d87', '59-2020-QH14:d206', '168-2025-ND:d60', '100-2019-ND-CP:d61', '01-2021-ND:d71', '36-2024-QH15:d55', '100-2019-ND-CP:d3', '100-2019-ND-CP:d13', '100-2019-ND-CP:d35', '168-2024-ND-CP:d32', '100-2019-ND-CP:d16', '168-2025-ND:d29', '168-2025-ND:d24']","['168-2025-ND:d40', '168-2025-ND:d53', '01-2021-ND:d47', '01-2021-ND:d59', '59-2020-QH14:d30', '59-2020-QH14:d31', '01-2021-ND:d15']","['59-2020-QH14:d30', '01-2021-ND:d56', '168-2025-ND:d40', '168-2025-ND:d53', '01-2021-ND:d47', '01-2021-ND:d59', '59-2020-QH14:d31', '01-2021-ND:d15', '168-2025-ND:d43', '01-2021-ND:d63', '59-2020-QH14:d42', '168-2025-ND:d57', '59-2020-QH14:d55', '168-2024-ND-CP:d37', '59-2020-QH14:d186', '100-2019-ND-CP:d82', '23-2022-ND:d13', '168-2025-ND:d87', '59-2020-QH14:d206', '168-2025-ND:d60', '100-2019-ND-CP:d61', '01-2021-ND:d71', '36-2024-QH15:d55', '100-2019-ND-CP:d3', '100-2019-ND-CP:d13', '100-2019-ND-CP:d35', '168-2024-ND-CP:d32', '100-2019-ND-CP:d16', '168-2025-ND:d29', '168-2025-ND:d24']",0.0,0,0.0,0,0.0,1,0.5,1,0.5,1,0.5,1,0.5,0.2
293,"Loại 3: Vốn điều lệ - Góp vốn, tăng/giảm vốn, vốn pháp định",Doanh nghiệp mới tăng vốn tháng 11-12/2025 thì bây giờ T1 giảm vốn có sao không ạ anh chị.,"['59-2020-QH14:d112', '59-2020-QH14:d113', '59-2020-QH14:d47', '59-2020-QH14:d68']",4,"Theo Điều 68 và Điều 112 Luật Doanh nghiệp 2020, việc giảm vốn điều lệ chỉ được thực hiện trong các trường hợp sau: (1) Hoàn trả một phần vốn góp cho thành viên/cổ đông nếu công ty đã hoạt động kinh doanh liên tục từ 02 năm trở lên kể từ ngày đăng ký thành lập doanh nghiệp và bảo đảm thanh toán đủ các khoản nợ và nghĩa vụ tài sản khác; (2) Công ty mua lại phần vốn góp/cổ phần của thành viên/cổ đông; (3) Vốn điều lệ không được các thành viên/cổ đông thanh toán đầy đủ và đúng hạn. Do đó, nếu công ty mới tăng vốn tháng 11-12/2025 và muốn giảm vốn vào tháng 1/2026, cần xem xét: nếu công ty chưa hoạt động liên tục 2 năm thì không được giảm vốn theo trường hợp (1); chỉ có thể giảm vốn theo trường hợp (2) hoặc (3). Nếu vốn tăng thêm chưa được góp đủ trong 90 ngày thì phải điều chỉnh giảm vốn tương ứng.","Điều 68 LDN 2020
Điều 112 LDN 2020
Điều 47 LDN 2020
Điều 113 LDN 2020",False,Không thể tạo câu trả lời.,"['59-2020-QH14:d68', '59-2020-QH14:d87', '01-2021-ND:d51', '01-2021-ND:d55', '168-2025-ND:d44', '59-2020-QH14:d31', '59-2020-QH14:d217', '59-2020-QH14:d205', '23-2022-ND:d12', '59-2020-QH14:d211', '59-2020-QH14:d26', '59-2020-QH14:d30', '100-2019-ND-CP:d40', '168-2025-ND:d25', '59-2020-QH14:d207', '59-2020-QH14:d4', '100-2019-ND-CP:d48', '16-2023-ND:d1', '23-2022-ND:d43', '01-2021-ND:d37', '47-2021-ND:d2', '44-2025-ND:d4', '89-2024-ND:d1', '23-2022-ND:d25', '100-2019-ND-CP:d2', '16-2023-ND:d8', '168-2025-ND:d72', '47-2021-ND:d12', '168-2024-ND-CP:d2', '59-2020-QH14:d7']","['59-2020-QH14:d68', '59-2020-QH14:d87', '01-2021-ND:d51', '01-2021-ND:d55', '168-2025-ND:d44']","['59-2020-QH14:d68', '59-2020-QH14:d87', '01-2021-ND:d51', '01-2021-ND:d55', '168-2025-ND:d44', '59-2020-QH14:d31', '59-2020-QH14:d217', '59-2020-QH14:d205', '23-2022-ND:d12', '59-2020-QH14:d211', '59-2020-QH14:d26', '59-2020-QH14:d30', '100-2019-ND-CP:d40', '168-2025-ND:d25', '59-2020-QH14:d207', '59-2020-QH14:d4', '100-2019-ND-CP:d48', '16-2023-ND:d1', '23-2022-ND:d43', '01-2021-ND:d37', '47-2021-ND:d2', '44-2025-ND:d4', '89-2024-ND:d1', '23-2022-ND:d25', '100-2019-ND-CP:d2', '16-2023-ND:d8', '168-2025-ND:d72', '47-2021-ND:d12', '168-2024-ND-CP:d2', '59-2020-QH14:d7']",0.0,1,0.25,1,0.25,1,0.25,1,0.25,1,0.25,1,0.25,1.0
296,"Loại 2: Loại hình doanh nghiệp - TNHH, Cổ phần, Hợp danh, DNTN","Mình muốn giảm mệnh giá cổ phần, tương ứng sẽ tăng số lượng cổ phần để tổng vốn điều lệ không thay đổi. Vậy làm hồ sơ đăng ký thay đổi như nào vậy nhỉ? Không thấy có quy định tương ứng với trường hợp của mình, nhờ các bạn trong nhóm giúp đỡ ạ","['59-2020-QH14:d111', '59-2020-QH14:d112', '59-2020-QH14:d138', '59-2020-QH14:d31']",4,"Theo Điều 111 và Điều 112 Luật Doanh nghiệp 2020, vốn điều lệ của công ty cổ phần là tổng mệnh giá cổ phần các loại đã bán. Việc thay đổi mệnh giá cổ phần (giảm mệnh giá và tăng số lượng cổ phần tương ứng) trong khi giữ nguyên vốn điều lệ thực chất là việc tách cổ phần (stock split). Để thực hiện, công ty cần: (1) Tổ chức họp Đại hội đồng cổ đông để quyết định việc thay đổi mệnh giá cổ phần và số lượng cổ phần; (2) Sửa đổi Điều lệ công ty về mệnh giá và số lượng cổ phần; (3) Thông báo thay đổi nội dung đăng ký doanh nghiệp đến Cơ quan đăng ký kinh doanh theo Điều 31 LDN 2020 trong thời hạn 10 ngày kể từ ngày có thay đổi; (4) Cập nhật sổ đăng ký cổ đông. Lưu ý: Luật không quy định cụ thể về mệnh giá tối thiểu, nhưng thực tế thường áp dụng mệnh giá 10.000 đồng/cổ phần.","Điều 111 LDN 2020
Điều 112 LDN 2020
Điều 31 LDN 2020
Điều 138 LDN 2020",False,"Căn cứ vào pháp luật Việt Nam, trường hợp của bạn hoàn toàn hợp pháp. Dưới đây là hướng dẫn chi tiết:

## **QUI TRÌNH THỰC HIỆN**

### **1. Bước 1: Quyết định tại Đại hội đồng cổ đông**
Giảm mệnh giá cổ phần và tăng số lượng cổ phần là quyền của Đại hội đồng cổ đông. Bạn cần tổ chức Đại hội thông qua **Nghị quyết Đại hội đồng cổ đông** về:
- Mệnh giá cổ phần mới
- Số lượng cổ phần mới tương ứng
- Sửa đổi, bổ sung Điều lệ công ty

### **2. Bước 2: Sửa đổi Điều lệ công ty**
Cập nhật Điều lệ để ghi nhận mệnh giá và số lượng cổ phần mới. Vì vốn điều lệ không thay đổi, đây chỉ là sửa đổi cấu trúc cổ phần chứ không phải thay đổi vốn.

### **3. Bước 3: Đăng ký thay đổi nội dung đăng ký doanh nghiệp**

**Hồ sơ cần chuẩn bị** theo quy định mới:
- **Giấy đề nghị đăng ký thay đổi nội dung đăng ký doanh nghiệp** (do Chủ tịch Hội đồng quản trị ký)
- **Bản sao hoặc bản chính Nghị quyết Đại hội đồng cổ đông** về thay đổi mệnh giá và số lượng cổ phần
- **Bản Điều lệ công ty sửa đổi** (nếu cần thiết)

**Nộp tại:** Cơ quan đăng ký kinh doanh cấp tỉnh nơi đặt trụ sở chính

**Thời hạn xử lý:** 03 ngày làm việc kể từ khi nhận đủ hồ sơ hợp lệ

**Thời hạn nộp:** 10 ngày kể từ ngày có thay đổi

---

**Căn cứ pháp lý:** Điều 138 (Luật Doanh nghiệp 2020), Điều 30 (Luật Doanh nghiệp 2020), Điều 44 (Nghị định 168/2025/NĐ-CP)","['59-2020-QH14:d123', '59-2020-QH14:d112', '59-2020-QH14:d138', '59-2020-QH14:d146', '59-2020-QH14:d147', '01-2021-ND:d51', '168-2025-ND:d44', '59-2020-QH14:d30', '168-2025-ND:d43', '168-2025-ND:d52', '59-2020-QH14:d55', '168-2024-ND-CP:d32', '168-2025-ND:d24', '59-2020-QH14:d26', '89-2024-ND:d6', '44-2025-ND:d1', '168-2024-ND-CP:d13', '100-2019-ND-CP:d5', '100-2019-ND-CP:d30', '01-2021-ND:d45', '100-2019-ND-CP:d16', '100-2019-ND-CP:d12', '01-2021-ND:d37', '36-2024-QH15:d30', '100-2019-ND-CP:d24', '59-2020-QH14:d25', '01-2021-ND:d12', '100-2019-ND-CP:d40', '168-2025-ND:d47', '01-2021-ND:d29']","['59-2020-QH14:d123', '59-2020-QH14:d112', '59-2020-QH14:d138', '59-2020-QH14:d146', '59-2020-QH14:d147', '01-2021-ND:d51', '168-2025-ND:d44']","['59-2020-QH14:d123', '59-2020-QH14:d146', '168-2025-ND:d44', '59-2020-QH14:d30', '168-2025-ND:d43', '59-2020-QH14:d112', '59-2020-QH14:d138', '59-2020-QH14:d147', '01-2021-ND:d51', '168-2025-ND:d52', '59-2020-QH14:d55', '168-2024-ND-CP:d32', '168-2025-ND:d24', '59-2020-QH14:d26', '89-2024-ND:d6', '44-2025-ND:d1', '168-2024-ND-CP:d13', '100-2019-ND-CP:d5', '100-2019-ND-CP:d30', '01-2021-ND:d45', '100-2019-ND-CP:d16', '100-2019-ND-CP:d12', '01-2021-ND:d37', '36-2024-QH15:d30', '100-2019-ND-CP:d24', '59-2020-QH14:d25', '01-2021-ND:d12', '100-2019-ND-CP:d40', '168-2025-ND:d47', '01-2021-ND:d29']",0.85,0,0.0,1,0.5,1,0.5,1,0.5,1,0.5,1,0.5,0.5
297,"Loại 3: Vốn điều lệ - Góp vốn, tăng/giảm vốn, vốn pháp định","anh/chị ơi cho em hỏi vấn đề này với ạ. Công ty em vốn điều lệ 300 tỷ ( có cả tổ chức, cá nhân góp vốn). Vừa rồi e nộp hs thay đổi trụ sở thì chuyên viên ra thông báo bổ sung báo cáo tình hình góp vốn điều lệ, chứng từ.......do cty vốn lớn hơn 100 tỷ. Trong trường hợp không chứng minh được đã góp đủ vốn thì phải làm sao ạ ? có anh/chị nào gặp trường hợp này chưa cho em xin ý kiến với ạ","['59-2020-QH14:d112', '59-2020-QH14:d113', '59-2020-QH14:d16', '59-2020-QH14:d47', '59-2020-QH14:d68']",5,"Theo Điều 47 và Điều 113 Luật Doanh nghiệp 2020, thành viên/cổ đông phải góp vốn đủ và đúng loại tài sản đã cam kết trong thời hạn 90 ngày kể từ ngày được cấp Giấy chứng nhận đăng ký doanh nghiệp. Nếu không góp đủ vốn điều lệ, phải đăng ký điều chỉnh vốn điều lệ bằng số vốn thực góp trong thời hạn 30 ngày. Theo Điều 16 khoản 5 LDN 2020, việc kê khai khống vốn điều lệ, không góp đủ số vốn điều lệ như đã đăng ký là hành vi bị cấm. Trong trường hợp không chứng minh được đã góp đủ 300 tỷ vốn điều lệ, công ty cần: (1) Đăng ký giảm vốn điều lệ về mức thực góp; (2) Bổ sung chứng từ góp vốn nếu có; (3) Các thành viên/cổ đông chưa góp đủ phải chịu trách nhiệm về nghĩa vụ tài chính của công ty tương ứng với phần vốn đã cam kết.","Điều 47 LDN 2020
Điều 113 LDN 2020
Điều 16 khoản 5 LDN 2020
Điều 68 LDN 2020
Điều 112 LDN 2020",False,"# Tư vấn về yêu cầu bổ sung chứng minh góp vốn

Tôi hiểu tình huống của anh/chị. Đây là vấn đề phổ biến khi đăng ký thay đổi nội dung doanh nghiệp. Hãy để tôi giải thích dựa trên quy định pháp luật:

## Tính pháp lệ của yêu cầu

Cơ quan đăng ký kinh doanh hoàn toàn có quyền yêu cầu anh/chị bổ sung báo cáo và chứng từ góp vốn. Điều này bởi vì **thành viên công ty có nghĩa vụ pháp lý phải góp vốn đủ và đúng hạn** theo số cam kết trong Điều lệ công ty.

## Các giải pháp khi không chứng minh được góp đủ vốn

Trong trường hợp không thể chứng minh đã góp đủ vốn 300 tỷ, anh/chị cần cân nhắc các phương án sau:

1. **Bổ sung chứng từ, tài liệu chứng minh**: Thu thập các giấy tờ, biên bản, hóa đơn, chứng từ từ ngân hàng, kỹ thuật hoặc các chứng cứ khác chứng minh việc góp vốn (tài sản, tiền, quyền sử dụng đất, quyền sở hữu trí tuệ, v.v.)

2. **Hoàn tất việc góp vốn**: Nếu vốn còn thiếu, các thành viên phải góp bổ sung để đạt đủ số tiền cam kết.

3. **Thay đổi vốn điều lệ**: Nếu không thể góp thêm, công ty có thể đăng ký **thay đổi vốn điều lệ xuống mức phù hợp với số vốn thực tế đã góp** vào công ty. Tuy nhiên, đây là đăng ký thay đổi nội dung và cần có quyết định của Hội đồng thành viên.

## Lưu ý quan trọng

Việc không góp đủ vốn là **vi phạm nghĩa vụ pháp lý của thành viên công ty**. Nếu kéo dài, có thể ảnh hưởng đến tính pháp lệ của hoạt động kinh doanh và khả năng bị xử phạt hành chính. 

**Khuyến cáo**: Anh/chị nên liên hệ với Cơ quan đăng ký kinh doanh để hiểu rõ họ cần những chứng từ cụ thể nào, hoặc tham khảo một luật sư để đánh giá tình hình thực tế và lựa chọn phương án tối ưu.

---

**Căn cứ pháp lý:**
- Điều 47 (Khoản 2) Luật Doanh nghiệp 2020
- Điều 50 (Khoản 1) Luật Doanh nghiệp 2020","['59-2020-QH14:d30', '59-2020-QH14:d36', '59-2020-QH14:d34', '59-2020-QH14:d47', '59-2020-QH14:d50', '59-2020-QH14:d73', '59-2020-QH14:d111', '168-2025-ND:d43', '01-2021-ND:d56', '01-2021-ND:d63', '168-2025-ND:d49', '168-2025-ND:d57', '100-2019-ND-CP:d15', '01-2021-ND:d2', '44-2025-ND:d1', '89-2024-ND:d7', '59-2020-QH14:d55', '36-2024-QH15:d80', '36-2024-QH15:d85', '168-2025-ND:d2', '23-2022-ND:d2', '36-2024-QH15:d55', '23-2022-ND:d13', '168-2025-ND:d84', '59-2020-QH14:d186', '16-2023-ND:d2', '168-2025-ND:d87', '47-2021-ND:d31', '36-2024-QH15:d78', '23-2022-ND:d48']","['59-2020-QH14:d30', '59-2020-QH14:d36', '59-2020-QH14:d34', '59-2020-QH14:d47', '59-2020-QH14:d50', '59-2020-QH14:d73', '59-2020-QH14:d111']","['59-2020-QH14:d30', '168-2025-ND:d43', '59-2020-QH14:d36', '01-2021-ND:d56', '59-2020-QH14:d34', '59-2020-QH14:d47', '59-2020-QH14:d50', '59-2020-QH14:d73', '59-2020-QH14:d111', '01-2021-ND:d63', '168-2025-ND:d49', '168-2025-ND:d57', '100-2019-ND-CP:d15', '01-2021-ND:d2', '44-2025-ND:d1', '89-2024-ND:d7', '59-2020-QH14:d55', '36-2024-QH15:d80', '36-2024-QH15:d85', '168-2025-ND:d2', '23-2022-ND:d2', '36-2024-QH15:d55', '23-2022-ND:d13', '168-2025-ND:d84', '59-2020-QH14:d186', '16-2023-ND:d2', '168-2025-ND:d87', '47-2021-ND:d31', '36-2024-QH15:d78', '23-2022-ND:d48']",0.85,0,0.0,0,0.0,1,0.2,1,0.2,1,0.2,1,0.2,0.25
300,"Loại 2: Loại hình doanh nghiệp - TNHH, Cổ phần, Hợp danh, DNTN",Anh chị cho e hỏi Cty cổ phần mới thành lập thì cổ phần Chào bán có ghi trên hệ thống không. E k hiểu cổ phần Chào bán khi nào ghi,"['59-2020-QH14:d111', '59-2020-QH14:d112', '59-2020-QH14:d120']",3,"Theo Điều 112 Luật Doanh nghiệp 2020 về vốn của công ty cổ phần: (1) Cổ phần đã bán: là cổ phần được quyền chào bán đã được các cổ đông thanh toán đủ cho công ty. Khi đăng ký thành lập doanh nghiệp, cổ phần đã bán là tổng số cổ phần các loại đã được đăng ký mua. (2) Cổ phần được quyền chào bán: là tổng số cổ phần các loại mà Đại hội đồng cổ đông quyết định sẽ chào bán để huy động vốn. Khi đăng ký thành lập doanh nghiệp, đây là tổng số cổ phần mà công ty sẽ chào bán, bao gồm cổ phần đã được đăng ký mua và cổ phần chưa được đăng ký mua. (3) Cổ phần chưa bán: là cổ phần được quyền chào bán và chưa được thanh toán. Khi mới thành lập, cổ phần chào bán được ghi trong hồ sơ đăng ký doanh nghiệp dựa trên tổng số cổ phần mà công ty dự kiến chào bán theo Điều lệ công ty.","Điều 112 LDN 2020
Điều 120 LDN 2020
Điều 111 LDN 2020",False,"Căn cứ vào Luật Doanh nghiệp, tôi giải thích cụ thể cho anh chị như sau:

## Cổ phần Chào bán khi nào được ghi trên hệ thống

**Khi công ty mới thành lập:**
Chỉ **cổ phần đã bán** (tức cổ phần đã được đăng ký mua) mới được ghi trong Giấy chứng nhận đăng ký doanh nghiệp. Đây là những cổ phần mà các cổ đông sáng lập đã cam kết mua và sẽ thanh toán trong vòng 90 ngày kể từ khi được cấp giấy chứng nhận.

**Cổ phần ""Chào bán"" là gì:**
""Chào bán cổ phần"" là hoạt động **sau này** của công ty khi muốn tăng vốn điều lệ - tức là phát hành thêm cổ phần mới để huy động vốn. Đây không phải là giai đoạn lúc công ty mới thành lập.

**Cổ phần Chào bán được ghi trên hệ thống khi:**
Sau khi công ty quyết định chào bán cổ phần (để tăng vốn điều lệ), công ty phải:
- Thực hiện đăng ký thay đổi, bổ sung nội dung đăng ký doanh nghiệp với Cơ quan đăng ký kinh doanh
- Cơ quan đăng ký kinh doanh sẽ cập nhật thông tin vào hệ thống quốc gia về đăng ký doanh nghiệp

Tóm lại: **Lúc mới thành lập không ghi ""cổ phần chào bán""**, chỉ ghi cổ phần đã bán. Cổ phần chào bán được ghi khi công ty thực hiện chào bán để tăng vốn.

**Căn cứ pháp lý:** Điều 112, Điều 113, Điều 123 Luật Doanh nghiệp 2020.","['59-2020-QH14:d112', '59-2020-QH14:d113', '59-2020-QH14:d123', '59-2020-QH14:d176', '59-2020-QH14:d26', '59-2020-QH14:d25', '59-2020-QH14:d22', '168-2025-ND:d52', '59-2020-QH14:d55', '168-2025-ND:d43', '59-2020-QH14:d64', '168-2024-ND-CP:d13', '168-2024-ND-CP:d14', '100-2019-ND-CP:d16', '36-2024-QH15:d75', '168-2024-ND-CP:d27', '100-2019-ND-CP:d51', '168-2024-ND-CP:d16', '168-2024-ND-CP:d20', '168-2024-ND-CP:d15', '168-2024-ND-CP:d6', '100-2019-ND-CP:d39', '100-2019-ND-CP:d50', '100-2019-ND-CP:d18', '36-2024-QH15:d62', '100-2019-ND-CP:d21', '59-2020-QH14:d114', '36-2024-QH15:d9', '168-2024-ND-CP:d21', '100-2019-ND-CP:d28']","['59-2020-QH14:d112', '59-2020-QH14:d113', '59-2020-QH14:d123', '59-2020-QH14:d176', '59-2020-QH14:d26', '59-2020-QH14:d25', '59-2020-QH14:d22']","['59-2020-QH14:d123', '59-2020-QH14:d26', '59-2020-QH14:d25', '59-2020-QH14:d112', '59-2020-QH14:d113', '59-2020-QH14:d176', '59-2020-QH14:d22', '168-2025-ND:d52', '59-2020-QH14:d55', '168-2025-ND:d43', '59-2020-QH14:d64', '168-2024-ND-CP:d13', '168-2024-ND-CP:d14', '100-2019-ND-CP:d16', '36-2024-QH15:d75', '168-2024-ND-CP:d27', '100-2019-ND-CP:d51', '168-2024-ND-CP:d16', '168-2024-ND-CP:d20', '168-2024-ND-CP:d15', '168-2024-ND-CP:d6', '100-2019-ND-CP:d39', '100-2019-ND-CP:d50', '100-2019-ND-CP:d18', '36-2024-QH15:d62', '100-2019-ND-CP:d21', '59-2020-QH14:d114', '36-2024-QH15:d9', '168-2024-ND-CP:d21', '100-2019-ND-CP:d28']",0.85,1,0.3333,1,0.3333,1,0.3333,1,0.3333,1,0.3333,1,0.3333,1.0
301,"Loại 6: Giải thể & Phá sản - Thủ tục, thanh toán nợ, tạm ngưng","TP.HCM
Công ty mình thành lập 2010, hiện cty đang bị tạm khoá mst, nay mình muốn giải thể thì làm sao các bác?
Các bác hướng dẫn giúp mình nhé
Cảm ơn","['59-2020-QH14:d207', '59-2020-QH14:d208', '59-2020-QH14:d209', '59-2020-QH14:d210']",4,"Theo Điều 207 Luật Doanh nghiệp 2020, công ty bị thu hồi Giấy chứng nhận đăng ký doanh nghiệp thuộc trường hợp buộc phải giải thể. Trước khi giải thể, theo khoản 2 Điều 207, doanh nghiệp chỉ được giải thể khi bảo đảm thanh toán hết các khoản nợ, nghĩa vụ tài sản khác. Do công ty bị tạm khóa MST, bạn cần: (1) Liên hệ cơ quan thuế để hoàn thành nghĩa vụ thuế còn nợ, mở lại MST; (2) Sau đó thực hiện thủ tục giải thể theo Điều 208, 209 LDN 2020: thông qua nghị quyết giải thể, thanh lý tài sản, thanh toán nợ, gửi hồ sơ giải thể đến Cơ quan đăng ký kinh doanh. Hồ sơ giải thể quy định tại Điều 210 LDN 2020.","Điều 207 LDN 2020
Điều 208 LDN 2020
Điều 209 LDN 2020
Điều 210 LDN 2020",False,Không thể tạo câu trả lời.,"['59-2020-QH14:d206', '59-2020-QH14:d207', '59-2020-QH14:d208', '59-2020-QH14:d209', '59-2020-QH14:d210', '168-2025-ND:d61', '168-2025-ND:d64', '168-2025-ND:d60', '01-2021-ND:d66', '168-2025-ND:d78', '168-2025-ND:d70', '168-2025-ND:d17', '59-2020-QH14:d55', '23-2022-ND:d13', '36-2024-QH15:d39', '168-2025-ND:d29', '01-2021-ND:d98', '168-2025-ND:d24', '59-2020-QH14:d37', '23-2022-ND:d54', '23-2022-ND:d43', '59-2020-QH14:d196', '01-2021-ND:d56', '36-2024-QH15:d55', '59-2020-QH14:d194', '59-2020-QH14:d4', '168-2024-ND-CP:d2', '100-2019-ND-CP:d28', '59-2020-QH14:d26', '59-2020-QH14:d84', '23-2022-ND:d9']","['59-2020-QH14:d206', '59-2020-QH14:d207', '59-2020-QH14:d208', '59-2020-QH14:d209', '59-2020-QH14:d210', '168-2025-ND:d61', '168-2025-ND:d64']","['59-2020-QH14:d207', '59-2020-QH14:d206', '59-2020-QH14:d208', '59-2020-QH14:d209', '59-2020-QH14:d210', '168-2025-ND:d61', '168-2025-ND:d60', '01-2021-ND:d66', '168-2025-ND:d78', '168-2025-ND:d70', '168-2025-ND:d17', '59-2020-QH14:d55', '23-2022-ND:d13', '36-2024-QH15:d39', '168-2025-ND:d29', '01-2021-ND:d98', '168-2025-ND:d24', '59-2020-QH14:d37', '23-2022-ND:d54', '23-2022-ND:d43', '59-2020-QH14:d196', '01-2021-ND:d56', '36-2024-QH15:d55', '59-2020-QH14:d194', '59-2020-QH14:d4', '168-2024-ND-CP:d2', '100-2019-ND-CP:d28', '59-2020-QH14:d26', '59-2020-QH14:d84', '23-2022-ND:d9']",0.0,0,0.0,1,0.5,1,1.0,1,1.0,1,1.0,1,1.0,0.5
303,"Loại 5: Hộ kinh doanh - Đăng ký, thay đổi, chuyển đổi HKD","em làm hồ sơ chuyển từ HKD lên DN 2TV, chuyên viên yêu cầu nhập vào khối ""thông tin về thành viên"" nhưng hệ thống không có mục này, nhờ anh chị đi trước hướng dẫn giúp em với","['59-2020-QH14:d21', '59-2020-QH14:d25', '59-2020-QH14:d46']",3,"Việc chuyển đổi từ Hộ kinh doanh (HKD) lên Công ty TNHH 2 thành viên trở lên được quy định tại Nghị định 01/2021/NĐ-CP, không trực tiếp thuộc Luật Doanh nghiệp 2020. Theo Điều 46 LDN 2020, Công ty TNHH 2 thành viên trở lên có từ 02 đến 50 thành viên. Khi chuyển đổi, hồ sơ phải bao gồm Danh sách thành viên theo Điều 21 và Điều 25 LDN 2020. Về vấn đề kỹ thuật hệ thống không hiển thị mục 'thông tin về thành viên', bạn nên liên hệ hotline hỗ trợ của Cổng thông tin quốc gia về đăng ký doanh nghiệp hoặc Phòng Đăng ký kinh doanh địa phương để được hướng dẫn cụ thể.","Điều 46 LDN 2020
Điều 21 LDN 2020
Điều 25 LDN 2020",False,Không thể tạo câu trả lời.,"['59-2020-QH14:d205', '59-2020-QH14:d46', '59-2020-QH14:d47', '59-2020-QH14:d48', '59-2020-QH14:d49', '59-2020-QH14:d50', '59-2020-QH14:d25', '59-2020-QH14:d217', '168-2025-ND:d37', '59-2020-QH14:d8', '36-2024-QH15:d75', '100-2019-ND-CP:d51', '168-2024-ND-CP:d14', '01-2021-ND:d61', '168-2025-ND:d47', '168-2024-ND-CP:d20', '100-2019-ND-CP:d16', '168-2024-ND-CP:d27', '168-2024-ND-CP:d13', '100-2019-ND-CP:d50', '168-2024-ND-CP:d15', '168-2025-ND:d24', '168-2024-ND-CP:d40', '168-2024-ND-CP:d39', '100-2019-ND-CP:d48', '100-2019-ND-CP:d35', '100-2019-ND-CP:d56', '100-2019-ND-CP:d15', '100-2019-ND-CP:d23', '100-2019-ND-CP:d39', '59-2020-QH14:d26']","['59-2020-QH14:d205', '59-2020-QH14:d46', '59-2020-QH14:d47', '59-2020-QH14:d48', '59-2020-QH14:d49', '59-2020-QH14:d50', '59-2020-QH14:d25']","['59-2020-QH14:d205', '59-2020-QH14:d46', '59-2020-QH14:d47', '59-2020-QH14:d49', '59-2020-QH14:d50', '59-2020-QH14:d25', '59-2020-QH14:d217', '168-2025-ND:d37', '59-2020-QH14:d8', '36-2024-QH15:d75', '100-2019-ND-CP:d51', '168-2024-ND-CP:d14', '01-2021-ND:d61', '168-2025-ND:d47', '168-2024-ND-CP:d20', '100-2019-ND-CP:d16', '168-2024-ND-CP:d27', '168-2024-ND-CP:d13', '100-2019-ND-CP:d50', '168-2024-ND-CP:d15', '168-2025-ND:d24', '168-2024-ND-CP:d40', '168-2024-ND-CP:d39', '100-2019-ND-CP:d48', '100-2019-ND-CP:d35', '100-2019-ND-CP:d56', '100-2019-ND-CP:d15', '100-2019-ND-CP:d23', '100-2019-ND-CP:d39', '59-2020-QH14:d26']",0.0,0,0.0,1,0.3333,1,0.3333,1,0.6667,1,0.6667,1,0.6667,0.5
304,"Loại 9: Chuyển nhượng vốn/cổ phần - Mua bán, thừa kế","Mn ơi có ai gặp trường hợp thay đổi thành viên cty 2tv đồng thời thay đổi csh hưởng lợi mà ko xoá đc thông tin thành viên cũ trên hệ thống ko ạ? E đã xoá ttin thành viên cũ bên mục danh sách thành viên nhưng bên csh hưởng lợi nó vẫn hiện, ko xoá đc. Ai biết cách xử lý chỉ giúp e với, e cảm ơn ạ.","['59-2020-QH14:d30', '59-2020-QH14:d31', '59-2020-QH14:d48', '59-2020-QH14:d51', '59-2020-QH14:d52', '59-2020-QH14:d53']",6,"Việc thay đổi thành viên công ty TNHH 2 thành viên trở lên được quy định tại Điều 48 (Sổ đăng ký thành viên), Điều 51 (Mua lại phần vốn góp), Điều 52 (Chuyển nhượng phần vốn góp), Điều 53 (Xử lý phần vốn góp trong trường hợp đặc biệt), Điều 30 và Điều 31 LDN 2020 (Đăng ký thay đổi, thông báo thay đổi). Về vấn đề 'chủ sở hữu hưởng lợi' (beneficial owner), đây thuộc quy định về phòng chống rửa tiền theo Luật Phòng, chống rửa tiền và các Nghị định hướng dẫn, không thuộc LDN 2020. Vấn đề kỹ thuật hệ thống không xóa được thông tin, bạn nên liên hệ hotline hỗ trợ hoặc Phòng ĐKKD để được hướng dẫn.","Điều 48 LDN 2020
Điều 51 LDN 2020
Điều 52 LDN 2020
Điều 53 LDN 2020
Điều 30 LDN 2020
Điều 31 LDN 2020",False,Không thể tạo câu trả lời.,"['168-2025-ND:d45', '168-2025-ND:d52', '01-2021-ND:d52', '168-2025-ND:d77', '168-2025-ND:d78', '59-2020-QH14:d48', '59-2020-QH14:d52', '59-2020-QH14:d31', '59-2020-QH14:d208', '168-2025-ND:d37', '59-2020-QH14:d12', '01-2021-ND:d44', '01-2021-ND:d61', '59-2020-QH14:d186', '59-2020-QH14:d30', '100-2019-ND-CP:d59', '36-2024-QH15:d75', '100-2019-ND-CP:d61', '36-2024-QH15:d65', '100-2019-ND-CP:d51', '44-2025-ND:d2', '36-2024-QH15:d39', '36-2024-QH15:d80', '36-2024-QH15:d5', '168-2025-ND:d43', '47-2021-ND:d2', '59-2020-QH14:d22', '01-2021-ND:d68', '01-2021-ND:d56', '100-2019-ND-CP:d50', '100-2019-ND-CP:d39']","['168-2025-ND:d45', '168-2025-ND:d52', '01-2021-ND:d52', '168-2025-ND:d77', '168-2025-ND:d78', '59-2020-QH14:d48', '59-2020-QH14:d52']","['01-2021-ND:d52', '168-2025-ND:d45', '168-2025-ND:d52', '59-2020-QH14:d31', '168-2025-ND:d77', '168-2025-ND:d78', '59-2020-QH14:d52', '59-2020-QH14:d208', '168-2025-ND:d37', '59-2020-QH14:d12', '01-2021-ND:d44', '01-2021-ND:d61', '59-2020-QH14:d186', '59-2020-QH14:d30', '100-2019-ND-CP:d59', '36-2024-QH15:d75', '100-2019-ND-CP:d61', '36-2024-QH15:d65', '100-2019-ND-CP:d51', '44-2025-ND:d2', '36-2024-QH15:d39', '36-2024-QH15:d80', '36-2024-QH15:d5', '168-2025-ND:d43', '47-2021-ND:d2', '59-2020-QH14:d22', '01-2021-ND:d68', '01-2021-ND:d56', '100-2019-ND-CP:d50', '100-2019-ND-CP:d39']",0.0,0,0.0,0,0.0,0,0.0,1,0.5,1,0.6667,1,0.6667,0.1667
307,"Loại 6: Giải thể & Phá sản - Thủ tục, thanh toán nợ, tạm ngưng","chưa cập nhật thông tin sau sáp nhật, thông tin Người đại diện PL trên GPKD đang là CMND, e có thể nộp hồ sơ tạm ngưng trong 2026 được không ạ?","['59-2020-QH14:d206', '59-2020-QH14:d30', '59-2020-QH14:d31']",3,"Theo Điều 30 Luật Doanh nghiệp 2020, doanh nghiệp phải đăng ký thay đổi nội dung Giấy chứng nhận đăng ký doanh nghiệp trong thời hạn 10 ngày kể từ ngày có thay đổi. Việc chưa cập nhật thông tin người đại diện pháp luật (từ CMND sang CCCD) sau sáp nhập là vi phạm nghĩa vụ đăng ký. Theo quy định, bạn cần hoàn thành việc cập nhật thông tin đăng ký doanh nghiệp trước, sau đó mới có thể nộp hồ sơ tạm ngừng kinh doanh. Điều 206 Luật Doanh nghiệp 2020 quy định doanh nghiệp phải thông báo tạm ngừng chậm nhất 03 ngày làm việc trước ngày tạm ngừng, nhưng hồ sơ cần hợp lệ về thông tin đăng ký.","Điều 30 LDN 2020
Điều 31 LDN 2020
Điều 206 LDN 2020",False,Không thể tạo câu trả lời.,"['168-2025-ND:d60', '168-2025-ND:d63', '168-2025-ND:d43', '168-2025-ND:d55', '168-2025-ND:d57', '01-2021-ND:d66', '01-2021-ND:d73', '59-2020-QH14:d30', '59-2020-QH14:d31', '59-2020-QH14:d206', '59-2020-QH14:d12', '248-2025-ND:d3', '89-2024-ND:d6', '47-2021-ND:d33', '59-2020-QH14:d210', '248-2025-ND:d2', '01-2021-ND:d37', '248-2025-ND:d1', '59-2020-QH14:d25', '59-2020-QH14:d64', '168-2025-ND:d3', '168-2025-ND:d47', '36-2024-QH15:d81', '168-2025-ND:d84', '168-2025-ND:d24', '168-2024-ND-CP:d13', '168-2024-ND-CP:d16', '100-2019-ND-CP:d2', '59-2020-QH14:d44', '168-2024-ND-CP:d34', '168-2024-ND-CP:d40', '168-2024-ND-CP:d5']","['168-2025-ND:d60', '168-2025-ND:d63', '168-2025-ND:d43', '168-2025-ND:d55', '168-2025-ND:d57', '01-2021-ND:d66', '01-2021-ND:d73']","['168-2025-ND:d43', '59-2020-QH14:d30', '168-2025-ND:d60', '168-2025-ND:d55', '168-2025-ND:d57', '01-2021-ND:d66', '59-2020-QH14:d31', '59-2020-QH14:d206', '59-2020-QH14:d12', '248-2025-ND:d3', '89-2024-ND:d6', '47-2021-ND:d33', '59-2020-QH14:d210', '248-2025-ND:d2', '01-2021-ND:d37', '248-2025-ND:d1', '59-2020-QH14:d25', '59-2020-QH14:d64', '168-2025-ND:d3', '168-2025-ND:d47', '36-2024-QH15:d81', '168-2025-ND:d84', '168-2025-ND:d24', '168-2024-ND-CP:d13', '168-2024-ND-CP:d16', '100-2019-ND-CP:d2', '59-2020-QH14:d44', '168-2024-ND-CP:d34', '168-2024-ND-CP:d40', '168-2024-ND-CP:d5']",0.0,0,0.0,0,0.0,0,0.0,1,1.0,1,1.0,1,1.0,0.125
308,"Loại 1: Thành lập doanh nghiệp - Thủ tục, điều kiện, hồ sơ thành lập","Lập doanh nghiệp mới cần giấy tờ gì và bao lâu mọi người nhỉ?
Có cần lên trực tiếp hay dk online được ạ? Mình ở nước ngoài nên muốn làm online ạ","['59-2020-QH14:d21', '59-2020-QH14:d22', '59-2020-QH14:d26', '59-2020-QH14:d27']",4,"Theo Điều 21, 22, 26 Luật Doanh nghiệp 2020, để thành lập doanh nghiệp cần: 1) Giấy đề nghị đăng ký doanh nghiệp; 2) Điều lệ công ty; 3) Danh sách thành viên/cổ đông; 4) Bản sao giấy tờ pháp lý của cá nhân (CCCD/Hộ chiếu) và của tổ chức (nếu có). Về thời gian, Điều 26 quy định trong thời hạn 03 ngày làm việc kể từ ngày nhận hồ sơ hợp lệ, Cơ quan đăng ký kinh doanh sẽ cấp Giấy chứng nhận đăng ký doanh nghiệp. Bạn có thể đăng ký online qua Cổng thông tin quốc gia về đăng ký doanh nghiệp (dangkykinhdoanh.gov.vn) mà không cần lên trực tiếp, sử dụng chữ ký số hoặc tài khoản đăng ký kinh doanh.","Điều 21 LDN 2020
Điều 22 LDN 2020
Điều 26 LDN 2020
Điều 27 LDN 2020",False,"# Tư Vấn Pháp Luật: Lập Doanh Nghiệp Mới Tại Việt Nam

## 1. Có thể đăng ký online được ạ?

**Có, bạn hoàn toàn có thể đăng ký doanh nghiệp online từ nước ngoài.** Việt Nam cho phép 3 phương thức đăng ký:
- Đăng ký trực tiếp tại Cơ quan đăng ký kinh doanh
- Đăng ký qua dịch vụ bưu chính
- **Đăng ký qua mạng thông tin điện tử** ← Đây là cách bạn nên chọn

Bạn có thể sử dụng tài khoản định danh điện tử để đăng ký trực tiếp qua Cổng thông tin quốc gia về đăng ký doanh nghiệp mà không cần đến Việt Nam.

## 2. Giấy tờ cần chuẩn bị

Hồ sơ tùy thuộc vào **loại hình doanh nghiệp**:

### Nếu lập **Doanh Nghiệp Tư Nhân**:
- Giấy đề nghị đăng ký doanh nghiệp
- Bản sao giấy tờ pháp lý cá nhân (Căn cước công dân, Giấy chứng minh nhân dân, Hộ chiếu)

### Nếu lập **Công Ty Trách Nhiệm Hữu Hạn** (TNHH):
- Giấy đề nghị đăng ký doanh nghiệp
- Điều lệ công ty
- Danh sách thành viên
- Bản sao giấy tờ pháp lý của từng thành viên

### Nội dung Giấy đề nghị bao gồm:
- Tên doanh nghiệp
- Địa chỉ trụ sở chính, số điện thoại, email
- Ngành, nghề kinh doanh
- Vốn điều lệ
- Thông tin đăng ký thuế
- Số lượng lao động dự kiến

## 3. Thời gian hoàn tất

**Tài liệu pháp luật không quy định thời hạn xử lý cụ thể** trong các điều được cung cấp. Bạn nên liên hệ trực tiếp với Cơ quan đăng ký kinh doanh cấp tỉnh nơi bạn muốn đặt trụ sở để hỏi thời gian xử lý dự kiến.

---

**Căn cứ pháp lý:**
- Điều 26 Luật Doanh Nghiệp 2020 (Luật 59/2020/QH14)
- Điều 37 Nghị Định 168/2025/ND
- Điều 19, 21, 23 Luật Doanh Nghiệp 2020","['59-2020-QH14:d26', '59-2020-QH14:d27', '59-2020-QH14:d19', '59-2020-QH14:d21', '59-2020-QH14:d23', '168-2025-ND:d24', '168-2025-ND:d31', '59-2020-QH14:d4', '59-2020-QH14:d7', '168-2025-ND:d37', '100-2019-ND-CP:d82', '23-2022-ND:d12', '23-2022-ND:d9', '23-2022-ND:d8', '36-2024-QH15:d30', '100-2019-ND-CP:d2', '59-2020-QH14:d30', '168-2025-ND:d25', '168-2024-ND-CP:d48', '59-2020-QH14:d207', '36-2024-QH15:d55', '100-2019-ND-CP:d35', '23-2022-ND:d43', '01-2021-ND:d37', '16-2023-ND:d1', '01-2021-ND:d11', '89-2024-ND:d1', '23-2022-ND:d25', '36-2024-QH15:d56', '01-2021-ND:d98', '100-2019-ND-CP:d48']","['59-2020-QH14:d26', '59-2020-QH14:d27', '59-2020-QH14:d19', '59-2020-QH14:d21', '59-2020-QH14:d23', '168-2025-ND:d24', '168-2025-ND:d31']","['59-2020-QH14:d26', '59-2020-QH14:d27', '59-2020-QH14:d21', '59-2020-QH14:d4', '59-2020-QH14:d7', '168-2025-ND:d24', '168-2025-ND:d31', '168-2025-ND:d37', '100-2019-ND-CP:d82', '23-2022-ND:d12', '23-2022-ND:d9', '23-2022-ND:d8', '59-2020-QH14:d19', '36-2024-QH15:d30', '100-2019-ND-CP:d2', '59-2020-QH14:d30', '168-2025-ND:d25', '168-2024-ND-CP:d48', '59-2020-QH14:d207', '36-2024-QH15:d55', '100-2019-ND-CP:d35', '23-2022-ND:d43', '01-2021-ND:d37', '16-2023-ND:d1', '01-2021-ND:d11', '89-2024-ND:d1', '23-2022-ND:d25', '36-2024-QH15:d56', '01-2021-ND:d98', '100-2019-ND-CP:d48']",0.85,1,0.25,1,0.5,1,0.75,1,0.75,1,0.75,1,0.75,1.0
309,"Loại 6: Giải thể & Phá sản - Thủ tục, thanh toán nợ, tạm ngưng",Dạ cho em hỏi tý ạ. Tạm ngừng hoạt động công ty 2 TV thì có cần biên bản họp không ạ. Em cảm ơn anh chị nhiều,"['59-2020-QH14:d206', '59-2020-QH14:d55', '59-2020-QH14:d59', '59-2020-QH14:d60']",4,"Theo Điều 55, 59 Luật Doanh nghiệp 2020, Hội đồng thành viên là cơ quan quyết định cao nhất của công ty TNHH 2 thành viên trở lên. Việc tạm ngừng kinh doanh là quyết định quan trọng cần được thông qua bởi Hội đồng thành viên. Theo Điều 60, cuộc họp HĐTV phải được lập thành biên bản với các nội dung chủ yếu theo quy định. Do đó, khi tạm ngừng hoạt động công ty 2 thành viên, bạn CẦN lập biên bản họp HĐTV và có quyết định/nghị quyết của HĐTV về việc tạm ngừng kinh doanh theo Điều 206 LDN 2020.","Điều 55 LDN 2020
Điều 59 LDN 2020
Điều 60 LDN 2020
Điều 206 LDN 2020",False,Không thể tạo câu trả lời.,"['59-2020-QH14:d55', '59-2020-QH14:d59', '59-2020-QH14:d60', '59-2020-QH14:d57', '59-2020-QH14:d58', '59-2020-QH14:d206', '168-2025-ND:d60', '01-2021-ND:d66', '59-2020-QH14:d12', '01-2021-ND:d99', '168-2025-ND:d58', '59-2020-QH14:d150', '23-2022-ND:d13', '01-2021-ND:d87', '59-2020-QH14:d11', '168-2024-ND-CP:d2', '100-2019-ND-CP:d76', '01-2021-ND:d98', '168-2025-ND:d24', '59-2020-QH14:d37', '168-2025-ND:d29', '23-2022-ND:d54', '01-2021-ND:d29', '36-2024-QH15:d42', '01-2021-ND:d68', '59-2020-QH14:d161', '59-2020-QH14:d196', '01-2021-ND:d56', '168-2025-ND:d71', '168-2024-ND-CP:d5']","['59-2020-QH14:d55', '59-2020-QH14:d59', '59-2020-QH14:d60', '59-2020-QH14:d57', '59-2020-QH14:d58', '59-2020-QH14:d206']","['59-2020-QH14:d55', '59-2020-QH14:d206', '59-2020-QH14:d59', '59-2020-QH14:d60', '59-2020-QH14:d57', '59-2020-QH14:d58', '168-2025-ND:d60', '01-2021-ND:d66', '59-2020-QH14:d12', '01-2021-ND:d99', '168-2025-ND:d58', '59-2020-QH14:d150', '23-2022-ND:d13', '01-2021-ND:d87', '59-2020-QH14:d11', '168-2024-ND-CP:d2', '100-2019-ND-CP:d76', '01-2021-ND:d98', '168-2025-ND:d24', '59-2020-QH14:d37', '168-2025-ND:d29', '23-2022-ND:d54', '01-2021-ND:d29', '36-2024-QH15:d42', '01-2021-ND:d68', '59-2020-QH14:d161', '59-2020-QH14:d196', '01-2021-ND:d56', '168-2025-ND:d71', '168-2024-ND-CP:d5']",0.0,1,0.25,1,0.75,1,0.75,1,1.0,1,1.0,1,1.0,1.0
311,"Loại 6: Giải thể & Phá sản - Thủ tục, thanh toán nợ, tạm ngưng",Quý anh chị cho em hỏi với ạ. Công ty em là CT MTV muốn giải thể nhưng chưa làm hồ sơ và đóng BH XH cho giám đốc CT MTV thì có bắt buộc làm hồ sơ và đóng trước khi giải thể k ạ. Em cảm ơn nhiều ạ,"['59-2020-QH14:d207', '59-2020-QH14:d208', '59-2020-QH14:d8']",3,"Theo Điều 207, 208 Luật Doanh nghiệp 2020, doanh nghiệp chỉ được giải thể khi bảo đảm thanh toán hết các khoản nợ và nghĩa vụ tài sản khác. Điều 8 LDN 2020 quy định nghĩa vụ của doanh nghiệp bao gồm thực hiện các chính sách, chế độ bảo hiểm xã hội cho người lao động theo quy định pháp luật. Đối với Công ty TNHH MTV, nếu Giám đốc có hợp đồng lao động và thuộc đối tượng tham gia BHXH bắt buộc, bạn cần đóng BHXH đầy đủ trước khi giải thể. Tuy nhiên, nếu chủ sở hữu đồng thời là Giám đốc và không ký HĐLĐ thì có thể không bắt buộc. Bạn nên liên hệ cơ quan BHXH để xác nhận nghĩa vụ cụ thể.","Điều 8 LDN 2020
Điều 207 LDN 2020
Điều 208 LDN 2020",False,Không thể tạo câu trả lời.,"['59-2020-QH14:d74', '59-2020-QH14:d76', '59-2020-QH14:d77', '59-2020-QH14:d78', '59-2020-QH14:d84', '59-2020-QH14:d207', '59-2020-QH14:d210', '01-2021-ND:d56', '168-2025-ND:d49', '59-2020-QH14:d29', '44-2025-ND:d2', '168-2025-ND:d17', '59-2020-QH14:d55', '168-2025-ND:d47', '23-2022-ND:d13', '168-2025-ND:d24', '100-2019-ND-CP:d77', '59-2020-QH14:d37', '168-2025-ND:d29', '01-2021-ND:d29', '01-2021-ND:d98', '100-2019-ND-CP:d50', '59-2020-QH14:d193', '23-2022-ND:d54', '23-2022-ND:d43', '01-2021-ND:d45', '59-2020-QH14:d196', '59-2020-QH14:d194', '100-2019-ND-CP:d48', '168-2024-ND-CP:d40']","['59-2020-QH14:d74', '59-2020-QH14:d76', '59-2020-QH14:d77', '59-2020-QH14:d78', '59-2020-QH14:d84', '59-2020-QH14:d207', '59-2020-QH14:d210']","['59-2020-QH14:d207', '59-2020-QH14:d84', '01-2021-ND:d56', '59-2020-QH14:d74', '59-2020-QH14:d76', '59-2020-QH14:d77', '59-2020-QH14:d78', '59-2020-QH14:d210', '168-2025-ND:d49', '59-2020-QH14:d29', '44-2025-ND:d2', '168-2025-ND:d17', '59-2020-QH14:d55', '168-2025-ND:d47', '23-2022-ND:d13', '168-2025-ND:d24', '100-2019-ND-CP:d77', '59-2020-QH14:d37', '168-2025-ND:d29', '01-2021-ND:d29', '01-2021-ND:d98', '100-2019-ND-CP:d50', '59-2020-QH14:d193', '23-2022-ND:d54', '23-2022-ND:d43', '01-2021-ND:d45', '59-2020-QH14:d196', '59-2020-QH14:d194', '100-2019-ND-CP:d48', '168-2024-ND-CP:d40']",0.0,0,0.0,0,0.0,0,0.0,1,0.3333,1,0.3333,1,0.3333,0.1667
318,"Loại 9: Chuyển nhượng vốn/cổ phần - Mua bán, thừa kế","Bên em có cổ đông muốn rút vốn và đang làm thủ tục chuyển nhượng cổ phâng, nhưng mà giá chuyển nhượng thấp hơn so với vốn điều lệ ban đầu thì có ảnh hưởng gì không ạ? Nếu mà nhận chuyển nhượng cổ phần thấp hơn nhiều so với vốn ban đầu cổ đông bỏ ra thì có phải nộp thuế TNCN k ạ? Anh chị nào chuyên làm thủ tục này tư vấn hỗ trợ em với ạ!","['59-2020-QH14:d111', '59-2020-QH14:d122', '59-2020-QH14:d127']",3,"Theo Điều 127 Luật Doanh nghiệp 2020, cổ phần được tự do chuyển nhượng. Việc chuyển nhượng cổ phần với giá thấp hơn mệnh giá ban đầu là hoàn toàn hợp pháp, không ảnh hưởng đến hiệu lực pháp lý của giao dịch. Giá chuyển nhượng do các bên thỏa thuận. Về thuế TNCN: Theo quy định của Luật Thuế TNCN, nếu giá chuyển nhượng thấp hơn giá vốn (giá mua ban đầu) thì không phát sinh thu nhập chịu thuế, do đó không phải nộp thuế TNCN. Tuy nhiên, cơ quan thuế có quyền ấn định giá theo giá thị trường nếu có căn cứ cho rằng giá chuyển nhượng không đúng thực tế. Sau khi chuyển nhượng, cần ghi nhận vào sổ đăng ký cổ đông (Điều 122 LDN 2020).","Điều 127 LDN 2020
Điều 122 LDN 2020
Điều 111 LDN 2020",False,Không thể tạo câu trả lời.,"['59-2020-QH14:d127', '59-2020-QH14:d126', '59-2020-QH14:d112', '59-2020-QH14:d30', '59-2020-QH14:d55', '168-2025-ND:d52', '168-2025-ND:d43', '44-2025-ND:d1', '168-2024-ND-CP:d32', '100-2019-ND-CP:d64', '59-2020-QH14:d123', '89-2024-ND:d7', '59-2020-QH14:d211', '01-2021-ND:d61', '59-2020-QH14:d114', '100-2019-ND-CP:d30', '23-2022-ND:d48', '59-2020-QH14:d206', '36-2024-QH15:d37', '59-2020-QH14:d25', '59-2020-QH14:d22', '47-2021-ND:d11', '59-2020-QH14:d133', '100-2019-ND-CP:d48', '59-2020-QH14:d150', '59-2020-QH14:d174', '23-2022-ND:d22', '59-2020-QH14:d24', '36-2024-QH15:d70', '168-2025-ND:d92']","['59-2020-QH14:d127', '59-2020-QH14:d126', '59-2020-QH14:d112']","['59-2020-QH14:d30', '59-2020-QH14:d55', '59-2020-QH14:d127', '59-2020-QH14:d126', '59-2020-QH14:d112', '168-2025-ND:d52', '168-2025-ND:d43', '44-2025-ND:d1', '168-2024-ND-CP:d32', '100-2019-ND-CP:d64', '59-2020-QH14:d123', '89-2024-ND:d7', '59-2020-QH14:d211', '01-2021-ND:d61', '59-2020-QH14:d114', '100-2019-ND-CP:d30', '23-2022-ND:d48', '59-2020-QH14:d206', '36-2024-QH15:d37', '59-2020-QH14:d25', '59-2020-QH14:d22', '47-2021-ND:d11', '59-2020-QH14:d133', '100-2019-ND-CP:d48', '59-2020-QH14:d150', '59-2020-QH14:d174', '23-2022-ND:d22', '59-2020-QH14:d24', '36-2024-QH15:d70', '168-2025-ND:d92']",0.0,1,0.3333,1,0.3333,1,0.3333,1,0.3333,1,0.3333,1,0.3333,1.0
320,"Loại 10: Doanh nghiệp FDI - Vốn nước ngoài, tỷ lệ sở hữu","Em chào anh chị. Công ty em là công ty TNHH 1 thành viên 100% vốn nước ngoài. Hiện công ty đang bổ sung ngành nghề kinh doanh (không tăng vốn đầu tư) và cần làm điều chỉnh giấy chứng nhận đăng ký đầu tư. Cho em hỏi làm thủ tục này có cần chứng minh năng lực tài chính và giải trình về vốn đầu tư không? Có cần nộp kèm giấy tờ pháp lý của nhà đầu tư không ạ?
Em cảm ơn anh chị","['59-2020-QH14:d28', '59-2020-QH14:d30', '59-2020-QH14:d31']",3,"Theo Luật Doanh nghiệp 2020, việc bổ sung ngành nghề kinh doanh được quy định tại Điều 31 (Thông báo thay đổi nội dung đăng ký doanh nghiệp). Tuy nhiên, đối với công ty TNHH 1 thành viên 100% vốn nước ngoài, cần thực hiện đồng thời thủ tục theo Luật Đầu tư 2020 để điều chỉnh Giấy chứng nhận đăng ký đầu tư. Luật Doanh nghiệp 2020 không quy định yêu cầu chứng minh năng lực tài chính hay giải trình vốn khi bổ sung ngành nghề mà không tăng vốn. Các yêu cầu về hồ sơ (giấy tờ pháp lý nhà đầu tư, chứng minh năng lực tài chính) phụ thuộc vào ngành nghề bổ sung và thuộc quy định của Luật Đầu tư, Nghị định 31/2021/NĐ-CP. Nếu ngành nghề bổ sung không thuộc danh mục hạn chế với nhà đầu tư nước ngoài, thủ tục thường đơn giản hơn.","Điều 31 LDN 2020
Điều 30 LDN 2020
Điều 28 LDN 2020",False,"# TRẢ LỜI

Chào em. Tôi xin trả lời các câu hỏi của em như sau:

## 1. Về chứng minh năng lực tài chính và giải trình vốn đầu tư

**Không cần** nộp chứng minh năng lực tài chính hay giải trình vốn đầu tư.

Vì em chỉ bổ sung ngành, nghề kinh doanh mà không tăng vốn đầu tư, đây là trường hợp **thay đổi nội dung đăng ký doanh nghiệp**, không phải tăng vốn. Theo quy định, chứng minh năng lực tài chính chỉ yêu cầu trong trường hợp **tăng vốn đầu tư**, không phải bổ sung ngành nghề.

## 2. Về giấy tờ pháp lý của nhà đầu tư

**Không cần** nộp giấy tờ pháp lý của nhà đầu tư (chủ sở hữu công ty).

Hồ sơ bổ sung ngành nghề kinh doanh chỉ cần nộp:

a) **Thông báo thay đổi nội dung đăng ký doanh nghiệp**;

b) **Bản sao hoặc bản chính quyết định/nghị quyết của chủ sở hữu công ty** về việc bổ sung ngành, nghề kinh doanh.

---

**Căn cứ pháp lý:**
- Điều 49 Nghị định 168/2025/ND-CP (về thông báo thay đổi ngành, nghề kinh doanh)","['59-2020-QH14:d74', '59-2020-QH14:d79', '168-2025-ND:d24', '168-2025-ND:d31', '168-2025-ND:d32', '168-2025-ND:d33', '168-2025-ND:d49', '01-2021-ND:d56', '59-2020-QH14:d29', '89-2024-ND:d6', '168-2024-ND-CP:d32', '100-2019-ND-CP:d50', '100-2019-ND-CP:d30', '36-2024-QH15:d39', '59-2020-QH14:d26', '168-2025-ND:d116', '59-2020-QH14:d128', '100-2019-ND-CP:d16', '100-2019-ND-CP:d58', '01-2021-ND:d68', '59-2020-QH14:d215', '168-2025-ND:d110', '59-2020-QH14:d55', '168-2025-ND:d71', '168-2024-ND-CP:d13', '01-2021-ND:d61', '168-2024-ND-CP:d40', '36-2024-QH15:d42', '59-2020-QH14:d37', '59-2020-QH14:d11']","['59-2020-QH14:d74', '59-2020-QH14:d79', '168-2025-ND:d24', '168-2025-ND:d31', '168-2025-ND:d32', '168-2025-ND:d33', '168-2025-ND:d49']","['59-2020-QH14:d74', '59-2020-QH14:d79', '168-2025-ND:d24', '168-2025-ND:d31', '168-2025-ND:d32', '168-2025-ND:d33', '168-2025-ND:d49', '01-2021-ND:d56', '59-2020-QH14:d29', '89-2024-ND:d6', '168-2024-ND-CP:d32', '100-2019-ND-CP:d50', '100-2019-ND-CP:d30', '36-2024-QH15:d39', '59-2020-QH14:d26', '168-2025-ND:d116', '59-2020-QH14:d128', '100-2019-ND-CP:d16', '100-2019-ND-CP:d58', '01-2021-ND:d68', '59-2020-QH14:d215', '168-2025-ND:d110', '59-2020-QH14:d55', '168-2025-ND:d71', '168-2024-ND-CP:d13', '01-2021-ND:d61', '168-2024-ND-CP:d40', '36-2024-QH15:d42', '59-2020-QH14:d37', '59-2020-QH14:d11']",0.85,0,0.0,0,0.0,0,0.0,0,0.0,0,0.0,0,0.0,0.0
321,"Loại 2: Loại hình doanh nghiệp - TNHH, Cổ phần, Hợp danh, DNTN","Em xin phép nhờ anh, chị có kinh nghiệm pháp lý – thuế tư vấn giúp em một trường hợp thực tế ạ.
Hiện tại, địa điểm kinh doanh của gia đình em (đất nhà) đang đứng tên Công ty TNHH 1 thành viên do người thân làm chủ. Tuy nhiên, hiện tại em là người trực tiếp vận hành công việc hằng ngày, thu mua – phân loại – bán phế liệ","['59-2020-QH14:d44', '59-2020-QH14:d74', '59-2020-QH14:d77', '59-2020-QH14:d78', '59-2020-QH14:d82']",5,"Theo Điều 74 Luật Doanh nghiệp 2020, công ty TNHH 1 thành viên do một tổ chức hoặc cá nhân làm chủ sở hữu. Điều 77 quy định nghĩa vụ của chủ sở hữu công ty, trong đó khoản 3 yêu cầu phải xác định và tách biệt tài sản của chủ sở hữu với tài sản công ty. Nếu bạn là người trực tiếp vận hành nhưng không phải chủ sở hữu, có các phương án: (1) Chủ sở hữu có thể bổ nhiệm bạn làm Giám đốc/Tổng giám đốc theo Điều 82; (2) Chủ sở hữu chuyển nhượng phần vốn cho bạn theo Điều 77 khoản 5, Điều 78; (3) Đăng ký địa điểm kinh doanh theo Điều 44, 45. Việc tách biệt hoạt động kinh doanh cần xem xét cả góc độ thuế và pháp lý để tránh rủi ro.","Điều 74 LDN 2020
Điều 77 LDN 2020
Điều 78 LDN 2020
Điều 82 LDN 2020
Điều 44 LDN 2020",False,Không thể tạo câu trả lời.,"['59-2020-QH14:d74', '59-2020-QH14:d76', '59-2020-QH14:d77', '59-2020-QH14:d82', '59-2020-QH14:d85', '59-2020-QH14:d1', '59-2020-QH14:d4', '01-2021-ND:d56', '168-2025-ND:d49', '59-2020-QH14:d29', '59-2020-QH14:d55', '59-2020-QH14:d206', '59-2020-QH14:d37', '168-2025-ND:d71', '01-2021-ND:d68', '59-2020-QH14:d186', '59-2020-QH14:d185', '100-2019-ND-CP:d28', '23-2022-ND:d13', '01-2021-ND:d20', '59-2020-QH14:d60', '01-2021-ND:d8', '01-2021-ND:d61', '36-2024-QH15:d67', '100-2019-ND-CP:d50', '01-2021-ND:d88', '168-2025-ND:d116', '44-2025-ND:d2', '100-2019-ND-CP:d51', '168-2025-ND:d110', '168-2025-ND:d29', '01-2021-ND:d90']","['59-2020-QH14:d74', '59-2020-QH14:d76', '59-2020-QH14:d77', '59-2020-QH14:d82', '59-2020-QH14:d85', '59-2020-QH14:d1', '59-2020-QH14:d4']","['59-2020-QH14:d4', '01-2021-ND:d56', '59-2020-QH14:d74', '59-2020-QH14:d76', '59-2020-QH14:d77', '59-2020-QH14:d82', '168-2025-ND:d49', '59-2020-QH14:d29', '59-2020-QH14:d55', '59-2020-QH14:d206', '59-2020-QH14:d37', '168-2025-ND:d71', '01-2021-ND:d68', '59-2020-QH14:d186', '59-2020-QH14:d185', '100-2019-ND-CP:d28', '23-2022-ND:d13', '01-2021-ND:d20', '59-2020-QH14:d60', '01-2021-ND:d8', '01-2021-ND:d61', '36-2024-QH15:d67', '100-2019-ND-CP:d50', '01-2021-ND:d88', '168-2025-ND:d116', '44-2025-ND:d2', '100-2019-ND-CP:d51', '168-2025-ND:d110', '168-2025-ND:d29', '01-2021-ND:d90']",0.0,1,0.2,1,0.4,1,0.6,1,0.6,1,0.6,1,0.6,1.0
322,"Loại 9: Chuyển nhượng vốn/cổ phần - Mua bán, thừa kế",công ty em đang muốn chuyển quyền sở hữu và muốn đổi tên DN. có bên nào nhận làm DV này k ạ,"['59-2020-QH14:d28', '59-2020-QH14:d30', '59-2020-QH14:d77', '59-2020-QH14:d78']",4,"Theo Luật Doanh nghiệp 2020, việc chuyển quyền sở hữu công ty và đổi tên doanh nghiệp cần thực hiện: (1) Chuyển quyền sở hữu: Theo Điều 77 khoản 5 và Điều 78 khoản 1, chủ sở hữu có quyền chuyển nhượng toàn bộ vốn điều lệ cho tổ chức/cá nhân khác. Sau khi chuyển nhượng, cần đăng ký thay đổi nội dung đăng ký doanh nghiệp trong thời hạn 10 ngày (Điều 30). (2) Đổi tên doanh nghiệp: Theo Điều 28 và Điều 30, tên doanh nghiệp là nội dung Giấy chứng nhận đăng ký doanh nghiệp, khi thay đổi phải đăng ký với Cơ quan đăng ký kinh doanh trong thời hạn 10 ngày. Hồ sơ bao gồm: Thông báo thay đổi, Quyết định của chủ sở hữu/HĐTV, Hợp đồng chuyển nhượng (nếu có), Biên bản thanh toán.","Điều 77 LDN 2020
Điều 78 LDN 2020
Điều 28 LDN 2020
Điều 30 LDN 2020",False,Không thể tạo câu trả lời.,"['59-2020-QH14:d35', '59-2020-QH14:d37', '59-2020-QH14:d30', '59-2020-QH14:d31', '59-2020-QH14:d25', '59-2020-QH14:d26', '01-2021-ND:d48', '59-2020-QH14:d202', '59-2020-QH14:d10', '168-2025-ND:d43', '168-2025-ND:d15', '59-2020-QH14:d55', '59-2020-QH14:d11', '23-2022-ND:d28', '23-2022-ND:d13', '36-2024-QH15:d39', '59-2020-QH14:d5', '100-2019-ND-CP:d17', '36-2024-QH15:d36', '100-2019-ND-CP:d16', '168-2025-ND:d29', '168-2025-ND:d24', '23-2022-ND:d54', '01-2021-ND:d98', '47-2021-ND:d7', '59-2020-QH14:d196', '168-2025-ND:d17', '47-2021-ND:d34', '01-2021-ND:d56', '44-2025-ND:d2']","['59-2020-QH14:d35', '59-2020-QH14:d37', '59-2020-QH14:d30', '59-2020-QH14:d31', '59-2020-QH14:d25', '59-2020-QH14:d26', '01-2021-ND:d48']","['59-2020-QH14:d37', '59-2020-QH14:d25', '59-2020-QH14:d35', '59-2020-QH14:d30', '59-2020-QH14:d31', '59-2020-QH14:d26', '01-2021-ND:d48', '59-2020-QH14:d202', '59-2020-QH14:d10', '168-2025-ND:d43', '168-2025-ND:d15', '59-2020-QH14:d55', '59-2020-QH14:d11', '23-2022-ND:d28', '23-2022-ND:d13', '36-2024-QH15:d39', '59-2020-QH14:d5', '100-2019-ND-CP:d17', '36-2024-QH15:d36', '100-2019-ND-CP:d16', '168-2025-ND:d29', '168-2025-ND:d24', '23-2022-ND:d54', '01-2021-ND:d98', '47-2021-ND:d7', '59-2020-QH14:d196', '168-2025-ND:d17', '47-2021-ND:d34', '01-2021-ND:d56', '44-2025-ND:d2']",0.0,0,0.0,1,0.25,1,0.25,1,0.25,1,0.25,1,0.25,0.3333
324,"Loại 7: Thay đổi ĐKKD - Địa chỉ, tên, ngành nghề","Mn ơi mình muốn thay đổi địa chỉ địa điểm kinh doanh thì vào trường nào trên hệ thống ạ, tìm từ hôm qua tới giờ cứ quay tròn","['59-2020-QH14:d31', '59-2020-QH14:d44', '59-2020-QH14:d45']",3,"Theo Điều 45 Luật Doanh nghiệp 2020, việc thay đổi địa chỉ địa điểm kinh doanh cần thông báo đến Cơ quan đăng ký kinh doanh trong thời hạn 10 ngày kể từ ngày có thay đổi. Trên hệ thống đăng ký kinh doanh, bạn cần vào phần 'Thông báo thay đổi nội dung đăng ký doanh nghiệp' hoặc 'Thông báo địa điểm kinh doanh'. Địa điểm kinh doanh là nơi doanh nghiệp tiến hành hoạt động kinh doanh cụ thể (khoản 3 Điều 44 LDN 2020). Việc thay đổi địa chỉ địa điểm kinh doanh thuộc trường hợp thông báo thay đổi theo Điều 31 LDN 2020.","Điều 44 LDN 2020
Điều 45 LDN 2020
Điều 31 LDN 2020",False,Không thể tạo câu trả lời.,"['168-2025-ND:d56', '168-2025-ND:d37', '168-2025-ND:d38', '01-2021-ND:d62', '01-2021-ND:d43', '01-2021-ND:d44', '01-2021-ND:d45', '59-2020-QH14:d4', '59-2020-QH14:d44', '59-2020-QH14:d31', '59-2020-QH14:d28', '59-2020-QH14:d45', '59-2020-QH14:d30', '36-2024-QH15:d39', '01-2021-ND:d68', '168-2025-ND:d71', '01-2021-ND:d8', '59-2020-QH14:d60', '01-2021-ND:d20', '168-2025-ND:d116', '36-2024-QH15:d75', '100-2019-ND-CP:d30', '59-2020-QH14:d215', '168-2025-ND:d110', '168-2024-ND-CP:d52', '100-2019-ND-CP:d48', '168-2024-ND-CP:d13', '100-2019-ND-CP:d39', '01-2021-ND:d88', '100-2019-ND-CP:d51']","['168-2025-ND:d56', '168-2025-ND:d37', '168-2025-ND:d38', '01-2021-ND:d62', '01-2021-ND:d43', '01-2021-ND:d44', '01-2021-ND:d45']","['59-2020-QH14:d4', '168-2025-ND:d56', '168-2025-ND:d37', '168-2025-ND:d38', '01-2021-ND:d62', '01-2021-ND:d43', '01-2021-ND:d44', '01-2021-ND:d45', '59-2020-QH14:d44', '59-2020-QH14:d31', '59-2020-QH14:d28', '59-2020-QH14:d45', '59-2020-QH14:d30', '36-2024-QH15:d39', '01-2021-ND:d68', '168-2025-ND:d71', '01-2021-ND:d8', '59-2020-QH14:d60', '01-2021-ND:d20', '168-2025-ND:d116', '36-2024-QH15:d75', '100-2019-ND-CP:d30', '59-2020-QH14:d215', '168-2025-ND:d110', '168-2024-ND-CP:d52', '100-2019-ND-CP:d48', '168-2024-ND-CP:d13', '100-2019-ND-CP:d39', '01-2021-ND:d88', '100-2019-ND-CP:d51']",0.0,0,0.0,0,0.0,0,0.0,1,0.6667,1,1.0,1,1.0,0.1111
325,"Loại 3: Vốn điều lệ - Góp vốn, tăng/giảm vốn, vốn pháp định",Bên e có làm thủ tục tăng vốn điều lệ và nhận đc mail yêu cầu bổ sung bổ sung thông tin thay đổi CSH hưởng lợi tại mẫu số 12. E có làm theo hướng dẫn mà vẫn được gửi thông báo yêu cầu bổ sung. Nhờ các anh/chị giúp e với ạ,"['59-2020-QH14:d31', '59-2020-QH14:d47', '59-2020-QH14:d68']",3,"Theo Điều 68 Luật Doanh nghiệp 2020, khi tăng vốn điều lệ công ty cần thông báo bằng văn bản đến Cơ quan đăng ký kinh doanh trong thời hạn 10 ngày kể từ ngày việc tăng vốn đã được thanh toán xong. Thông báo phải bao gồm: tên, địa chỉ trụ sở chính, mã số doanh nghiệp; vốn điều lệ, số vốn đã tăng; thời điểm và hình thức tăng vốn; họ tên, chữ ký của người đại diện theo pháp luật. Về việc thay đổi CSH hưởng lợi (mẫu 12), đây là yêu cầu theo quy định về chống rửa tiền và phòng chống tài trợ khủng bố - cần kê khai đầy đủ thông tin chủ sở hữu hưởng lợi cuối cùng khi có thay đổi vốn điều lệ hoặc thành viên góp vốn.","Điều 68 LDN 2020
Điều 31 LDN 2020
Điều 47 LDN 2020",False,"# TƯ VẤN PHÁP LỤC LIÊN QUAN ĐỀN THỦ TỤC TĂNG VỐN ĐIỀU LỆ

Tôi hiểu tình trạng của bạn. Vấn đề này xảy ra khá phổ biến khi thay đổi vốn điều lệ liên quan đến thông tin chủ sở hữu hưởng lợi. Tôi xin tư vấn như sau:

## Phân tích tình trạng

Căn cứ vào **Điều 52 Nghị định 168/2025/ND**, khi có sự thay đổi thông tin về chủ sở hữu hưởng lợi (bao gồm cả trường hợp tăng vốn điều lệ làm thay đổi tỷ lệ sở hữu), doanh nghiệp phải thông báo với cơ quan đăng ký kinh doanh trong vòng **10 ngày** kể từ ngày có sự thay đổi. Đây là thủ tục **riêng biệt** so với thủ tục tăng vốn.

Nguyên nhân bạn liên tục nhận yêu cầu bổ sung có thể do:

### 1. **Hồ sơ Mẫu số 12 chưa đầy đủ yêu cầu pháp luật**
Bạn cần kiểm tra lại các thông tin đã kê khai:
- Thông tin chủ sở hữu hưởng lợi có **đầy đủ, chính xác** không?
- Tỷ lệ sở hữu có được tính toán đúng sau khi tăng vốn không?
- Các giấy tờ đính kèm (hợp đồng góp vốn, biên bản họp, v.v.) có đầy đủ không?

### 2. **Cơ quan đăng ký kinh doanh thực hiện quyền theo pháp luật**
Căn cứ vào **Điều 30 Luật Doanh nghiệp 2020**, cơ quan đăng ký kinh doanh có quyền và có **trách vụ** thông báo bằng văn bản nội dung cần sửa đổi, bổ sung nếu hồ sơ chưa hợp lệ.

## Hành động khuyến nghị

1. **Yêu cầu cơ quan cụ thể hóa** - Gửi công văn yêu cầu cơ quan đăng ký kinh doanh ghi **cụ thể** từng trường thông tin nào chưa đủ/chưa đúng quy định, thay vì chỉ nói ""bổ sung"" chung chung.

2. **Xem xét lại hướng dẫn** - Hướng dẫn bạn nhận có phải từ cơ quan đăng ký kinh doanh không? Nếu là hướng dẫn khác thì có thể có sự khác biệt.

3. **Chuẩn bị đầy đủ lần tiếp theo** - Trước khi nộp lại, đối chiếu toàn bộ Mẫu số 12 với các quy định của Điều 52 (168/2025/ND).

4. **Nếu tình trạng kéo dài** - Có quyền khiếu nại, yêu cầu giải thích hoặc phản ánh với cơ quan quản lý cấp trên.

---

**Căn cứ pháp lý:**
- Điều 30 Luật Doanh nghiệp 2020
- Điều 52 Nghị định 168/2025/ND  
- Điều 57 Nghị định 168/2025/ND

**Nếu bạn cần tôi giúp phân tích chi tiết hơn, vui lòng cung cấp:** Nội dung cụ thể của yêu cầu bổ sung mà cơ quan gửi đến và các thông tin đã kê khai trong Mẫu số 12.","['168-2025-ND:d44', '168-2025-ND:d52', '168-2025-ND:d57', '01-2021-ND:d51', '01-2021-ND:d63', '59-2020-QH14:d68', '59-2020-QH14:d73', '59-2020-QH14:d30', '59-2020-QH14:d31', '59-2020-QH14:d12', '44-2025-ND:d1', '168-2024-ND-CP:d32', '01-2021-ND:d89', '100-2019-ND-CP:d51', '36-2024-QH15:d55', '100-2019-ND-CP:d30', '59-2020-QH14:d211', '89-2024-ND:d7', '23-2022-ND:d48', '100-2019-ND-CP:d64', '168-2024-ND-CP:d34', '36-2024-QH15:d39', '168-2025-ND:d43', '100-2019-ND-CP:d45', '168-2025-ND:d92', '168-2024-ND-CP:d13', '100-2019-ND-CP:d71', '36-2024-QH15:d73', '168-2025-ND:d71', '100-2019-ND-CP:d56']","['168-2025-ND:d44', '168-2025-ND:d52', '168-2025-ND:d57', '01-2021-ND:d51', '01-2021-ND:d63', '59-2020-QH14:d68', '59-2020-QH14:d73']","['59-2020-QH14:d30', '168-2025-ND:d44', '59-2020-QH14:d31', '168-2025-ND:d52', '168-2025-ND:d57', '01-2021-ND:d51', '01-2021-ND:d63', '59-2020-QH14:d68', '59-2020-QH14:d73', '59-2020-QH14:d12', '44-2025-ND:d1', '168-2024-ND-CP:d32', '01-2021-ND:d89', '100-2019-ND-CP:d51', '36-2024-QH15:d55', '100-2019-ND-CP:d30', '59-2020-QH14:d211', '89-2024-ND:d7', '23-2022-ND:d48', '100-2019-ND-CP:d64', '168-2024-ND-CP:d34', '36-2024-QH15:d39', '168-2025-ND:d43', '100-2019-ND-CP:d45', '168-2025-ND:d92', '168-2024-ND-CP:d13', '100-2019-ND-CP:d71', '36-2024-QH15:d73', '168-2025-ND:d71', '100-2019-ND-CP:d56']",0.85,0,0.0,0,0.0,0,0.0,1,0.6667,1,0.6667,1,0.6667,0.1667
326,"Loại 6: Giải thể & Phá sản - Thủ tục, thanh toán nợ, tạm ngưng",Anh chị cho em xin hướng dẫn về hồ sơ cần chuẩn bị cho việc trả lại con dấu doanh nghiệp cho CA ở TP HCM với ạ!,"['59-2020-QH14:d207', '59-2020-QH14:d208', '59-2020-QH14:d43']",3,"Theo Điều 43 Luật Doanh nghiệp 2020, doanh nghiệp có quyền quyết định về con dấu của doanh nghiệp (loại dấu, số lượng, hình thức và nội dung). Khi giải thể hoặc chấm dứt hoạt động, việc trả lại con dấu cho công an là thủ tục hành chính theo quy định của pháp luật về con dấu. Hồ sơ thường bao gồm: (1) Đơn đề nghị trả lại con dấu; (2) Quyết định giải thể doanh nghiệp; (3) Con dấu và Giấy chứng nhận đăng ký mẫu con dấu (nếu có); (4) Giấy chứng nhận đăng ký doanh nghiệp; (5) CMND/CCCD của người nộp hồ sơ. Lưu ý: Thủ tục cụ thể tại TP.HCM cần liên hệ trực tiếp Phòng Cảnh sát quản lý hành chính về trật tự xã hội (PC06) để được hướng dẫn chi tiết.","Điều 43 LDN 2020
Điều 207 LDN 2020
Điều 208 LDN 2020",False,"Xin lỗi, tôi không tìm thấy quy định pháp luật liên quan đến thủ tục và hồ sơ trả lại con dấu doanh nghiệp cho Cơ quan Đăng ký kinh doanh trong các tài liệu pháp lý được cung cấp.

Mặc dù Luật Doanh nghiệp 2020 quy định về quản lý, lưu giữ dấu của doanh nghiệp, nhưng các quy định trong tài liệu không đề cập cụ thể đến thủ tục, hồ sơ và tài liệu cần chuẩn bị khi trả lại con dấu cho Cơ quan Đăng ký kinh doanh.

**Để được hướng dẫn chi tiết**, em nên liên hệ trực tiếp với:
- **Cơ quan Đăng ký kinh doanh TP HCM** (Sở Kế hoạch và Đầu tư TP HCM) để biết yêu cầu cụ thể
- **Phòng Đăng ký kinh doanh quận/huyện** nơi doanh nghiệp đóng trụ sở

Các cơ quan này sẽ cung cấp danh sách chính xác các giấy tờ, thủ tục trả lại dấu theo quy định hiện hành.","['59-2020-QH14:d43', '59-2020-QH14:d26', '59-2020-QH14:d30', '59-2020-QH14:d210', '59-2020-QH14:d207', '59-2020-QH14:d208', '59-2020-QH14:d212', '59-2020-QH14:d4', '59-2020-QH14:d7', '168-2025-ND:d37', '01-2021-ND:d44', '23-2022-ND:d12', '168-2025-ND:d47', '168-2025-ND:d20', '100-2019-ND-CP:d48', '168-2025-ND:d24', '168-2025-ND:d25', '23-2022-ND:d25', '100-2019-ND-CP:d2', '100-2019-ND-CP:d50', '23-2022-ND:d43', '01-2021-ND:d37', '168-2025-ND:d64', '01-2021-ND:d12', '16-2023-ND:d1', '47-2021-ND:d12', '01-2021-ND:d29', '16-2023-ND:d10', '44-2025-ND:d4', '89-2024-ND:d1']","['59-2020-QH14:d43', '59-2020-QH14:d26', '59-2020-QH14:d30', '59-2020-QH14:d210', '59-2020-QH14:d207', '59-2020-QH14:d208', '59-2020-QH14:d212']","['59-2020-QH14:d43', '59-2020-QH14:d26', '59-2020-QH14:d30', '59-2020-QH14:d207', '59-2020-QH14:d4', '59-2020-QH14:d7', '59-2020-QH14:d210', '59-2020-QH14:d208', '59-2020-QH14:d212', '168-2025-ND:d37', '01-2021-ND:d44', '23-2022-ND:d12', '168-2025-ND:d47', '168-2025-ND:d20', '100-2019-ND-CP:d48', '168-2025-ND:d24', '168-2025-ND:d25', '23-2022-ND:d25', '100-2019-ND-CP:d2', '100-2019-ND-CP:d50', '23-2022-ND:d43', '01-2021-ND:d37', '168-2025-ND:d64', '01-2021-ND:d12', '16-2023-ND:d1', '47-2021-ND:d12', '01-2021-ND:d29', '16-2023-ND:d10', '44-2025-ND:d4', '89-2024-ND:d1']",0.85,1,0.3333,1,0.3333,1,0.6667,1,1.0,1,1.0,1,1.0,1.0
327,"Loại 6: Giải thể & Phá sản - Thủ tục, thanh toán nợ, tạm ngưng","Mọi người cho em hỏi là cty chưa thay đổi CMT giám đốc sang CCCD mà giờ làm tạm ngưng có đc k ạ, hay phải cập nhật cccd ạ","['59-2020-QH14:d12', '59-2020-QH14:d206', '59-2020-QH14:d31', '59-2020-QH14:d8']",4,"Theo Điều 206 Luật Doanh nghiệp 2020, doanh nghiệp phải thông báo bằng văn bản cho Cơ quan đăng ký kinh doanh chậm nhất 03 ngày làm việc trước ngày tạm ngừng kinh doanh. Về việc cập nhật CCCD: Theo Điều 31 LDN 2020, doanh nghiệp có nghĩa vụ thông báo thay đổi nội dung đăng ký doanh nghiệp trong thời hạn 10 ngày kể từ ngày có thay đổi. Tuy nhiên, việc tạm ngừng kinh doanh và việc cập nhật giấy tờ pháp lý (CMT sang CCCD) là hai thủ tục độc lập. Về nguyên tắc, bạn vẫn có thể làm thủ tục tạm ngừng với thông tin CMT cũ đã đăng ký, nhưng nên cập nhật CCCD sớm để đảm bảo tính chính xác của hồ sơ đăng ký doanh nghiệp theo quy định tại khoản 3 Điều 8 LDN 2020.","Điều 206 LDN 2020
Điều 31 LDN 2020
Điều 8 LDN 2020
Điều 12 LDN 2020",False,"# TRẢ LỜI CÂU HỎI VỀ TẠMO NGƯNG KINH DOANH VÀ CẬP NHẬT CCCD

**Kết luận:** Công ty **có thể** làm tạm ngưng kinh doanh mà **không cần phải cập nhật CCCD trước**. Tuy nhiên, công ty nên cập nhật CCCD của giám đốc theo quy định pháp luật trong thời gian thích hợp.

## Giải thích chi tiết:

**1. Yêu cầu thông báo tạm ngưng kinh doanh**

Căn cứ vào Điều 206 Luật Doanh nghiệp 2020, doanh nghiệp chỉ cần **thông báo bằng văn bản cho Cơ quan đăng ký kinh doanh chậm nhất là 03 ngày làm việc trước ngày tạm ngừng kinh doanh**. Pháp luật không yêu cầu phải cập nhật CCCD của người đại diện theo pháp luật trước khi thực hiện thông báo tạm ngưng.

**2. Về cập nhật thông tin CCCD**

Căn cứ vào Điều 57 Nghị định 168/2025/ND, công ty **có thể** cập nhật thông tin cá nhân của người đại diện (bao gồm cập nhật từ CMT sang CCCD) thông qua **hình thức thông báo cập nhật, bổ sung thông tin**, mà không cần phải đăng ký thay đổi chính thức.

**3. Quy định chuyển tiếp**

Điều 121 Nghị định 168/2025/ND quy định chuyển tiếp cho những giấy chứng nhận đã cấp sử dụng thông tin từ CMT/CCCD, cho phép một thời gian để công ty cập nhật thông tin.

---

**Căn cứ pháp lý:**
- Điều 206 Luật Doanh nghiệp 2020
- Điều 57 Nghị định 168/2025/ND
- Điều 121 Nghị định 168/2025/ND","['168-2025-ND:d60', '168-2025-ND:d62', '168-2025-ND:d121', '168-2025-ND:d43', '168-2025-ND:d57', '59-2020-QH14:d30', '59-2020-QH14:d31', '59-2020-QH14:d206', '59-2020-QH14:d12', '44-2025-ND:d2', '36-2024-QH15:d30', '36-2024-QH15:d39', '100-2019-ND-CP:d77', '36-2024-QH15:d40', '01-2021-ND:d29', '100-2019-ND-CP:d30', '100-2019-ND-CP:d48', '01-2021-ND:d68', '168-2024-ND-CP:d32', '01-2021-ND:d61', '168-2024-ND-CP:d16', '168-2025-ND:d123', '100-2019-ND-CP:d76', '168-2025-ND:d44', '100-2019-ND-CP:d86', '168-2024-ND-CP:d13', '100-2019-ND-CP:d28', '168-2024-ND-CP:d39', '168-2025-ND:d47', '168-2024-ND-CP:d40', '01-2021-ND:d89']","['168-2025-ND:d60', '168-2025-ND:d62', '168-2025-ND:d121', '168-2025-ND:d43', '168-2025-ND:d57']","['168-2025-ND:d43', '59-2020-QH14:d30', '59-2020-QH14:d31', '168-2025-ND:d60', '168-2025-ND:d121', '168-2025-ND:d57', '59-2020-QH14:d206', '59-2020-QH14:d12', '44-2025-ND:d2', '36-2024-QH15:d30', '36-2024-QH15:d39', '100-2019-ND-CP:d77', '36-2024-QH15:d40', '01-2021-ND:d29', '100-2019-ND-CP:d30', '100-2019-ND-CP:d48', '01-2021-ND:d68', '168-2024-ND-CP:d32', '01-2021-ND:d61', '168-2024-ND-CP:d16', '168-2025-ND:d123', '100-2019-ND-CP:d76', '168-2025-ND:d44', '100-2019-ND-CP:d86', '168-2024-ND-CP:d13', '100-2019-ND-CP:d28', '168-2024-ND-CP:d39', '168-2025-ND:d47', '168-2024-ND-CP:d40', '01-2021-ND:d89']",0.85,0,0.0,0,0.0,0,0.0,1,0.75,1,0.75,1,0.75,0.1429
328,"Loại 4: Người đại diện pháp luật - Điều kiện, thay đổi, trách nhiệm","Mn cho e hỏi có ai gặp trường hợp cty có người đại diện pháp luật là người nước ngoài, người đó đã đc cấp mã định danh mức 2 mà vẫn ko làm định danh tổ chức đc ko ạ? (Thông tin trên DKKD đang là số hộ chiếu, mà e nhập mã định danh thì web dkkd báo ko khớp csdlqg). Bên công an chỉ nói là cập nhật thông tin bên hành chính công chứ ko nói cụ thể. Trường hợp này xử lý ntn ạ?","['59-2020-QH14:d12', '59-2020-QH14:d13', '59-2020-QH14:d31']",3,"Theo Điều 12 Luật Doanh nghiệp 2020, doanh nghiệp phải bảo đảm luôn có ít nhất một người đại diện theo pháp luật cư trú tại Việt Nam. Đối với người đại diện theo pháp luật là người nước ngoài, khoản 3 Điều 12 quy định khi người này xuất cảnh khỏi Việt Nam phải ủy quyền bằng văn bản cho cá nhân khác cư trú tại Việt Nam. Về vấn đề định danh tổ chức với mã định danh cá nhân: Đây là vấn đề kỹ thuật về đồng bộ dữ liệu giữa hệ thống ĐKKD và CSDL quốc gia về dân cư. Bạn nên: (1) Cập nhật thông tin NĐDPL từ hộ chiếu sang mã định danh cá nhân tại Cơ quan ĐKKD theo Điều 31 LDN 2020; (2) Liên hệ Sở Kế hoạch và Đầu tư để được hướng dẫn cụ thể về thủ tục cập nhật thông tin người nước ngoài trong hệ thống ĐKKD.","Điều 12 LDN 2020
Điều 31 LDN 2020
Điều 13 LDN 2020",False,"# Tư vấn về hiệu đính thông tin người đại diện pháp luật là người nước ngoài

Trường hợp của bạn thuộc vào tình huống **hiệu đính thông tin đăng ký doanh nghiệp**. Dưới đây là hướng giải quyết cụ thể:

## Vấn đề cốt lõi
Hiện tại, DKKD của công ty đang ghi thông tin người đại diện pháp luật dựa trên **số hộ chiếu**, nhưng hệ thống DKKD không công nhận **mã định danh mức 2** mà người này đã được cấp.

## Giải pháp xử lý

**Công ty cần thực hiện hiệu đính thông tin tại Phòng Đăng ký kinh doanh.**

Cụ thể:
1. **Gửi văn bản đề nghị hiệu đính** đến Phòng Đăng ký kinh doanh nơi công ty đặt trụ sở chính
2. **Nội dung đề nghị**: Thay đổi giấy tờ pháp lý của người đại diện (từ số hộ chiếu sang **mã định danh mức 2** hoặc các giấy tờ pháp lý mới của người nước ngoài này)
3. **Kèm theo hồ sơ**: 
   - Bản sao thẻ mã định danh mức 2 (hoặc giấy tờ pháp lý mới được cấp)
   - Các giấy tờ liên quan khác nếu cần

Phòng ĐKKD sẽ xem xét và cập nhật thông tin vào hệ thống, từ đó giải quyết vấn đề **không khớp với CSDL quốc gia**.

## Lưu ý quan trọng
- Công ty **phải hoàn tất trong vòng 10 ngày** kể từ khi có thay đổi
- Nếu vấn đề vẫn chưa giải quyết sau khi Phòng ĐKKD cập nhật, có thể là CSDL quốc gia chưa đồng bộ, khi đó công ty có thể đề nghị tiếp tục hiệu đính

**Căn cứ pháp lý:**
- Điều 39 Nghị định 01/2021/NĐ-CP (Hiệu đính thông tin trên Giấy chứng nhận đăng ký doanh nghiệp)
- Điều 40 Nghị định 01/2021/NĐ-CP (Hiệu đính thông tin do chuyển đổi dữ liệu vào CSDL quốc gia)
- Điều 30 Luật Doanh nghiệp 2020 (Đăng ký thay đổi nội dung trong 10 ngày)","['59-2020-QH14:d12', '01-2021-ND:d39', '01-2021-ND:d40', '01-2021-ND:d38', '01-2021-ND:d23', '01-2021-ND:d24', '01-2021-ND:d50', '168-2025-ND:d43', '59-2020-QH14:d30', '168-2025-ND:d52', '59-2020-QH14:d55', '248-2025-ND:d3', '36-2024-QH15:d36', '47-2021-ND:d33', '36-2024-QH15:d81', '36-2024-QH15:d55', '168-2025-ND:d106', '59-2020-QH14:d186', '248-2025-ND:d2', '89-2024-ND:d6', '59-2020-QH14:d64', '168-2025-ND:d84', '36-2024-QH15:d63', '248-2025-ND:d1', '168-2025-ND:d11', '36-2024-QH15:d39', '100-2019-ND-CP:d76', '59-2020-QH14:d25', '59-2020-QH14:d210', '59-2020-QH14:d38', '36-2024-QH15:d73', '36-2024-QH15:d70']","['59-2020-QH14:d12', '01-2021-ND:d39', '01-2021-ND:d40', '01-2021-ND:d38', '01-2021-ND:d23', '01-2021-ND:d24', '01-2021-ND:d50']","['168-2025-ND:d43', '59-2020-QH14:d30', '59-2020-QH14:d12', '01-2021-ND:d39', '01-2021-ND:d38', '01-2021-ND:d23', '01-2021-ND:d50', '168-2025-ND:d52', '59-2020-QH14:d55', '248-2025-ND:d3', '36-2024-QH15:d36', '47-2021-ND:d33', '36-2024-QH15:d81', '36-2024-QH15:d55', '168-2025-ND:d106', '59-2020-QH14:d186', '248-2025-ND:d2', '89-2024-ND:d6', '59-2020-QH14:d64', '168-2025-ND:d84', '36-2024-QH15:d63', '248-2025-ND:d1', '168-2025-ND:d11', '36-2024-QH15:d39', '100-2019-ND-CP:d76', '59-2020-QH14:d25', '59-2020-QH14:d210', '59-2020-QH14:d38', '36-2024-QH15:d73', '36-2024-QH15:d70']",0.85,1,0.3333,1,0.3333,1,0.3333,1,0.3333,1,0.3333,1,0.3333,1.0
329,"Loại 6: Giải thể & Phá sản - Thủ tục, thanh toán nợ, tạm ngưng","Anh chị nào trong group mình đã từng làm thủ tục giải thể công ty rồi, cho em xin ít kinh nghiệm thực tế với với ạ, em cám ơn","['59-2020-QH14:d207', '59-2020-QH14:d208', '59-2020-QH14:d209', '59-2020-QH14:d210']",4,"Theo Điều 207-208 Luật Doanh nghiệp 2020 về giải thể doanh nghiệp: 1) Các trường hợp giải thể: kết thúc thời hạn hoạt động; theo quyết định của chủ DN/HĐTV/ĐHĐCĐ; không còn đủ số thành viên tối thiểu trong 6 tháng; bị thu hồi GCNĐKDN. 2) Điều kiện: Bảo đảm thanh toán hết các khoản nợ, không trong quá trình giải quyết tranh chấp. 3) Trình tự (Điều 208): Thông qua quyết định giải thể -> Tổ chức thanh lý tài sản -> Gửi quyết định đến cơ quan ĐKKD, cơ quan thuế, người lao động trong 7 ngày -> Thanh toán nợ theo thứ tự: nợ lương, BHXH -> nợ thuế -> nợ khác -> Nộp hồ sơ giải thể. 4) Kinh nghiệm: Quyết toán thuế trước, đóng mã số thuế, hoàn thành nghĩa vụ BHXH, đăng tin giải thể công khai.","Điều 207 LDN 2020
Điều 208 LDN 2020
Điều 209 LDN 2020
Điều 210 LDN 2020",False,Không thể tạo câu trả lời.,"['59-2020-QH14:d207', '59-2020-QH14:d208', '59-2020-QH14:d210', '59-2020-QH14:d209', '168-2025-ND:d64', '168-2025-ND:d78', '168-2025-ND:d70', '168-2024-ND-CP:d32', '168-2025-ND:d17', '59-2020-QH14:d55', '100-2019-ND-CP:d30', '23-2022-ND:d13', '168-2025-ND:d24', '59-2020-QH14:d37', '168-2025-ND:d29', '01-2021-ND:d98', '23-2022-ND:d54', '23-2022-ND:d43', '59-2020-QH14:d24', '59-2020-QH14:d196', '01-2021-ND:d56', '59-2020-QH14:d194', '168-2024-ND-CP:d2', '168-2024-ND-CP:d40', '44-2025-ND:d2', '59-2020-QH14:d70', '59-2020-QH14:d88', '59-2020-QH14:d185', '59-2020-QH14:d51', '89-2024-ND:d2']","['59-2020-QH14:d207', '59-2020-QH14:d208', '59-2020-QH14:d210', '59-2020-QH14:d209']","['59-2020-QH14:d207', '59-2020-QH14:d210', '59-2020-QH14:d208', '59-2020-QH14:d209', '168-2025-ND:d64', '168-2025-ND:d78', '168-2025-ND:d70', '168-2024-ND-CP:d32', '168-2025-ND:d17', '59-2020-QH14:d55', '100-2019-ND-CP:d30', '23-2022-ND:d13', '168-2025-ND:d24', '59-2020-QH14:d37', '168-2025-ND:d29', '01-2021-ND:d98', '23-2022-ND:d54', '23-2022-ND:d43', '59-2020-QH14:d24', '59-2020-QH14:d196', '01-2021-ND:d56', '59-2020-QH14:d194', '168-2024-ND-CP:d2', '168-2024-ND-CP:d40', '44-2025-ND:d2', '59-2020-QH14:d70', '59-2020-QH14:d88', '59-2020-QH14:d185', '59-2020-QH14:d51', '89-2024-ND:d2']",0.0,1,0.25,1,0.75,1,1.0,1,1.0,1,1.0,1,1.0,1.0
330,"Loại 1: Thành lập doanh nghiệp - Thủ tục, điều kiện, hồ sơ thành lập","cần tư vấn thành lập doanh nghiệp ngành spa, beauty","['59-2020-QH14:d17', '59-2020-QH14:d21', '59-2020-QH14:d26', '59-2020-QH14:d7', '59-2020-QH14:d8']",5,"Theo Điều 7 và Điều 17 Luật Doanh nghiệp 2020, tổ chức, cá nhân có quyền thành lập và quản lý doanh nghiệp tại Việt Nam theo quy định pháp luật. Để thành lập doanh nghiệp ngành spa, beauty cần: 1) Chọn loại hình doanh nghiệp phù hợp: DNTN, công ty TNHH, công ty CP (Điều 1 LDN 2020); 2) Đăng ký ngành nghề kinh doanh phù hợp (dịch vụ chăm sóc sắc đẹp, spa...); 3) Theo Điều 8 LDN 2020, một số dịch vụ spa/beauty thuộc ngành nghề kinh doanh có điều kiện cần đáp ứng: giấy phép hoạt động y tế nếu có liệu trình xâm lấn, giấy chứng nhận đủ điều kiện ATTP nếu có bán mỹ phẩm, nhân viên có chứng chỉ nghề; 4) Chuẩn bị hồ sơ ĐKKD theo Điều 21-22 LDN 2020; 5) Nộp hồ sơ tại Phòng ĐKKD thuộc Sở KH&ĐT.","Điều 7 LDN 2020
Điều 8 LDN 2020
Điều 17 LDN 2020
Điều 21 LDN 2020
Điều 26 LDN 2020",False,Không thể tạo câu trả lời.,"['59-2020-QH14:d1', '59-2020-QH14:d2', '59-2020-QH14:d3', '59-2020-QH14:d4', '59-2020-QH14:d7', '59-2020-QH14:d12', '59-2020-QH14:d16', '168-2025-ND:d52', '59-2020-QH14:d203', '168-2025-ND:d43', '59-2020-QH14:d26', '23-2022-ND:d12', '23-2022-ND:d9', '59-2020-QH14:d27', '23-2022-ND:d8', '59-2020-QH14:d30', '16-2023-ND:d9', '168-2025-ND:d25', '59-2020-QH14:d207', '100-2019-ND-CP:d48', '16-2023-ND:d1', '23-2022-ND:d43', '01-2021-ND:d37', '47-2021-ND:d12', '47-2021-ND:d2', '44-2025-ND:d4', '89-2024-ND:d1', '23-2022-ND:d25', '100-2019-ND-CP:d40', '16-2023-ND:d8', '01-2021-ND:d8', '168-2025-ND:d72', '01-2021-ND:d95']","['59-2020-QH14:d1', '59-2020-QH14:d2', '59-2020-QH14:d3', '59-2020-QH14:d4', '59-2020-QH14:d7', '59-2020-QH14:d12', '59-2020-QH14:d16']","['59-2020-QH14:d4', '59-2020-QH14:d7', '59-2020-QH14:d12', '59-2020-QH14:d16', '168-2025-ND:d52', '59-2020-QH14:d203', '168-2025-ND:d43', '59-2020-QH14:d26', '23-2022-ND:d12', '23-2022-ND:d9', '59-2020-QH14:d27', '23-2022-ND:d8', '59-2020-QH14:d30', '16-2023-ND:d9', '168-2025-ND:d25', '59-2020-QH14:d207', '100-2019-ND-CP:d48', '16-2023-ND:d1', '23-2022-ND:d43', '01-2021-ND:d37', '47-2021-ND:d12', '47-2021-ND:d2', '44-2025-ND:d4', '89-2024-ND:d1', '23-2022-ND:d25', '100-2019-ND-CP:d40', '16-2023-ND:d8', '01-2021-ND:d8', '168-2025-ND:d72', '01-2021-ND:d95']",0.0,0,0.0,0,0.0,1,0.2,1,0.2,1,0.4,1,0.4,0.2
331,"Loại 7: Thay đổi ĐKKD - Địa chỉ, tên, ngành nghề",Anh chị cho e hỏi Đổi địa chỉ Cty nhưng k thay cơ quan thuế cần nộp mẫu 08 k ạ?,"['59-2020-QH14:d30', '59-2020-QH14:d31', '59-2020-QH14:d8']",3,"Theo Điều 30-31 Luật Doanh nghiệp 2020, khi thay đổi địa chỉ trụ sở chính nhưng không thay đổi cơ quan thuế quản lý (vẫn trong cùng quận/huyện), doanh nghiệp cần: 1) Thực hiện thủ tục đăng ký thay đổi nội dung ĐKDN tại Cơ quan ĐKKD trong thời hạn 10 ngày (Điều 30 LDN 2020); 2) Về mẫu 08: Theo quy định về quản lý thuế, Mẫu 08 (Tờ khai đăng ký thuế) thường được nộp khi thay đổi thông tin đăng ký thuế. Tuy nhiên, nếu không thay đổi cơ quan thuế quản lý (cùng địa bàn), việc thay đổi địa chỉ sẽ được tự động cập nhật từ hệ thống ĐKKD sang cơ quan thuế thông qua liên thông dữ liệu. Khuyến nghị liên hệ cơ quan thuế quản lý để xác nhận có cần nộp Mẫu 08 riêng hay không.","Điều 30 LDN 2020
Điều 31 LDN 2020
Điều 8 LDN 2020",False,Không thể tạo câu trả lời.,"['168-2025-ND:d40', '168-2025-ND:d56', '01-2021-ND:d47', '59-2020-QH14:d44', '59-2020-QH14:d31', '59-2020-QH14:d28', '59-2020-QH14:d42', '59-2020-QH14:d45', '59-2020-QH14:d30', '36-2024-QH15:d39', '47-2021-ND:d31', '01-2021-ND:d16', '59-2020-QH14:d206', '100-2019-ND-CP:d24', '168-2024-ND-CP:d13', '36-2024-QH15:d36', '168-2024-ND-CP:d47', '100-2019-ND-CP:d16', '100-2019-ND-CP:d23', '23-2022-ND:d7', '36-2024-QH15:d61', '36-2024-QH15:d51', '168-2025-ND:d2', '36-2024-QH15:d5', '168-2024-ND-CP:d29', '01-2021-ND:d89', '23-2022-ND:d3', '36-2024-QH15:d55', '100-2019-ND-CP:d15', '36-2024-QH15:d25']","['168-2025-ND:d40', '168-2025-ND:d56', '01-2021-ND:d47']","['168-2025-ND:d56', '168-2025-ND:d40', '01-2021-ND:d47', '59-2020-QH14:d44', '59-2020-QH14:d31', '59-2020-QH14:d28', '59-2020-QH14:d42', '59-2020-QH14:d45', '59-2020-QH14:d30', '36-2024-QH15:d39', '47-2021-ND:d31', '01-2021-ND:d16', '59-2020-QH14:d206', '100-2019-ND-CP:d24', '168-2024-ND-CP:d13', '36-2024-QH15:d36', '168-2024-ND-CP:d47', '100-2019-ND-CP:d16', '100-2019-ND-CP:d23', '23-2022-ND:d7', '36-2024-QH15:d61', '36-2024-QH15:d51', '168-2025-ND:d2', '36-2024-QH15:d5', '168-2024-ND-CP:d29', '01-2021-ND:d89', '23-2022-ND:d3', '36-2024-QH15:d55', '100-2019-ND-CP:d15', '36-2024-QH15:d25']",0.0,0,0.0,0,0.0,1,0.3333,1,0.6667,1,0.6667,1,0.6667,0.2
332,"Loại 3: Vốn điều lệ - Góp vốn, tăng/giảm vốn, vốn pháp định","cty mình muốn tăng vốn điều lệ, chỉ có 1 cổ đông mới mua vốn thôi thì hồ sơ cần có gì ạ. cổ đông mới là 1 cty, tăng vốn lên gấp 3 lần và cty ở hcm ạ","['59-2020-QH14:d112', '59-2020-QH14:d113', '59-2020-QH14:d123', '59-2020-QH14:d25', '59-2020-QH14:d31']",5,"Theo Luật Doanh nghiệp 2020, đối với công ty cổ phần muốn tăng vốn điều lệ bằng việc tiếp nhận cổ đông mới (là tổ chức), hồ sơ cần có: 1) Theo Điều 123 LDN 2020 về chào bán cổ phần: Quyết định của ĐHĐCĐ hoặc HĐQT (nếu được ủy quyền) về việc chào bán cổ phần riêng lẻ; 2) Hợp đồng đăng ký mua cổ phần với cổ đông mới; 3) Biên bản họp ĐHĐCĐ/HĐQT thông qua việc tăng vốn; 4) Giấy tờ pháp lý của cổ đông mới (là công ty): GCNĐKDN, quyết định cử người đại diện theo ủy quyền; 5) Danh sách cổ đông mới (mẫu theo Điều 25 LDN 2020); 6) Thông báo thay đổi vốn điều lệ theo Điều 31 LDN 2020 trong 10 ngày. Lưu ý: Cổ đông mới phải thanh toán đủ số cổ phần đăng ký mua (Điều 113 LDN 2020).","Điều 112 LDN 2020
Điều 113 LDN 2020
Điều 123 LDN 2020
Điều 31 LDN 2020
Điều 25 LDN 2020",False,"# Tư vấn: Hồ sơ tăng vốn điều lệ công ty cổ phần

Dựa vào tình huống công ty bạn tăng vốn gấp 3 lần với 1 cổ đông mới (là công ty khác) ở HCMC, dưới đây là hồ sơ cần chuẩn bị:

## **Hồ sơ đăng ký thay đổi vốn điều lệ cần có:**

1. **Thông báo thay đổi nội dung đăng ký doanh nghiệp** - do người đại diện theo pháp luật ký;

2. **Nghị quyết của Đại hội đồng cổ đông** - về việc phê chuẩn tăng vốn điều lệ. Nghị quyết này phải bao gồm:
   - Mức vốn điều lệ mới (gấp 3 lần vốn cũ)
   - Loại cổ phần và tổng số cổ phần được quyền chào bán
   - Phê chuẩn hình thức chào bán cổ phần riêng lẻ cho cổ đông mới

3. **Danh sách cổ đông mới** - xác định chủ sở hữu hưởng lợi và cổ đông mới (công ty khác)

## **Lưu ý quan trọng:**

- **Thời hạn nộp hồ sơ**: Phải đăng ký thay đổi **trong vòng 10 ngày** kể từ ngày có sự thay đổi vốn
- **Nơi nộp**: Phòng Đăng ký kinh doanh (Sở Kế hoạch và Đầu tư) HCMC nơi công ty đặt trụ sở
- **Thời gian cấp giấy chứng nhận**: Cơ quan sẽ xem xét và cấp Giấy chứng nhận đăng ký doanh nghiệp mới **trong 3 ngày làm việc**

---

**Căn cứ pháp lý:** Điều 51 Nghị định 01/2021/NĐ-CP, Điều 123 Luật Doanh nghiệp 2020, Điều 30 Luật Doanh nghiệp 2020, Điều 52 Nghị định 168/2025/NĐ-CP","['59-2020-QH14:d112', '59-2020-QH14:d123', '59-2020-QH14:d125', '59-2020-QH14:d131', '59-2020-QH14:d138', '59-2020-QH14:d147', '01-2021-ND:d51', '168-2025-ND:d43', '59-2020-QH14:d30', '168-2025-ND:d52', '59-2020-QH14:d55', '01-2021-ND:d61', '100-2019-ND-CP:d64', '89-2024-ND:d7', '59-2020-QH14:d211', '23-2022-ND:d48', '168-2025-ND:d47', '168-2025-ND:d24', '100-2019-ND-CP:d48', '59-2020-QH14:d22', '01-2021-ND:d12', '01-2021-ND:d29', '01-2021-ND:d45', '168-2024-ND-CP:d23', '168-2024-ND-CP:d40', '100-2019-ND-CP:d50', '44-2025-ND:d1', '59-2020-QH14:d26', '100-2019-ND-CP:d55', '59-2020-QH14:d174']","['59-2020-QH14:d112', '59-2020-QH14:d123', '59-2020-QH14:d125', '59-2020-QH14:d131', '59-2020-QH14:d138', '59-2020-QH14:d147', '01-2021-ND:d51']","['168-2025-ND:d43', '59-2020-QH14:d112', '59-2020-QH14:d30', '59-2020-QH14:d123', '59-2020-QH14:d125', '59-2020-QH14:d131', '59-2020-QH14:d138', '59-2020-QH14:d147', '01-2021-ND:d51', '168-2025-ND:d52', '59-2020-QH14:d55', '01-2021-ND:d61', '100-2019-ND-CP:d64', '89-2024-ND:d7', '59-2020-QH14:d211', '23-2022-ND:d48', '168-2025-ND:d47', '168-2025-ND:d24', '100-2019-ND-CP:d48', '59-2020-QH14:d22', '01-2021-ND:d12', '01-2021-ND:d29', '01-2021-ND:d45', '168-2024-ND-CP:d23', '168-2024-ND-CP:d40', '100-2019-ND-CP:d50', '44-2025-ND:d1', '59-2020-QH14:d26', '100-2019-ND-CP:d55', '59-2020-QH14:d174']",0.85,1,0.2,1,0.4,1,0.4,1,0.4,1,0.4,1,0.4,1.0
334,"Loại 6: Giải thể & Phá sản - Thủ tục, thanh toán nợ, tạm ngưng","Tạm ngưng địa điểm, chi nhánh có cần quyết định k anh chị ?","['59-2020-QH14:d206', '59-2020-QH14:d44', '59-2020-QH14:d45']",3,"Theo Điều 206 khoản 1 Luật Doanh nghiệp 2020, doanh nghiệp phải thông báo bằng văn bản cho Cơ quan đăng ký kinh doanh chậm nhất là 03 ngày làm việc trước ngày tạm ngừng kinh doanh. Đối với chi nhánh, việc tạm ngừng cần có quyết định của doanh nghiệp (theo Điều 44, 45). Cụ thể, nếu tạm ngừng chi nhánh/địa điểm kinh doanh, cần: (1) Quyết định tạm ngừng của chủ sở hữu/Hội đồng thành viên/Hội đồng quản trị; (2) Thông báo bằng văn bản đến Cơ quan đăng ký kinh doanh nơi đặt chi nhánh.","Điều 206 khoản 1 LDN 2020
Điều 44 LDN 2020
Điều 45 LDN 2020",False,Không thể tạo câu trả lời.,"['168-2025-ND:d60', '168-2025-ND:d71', '01-2021-ND:d66', '59-2020-QH14:d213', '59-2020-QH14:d217', '59-2020-QH14:d206', '59-2020-QH14:d17', '59-2020-QH14:d110', '59-2020-QH14:d60', '168-2024-ND-CP:d2', '01-2021-ND:d53', '59-2020-QH14:d44', '01-2021-ND:d98', '100-2019-ND-CP:d2', '01-2021-ND:d68', '100-2019-ND-CP:d50', '100-2019-ND-CP:d28', '36-2024-QH15:d42', '16-2023-ND:d9', '36-2024-QH15:d38', '23-2022-ND:d44', '100-2019-ND-CP:d58', '168-2025-ND:d11', '01-2021-ND:d29', '168-2024-ND-CP:d53', '23-2022-ND:d19', '44-2025-ND:d26', '100-2019-ND-CP:d67', '01-2021-ND:d31', '36-2024-QH15:d36', '89-2024-ND:d3']","['168-2025-ND:d60', '168-2025-ND:d71', '01-2021-ND:d66', '59-2020-QH14:d213']","['168-2025-ND:d60', '01-2021-ND:d66', '59-2020-QH14:d213', '59-2020-QH14:d217', '59-2020-QH14:d206', '59-2020-QH14:d17', '59-2020-QH14:d110', '59-2020-QH14:d60', '168-2024-ND-CP:d2', '01-2021-ND:d53', '59-2020-QH14:d44', '01-2021-ND:d98', '100-2019-ND-CP:d2', '01-2021-ND:d68', '100-2019-ND-CP:d50', '100-2019-ND-CP:d28', '36-2024-QH15:d42', '16-2023-ND:d9', '36-2024-QH15:d38', '23-2022-ND:d44', '100-2019-ND-CP:d58', '168-2025-ND:d11', '01-2021-ND:d29', '168-2024-ND-CP:d53', '23-2022-ND:d19', '44-2025-ND:d26', '100-2019-ND-CP:d67', '01-2021-ND:d31', '36-2024-QH15:d36', '89-2024-ND:d3']",0.0,0,0.0,0,0.0,0,0.0,1,0.3333,1,0.6667,1,0.6667,0.1667
335,"Loại 10: Doanh nghiệp FDI - Vốn nước ngoài, tỷ lệ sở hữu","dạ anh chị cho em hỏi trường hợp này với ạ.
Cá nhân người Nhật Bản, muốn đầu tư vào Việt Nam dịch vụ kiến trúc, có thể thành lập công ty 100% vốn đầu tư Nhật Bản tại Thành phố Hồ Chí Minh được không ạ. Do em thấy ở biểu cam kết quy định là ""DN nước ngoài là pháp nhân của thành viên WTO"". Em cảm ơn anh chị","['59-2020-QH14:d22', '59-2020-QH14:d8']",2,"Theo Điều 22 khoản 4c Luật Doanh nghiệp 2020, nhà đầu tư nước ngoài (bao gồm cá nhân người Nhật Bản) khi thành lập công ty tại Việt Nam phải có Giấy chứng nhận đăng ký đầu tư theo quy định của Luật Đầu tư. Về biểu cam kết WTO, dịch vụ kiến trúc thuộc danh mục cam kết mở cửa, tuy nhiên điều kiện áp dụng cho 'doanh nghiệp nước ngoài là pháp nhân của thành viên WTO' là khi liên doanh hoặc góp vốn, còn cá nhân nước ngoài vẫn có thể thành lập công ty 100% vốn nước ngoài nếu đáp ứng điều kiện theo Luật Đầu tư. Cần xin Giấy chứng nhận đăng ký đầu tư trước khi đăng ký doanh nghiệp.","Điều 22 khoản 4c LDN 2020
Điều 8 khoản 1 LDN 2020",False,Không thể tạo câu trả lời.,"['59-2020-QH14:d1', '59-2020-QH14:d2', '59-2020-QH14:d3', '59-2020-QH14:d4', '59-2020-QH14:d7', '59-2020-QH14:d16', '59-2020-QH14:d17', '168-2025-ND:d52', '59-2020-QH14:d203', '168-2025-ND:d43', '59-2020-QH14:d55', '168-2024-ND-CP:d20', '59-2020-QH14:d186', '01-2021-ND:d61', '59-2020-QH14:d9', '168-2024-ND-CP:d2', '47-2021-ND:d30', '168-2024-ND-CP:d52', '168-2025-ND:d45', '23-2022-ND:d13', '59-2020-QH14:d12', '89-2024-ND:d6', '248-2025-ND:d12', '36-2024-QH15:d55', '16-2023-ND:d1', '59-2020-QH14:d211', '100-2019-ND-CP:d77', '100-2019-ND-CP:d5', '100-2019-ND-CP:d2', '168-2024-ND-CP:d22', '01-2021-ND:d2', '168-2024-ND-CP:d13', '168-2024-ND-CP:d44']","['59-2020-QH14:d1', '59-2020-QH14:d2', '59-2020-QH14:d3', '59-2020-QH14:d4', '59-2020-QH14:d7', '59-2020-QH14:d16', '59-2020-QH14:d17']","['59-2020-QH14:d4', '59-2020-QH14:d7', '59-2020-QH14:d16', '59-2020-QH14:d17', '168-2025-ND:d52', '59-2020-QH14:d203', '168-2025-ND:d43', '59-2020-QH14:d55', '168-2024-ND-CP:d20', '59-2020-QH14:d186', '01-2021-ND:d61', '59-2020-QH14:d9', '168-2024-ND-CP:d2', '47-2021-ND:d30', '168-2024-ND-CP:d52', '168-2025-ND:d45', '23-2022-ND:d13', '59-2020-QH14:d12', '89-2024-ND:d6', '248-2025-ND:d12', '36-2024-QH15:d55', '16-2023-ND:d1', '59-2020-QH14:d211', '100-2019-ND-CP:d77', '100-2019-ND-CP:d5', '100-2019-ND-CP:d2', '168-2024-ND-CP:d22', '01-2021-ND:d2', '168-2024-ND-CP:d13', '168-2024-ND-CP:d44']",0.0,0,0.0,0,0.0,0,0.0,0,0.0,0,0.0,0,0.0,0.0
336,"Loại 1: Thành lập doanh nghiệp - Thủ tục, điều kiện, hồ sơ thành lập","TPHCM. Anh chị cho em hỏi doanh nghiệp em thành lập cuối tháng 11 đã ra giấy phép đủ chữ ký và mộc đỏ. Vậy bây giờ làm thế nào để em nhận bản cứng ạ?
Em in bản điện tử rồi đóng mộc treo cty thì có làm việc dc ở các co quan nhà nước khác k?","['59-2020-QH14:d27', '59-2020-QH14:d4']",2,"Theo Điều 4 khoản 15 Luật Doanh nghiệp 2020, Giấy chứng nhận đăng ký doanh nghiệp là văn bản bằng bản giấy hoặc bản điện tử. Hiện nay, theo quy định tại Nghị định 01/2021/NĐ-CP, Giấy chứng nhận đăng ký doanh nghiệp được cấp dưới dạng bản điện tử có giá trị pháp lý tương đương bản giấy. Doanh nghiệp có thể in bản điện tử từ Cổng thông tin quốc gia về đăng ký doanh nghiệp và sử dụng để giao dịch. Nếu cần bản cứng có chữ ký và dấu của cơ quan đăng ký, có thể liên hệ Phòng Đăng ký kinh doanh - Sở KH&ĐT để được hướng dẫn.","Điều 4 khoản 15 LDN 2020
Điều 27 LDN 2020",False,Không thể tạo câu trả lời.,"['168-2025-ND:d33', '168-2025-ND:d39', '59-2020-QH14:d31', '59-2020-QH14:d27', '59-2020-QH14:d17', '36-2024-QH15:d89', '36-2024-QH15:d62', '23-2022-ND:d12', '168-2024-ND-CP:d42', '100-2019-ND-CP:d25', '168-2025-ND:d3', '23-2022-ND:d48', '47-2021-ND:d27', '168-2024-ND-CP:d1', '168-2024-ND-CP:d50', '168-2025-ND:d78', '59-2020-QH14:d38', '168-2024-ND-CP:d31', '100-2019-ND-CP:d68', '100-2019-ND-CP:d81', '100-2019-ND-CP:d29', '59-2020-QH14:d26', '59-2020-QH14:d30', '01-2021-ND:d28', '100-2019-ND-CP:d21', '36-2024-QH15:d9', '168-2024-ND-CP:d51', '168-2024-ND-CP:d13', '100-2019-ND-CP:d62', '168-2024-ND-CP:d5']","['168-2025-ND:d33', '168-2025-ND:d39']","['168-2025-ND:d33', '168-2025-ND:d39', '59-2020-QH14:d31', '59-2020-QH14:d27', '59-2020-QH14:d17', '36-2024-QH15:d89', '36-2024-QH15:d62', '23-2022-ND:d12', '168-2024-ND-CP:d42', '100-2019-ND-CP:d25', '168-2025-ND:d3', '23-2022-ND:d48', '47-2021-ND:d27', '168-2024-ND-CP:d1', '168-2024-ND-CP:d50', '168-2025-ND:d78', '59-2020-QH14:d38', '168-2024-ND-CP:d31', '100-2019-ND-CP:d68', '100-2019-ND-CP:d81', '100-2019-ND-CP:d29', '59-2020-QH14:d26', '59-2020-QH14:d30', '01-2021-ND:d28', '100-2019-ND-CP:d21', '36-2024-QH15:d9', '168-2024-ND-CP:d51', '168-2024-ND-CP:d13', '100-2019-ND-CP:d62', '168-2024-ND-CP:d5']",0.0,0,0.0,0,0.0,1,0.5,1,0.5,1,0.5,1,0.5,0.25
338,"Loại 3: Vốn điều lệ - Góp vốn, tăng/giảm vốn, vốn pháp định","Trong Hợp đồng hợp tác kinh doanh (BCC) giữa hai công ty, công ty mình góp 96% vốn bằng tiền để xây dựng nhà máy và vận hành toàn bộ hoạt động, công ty còn lại góp 4% bằng quyền tài sản gắn liền với đất.
Hợp đồng chỉ quy định ‘các tài sản hình thành trong quá trình hợp tác (nhà xưởng, máy móc, dây chuyền…) là tài sản chung’, nhưng không quy định Quyền tài sản phát sinh từ Hợp đồng góp vốn là tài sản chung. Giấy chứng nhận quyền sử dụng đất cũng không chuyển quyền sở hữu thành sở hữu chung.
Mình xin hỏi các anh/chị Luật sư trong diễn đàn là:
Phần vốn góp 96% của mình (tương ứng quyền hưởng lợi nhuận và quyền điều hành dự án) có bị coi là “tài sản chung” theo Điều 207 và 218 BLDS 2015 không ạ?
Nếu mình muốn chuyển nhượng phần vốn góp/quyền hợp tác cho người thứ ba, liệu có phải áp dụng thời hạn ưu tiên mua 3 tháng cho bên còn lại theo Điều 218 BLDS không ạ?
Rất mong được các anh/chị có chuyên môn về dân sự – hợp đồng – đầu tư giải đáp. Mình xin cảm ơn ạ","['59-2020-QH14:d34', '59-2020-QH14:d35', '59-2020-QH14:d36']",3,"Câu hỏi này chủ yếu liên quan đến Bộ luật Dân sự 2015 và Luật Đầu tư 2020, không thuộc phạm vi điều chỉnh trực tiếp của Luật Doanh nghiệp 2020. Hợp đồng hợp tác kinh doanh (BCC) được quy định tại Luật Đầu tư 2020 (Điều 27-28), là hình thức đầu tư không thành lập pháp nhân. Về vấn đề 'tài sản chung' và chuyển nhượng phần vốn góp trong BCC: (1) Phần vốn góp 96% bằng tiền KHÔNG tự động trở thành 'tài sản chung' theo Điều 207, 218 BLDS 2015 nếu hợp đồng không quy định rõ; (2) Quyền ưu tiên mua 3 tháng theo Điều 218 BLDS chỉ áp dụng cho sở hữu chung, cần xem xét nội dung cụ thể của hợp đồng BCC. Luật DN 2020 có quy định về góp vốn tại Điều 34-36, nhưng áp dụng cho công ty, không phải BCC.","Điều 34 LDN 2020
Điều 35 LDN 2020
Điều 36 LDN 2020",False,Không thể tạo câu trả lời.,"['59-2020-QH14:d25', '59-2020-QH14:d34', '59-2020-QH14:d35', '59-2020-QH14:d36', '59-2020-QH14:d52', '59-2020-QH14:d51', '59-2020-QH14:d46', '59-2020-QH14:d217', '59-2020-QH14:d202', '100-2019-ND-CP:d50', '168-2024-ND-CP:d13', '168-2025-ND:d15', '59-2020-QH14:d178', '100-2019-ND-CP:d16', '59-2020-QH14:d11', '168-2024-ND-CP:d32', '59-2020-QH14:d181', '100-2019-ND-CP:d6', '59-2020-QH14:d215', '168-2025-ND:d110', '100-2019-ND-CP:d69', '36-2024-QH15:d39', '100-2019-ND-CP:d28', '100-2019-ND-CP:d23', '168-2024-ND-CP:d16', '100-2019-ND-CP:d25', '168-2024-ND-CP:d40', '168-2024-ND-CP:d21', '168-2025-ND:d84', '168-2024-ND-CP:d52']","['59-2020-QH14:d25', '59-2020-QH14:d34', '59-2020-QH14:d35', '59-2020-QH14:d36', '59-2020-QH14:d52', '59-2020-QH14:d51', '59-2020-QH14:d46']","['59-2020-QH14:d25', '59-2020-QH14:d34', '59-2020-QH14:d35', '59-2020-QH14:d36', '59-2020-QH14:d52', '59-2020-QH14:d51', '59-2020-QH14:d46', '59-2020-QH14:d217', '59-2020-QH14:d202', '100-2019-ND-CP:d50', '168-2024-ND-CP:d13', '168-2025-ND:d15', '59-2020-QH14:d178', '100-2019-ND-CP:d16', '59-2020-QH14:d11', '168-2024-ND-CP:d32', '59-2020-QH14:d181', '100-2019-ND-CP:d6', '59-2020-QH14:d215', '168-2025-ND:d110', '100-2019-ND-CP:d69', '36-2024-QH15:d39', '100-2019-ND-CP:d28', '100-2019-ND-CP:d23', '168-2024-ND-CP:d16', '100-2019-ND-CP:d25', '168-2024-ND-CP:d40', '168-2024-ND-CP:d21', '168-2025-ND:d84', '168-2024-ND-CP:d52']",0.0,0,0.0,1,0.6667,1,1.0,1,1.0,1,1.0,1,1.0,0.5
346,"Loại 9: Chuyển nhượng vốn/cổ phần - Mua bán, thừa kế","Em chào admin và các anh chị trong nhóm ạ. Ad và a/c trong nhóm cho e hỏi với, Công ty TNHH 1 TV làm thay đổi chủ sở hữu và người đại diện theo pháp luật , trong hồ sơ gửi lên sở có mẫu số 10 Danh sách chủ sở hữu hưởng lợi, e đã điền thông tin của chủ sở hữu mới, còn mục ký là người đại diện theo Pháp luật vậy cho e hỏi Người đại diện theo pháp luật ở đây là Người mới hay là Người cũ ký ạ. Em cám ơn anh/chị nhiều ạ","['59-2020-QH14:d12', '59-2020-QH14:d30', '59-2020-QH14:d78']",3,"Theo Luật Doanh nghiệp 2020, khi thay đổi chủ sở hữu công ty TNHH 1 thành viên, người đại diện theo pháp luật MỚI sẽ là người ký vào Mẫu số 10 (Danh sách chủ sở hữu hưởng lợi). Căn cứ Điều 78 Luật DN 2020, khi chủ sở hữu chuyển nhượng vốn điều lệ cho tổ chức/cá nhân khác thì công ty phải đăng ký thay đổi nội dung ĐKDN trong thời hạn 10 ngày. Tại thời điểm nộp hồ sơ thay đổi, người đại diện theo pháp luật mới (được bổ nhiệm theo quyết định của chủ sở hữu mới) sẽ là người có thẩm quyền ký các văn bản trong hồ sơ thay đổi ĐKDN, bao gồm Mẫu số 10.","Điều 12 LDN 2020
Điều 78 LDN 2020
Điều 30 LDN 2020",False,"## Tư vấn pháp luật

Khi thay đổi chủ sở hữu công ty TNHH một thành viên, **mục ký hồ sơ (bao gồm Danh sách chủ sở hữu hưởng lợi) phải là người đại diện theo pháp luật HIỆN TẠI của công ty (người cũ)**, chứ không phải người đại diện theo pháp luật mới.

### Lý do:

Căn cứ vào Điều 53 (Nghị định 01/2021/ND), khi chủ sở hữu thay đổi, hồ sơ phải có ""**Thông báo thay đổi chủ sở hữu công ty trách nhiệm hữu hạn một thành viên do chủ sở hữu hoặc người đại diện theo pháp luật của chủ** [sở hữu công ty]"" ký. Điều này chỉ rõ ràng rằng phải do chủ sở hữu cũ hoặc người đại diện của chủ sở hữu cũ ký.

Thêm vào đó, Điều 56 (Nghị định 01/2021/ND) quy định: ""Thông báo thay đổi nội dung đăng ký doanh nghiệp **do người đại diện theo pháp luật của doanh nghiệp ký**"". Vì chủ sở hữu mới chưa được ghi chính thức vào giấy đăng ký (cho đến khi hồ sơ được phê duyệt), nên người đại diện theo pháp luật của công ty tại thời điểm ký vẫn là người cũ.

Theo Điều 85 (Luật Doanh nghiệp 2020), chủ sở hữu công ty TNHH một thành viên chính là Chủ tịch công ty, do đó người đại diện theo pháp luật của công ty tại thời điểm ký hồ sơ là người cũ.

### Kết luận:

**Người ký hồ sơ Danh sách chủ sở hữu hưởng lợi phải là người đại diện theo pháp luật cũ (người đang đại diện cho công ty trước khi thay đổi).**

---

**Căn cứ pháp lý:** Điều 53 (Nghị định 01/2021/ND), Điều 56 (Nghị định 01/2021/ND), Điều 85 (Luật Doanh nghiệp 2020)","['59-2020-QH14:d79', '59-2020-QH14:d85', '59-2020-QH14:d81', '59-2020-QH14:d82', '01-2021-ND:d53', '01-2021-ND:d50', '168-2025-ND:d43', '01-2021-ND:d56', '168-2025-ND:d49', '59-2020-QH14:d29', '59-2020-QH14:d30', '36-2024-QH15:d39', '59-2020-QH14:d37', '248-2025-ND:d3', '168-2024-ND-CP:d14', '168-2025-ND:d17', '89-2024-ND:d10', '59-2020-QH14:d25', '168-2025-ND:d47', '59-2020-QH14:d55', '47-2021-ND:d33', '23-2022-ND:d8', '100-2019-ND-CP:d57', '44-2025-ND:d2', '168-2025-ND:d84', '16-2023-ND:d11', '59-2020-QH14:d24', '248-2025-ND:d2', '59-2020-QH14:d64', '168-2025-ND:d74', '23-2022-ND:d15']","['59-2020-QH14:d79', '59-2020-QH14:d85', '59-2020-QH14:d81', '59-2020-QH14:d82', '01-2021-ND:d53', '01-2021-ND:d50', '168-2025-ND:d43']","['168-2025-ND:d43', '59-2020-QH14:d79', '59-2020-QH14:d81', '59-2020-QH14:d82', '01-2021-ND:d53', '01-2021-ND:d50', '01-2021-ND:d56', '168-2025-ND:d49', '59-2020-QH14:d29', '59-2020-QH14:d30', '36-2024-QH15:d39', '59-2020-QH14:d37', '248-2025-ND:d3', '168-2024-ND-CP:d14', '168-2025-ND:d17', '89-2024-ND:d10', '59-2020-QH14:d25', '168-2025-ND:d47', '59-2020-QH14:d55', '47-2021-ND:d33', '23-2022-ND:d8', '100-2019-ND-CP:d57', '44-2025-ND:d2', '168-2025-ND:d84', '16-2023-ND:d11', '59-2020-QH14:d24', '248-2025-ND:d2', '59-2020-QH14:d64', '168-2025-ND:d74', '23-2022-ND:d15']",0.85,0,0.0,0,0.0,0,0.0,0,0.0,1,0.3333,1,0.3333,0.0909
347,"Loại 10: Doanh nghiệp FDI - Vốn nước ngoài, tỷ lệ sở hữu","Cho mình hỏi: hiện tại chủ doanh nghiệp là người nước ngoài đang làm việc tại một công ty khác và đã được công ty đó cấp Giấy phép lao động (GPLĐ). Trường hợp này có thể làm thẻ tạm trú theo công ty đang làm việc không? Sau khi đã có thẻ tạm trú, người đó có thể thực hiện định danh điện tử cho doanh nghiệp cá nhân của mình được không ạ?","['59-2020-QH14:d17', '59-2020-QH14:d21', '59-2020-QH14:d22']",3,"Theo Luật Doanh nghiệp 2020 và Luật Đầu tư, người nước ngoài có quyền thành lập và quản lý doanh nghiệp tại Việt Nam (Điều 17 LDN 2020). Về thẻ tạm trú: Thẻ tạm trú được cấp theo công ty đang làm việc (nơi cấp GPLĐ). Về định danh điện tử: Sau khi có thẻ tạm trú, người nước ngoài có thể thực hiện định danh điện tử cho doanh nghiệp cá nhân của mình. Tuy nhiên, nếu doanh nghiệp thuộc trường hợp nhà đầu tư nước ngoài theo Luật Đầu tư, cần có Giấy chứng nhận đăng ký đầu tư trước khi đăng ký doanh nghiệp (Điều 21, 22 LDN 2020). Lưu ý: Việc làm chủ doanh nghiệp riêng trong khi có GPLĐ ở công ty khác cần tuân thủ quy định về lao động và nhập cảnh.","Điều 17 LDN 2020
Điều 21 LDN 2020
Điều 22 LDN 2020",False,"Xin lỗi, tôi không tìm thấy quy định pháp luật liên quan.

Tài liệu cung cấp chỉ đề cập đến các quy định về thành lập và quản lý doanh nghiệp tư nhân. Tuy nhiên, câu hỏi của bạn liên quan đến hai vấn đề pháp lý khác nhau:

**1. Về thẻ tạm trú cho người nước ngoài:**

Đây là vấn đề thuộc lĩnh vực pháp luật cư trú và quản lý xuất nhập cảnh, không được đề cập trong tài liệu tham khảo về luật doanh nghiệp được cung cấp.

**2. Về định danh điện tử cho doanh nghiệp cá nhân:**

Vấn đề này liên quan đến pháp luật về định danh điện tử, không được quy định trong tài liệu cung cấp (chỉ có Luật Doanh nghiệp 2020 và Nghị định 01/2021/ND về đăng ký doanh nghiệp).

**Lưu ý:** Mặc dù Điều 21 Nghị định 01/2021/ND quy định yêu cầu ""bản sao giấy tờ pháp lý của cá nhân"" khi đăng ký doanh nghiệp tư nhân, và Điều 17 Luật Doanh nghiệp 2020 quy định các đối tượng không được thành lập doanh nghiệp, nhưng tài liệu cung cấp không nêu rõ các điều kiện cụ thể cho người nước ngoài về thẻ tạm trú hay định danh điện tử.

Để nhận được tư vấn chính xác, bạn cần tham khảo các quy định về Luật Cư trú, Luật Quốc tịch, hoặc Luật Định danh điện tử (nếu có) của Việt Nam.","['59-2020-QH14:d188', '59-2020-QH14:d190', '59-2020-QH14:d193', '01-2021-ND:d21', '01-2021-ND:d32', '01-2021-ND:d45', '01-2021-ND:d44', '59-2020-QH14:d79', '59-2020-QH14:d17', '36-2024-QH15:d62', '168-2024-ND-CP:d50', '168-2024-ND-CP:d2', '36-2024-QH15:d55', '59-2020-QH14:d207', '23-2022-ND:d12', '59-2020-QH14:d55', '36-2024-QH15:d60', '59-2020-QH14:d7', '168-2024-ND-CP:d47', '36-2024-QH15:d89', '36-2024-QH15:d51', '100-2019-ND-CP:d25', '59-2020-QH14:d186', '36-2024-QH15:d52', '23-2022-ND:d13', '36-2024-QH15:d7', '168-2024-ND-CP:d42', '59-2020-QH14:d191', '36-2024-QH15:d61', '01-2021-ND:d28']","['59-2020-QH14:d188', '59-2020-QH14:d190', '59-2020-QH14:d193', '01-2021-ND:d21', '01-2021-ND:d32', '01-2021-ND:d45', '01-2021-ND:d44']","['59-2020-QH14:d188', '59-2020-QH14:d190', '59-2020-QH14:d193', '01-2021-ND:d21', '01-2021-ND:d32', '01-2021-ND:d45', '01-2021-ND:d44', '59-2020-QH14:d79', '59-2020-QH14:d17', '36-2024-QH15:d62', '168-2024-ND-CP:d50', '168-2024-ND-CP:d2', '36-2024-QH15:d55', '59-2020-QH14:d207', '23-2022-ND:d12', '59-2020-QH14:d55', '36-2024-QH15:d60', '59-2020-QH14:d7', '168-2024-ND-CP:d47', '36-2024-QH15:d89', '36-2024-QH15:d51', '100-2019-ND-CP:d25', '59-2020-QH14:d186', '36-2024-QH15:d52', '23-2022-ND:d13', '36-2024-QH15:d7', '168-2024-ND-CP:d42', '59-2020-QH14:d191', '36-2024-QH15:d61', '01-2021-ND:d28']",0.85,0,0.0,0,0.0,0,0.0,1,0.3333,1,0.3333,1,0.3333,0.1111
348,"Loại 3: Vốn điều lệ - Góp vốn, tăng/giảm vốn, vốn pháp định","Chào anh chị, em đang làm hồ sơ TL mới cho công ty cổ phần nhưng góp vốn vừa bằng tài sản vừa bằng tiền mặt. Trong đó tài sản góp vốn là máy móc dùng trong công trình xây dựng (như máy khoan, máy cắt...). Anh chị đi trước có kinh nghiệm cho em hỏi, em điền cột 11 (về loại tài sản,...) như thế nào ạ? Em cảm ơn mn","['59-2020-QH14:d25', '59-2020-QH14:d34', '59-2020-QH14:d35', '59-2020-QH14:d36']",4,"Theo Điều 34, 35, 36 Luật Doanh nghiệp 2020 về góp vốn bằng tài sản: Khi góp vốn bằng máy móc (máy khoan, máy cắt...) vào CTCP, cột 11 trong Danh sách cổ đông cần ghi rõ: (1) Loại tài sản: Máy móc, thiết bị xây dựng; (2) Số lượng tài sản: Liệt kê từng loại máy (VD: Máy khoan - 02 cái, Máy cắt - 03 cái...); (3) Giá trị tài sản: Giá trị được định giá theo Điều 36 LDN 2020. Lưu ý: Tài sản góp vốn phải được các cổ đông sáng lập định giá theo nguyên tắc đồng thuận hoặc do tổ chức thẩm định giá định giá. Nếu tổ chức thẩm định định giá thì phải được trên 50% cổ đông sáng lập chấp thuận.","Điều 34 LDN 2020
Điều 35 LDN 2020
Điều 36 LDN 2020
Điều 25 LDN 2020",False,Không thể tạo câu trả lời.,"['59-2020-QH14:d1', '59-2020-QH14:d4', '59-2020-QH14:d5', '59-2020-QH14:d8', '59-2020-QH14:d14', '59-2020-QH14:d16', '59-2020-QH14:d34', '168-2025-ND:d52', '59-2020-QH14:d203', '168-2025-ND:d43', '59-2020-QH14:d25', '168-2025-ND:d24', '100-2019-ND-CP:d52', '100-2019-ND-CP:d12', '59-2020-QH14:d179', '59-2020-QH14:d55', '100-2019-ND-CP:d14', '47-2021-ND:d11', '168-2025-ND:d84', '100-2019-ND-CP:d51', '59-2020-QH14:d178', '100-2019-ND-CP:d54', '59-2020-QH14:d123', '168-2025-ND:d55', '59-2020-QH14:d35', '168-2025-ND:d47', '59-2020-QH14:d211', '23-2022-ND:d13', '59-2020-QH14:d181', '36-2024-QH15:d39', '36-2024-QH15:d52', '100-2019-ND-CP:d56']","['59-2020-QH14:d1', '59-2020-QH14:d4', '59-2020-QH14:d5', '59-2020-QH14:d8', '59-2020-QH14:d14', '59-2020-QH14:d16', '59-2020-QH14:d34']","['59-2020-QH14:d4', '59-2020-QH14:d5', '59-2020-QH14:d8', '59-2020-QH14:d16', '59-2020-QH14:d34', '168-2025-ND:d52', '59-2020-QH14:d203', '168-2025-ND:d43', '59-2020-QH14:d25', '168-2025-ND:d24', '100-2019-ND-CP:d52', '100-2019-ND-CP:d12', '59-2020-QH14:d179', '59-2020-QH14:d55', '100-2019-ND-CP:d14', '47-2021-ND:d11', '168-2025-ND:d84', '100-2019-ND-CP:d51', '59-2020-QH14:d178', '100-2019-ND-CP:d54', '59-2020-QH14:d123', '168-2025-ND:d55', '59-2020-QH14:d35', '168-2025-ND:d47', '59-2020-QH14:d211', '23-2022-ND:d13', '59-2020-QH14:d181', '36-2024-QH15:d39', '36-2024-QH15:d52', '100-2019-ND-CP:d56']",0.0,0,0.0,0,0.0,0,0.0,1,0.25,1,0.5,1,0.75,0.1429
350,"Loại 3: Vốn điều lệ - Góp vốn, tăng/giảm vốn, vốn pháp định","Em vừa mới ra trường, chưa có nhiều kinh nghiệm.
Mn cho em hỏi thời điểm em để tăng vốn em để ngày nào được ạ
Em vừa mới ra trường, chưa có nhiều kinh nghiệm.
Mn cho em hỏi thời điểm em để tăng vốn em để ngày nào được ạ","['59-2020-QH14:d30', '59-2020-QH14:d68', '59-2020-QH14:d87']",3,"Theo Luật Doanh nghiệp 2020, về thời điểm tăng vốn điều lệ: (1) Đối với Công ty TNHH: Theo Điều 68 và Điều 87 LDN 2020, công ty có thể tăng vốn điều lệ bất cứ lúc nào khi có nhu cầu, thông qua việc thành viên góp thêm vốn hoặc tiếp nhận thêm vốn góp của thành viên mới. (2) Thời điểm ghi trong quyết định/biên bản họp: Nên để ngày quyết định tăng vốn TRƯỚC hoặc CÙNG ngày nộp hồ sơ. Thời điểm có hiệu lực của việc tăng vốn là ngày Cơ quan ĐKKD cấp Giấy CN ĐKDN mới hoặc xác nhận thay đổi. (3) Theo Điều 30 LDN 2020: Doanh nghiệp phải đăng ký thay đổi nội dung GCNĐKDN trong thời hạn 10 ngày kể từ ngày có thay đổi.","Điều 68 LDN 2020
Điều 87 LDN 2020
Điều 30 LDN 2020",False,Không thể tạo câu trả lời.,"['59-2020-QH14:d68', '59-2020-QH14:d87', '59-2020-QH14:d123', '59-2020-QH14:d124', '59-2020-QH14:d138', '59-2020-QH14:d148', '01-2021-ND:d51', '59-2020-QH14:d31', '59-2020-QH14:d217', '59-2020-QH14:d205', '59-2020-QH14:d211', '100-2019-ND-CP:d42', '168-2024-ND-CP:d54', '23-2022-ND:d25', '36-2024-QH15:d12', '100-2019-ND-CP:d57', '168-2024-ND-CP:d5', '100-2019-ND-CP:d82', '47-2021-ND:d21', '100-2019-ND-CP:d54', '100-2019-ND-CP:d41', '168-2024-ND-CP:d51', '01-2021-ND:d71', '01-2021-ND:d28', '100-2019-ND-CP:d6', '168-2024-ND-CP:d27', '168-2024-ND-CP:d21', '168-2024-ND-CP:d20', '59-2020-QH14:d178', '59-2020-QH14:d25']","['59-2020-QH14:d68', '59-2020-QH14:d87', '59-2020-QH14:d123', '59-2020-QH14:d124', '59-2020-QH14:d138', '59-2020-QH14:d148', '01-2021-ND:d51']","['59-2020-QH14:d68', '59-2020-QH14:d87', '59-2020-QH14:d123', '59-2020-QH14:d124', '59-2020-QH14:d138', '59-2020-QH14:d148', '01-2021-ND:d51', '59-2020-QH14:d31', '59-2020-QH14:d217', '59-2020-QH14:d205', '59-2020-QH14:d211', '100-2019-ND-CP:d42', '168-2024-ND-CP:d54', '23-2022-ND:d25', '36-2024-QH15:d12', '100-2019-ND-CP:d57', '168-2024-ND-CP:d5', '100-2019-ND-CP:d82', '47-2021-ND:d21', '100-2019-ND-CP:d54', '100-2019-ND-CP:d41', '168-2024-ND-CP:d51', '01-2021-ND:d71', '01-2021-ND:d28', '100-2019-ND-CP:d6', '168-2024-ND-CP:d27', '168-2024-ND-CP:d21', '168-2024-ND-CP:d20', '59-2020-QH14:d178', '59-2020-QH14:d25']",0.0,1,0.3333,1,0.6667,1,0.6667,1,0.6667,1,0.6667,1,0.6667,1.0
351,Loại 11: Khác - Chưa phân loại,"Anh chị cho em hỏi. Những trường hợp nào phải kê khai chủ sở hữu hưởng lợi vậy ạ
Anh chị cho em hỏi. Những trường hợp nào phải kê khai chủ sở hữu hưởng lợi vậy ạ","['59-2020-QH14:d17', '59-2020-QH14:d30', '59-2020-QH14:d4']",3,"Theo quy định pháp luật hiện hành, việc kê khai chủ sở hữu hưởng lợi được thực hiện theo Nghị định 47/2019/NĐ-CP (sửa đổi bởi NĐ 16/2022/NĐ-CP) về phòng chống rửa tiền. Các trường hợp phải kê khai chủ sở hữu hưởng lợi bao gồm: (1) Khi thành lập mới doanh nghiệp (Công ty TNHH, CTCP); (2) Khi thay đổi thông tin về chủ sở hữu, thành viên, cổ đông chi phối (sở hữu từ 25% vốn điều lệ trở lên); (3) Khi thay đổi người đại diện theo pháp luật; (4) Khi có yêu cầu của cơ quan nhà nước có thẩm quyền. Luật DN 2020 quy định về người có liên quan tại Điều 4 khoản 23, là cơ sở để xác định chủ sở hữu hưởng lợi.","Điều 4 LDN 2020
Điều 17 LDN 2020
Điều 30 LDN 2020",False,Không thể tạo câu trả lời.,"['168-2025-ND:d17', '168-2025-ND:d18', '168-2025-ND:d24', '168-2025-ND:d28', '168-2025-ND:d29', '168-2025-ND:d52', '59-2020-QH14:d8', '59-2020-QH14:d17', '23-2022-ND:d51', '100-2019-ND-CP:d49', '168-2025-ND:d74', '248-2025-ND:d3', '59-2020-QH14:d24', '23-2022-ND:d8', '248-2025-ND:d1', '23-2022-ND:d15', '59-2020-QH14:d186', '100-2019-ND-CP:d57', '100-2019-ND-CP:d5', '16-2023-ND:d11', '44-2025-ND:d2', '100-2019-ND-CP:d40', '168-2025-ND:d15', '100-2019-ND-CP:d6', '36-2024-QH15:d80', '36-2024-QH15:d39', '168-2024-ND-CP:d54', '59-2020-QH14:d25', '59-2020-QH14:d11', '36-2024-QH15:d65', '100-2019-ND-CP:d41']","['168-2025-ND:d17', '168-2025-ND:d18', '168-2025-ND:d24', '168-2025-ND:d28', '168-2025-ND:d29', '168-2025-ND:d52', '59-2020-QH14:d8']","['168-2025-ND:d17', '168-2025-ND:d18', '168-2025-ND:d24', '168-2025-ND:d28', '168-2025-ND:d52', '59-2020-QH14:d8', '59-2020-QH14:d17', '23-2022-ND:d51', '100-2019-ND-CP:d49', '168-2025-ND:d74', '248-2025-ND:d3', '59-2020-QH14:d24', '23-2022-ND:d8', '248-2025-ND:d1', '23-2022-ND:d15', '59-2020-QH14:d186', '100-2019-ND-CP:d57', '100-2019-ND-CP:d5', '16-2023-ND:d11', '44-2025-ND:d2', '100-2019-ND-CP:d40', '168-2025-ND:d15', '100-2019-ND-CP:d6', '36-2024-QH15:d80', '36-2024-QH15:d39', '168-2024-ND-CP:d54', '59-2020-QH14:d25', '59-2020-QH14:d11', '36-2024-QH15:d65', '100-2019-ND-CP:d41']",0.0,0,0.0,0,0.0,0,0.0,1,0.3333,1,0.3333,1,0.3333,0.125
354,"Loại 3: Vốn điều lệ - Góp vốn, tăng/giảm vốn, vốn pháp định","Cho em hỏi hồ sơ tăng vốn ở Hà Nội cần nộp thêm những gì ạ??? Em nộp bị ra thông báo thiếu hồ sơ
Cho em hỏi hồ sơ tăng vốn ở Hà Nội cần nộp thêm những gì ạ??? Em nộp bị ra thông báo thiếu hồ sơ","['59-2020-QH14:d30', '59-2020-QH14:d68', '59-2020-QH14:d87']",3,"Theo Luật Doanh nghiệp 2020 và Nghị định 01/2021/NĐ-CP về đăng ký doanh nghiệp, hồ sơ tăng vốn điều lệ (đăng ký thay đổi GCNĐKDN theo Điều 30 LDN 2020) bao gồm: (1) Thông báo thay đổi nội dung ĐKDN (Phụ lục II-1); (2) Quyết định của HĐTV/ĐHĐCĐ/Chủ sở hữu về việc tăng vốn điều lệ; (3) Biên bản họp HĐTV/ĐHĐCĐ thông qua việc tăng vốn; (4) Danh sách thành viên/cổ đông sau khi tăng vốn (nếu có thay đổi); (5) Văn bản ủy quyền cho người nộp hồ sơ (nếu không phải người ĐDTPL). Tại Hà Nội có thể yêu cầu thêm: Biên bản góp vốn, chứng từ chứng minh việc góp vốn thêm. Nên liên hệ trực tiếp Phòng ĐKKD Sở KH&ĐT Hà Nội để biết chính xác thiếu giấy tờ gì.","Điều 30 LDN 2020
Điều 68 LDN 2020
Điều 87 LDN 2020",False,Không thể tạo câu trả lời.,"['59-2020-QH14:d68', '59-2020-QH14:d55', '59-2020-QH14:d59', '59-2020-QH14:d87', '59-2020-QH14:d112', '59-2020-QH14:d123', '59-2020-QH14:d124', '59-2020-QH14:d31', '59-2020-QH14:d217', '59-2020-QH14:d12', '168-2025-ND:d47', '59-2020-QH14:d211', '100-2019-ND-CP:d25', '36-2024-QH15:d55', '168-2025-ND:d24', '168-2024-ND-CP:d21', '100-2019-ND-CP:d48', '100-2019-ND-CP:d41', '168-2024-ND-CP:d20', '100-2019-ND-CP:d24', '100-2019-ND-CP:d50', '01-2021-ND:d45', '01-2021-ND:d29', '01-2021-ND:d89', '01-2021-ND:d12', '168-2024-ND-CP:d40', '168-2024-ND-CP:d22', '36-2024-QH15:d39', '168-2024-ND-CP:d23', '100-2019-ND-CP:d23']","['59-2020-QH14:d68', '59-2020-QH14:d55', '59-2020-QH14:d59', '59-2020-QH14:d87', '59-2020-QH14:d112', '59-2020-QH14:d123', '59-2020-QH14:d124']","['59-2020-QH14:d68', '59-2020-QH14:d55', '59-2020-QH14:d59', '59-2020-QH14:d87', '59-2020-QH14:d112', '59-2020-QH14:d123', '59-2020-QH14:d124', '59-2020-QH14:d31', '59-2020-QH14:d217', '59-2020-QH14:d12', '168-2025-ND:d47', '59-2020-QH14:d211', '100-2019-ND-CP:d25', '36-2024-QH15:d55', '168-2025-ND:d24', '168-2024-ND-CP:d21', '100-2019-ND-CP:d48', '100-2019-ND-CP:d41', '168-2024-ND-CP:d20', '100-2019-ND-CP:d24', '100-2019-ND-CP:d50', '01-2021-ND:d45', '01-2021-ND:d29', '01-2021-ND:d89', '01-2021-ND:d12', '168-2024-ND-CP:d40', '168-2024-ND-CP:d22', '36-2024-QH15:d39', '168-2024-ND-CP:d23', '100-2019-ND-CP:d23']",0.0,1,0.3333,1,0.3333,1,0.6667,1,0.6667,1,0.6667,1,0.6667,1.0
355,"Loại 7: Thay đổi ĐKKD - Địa chỉ, tên, ngành nghề",Em chào các anh chị. Các anh chị cho em hỏi trong trường hợp nào thì mình phải cập nhật danh sách chủ sở hữu hưởng lợi ạ. Công ty em đang muốn thay đổi ngành nghề và địa chỉ trụ sở chính thì có phải cập nhật DSCSHHL không ạ. Công ty em chưa thay đổi DKKD từ năm 2022. Em cảm ơn các anh chị!,"['59-2020-QH14:d30', '59-2020-QH14:d31', '59-2020-QH14:d4']",3,"Theo quy định về kê khai chủ sở hữu hưởng lợi (Nghị định 47/2019/NĐ-CP, sửa đổi bởi NĐ 16/2022/NĐ-CP), các trường hợp phải cập nhật danh sách chủ sở hữu hưởng lợi gồm: (1) Khi thay đổi chủ sở hữu, thành viên, cổ đông chi phối (sở hữu từ 25% vốn trở lên); (2) Khi thay đổi người đại diện theo pháp luật; (3) Khi thay đổi thông tin của chủ sở hữu hưởng lợi đã kê khai. Đối với trường hợp của bạn: Thay đổi ngành nghề và địa chỉ trụ sở chính KHÔNG bắt buộc phải cập nhật DSCSHHL, vì đây không phải thay đổi về cơ cấu sở hữu. Tuy nhiên, do công ty chưa thay đổi ĐKKD từ năm 2022, nếu trước đó chưa kê khai DSCSHHL theo quy định mới thì nên kê khai bổ sung khi làm hồ sơ thay đổi lần này.","Điều 4 LDN 2020
Điều 30 LDN 2020
Điều 31 LDN 2020",False,"Chào em,

Em đặt câu hỏi rất tốt. Tôi xin giải đáp chi tiết như sau:

## 1. Khi nào phải cập nhật Danh sách chủ sở hữu hưởng lợi (DSCSHHL)?

Căn cứ vào Điều 52 Nghị định 168/2025/ND, doanh nghiệp **phải thông báo (cập nhật) DSCSHHL** khi **có sự thay đổi về thông tin chủ sở hữu hưởng lợi hoặc tỷ lệ sở hữu** của những người được kê khai với Cơ quan đăng ký kinh doanh. Thông báo phải được gửi trong vòng **10 ngày** kể từ ngày có sự thay đổi.

Ngoài ra, theo Điều 19 Nghị định 168/2025/ND, doanh nghiệp có trách nhiệm lưu giữ DSCSHHL dưới hình thức văn bản giấy hoặc văn bản điện tử.

## 2. Thay đổi ngành nghề và địa chỉ trụ sở chính có phải cập nhật DSCSHHL không?

**Câu trả lời là: KHÔNG cần phải cập nhật DSCSHHL** – miễn là chủ sở hữu hưởng lợi và tỷ lệ sở hữu của họ **không thay đổi**.

- Thay đổi ngành nghề là thông báo theo Điều 56 Nghị định 01/2021/ND
- Thay đổi địa chỉ trụ sở chính là đăng ký theo Điều 47 Nghị định 01/2021/ND
- Thay đổi DSCSHHL là những trường hợp khác biệt (như chuyển nhượng cổ phần, thay đổi thành viên góp vốn, v.v.)

## 3. Lưu ý quan trọng

Công ty em chưa thay đổi ĐKKD từ năm 2022 đến nay - **đây là vấn đề cần xử lý ngay lập tức**. Em nên gộp các thay đổi này và thực hiện cập nhật toàn bộ nội dung ĐKKD (bao gồm ngành nghề, địa chỉ, và kiểm tra lại DSCSHHL nếu có thay đổi) trong thời gian sớm nhất.

**Căn cứ pháp lý:** 
- Điều 52 Nghị định 168/2025/ND (Thông báo thay đổi thông tin về chủ sở hữu hưởng lợi)
- Điều 47 Nghị định 01/2021/ND (Đăng ký thay đổi địa chỉ trụ sở chính)
- Điều 56 Nghị định 01/2021/ND (Thông báo thay đổi ngành, nghề kinh doanh)","['01-2021-ND:d47', '01-2021-ND:d56', '01-2021-ND:d63', '168-2025-ND:d17', '168-2025-ND:d18', '168-2025-ND:d19', '168-2025-ND:d52', '59-2020-QH14:d30', '59-2020-QH14:d31', '59-2020-QH14:d7', '59-2020-QH14:d28', '36-2024-QH15:d39', '59-2020-QH14:d55', '44-2025-ND:d2', '59-2020-QH14:d24', '59-2020-QH14:d186', '23-2022-ND:d8', '59-2020-QH14:d153', '23-2022-ND:d51', '248-2025-ND:d3', '59-2020-QH14:d149', '168-2025-ND:d74', '23-2022-ND:d15', '23-2022-ND:d13', '248-2025-ND:d1', '168-2025-ND:d87', '16-2023-ND:d11', '168-2025-ND:d116', '100-2019-ND-CP:d57', '168-2025-ND:d15']","['01-2021-ND:d47', '01-2021-ND:d56', '01-2021-ND:d63', '168-2025-ND:d17', '168-2025-ND:d18', '168-2025-ND:d19', '168-2025-ND:d52']","['168-2025-ND:d17', '01-2021-ND:d56', '59-2020-QH14:d30', '59-2020-QH14:d31', '01-2021-ND:d47', '01-2021-ND:d63', '168-2025-ND:d18', '168-2025-ND:d19', '168-2025-ND:d52', '59-2020-QH14:d7', '59-2020-QH14:d28', '36-2024-QH15:d39', '59-2020-QH14:d55', '44-2025-ND:d2', '59-2020-QH14:d24', '59-2020-QH14:d186', '23-2022-ND:d8', '59-2020-QH14:d153', '23-2022-ND:d51', '248-2025-ND:d3', '59-2020-QH14:d149', '168-2025-ND:d74', '23-2022-ND:d15', '23-2022-ND:d13', '248-2025-ND:d1', '168-2025-ND:d87', '16-2023-ND:d11', '168-2025-ND:d116', '100-2019-ND-CP:d57', '168-2025-ND:d15']",0.85,0,0.0,0,0.0,0,0.0,1,0.6667,1,0.6667,1,0.6667,0.125
356,,"Cty em là công ty tnhh 1 thành viên, mới thành lập ngày 11/10/25 tại tp. Hồ Chí Minh. Hiện tại chủ sở hữu cty muốn thay đổi trụ sở chính là chung cư (có chức năng kinh doanh, thương mại), địa chỉ phường khác cơ quan thuế quản lý ban đầu. Công ty chưa khai thuế ban đầu, chưa mua hoá đơn điện tử, chưa có token.
Cả nhà cho em hỏi có cần làm thủ tục chốt thuế với cơ quan thuế quản lý hiện tại rồi mới làm thủ tục thay đổi trụ sở chính ko ạ.
Công văn xác nhận của chủ đầu tư Dự án chung cư xác nhận căn hộ có chức năng kinh doanh thương mại có giá trị chứng minh ko phải căn hộ để ở ko ạ.","['59-2020-QH14:d27', '59-2020-QH14:d30', '59-2020-QH14:d42']",3,"Theo Luật Doanh nghiệp 2020:

1. Về thay đổi trụ sở chính: Theo Điều 30, doanh nghiệp phải đăng ký thay đổi nội dung Giấy chứng nhận đăng ký doanh nghiệp trong thời hạn 10 ngày kể từ ngày có thay đổi. Luật Doanh nghiệp 2020 không yêu cầu phải chốt thuế trước khi thay đổi trụ sở - đây là thủ tục thuế do cơ quan thuế quy định, không thuộc phạm vi điều chỉnh của Luật Doanh nghiệp.

2. Về địa điểm đặt trụ sở: Theo Điều 42 LDN 2020, trụ sở chính của doanh nghiệp đặt trên lãnh thổ Việt Nam, là địa chỉ liên lạc của doanh nghiệp và được xác định theo địa giới đơn vị hành chính. Luật không cấm đặt trụ sở tại chung cư có chức năng kinh doanh, thương mại.

3. Về công văn xác nhận của chủ đầu tư: Đây là tài liệu hợp lệ để chứng minh căn hộ có chức năng kinh doanh, thương mại (không phải căn hộ để ở). Cơ quan đăng ký kinh doanh sẽ xem xét hồ sơ theo quy định tại Điều 27 LDN 2020.","Điều 30 LDN 2020
Điều 42 LDN 2020
Điều 27 LDN 2020",False,Không thể tạo câu trả lời.,"['59-2020-QH14:d74', '59-2020-QH14:d78', '59-2020-QH14:d85', '168-2025-ND:d24', '168-2025-ND:d31', '168-2025-ND:d33', '168-2025-ND:d40', '01-2021-ND:d56', '168-2025-ND:d49', '59-2020-QH14:d29', '59-2020-QH14:d30', '59-2020-QH14:d206', '36-2024-QH15:d39', '168-2024-ND-CP:d32', '100-2019-ND-CP:d23', '100-2019-ND-CP:d30', '01-2021-ND:d61', '59-2020-QH14:d37', '100-2019-ND-CP:d80', '59-2020-QH14:d24', '01-2021-ND:d16', '168-2025-ND:d17', '168-2025-ND:d87', '168-2025-ND:d78', '168-2024-ND-CP:d47', '100-2019-ND-CP:d57', '59-2020-QH14:d55', '100-2019-ND-CP:d40', '36-2024-QH15:d46', '59-2020-QH14:d4', '23-2022-ND:d8']","['59-2020-QH14:d74', '59-2020-QH14:d78', '59-2020-QH14:d85', '168-2025-ND:d24', '168-2025-ND:d31', '168-2025-ND:d33', '168-2025-ND:d40']","['59-2020-QH14:d74', '59-2020-QH14:d78', '168-2025-ND:d24', '168-2025-ND:d31', '168-2025-ND:d33', '168-2025-ND:d40', '01-2021-ND:d56', '168-2025-ND:d49', '59-2020-QH14:d29', '59-2020-QH14:d30', '59-2020-QH14:d206', '36-2024-QH15:d39', '168-2024-ND-CP:d32', '100-2019-ND-CP:d23', '100-2019-ND-CP:d30', '01-2021-ND:d61', '59-2020-QH14:d37', '100-2019-ND-CP:d80', '59-2020-QH14:d24', '01-2021-ND:d16', '168-2025-ND:d17', '168-2025-ND:d87', '168-2025-ND:d78', '168-2024-ND-CP:d47', '100-2019-ND-CP:d57', '59-2020-QH14:d55', '100-2019-ND-CP:d40', '36-2024-QH15:d46', '59-2020-QH14:d4', '23-2022-ND:d8']",0.0,0,0.0,0,0.0,0,0.0,0,0.0,1,0.3333,1,0.3333,0.0909
359,"Loại 9: Chuyển nhượng vốn/cổ phần - Mua bán, định giá, thủ tục","Nhờ các a/c giúp giải đáp hộ mình với ạ: cty cổ phần thay đổi cổ đông thì ngoài cccd sao y của cổ đông mới, có cần cccd hay giấy tờ của cổ đông cũ ko ạ (vì cty đã chuyển nhượng cp nhưng chưa làm thủ tục mà lại ko liên lạc được với cổ đông cũ nữa ạ)","['01-2021-ND:d31', '59-2020-QH14:d122', '59-2020-QH14:d127']",3,"Theo Luật Doanh nghiệp 2020, việc chuyển nhượng cổ phần (Điều 127) phải được thực hiện bằng hợp đồng chuyển nhượng hoặc giao dịch trên thị trường chứng khoán. Hợp đồng chuyển nhượng phải có chữ ký của bên chuyển nhượng (cổ đông cũ) và bên nhận chuyển nhượng (cổ đông mới). Nếu không liên lạc được cổ đông cũ, bạn cần: 1) Tìm cách liên hệ qua các kênh đã đăng ký; 2) Kiểm tra lại hợp đồng chuyển nhượng đã ký trước đó. Hồ sơ thay đổi cổ đông (Điều 31, NĐ 01/2021) gồm: Thông báo thay đổi, Danh sách cổ đông sau thay đổi, Hợp đồng chuyển nhượng cổ phần, CCCD cổ đông mới, Biên bản thanh toán. Về nguyên tắc, cần có CCCD/CMND của cổ đông cũ trong hợp đồng chuyển nhượng ban đầu, nhưng nếu đã ký hợp đồng hợp lệ trước đó thì dùng hợp đồng đó làm căn cứ.","Điều 127 LDN 2020 - Chuyển nhượng cổ phần
Điều 122 LDN 2020 - Sổ đăng ký cổ đông
Điều 31 NĐ 01/2021 - Đăng ký thay đổi thông tin cổ đông",False,"# Trả lời

Căn cứ vào **Điều 52 Nghị định 168/2025/NĐ-CP**, khi công ty cổ phần thay đổi cổ đông, hồ sơ thông báo với Cơ quan đăng ký kinh doanh bao gồm những giấy tờ sau:

1. **Thông báo thay đổi nội dung đăng ký doanh nghiệp**
2. **Danh sách để xác định chủ sở hữu hưởng lợi của doanh nghiệp**

## Về câu hỏi CCCD:

Quy định này **không yêu cầu cụ thể phải nộp CCCD sao y của cổ đông cũ**. Lý do là:

- Cổ đông cũ đã chuyển nhượng cổ phần, nên không còn là cổ đông của công ty
- Danh sách chủ sở hữu hưởng lợi chỉ cần cung cấp thông tin chi tiết về cổ đông hiện tại (cổ đông mới)

## Tuy nhiên:

Để hoàn thiện hồ sơ, công ty nên chuẩn bị thêm:
- **Hợp đồng chuyển nhượng cổ phần** (để chứng minh sự thay đổi cổ đông)
- **Thông tin chi tiết cổ đông mới** (bao gồm CCCD/hộ chiếu, họ tên, địa chỉ, etc.)

Vấn đề là công ty không liên lạc được với cổ đông cũ. Nếu thiếu các tài liệu chứng minh việc chuyển nhượng hợp pháp, công ty có thể gặp khó khăn. **Khuyến cáo**: Hãy sử dụng hợp đồng chuyển nhượng, hoặc các tài liệu có liên quan để chứng thực quá trình chuyển nhượng.

---

**Căn cứ pháp lý:** Điều 52 Nghị định 168/2025/NĐ-CP","['59-2020-QH14:d127', '59-2020-QH14:d122', '01-2021-ND:d51', '01-2021-ND:d58', '168-2025-ND:d51', '59-2020-QH14:d30', '168-2025-ND:d43', '168-2025-ND:d52', '59-2020-QH14:d55', '168-2024-ND-CP:d32', '100-2019-ND-CP:d30', '01-2021-ND:d61', '100-2019-ND-CP:d82', '36-2024-QH15:d37', '59-2020-QH14:d123', '59-2020-QH14:d114', '100-2019-ND-CP:d51', '59-2020-QH14:d25', '36-2024-QH15:d39', '36-2024-QH15:d56', '168-2024-ND-CP:d48', '59-2020-QH14:d133', '59-2020-QH14:d22', '01-2021-ND:d53', '47-2021-ND:d11', '168-2025-ND:d3', '168-2024-ND-CP:d40', '01-2021-ND:d68', '168-2024-ND-CP:d39', '01-2021-ND:d22']","['59-2020-QH14:d127', '59-2020-QH14:d122', '01-2021-ND:d51', '01-2021-ND:d58', '168-2025-ND:d51']","['59-2020-QH14:d122', '59-2020-QH14:d30', '168-2025-ND:d43', '59-2020-QH14:d127', '01-2021-ND:d51', '01-2021-ND:d58', '168-2025-ND:d51', '168-2025-ND:d52', '59-2020-QH14:d55', '168-2024-ND-CP:d32', '100-2019-ND-CP:d30', '01-2021-ND:d61', '100-2019-ND-CP:d82', '36-2024-QH15:d37', '59-2020-QH14:d123', '59-2020-QH14:d114', '100-2019-ND-CP:d51', '59-2020-QH14:d25', '36-2024-QH15:d39', '36-2024-QH15:d56', '168-2024-ND-CP:d48', '59-2020-QH14:d133', '59-2020-QH14:d22', '01-2021-ND:d53', '47-2021-ND:d11', '168-2025-ND:d3', '168-2024-ND-CP:d40', '01-2021-ND:d68', '168-2024-ND-CP:d39', '01-2021-ND:d22']",0.85,1,0.3333,1,0.6667,1,0.6667,1,0.6667,1,0.6667,1,0.6667,1.0
365,"Loại 2: Loại hình doanh nghiệp - TNHH, Cổ phần, Hợp danh, DNTN","Mn cho e hỏi, cty cổ phần có người đại diện pl bị tử vong, người này cũng là cổ đông của cty thì cần làm thủ tục thay đổi GPKD như thế nào ạ?","['59-2020-QH14:d12', '59-2020-QH14:d127', '59-2020-QH14:d28']",3,"Theo Luật Doanh nghiệp 2020, khi người đại diện theo pháp luật của công ty cổ phần chết, Điều 12 khoản 5 quy định Hội đồng quản trị phải cử người khác làm người đại diện theo pháp luật. Thủ tục cần thực hiện: 1) Hội đồng quản trị họp và ban hành nghị quyết bầu/bổ nhiệm người đại diện theo pháp luật mới; 2) Nộp hồ sơ thay đổi nội dung đăng ký doanh nghiệp (Điều 28, 30) đến Cơ quan đăng ký kinh doanh trong 10 ngày làm việc. Về phần cổ phần của người đã mất, theo Điều 127, người thừa kế theo di chúc hoặc theo pháp luật sẽ trở thành cổ đông của công ty. Hồ sơ cần: Thông báo thay đổi, Nghị quyết HĐQT, Quyết định bổ nhiệm, Giấy tờ pháp lý của người đại diện mới, Giấy chứng tử (để chứng minh lý do thay đổi).","Điều 12 LDN 2020 - Người đại diện theo pháp luật của doanh nghiệp (khoản 5)
Điều 28 LDN 2020 - Đăng ký thay đổi nội dung Giấy chứng nhận đăng ký doanh nghiệp
Điều 127 LDN 2020 - Chuyển nhượng cổ phần",False,"# Trả lời

Khi người đại diện pháp luật của công ty cổ phần bị tử vong, công ty cần thực hiện thủ tục **đăng ký thay đổi người đại diện pháp luật mới** để cập nhật Giấy Phép Kinh Doanh.

## Thủ tục cụ thể:

**1. Hồ sơ cần nộp:**

Công ty gửi hồ sơ đang ký thay đổi nội dung đăng ký doanh nghiệp đến Cơ quan đăng ký kinh doanh cấp tỉnh nơi công ty đặt trụ sở chính, bao gồm:

- Giấy đề nghị đăng ký thay đổi người đại diện theo pháp luật
- **Bản sao văn bản xác nhận việc người đại diện pháp luật chết** (có thể là giấy chứng tử, văn bản thông báo từ cơ quan có thẩm quyền, v.v.)
- Nếu việc thay đổi làm thay đổi nội dung Điều lệ công ty: bản sao **Nghị quyết của Đại hội đồng cổ đông** bầu người đại diện pháp luật mới
- Nếu việc thay đổi không làm thay đổi Điều lệ: bản sao **Quyết định của Hội đồng quản trị** bổ nhiệm người đại diện pháp luật mới

**2. Người ký giấy đề nghị:**

Chủ tịch Hội đồng quản trị (hoặc thành viên được ủy quyền nếu Chủ tịch không thể thực hiện)

**3. Thời hạn:**

Công ty phải hoàn thành thủ tục trong vòng **10 ngày kể từ ngày có sự thay đổi** (tức từ ngày người đại diện pháp luật tử vong)

**4. Kết quả:**

Trong vòng **3 ngày làm việc**, Cơ quan đăng ký kinh doanh sẽ cấp Giấy Chứng Nhận Đăng Ký Doanh Nghiệp mới với thông tin người đại diện pháp luật đã được cập nhật.

---

**Căn cứ pháp lý:** Điều 43 Nghị định 168/2025/NĐ-CP; Điều 30 Luật Doanh nghiệp 2020","['59-2020-QH14:d137', '59-2020-QH14:d160', '59-2020-QH14:d162', '59-2020-QH14:d140', '59-2020-QH14:d127', '59-2020-QH14:d153', '59-2020-QH14:d176', '59-2020-QH14:d30', '168-2025-ND:d43', '168-2025-ND:d52', '59-2020-QH14:d55', '59-2020-QH14:d25', '01-2021-ND:d61', '100-2019-ND-CP:d30', '168-2024-ND-CP:d32', '248-2025-ND:d3', '248-2025-ND:d2', '59-2020-QH14:d123', '248-2025-ND:d1', '59-2020-QH14:d64', '89-2024-ND:d10', '44-2025-ND:d1', '59-2020-QH14:d114', '168-2025-ND:d84', '36-2024-QH15:d81', '59-2020-QH14:d210', '47-2021-ND:d33', '36-2024-QH15:d39', '100-2019-ND-CP:d2', '59-2020-QH14:d44']","['59-2020-QH14:d137', '59-2020-QH14:d160', '59-2020-QH14:d162', '59-2020-QH14:d140', '59-2020-QH14:d127', '59-2020-QH14:d153', '59-2020-QH14:d176']","['59-2020-QH14:d30', '168-2025-ND:d43', '59-2020-QH14:d137', '59-2020-QH14:d160', '59-2020-QH14:d162', '59-2020-QH14:d140', '59-2020-QH14:d127', '59-2020-QH14:d153', '59-2020-QH14:d176', '168-2025-ND:d52', '59-2020-QH14:d55', '59-2020-QH14:d25', '01-2021-ND:d61', '100-2019-ND-CP:d30', '168-2024-ND-CP:d32', '248-2025-ND:d3', '248-2025-ND:d2', '59-2020-QH14:d123', '248-2025-ND:d1', '59-2020-QH14:d64', '89-2024-ND:d10', '44-2025-ND:d1', '59-2020-QH14:d114', '168-2025-ND:d84', '36-2024-QH15:d81', '59-2020-QH14:d210', '47-2021-ND:d33', '36-2024-QH15:d39', '100-2019-ND-CP:d2', '59-2020-QH14:d44']",0.85,0,0.0,0,0.0,1,0.3333,1,0.3333,1,0.3333,1,0.3333,0.2
366,"Loại 4: Người đại diện pháp luật - Điều kiện, thay đổi, trách nhiệm","Chào anh, chị!E làm thay đổi người đại diện pháp luật cho CTY CP, thì doanh nghiệp có bắt buộc phải cập nhật liền các mã ngành bị tô xanh đỏ của mình không ạ? Và có phải khai mục chủ sở hữu hưởng lợi ko a","['59-2020-QH14:d28', '59-2020-QH14:d29', '59-2020-QH14:d30', '59-2020-QH14:d31']",4,"Theo quy định về đăng ký thay đổi nội dung đăng ký doanh nghiệp (Điều 28-31 Luật Doanh nghiệp 2020 và Nghị định 01/2021): 1) Về mã ngành tô xanh/đỏ: Khi thay đổi người đại diện theo pháp luật, không bắt buộc phải đồng thời cập nhật ngành nghề. Tuy nhiên, hệ thống có thể yêu cầu rà soát lại ngành nghề nếu có ngành cần điều kiện hoặc ngành đã hết hiệu lực. Bạn nên chủ động cập nhật để tránh vướng mắc. 2) Về chủ sở hữu hưởng lợi: Theo Nghị định 47/2019/NĐ-CP và Thông tư 11/2019, công ty cổ phần phải kê khai thông tin chủ sở hữu hưởng lợi khi đăng ký thành lập và khi có thay đổi. Nếu thông tin chủ sở hữu hưởng lợi không thay đổi thì không cần khai lại.","Điều 28-31 LDN 2020 - Đăng ký thay đổi nội dung ĐKKD
Nghị định 01/2021/NĐ-CP - Đăng ký doanh nghiệp
Nghị định 47/2019/NĐ-CP - Chủ sở hữu hưởng lợi",False,Không thể tạo câu trả lời.,"['59-2020-QH14:d137', '59-2020-QH14:d164', '59-2020-QH14:d176', '168-2025-ND:d43', '168-2025-ND:d49', '168-2025-ND:d52', '59-2020-QH14:d21', '59-2020-QH14:d8', '59-2020-QH14:d22', '59-2020-QH14:d30', '168-2024-ND-CP:d14', '36-2024-QH15:d39', '59-2020-QH14:d25', '248-2025-ND:d3', '23-2022-ND:d12', '47-2021-ND:d33', '100-2019-ND-CP:d40', '59-2020-QH14:d210', '23-2022-ND:d8', '89-2024-ND:d6', '59-2020-QH14:d24', '248-2025-ND:d1', '248-2025-ND:d2', '168-2025-ND:d17', '59-2020-QH14:d64', '168-2025-ND:d74', '23-2022-ND:d15', '168-2025-ND:d84', '168-2024-ND-CP:d16', '16-2023-ND:d11']","['59-2020-QH14:d137', '59-2020-QH14:d164', '59-2020-QH14:d176', '168-2025-ND:d43', '168-2025-ND:d49', '168-2025-ND:d52']","['168-2025-ND:d43', '59-2020-QH14:d137', '59-2020-QH14:d164', '59-2020-QH14:d176', '168-2025-ND:d49', '168-2025-ND:d52', '59-2020-QH14:d21', '59-2020-QH14:d8', '59-2020-QH14:d22', '59-2020-QH14:d30', '168-2024-ND-CP:d14', '36-2024-QH15:d39', '59-2020-QH14:d25', '248-2025-ND:d3', '23-2022-ND:d12', '47-2021-ND:d33', '100-2019-ND-CP:d40', '59-2020-QH14:d210', '23-2022-ND:d8', '89-2024-ND:d6', '59-2020-QH14:d24', '248-2025-ND:d1', '248-2025-ND:d2', '168-2025-ND:d17', '59-2020-QH14:d64', '168-2025-ND:d74', '23-2022-ND:d15', '168-2025-ND:d84', '168-2024-ND-CP:d16', '16-2023-ND:d11']",0.0,0,0.0,0,0.0,0,0.0,1,0.25,1,0.25,1,0.25,0.1
376,"Loại 7: Thay đổi ĐKKD - Tên, địa chỉ, ngành nghề, thông tin khác","Công ty tư nhân có địa chỉ dkkd là nhà sếp nhưng thuê văn phòng ở chỗ khác, nay mình muốn đăng ký địa chỉ văn phòng này để thuế không bắt lỗi không hoạt động tại địa điểm thì mình làm mẫu nào ạ, mình hỏi sơ sơ bảo mẫu 17 rồi 19 của Tt 68. Có ai hướng dẫn giúp mình tý dc ko ạ. Mình cảm ơn","['59-2020-QH14:d31', '59-2020-QH14:d44', '59-2020-QH14:d45']",3,"Để đăng ký thêm địa điểm kinh doanh (văn phòng thuê ngoài), doanh nghiệp có thể thực hiện theo 2 cách: (1) Đăng ký thành lập chi nhánh hoặc địa điểm kinh doanh tại địa chỉ văn phòng mới theo Điều 44-45 Luật Doanh nghiệp 2020; hoặc (2) Thay đổi địa chỉ trụ sở chính nếu muốn chuyển toàn bộ hoạt động sang địa điểm mới. Về biểu mẫu, theo Thông tư 01/2021/TT-BKHĐT: Phụ lục II-11 (Thông báo về việc đăng ký hoạt động chi nhánh/VPĐD/ĐĐKD) dùng khi thành lập địa điểm kinh doanh mới, Phụ lục II-1 (Thông báo thay đổi nội dung ĐKKD) dùng khi thay đổi địa chỉ trụ sở. Lưu ý: địa điểm kinh doanh phải thuộc cùng tỉnh/thành phố với trụ sở hoặc chi nhánh quản lý.","Điều 44 LDN 2020 (Chi nhánh văn phòng đại diện và địa điểm kinh doanh)
Điều 45 LDN 2020 (Thông báo thay đổi nội dung đăng ký doanh nghiệp)
Điều 31 LDN 2020 (Thay đổi nội dung đăng ký doanh nghiệp)
Nghị định 01/2021/NĐ-CP (Đăng ký doanh nghiệp)
Thông tư 01/2021/TT-BKHĐT (Hướng dẫn đăng ký doanh nghiệp)",False,"# Hướng Dẫn Pháp Lý: Đăng Ký Địa Chỉ Văn Phòng Hoạt Động

Căn cứ vào pháp luật Việt Nam, tình huống của bạn có hai khả năng xử lý như sau:

## **Trường hợp 1: Thay đổi trụ sở chính** (nếu muốn chuyển từ nhà sếp sang văn phòng mới)

Nếu bạn muốn **thay đổi địa chỉ trụ sở chính** của công ty từ nhà sếp sang văn phòng cho thuê, bạn phải:

1. **Thực hiện thủ tục thuế trước** - Thông báo với cơ quan thuế về việc chuyển địa điểm (vì điều này có thể dẫn đến thay đổi cơ quan thuế quản lý)
2. **Gửi hồ sơ đăng ký thay đổi** đến Cơ quan đăng ký kinh doanh cấp tỉnh nơi có trụ sở mới
3. Trong thời hạn **10 ngày kể từ khi có thay đổi**

---

## **Trường hợp 2: Thông báo địa điểm kinh doanh** (nếu chỉ muốn bổ sung địa chỉ hoạt động)

Nếu bạn chỉ muốn **thông báo một địa điểm kinh doanh mới** mà vẫn giữ nhà sếp là trụ sở chính, bạn chỉ cần:

1. **Thông báo địa điểm kinh doanh** đến Cơ quan đăng ký kinh doanh
2. Thực hiện trong vòng **10 ngày kể từ khi quyết định địa điểm này**

Địa điểm kinh doanh là ""nơi doanh nghiệp tiến hành hoạt động kinh doanh cụ thể"", khác với trụ số chính.

---

## **Lưu ý quan trọng**

Để tránh bị xử phạt về không hoạt động tại địa điểm đăng ký, bạn **cần chọn phương án phù hợp với tình hình thực tế**:

- Nếu thực tế chỉ hoạt động ở văn phòng mới → nên **thay đổi trụ sở chính** để đồng nhất
- Nếu cần hai địa điểm hoạt động → **thông báo thêm địa điểm kinh doanh**

Mẫu biểu chính xác (mẫu 17, 19 của TT 68) bạn nên hỏi trực tiếp tại Phòng Đăng ký kinh doanh cấp tỉnh nơi công ty đặt trụ sở, họ sẽ cấp mẫu chính thức và hướng dẫn cụ thể.

---

**Căn cứ pháp lý:** Điều 40 (Nghị định 168/2025/ND-CP), Điều 45 (Luật Doanh nghiệp 59/2020/QH14), Điều 62 (Nghị định 01/2021/ND-CP)","['01-2021-ND:d62', '168-2025-ND:d40', '168-2025-ND:d57', '59-2020-QH14:d44', '59-2020-QH14:d31', '59-2020-QH14:d45', '59-2020-QH14:d42', '36-2024-QH15:d39', '01-2021-ND:d68', '168-2024-ND-CP:d29', '59-2020-QH14:d55', '59-2020-QH14:d206', '168-2025-ND:d71', '168-2024-ND-CP:d20', '100-2019-ND-CP:d60', '59-2020-QH14:d60', '23-2022-ND:d13', '168-2024-ND-CP:d14', '100-2019-ND-CP:d61', '59-2020-QH14:d146', '59-2020-QH14:d26', '100-2019-ND-CP:d17', '168-2024-ND-CP:d32', '100-2019-ND-CP:d30', '23-2022-ND:d55', '89-2024-ND:d6', '100-2019-ND-CP:d24', '100-2019-ND-CP:d76', '100-2019-ND-CP:d23', '168-2025-ND:d29']","['01-2021-ND:d62', '168-2025-ND:d40', '168-2025-ND:d57']","['59-2020-QH14:d44', '01-2021-ND:d62', '168-2025-ND:d40', '168-2025-ND:d57', '59-2020-QH14:d31', '59-2020-QH14:d45', '59-2020-QH14:d42', '36-2024-QH15:d39', '01-2021-ND:d68', '168-2024-ND-CP:d29', '59-2020-QH14:d55', '59-2020-QH14:d206', '168-2025-ND:d71', '168-2024-ND-CP:d20', '100-2019-ND-CP:d60', '59-2020-QH14:d60', '23-2022-ND:d13', '168-2024-ND-CP:d14', '100-2019-ND-CP:d61', '59-2020-QH14:d146', '59-2020-QH14:d26', '100-2019-ND-CP:d17', '168-2024-ND-CP:d32', '100-2019-ND-CP:d30', '23-2022-ND:d55', '89-2024-ND:d6', '100-2019-ND-CP:d24', '100-2019-ND-CP:d76', '100-2019-ND-CP:d23', '168-2025-ND:d29']",0.85,0,0.0,0,0.0,1,0.6667,1,1.0,1,1.0,1,1.0,0.25
380,quy định vận chuyển hàng hóa,Xe container chở gạch như thế này không có dây cố định gì cả không an toàn tí nào này mà bất ngờ phanh một cái có phải là lại gây tai nạn cho người khác không?,"['168-2024-ND-CP:d21', '168-2024-ND-CP:d36', '36-2024-QH15:d2', '36-2024-QH15:d49', '36-2024-QH15:d9']",5,"Việc xe container chở gạch không được chằng buộc là hành vi vi phạm pháp luật nghiêm trọng và có nguy cơ cao gây tai nạn cho người khác khi phanh gấp.
Dưới đây là các thông tin chi tiết và căn cứ pháp lý:
• Hành vi bị nghiêm cấm: Luật quy định nghiêm cấm hành vi chở hàng hóa trên xe có quy định phải chằng buộc nhưng lại không chằng buộc hoặc chằng buộc không đúng quy định.
• Trách nhiệm của lái xe: Người điều khiển xe vận tải hàng hóa phải có trách nhiệm sắp xếp hàng hóa gọn gàng và chằng buộc chắc chắn để bảo đảm không gây nguy hiểm cho người và phương tiện khác.
• Hậu quả khi phanh gấp: Khi phanh bất ngờ, gạch không được cố định sẽ văng ra đường hoặc xô lệch do lực quán tính; nếu gây thiệt hại về tính mạng, sức khỏe hoặc tài sản thì sẽ bị xác định là tai nạn giao thông đường bộ.
• Chế tài xử phạt: Hành vi vận chuyển hàng hóa không chằng buộc chắc chắn sẽ bị xử phạt tiền. Nếu hành vi này trực tiếp gây tai nạn giao thông, mức phạt sẽ rất nặng (từ 30 đến 35 triệu đồng) và người lái xe sẽ bị tước quyền sử dụng Giấy phép lái xe có thời hạn.","Luật Trật tự, an toàn giao thông đường bộ số 36/2024/QH15: Điều 2 (Khoản 12), Điều 9 (Khoản 13), Điều 49 (Khoản 1, Điểm d). Nghị định 168/2024/NĐ-CP: Điều 21 (Khoản 10, 11), Điều 36 (Khoản 1, Điểm a).",False,Không thể tạo câu trả lời.,"['36-2024-QH15:d10', '36-2024-QH15:d12', '36-2024-QH15:d42', '36-2024-QH15:d43', '36-2024-QH15:d49', '36-2024-QH15:d83', '36-2024-QH15:d80', '168-2024-ND-CP:d7', '100-2019-ND-CP:d48', '100-2019-ND-CP:d56', '168-2024-ND-CP:d27', '168-2024-ND-CP:d20', '100-2019-ND-CP:d23', '100-2019-ND-CP:d11', '100-2019-ND-CP:d6', '168-2024-ND-CP:d8', '168-2024-ND-CP:d21', '100-2019-ND-CP:d8', '100-2019-ND-CP:d24', '36-2024-QH15:d19', '36-2024-QH15:d9', '168-2024-ND-CP:d9', '100-2019-ND-CP:d52', '100-2019-ND-CP:d50', '100-2019-ND-CP:d70', '168-2024-ND-CP:d15', '100-2019-ND-CP:d49', '36-2024-QH15:d84', '168-2024-ND-CP:d14', '100-2019-ND-CP:d28']","['36-2024-QH15:d10', '36-2024-QH15:d12', '36-2024-QH15:d42', '36-2024-QH15:d43', '36-2024-QH15:d49', '36-2024-QH15:d83', '36-2024-QH15:d80']","['36-2024-QH15:d83', '168-2024-ND-CP:d7', '36-2024-QH15:d10', '36-2024-QH15:d12', '36-2024-QH15:d42', '36-2024-QH15:d43', '36-2024-QH15:d49', '36-2024-QH15:d80', '100-2019-ND-CP:d48', '100-2019-ND-CP:d56', '168-2024-ND-CP:d27', '168-2024-ND-CP:d20', '100-2019-ND-CP:d23', '100-2019-ND-CP:d11', '100-2019-ND-CP:d6', '168-2024-ND-CP:d8', '168-2024-ND-CP:d21', '100-2019-ND-CP:d8', '100-2019-ND-CP:d24', '36-2024-QH15:d19', '36-2024-QH15:d9', '168-2024-ND-CP:d9', '100-2019-ND-CP:d52', '100-2019-ND-CP:d50', '100-2019-ND-CP:d70', '168-2024-ND-CP:d15', '100-2019-ND-CP:d49', '36-2024-QH15:d84', '168-2024-ND-CP:d14', '100-2019-ND-CP:d28']",0.0,0,0.0,0,0.0,1,0.2,1,0.2,1,0.4,1,0.6,0.2
381,xử phạt vi phạm hành chính giao thông,Mọi người cho e hỏi e đủ 16 tuổi đi xe điện mà hôm qua e vừa bị bắt cì xe không lắp gương và bị lập biên bản vị phạm thì có bị gửi giấy về trường không ạ e khai cả tên lớp và trường luôn rồi ạ  ?,"['168-2024-ND-CP:d14', '36-2024-QH15:d4', '36-2024-QH15:d59', '36-2024-QH15:d6']",4,"1. Về việc gửi giấy thông báo về trường: Có khả năng cao thông tin vi phạm sẽ được gửi về trường. Mặc dù việc gửi thông báo không được ghi trong danh mục ""hình thức xử phạt"" chính thức của Nghị định 168, nhưng theo Luật mới, lực lượng Cảnh sát giao thông có trách nhiệm phối hợp chặt chẽ với cơ quan quản lý trường học để giáo dục, bồi dưỡng kiến thức pháp luật và hình thành ý thức chấp hành pháp luật cho học sinh,. Việc bạn đã khai cụ thể tên lớp và trường là cơ sở để cơ quan chức năng thực hiện việc phối hợp thông báo này nhằm mục đích giáo dục và quản lý học sinh tại cơ sở giáo dục.
2. Về hành vi vi phạm và mức phạt:
• Hành vi: Điều khiển xe gắn máy (bao gồm xe máy điện) không có gương chiếu hậu bên trái người điều khiển hoặc có nhưng không có tác dụng.
• Mức phạt: Bạn đã đủ 16 tuổi nên phải chịu trách nhiệm hành chính. Mức phạt tiền cho lỗi không gương đối với xe mô tô, xe gắn máy là từ 400.000 đồng đến 600.000 đồng.","Nghị định 168/2024/NĐ-CP: Điều 14 (Khoản 1, Điểm a). Luật Trật tự, an toàn giao thông đường bộ 2024 (Luật số 36/2024/QH15): Điều 4 (Khoản 4), Điều 6 (Khoản 1, 2, 3), Điều 59 (Khoản 1, Điểm a).",False,Không thể tạo câu trả lời.,"['36-2024-QH15:d59', '36-2024-QH15:d62', '168-2024-ND-CP:d6', '168-2024-ND-CP:d7', '168-2024-ND-CP:d8', '168-2024-ND-CP:d46', '168-2024-ND-CP:d47', '36-2024-QH15:d12', '36-2024-QH15:d66', '168-2024-ND-CP:d13', '168-2024-ND-CP:d27', '100-2019-ND-CP:d16', '100-2019-ND-CP:d21', '59-2020-QH14:d150', '100-2019-ND-CP:d2', '168-2024-ND-CP:d2', '168-2024-ND-CP:d14', '100-2019-ND-CP:d81', '36-2024-QH15:d30', '168-2024-ND-CP:d15', '100-2019-ND-CP:d18', '100-2019-ND-CP:d60', '01-2021-ND:d99', '168-2025-ND:d58', '168-2024-ND-CP:d16', '168-2024-ND-CP:d29', '36-2024-QH15:d40', '100-2019-ND-CP:d27', '89-2024-ND:d7', '59-2020-QH14:d35', '23-2022-ND:d52', '59-2020-QH14:d60']","['36-2024-QH15:d59', '36-2024-QH15:d62', '168-2024-ND-CP:d6', '168-2024-ND-CP:d7', '168-2024-ND-CP:d8', '168-2024-ND-CP:d46', '168-2024-ND-CP:d47']","['36-2024-QH15:d59', '168-2024-ND-CP:d46', '168-2024-ND-CP:d7', '36-2024-QH15:d62', '168-2024-ND-CP:d47', '36-2024-QH15:d12', '36-2024-QH15:d66', '168-2024-ND-CP:d13', '168-2024-ND-CP:d27', '100-2019-ND-CP:d16', '100-2019-ND-CP:d21', '59-2020-QH14:d150', '100-2019-ND-CP:d2', '168-2024-ND-CP:d2', '168-2024-ND-CP:d14', '100-2019-ND-CP:d81', '36-2024-QH15:d30', '168-2024-ND-CP:d15', '100-2019-ND-CP:d18', '100-2019-ND-CP:d60', '01-2021-ND:d99', '168-2025-ND:d58', '168-2024-ND-CP:d16', '168-2024-ND-CP:d29', '36-2024-QH15:d40', '100-2019-ND-CP:d27', '89-2024-ND:d7', '59-2020-QH14:d35', '23-2022-ND:d52', '59-2020-QH14:d60']",0.0,1,0.25,1,0.25,1,0.25,1,0.25,1,0.5,1,0.5,1.0
382,quyền và nghĩa vụ chủ phương tiện,Mọi người cho em hỏi em mua xe chưa sang tên nhưng bị vi phạm giao thông có bị sử phạt lỗi giao xe cho người chưa đủ điều kiện không ạ,"['168-2024-ND-CP:d32', '36-2024-QH15:d43', '36-2024-QH15:d9']",3,"1. Bạn không bị xử phạt lỗi ""giao xe cho người chưa đủ điều kiện"": Lỗi này chỉ áp dụng đối với chủ xe pháp lý (người đang đứng tên trên Giấy chứng nhận đăng ký xe) nếu họ giao xe cho người không có Giấy phép lái xe (GPLX) hoặc không đủ tuổi điều khiển phương tiện,.
2. Bạn sẽ bị xử phạt lỗi ""Không làm thủ tục đăng ký sang tên xe"": Với tư cách là người mua, bạn có nghĩa vụ phải làm thủ tục sang tên. Nếu bị kiểm tra, bạn sẽ bị phạt về hành vi không làm thủ tục đăng ký sang tên xe theo quy định (thường gọi là lỗi xe không chính chủ),.
3. Trách nhiệm của người bán: Cho đến khi thủ tục thu hồi đăng ký và biển số được thực hiện, người có tên trên giấy đăng ký xe vẫn phải tiếp tục chịu trách nhiệm của chủ xe trước pháp luật đối với các vấn đề liên quan đến phương tiện đó.","Luật Trật tự, an toàn giao thông đường bộ 2024: Điều 9 (Khoản 7), Điều 43 (Khoản 2, Điểm c). Nghị định 168/2024/NĐ-CP: Điều 32 (Khoản 3, Điểm a - đối với xe máy; Khoản 14, Điểm i - về lỗi giao xe).",False,Không thể tạo câu trả lời.,"['36-2024-QH15:d42', '36-2024-QH15:d35', '36-2024-QH15:d39', '36-2024-QH15:d56', '36-2024-QH15:d62', '168-2024-ND-CP:d6', '168-2024-ND-CP:d7', '36-2024-QH15:d12', '36-2024-QH15:d66', '168-2024-ND-CP:d40', '100-2019-ND-CP:d38', '59-2020-QH14:d215', '100-2019-ND-CP:d64', '168-2024-ND-CP:d5', '100-2019-ND-CP:d6', '100-2019-ND-CP:d30', '100-2019-ND-CP:d5', '36-2024-QH15:d75', '59-2020-QH14:d211', '59-2020-QH14:d162', '100-2019-ND-CP:d37', '36-2024-QH15:d30', '168-2024-ND-CP:d27', '100-2019-ND-CP:d58', '168-2024-ND-CP:d39', '36-2024-QH15:d74', '168-2024-ND-CP:d32', '36-2024-QH15:d23', '36-2024-QH15:d63', '100-2019-ND-CP:d70', '100-2019-ND-CP:d29']","['36-2024-QH15:d42', '36-2024-QH15:d35', '36-2024-QH15:d39', '36-2024-QH15:d56', '36-2024-QH15:d62', '168-2024-ND-CP:d6', '168-2024-ND-CP:d7']","['36-2024-QH15:d42', '36-2024-QH15:d62', '36-2024-QH15:d35', '36-2024-QH15:d39', '36-2024-QH15:d56', '168-2024-ND-CP:d6', '36-2024-QH15:d12', '36-2024-QH15:d66', '168-2024-ND-CP:d40', '100-2019-ND-CP:d38', '59-2020-QH14:d215', '100-2019-ND-CP:d64', '168-2024-ND-CP:d5', '100-2019-ND-CP:d6', '100-2019-ND-CP:d30', '100-2019-ND-CP:d5', '36-2024-QH15:d75', '59-2020-QH14:d211', '59-2020-QH14:d162', '100-2019-ND-CP:d37', '36-2024-QH15:d30', '168-2024-ND-CP:d27', '100-2019-ND-CP:d58', '168-2024-ND-CP:d39', '36-2024-QH15:d74', '168-2024-ND-CP:d32', '36-2024-QH15:d23', '36-2024-QH15:d63', '100-2019-ND-CP:d70', '100-2019-ND-CP:d29']",0.0,0,0.0,0,0.0,0,0.0,0,0.0,0,0.0,1,0.3333,0.037
383,xử phạt vi phạm hành chính giao thông,"các bác cho em hỏi: Em cho thằng bạn mượn xe mà nó đủ tuổi không có gplx thì có được xe ra không với lại mức đóng phạt bao nhiêu ạ, lúc cho nó mượn xe em không đưa giấy tờ xe cho nó, nên công an lập biên bản không có gplx, không có giấy tờ xe","['168-2024-ND-CP:d32', '168-2024-ND-CP:d7', '36-2024-QH15:d56', '36-2024-QH15:d9']",4,,,False,Không thể tạo câu trả lời.,"['36-2024-QH15:d56', '168-2024-ND-CP:d1', '168-2024-ND-CP:d2', '168-2024-ND-CP:d3', '168-2024-ND-CP:d6', '168-2024-ND-CP:d7', '168-2024-ND-CP:d8', '168-2024-ND-CP:d48', '168-2024-ND-CP:d41', '168-2024-ND-CP:d47', '168-2024-ND-CP:d34', '100-2019-ND-CP:d16', '168-2024-ND-CP:d39', '100-2019-ND-CP:d35', '100-2019-ND-CP:d82', '168-2024-ND-CP:d13', '168-2024-ND-CP:d22', '100-2019-ND-CP:d50', '100-2019-ND-CP:d26', '100-2019-ND-CP:d37', '168-2024-ND-CP:d16', '59-2020-QH14:d150', '100-2019-ND-CP:d2', '100-2019-ND-CP:d76', '168-2024-ND-CP:d37', '168-2024-ND-CP:d46', '100-2019-ND-CP:d33', '100-2019-ND-CP:d17', '168-2024-ND-CP:d32', '100-2019-ND-CP:d81', '100-2019-ND-CP:d56', '100-2019-ND-CP:d25']","['36-2024-QH15:d56', '168-2024-ND-CP:d1', '168-2024-ND-CP:d2', '168-2024-ND-CP:d3', '168-2024-ND-CP:d6', '168-2024-ND-CP:d7', '168-2024-ND-CP:d8']","['36-2024-QH15:d56', '168-2024-ND-CP:d2', '168-2024-ND-CP:d48', '168-2024-ND-CP:d41', '168-2024-ND-CP:d1', '168-2024-ND-CP:d3', '168-2024-ND-CP:d6', '168-2024-ND-CP:d47', '168-2024-ND-CP:d34', '100-2019-ND-CP:d16', '168-2024-ND-CP:d39', '100-2019-ND-CP:d35', '100-2019-ND-CP:d82', '168-2024-ND-CP:d13', '168-2024-ND-CP:d22', '100-2019-ND-CP:d50', '100-2019-ND-CP:d26', '100-2019-ND-CP:d37', '168-2024-ND-CP:d16', '59-2020-QH14:d150', '100-2019-ND-CP:d2', '100-2019-ND-CP:d76', '168-2024-ND-CP:d37', '168-2024-ND-CP:d46', '100-2019-ND-CP:d33', '100-2019-ND-CP:d17', '168-2024-ND-CP:d32', '100-2019-ND-CP:d81', '100-2019-ND-CP:d56', '100-2019-ND-CP:d25']",0.0,1,0.25,1,0.25,1,0.25,1,0.5,1,0.5,1,0.75,1.0
384,quy tắc giao thông đường bộ,Các anh chị cho e hỏi mũi tên xanh đc rẽ phải nhưng lại có mũi lên đi thẳng và rẽ phải đỏ thì oto có đc rẽ phải khi đèn đỏ ko ạ,"['168-2024-ND-CP:d6', '36-2024-QH15:d11']",2,"Khi có đèn phụ hình mũi tên màu xanh chỉ hướng rẽ phải, ô tô được phép rẽ phải ngay cả khi đèn tín hiệu chính (đi thẳng hoặc rẽ phải) đang ở màu đỏ.
Tuy nhiên, bạn cần lưu ý:
1. Ưu tiên hiệu lệnh: Người tham gia giao thông phải chấp hành tín hiệu đèn phụ này vì nó là một phần của báo hiệu đường bộ,.
2. Nhường đường: Khi rẽ theo mũi tên xanh, bạn vẫn phải giảm tốc độ hoặc dừng lại nhường đường cho người đi bộ, xe lăn của người khuyết tật đang qua đường theo quy định.
3. Tránh vi phạm: Nếu bạn không đi đúng hướng mũi tên hoặc không chấp hành đèn tín hiệu (trong trường hợp không có mũi tên xanh mà vẫn rẽ khi đèn đỏ), bạn sẽ bị xử phạt theo quy định tại Nghị định 168,.","Luật Trật tự, an toàn giao thông đường bộ 2024 (Số 36/2024/QH15): Điều 11 (Khoản 1, Khoản 4),,. Nghị định 168/2024/NĐ-CP: Điều 6 (Khoản 1, Điểm a); Điều 6 (Khoản 9, Điểm b).",False,"# Trả lời

Không, ô tô **không được rẽ phải khi đèn đỏ bật sáng**, bất kể biển báo hiệu có mũi tên xanh cho phép rẽ phải.

## Lý do

**Thứ tự ưu tiên của các báo hiệu:**

Căn cứ vào Điều 11 Luật Giao thông đường bộ năm 2024, người tham gia giao thông phải chấp hành báo hiệu đường bộ theo thứ tự ưu tiên **từ trên xuống dưới** như sau:

1. **Hiệu lệnh của người điều khiển giao thông** (mức cao nhất)
2. **Tín hiệu đèn giao thông** (bao gồm đèn xanh, đèn vàng, đèn đỏ)
3. **Biển báo hiệu** (mũi tên xanh, biển chỉ hướng, v.v.)

Vì vậy, **đèn tín hiệu giao thông có ưu tiên cao hơn** biển báo hiệu. Khi đèn đỏ bật sáng, bạn phải **dừng lại ngay lập tức**, bất kể biển báo hiệu trên đó nói gì.

## Hành vi rẽ phải khi đèn đỏ là vi phạm

Nếu rẽ phải khi đèn đỏ bật sáng, ô tô sẽ bị xử phạt từ **3.000.000 đồng đến 5.000.000 đồng** vì hành vi ""vượt đèn đỏ"" hoặc ""không chấp hành hiệu lệnh đèn tín hiệu giao thông"".

---

**Căn cứ pháp lý:**
- Điều 11 Luật Giao thông đường bộ năm 2024
- Điều 47 Nghị định 100/2019/ND-CP (định mức phạt tiền hành vi vi phạm vượt đèn đỏ)","['36-2024-QH15:d11', '36-2024-QH15:d15', '36-2024-QH15:d22', '100-2019-ND-CP:d47', '36-2024-QH15:d24', '100-2019-ND-CP:d13', '36-2024-QH15:d14', '168-2024-ND-CP:d8', '36-2024-QH15:d27', '100-2019-ND-CP:d6', '100-2019-ND-CP:d8', '168-2024-ND-CP:d9', '100-2019-ND-CP:d10', '168-2024-ND-CP:d34', '36-2024-QH15:d4', '59-2020-QH14:d172', '36-2024-QH15:d3', '36-2024-QH15:d5', '36-2024-QH15:d7', '36-2024-QH15:d12', '36-2024-QH15:d16', '36-2024-QH15:d21', '36-2024-QH15:d23', '36-2024-QH15:d25', '36-2024-QH15:d26', '36-2024-QH15:d28', '36-2024-QH15:d33', '36-2024-QH15:d35', '36-2024-QH15:d46', '36-2024-QH15:d48']","['36-2024-QH15:d11', '36-2024-QH15:d15', '36-2024-QH15:d22']","['36-2024-QH15:d15', '36-2024-QH15:d11', '36-2024-QH15:d22', '100-2019-ND-CP:d47', '36-2024-QH15:d24', '100-2019-ND-CP:d13', '36-2024-QH15:d14', '168-2024-ND-CP:d8', '36-2024-QH15:d27', '100-2019-ND-CP:d6', '100-2019-ND-CP:d8', '168-2024-ND-CP:d9', '100-2019-ND-CP:d10', '168-2024-ND-CP:d34', '36-2024-QH15:d4', '59-2020-QH14:d172', '36-2024-QH15:d3', '36-2024-QH15:d5', '36-2024-QH15:d7', '36-2024-QH15:d12', '36-2024-QH15:d16', '36-2024-QH15:d21', '36-2024-QH15:d23', '36-2024-QH15:d25', '36-2024-QH15:d26', '36-2024-QH15:d28', '36-2024-QH15:d33', '36-2024-QH15:d35', '36-2024-QH15:d46', '36-2024-QH15:d48']",0.85,1,0.5,1,0.5,1,0.5,1,0.5,1,0.5,1,0.5,1.0
385,xử phạt vi phạm hành chính giao thông,Các bác cho em hỏi là nếu kẹp 3 trên xe máy mà bị cam AI chụp lại vi phạm nhưng ở nhiều địa điểm khác nhau trong cùng 1 ngày thì sẽ tính là 1 lần i vi phạm hay sao ạ?,"['168-2024-ND-CP:d47', '168-2024-ND-CP:d7', '36-2024-QH15:d33']",3,,,False,Không thể tạo câu trả lời.,"['168-2024-ND-CP:d6', '168-2024-ND-CP:d7', '168-2024-ND-CP:d8', '168-2024-ND-CP:d47', '168-2024-ND-CP:d50', '36-2024-QH15:d66', '36-2024-QH15:d12', '168-2024-ND-CP:d4', '36-2024-QH15:d73', '100-2019-ND-CP:d58', '100-2019-ND-CP:d50', '100-2019-ND-CP:d75', '168-2024-ND-CP:d2', '168-2024-ND-CP:d30', '168-2024-ND-CP:d1', '168-2024-ND-CP:d33', '168-2024-ND-CP:d54', '168-2024-ND-CP:d37', '59-2020-QH14:d211', '59-2020-QH14:d60', '168-2024-ND-CP:d25', '36-2024-QH15:d33', '100-2019-ND-CP:d55', '59-2020-QH14:d11', '100-2019-ND-CP:d43', '100-2019-ND-CP:d6', '100-2019-ND-CP:d8', '36-2024-QH15:d62', '168-2024-ND-CP:d13', '100-2019-ND-CP:d25', '100-2019-ND-CP:d24', '100-2019-ND-CP:d63']","['168-2024-ND-CP:d6', '168-2024-ND-CP:d7', '168-2024-ND-CP:d8', '168-2024-ND-CP:d47', '168-2024-ND-CP:d50']","['168-2024-ND-CP:d47', '36-2024-QH15:d66', '168-2024-ND-CP:d6', '168-2024-ND-CP:d50', '36-2024-QH15:d12', '168-2024-ND-CP:d4', '36-2024-QH15:d73', '100-2019-ND-CP:d58', '100-2019-ND-CP:d50', '100-2019-ND-CP:d75', '168-2024-ND-CP:d2', '168-2024-ND-CP:d30', '168-2024-ND-CP:d1', '168-2024-ND-CP:d33', '168-2024-ND-CP:d54', '168-2024-ND-CP:d37', '59-2020-QH14:d211', '59-2020-QH14:d60', '168-2024-ND-CP:d25', '36-2024-QH15:d33', '100-2019-ND-CP:d55', '59-2020-QH14:d11', '100-2019-ND-CP:d43', '100-2019-ND-CP:d6', '100-2019-ND-CP:d8', '36-2024-QH15:d62', '168-2024-ND-CP:d13', '100-2019-ND-CP:d25', '100-2019-ND-CP:d24', '100-2019-ND-CP:d63']",0.0,0,0.0,1,0.3333,1,0.6667,1,0.6667,1,0.6667,1,1.0,0.5
386,thủ tục hành chính giao thông,"Nhà có xe oto ông cậu đứng tên nhưng giờ đang ở định cư nước ngoài, để lại xe cho mình sử dụng đưa giấy tờ xe và cmnd( do lúc đó chưa có cccd ), nếu chẳng mai bị phạt nguội thì có đóng đc ko ạ ? Hiện tại nghe bắt chính chủ hoặc giấy ủy quyền mới cho đóng , hoang mang quá ai bik tư vấn giúp ?","['168-2024-ND-CP:d32', '168-2024-ND-CP:d47', '36-2024-QH15:d43', '36-2024-QH15:d9']",4,"1. Bạn có đóng phạt thay được không?
Được. Theo quy định về xử lý vi phạm phát hiện qua phương tiện kỹ thuật nghiệp vụ (phạt nguội), khi nhận được thông báo vi phạm, bạn (người đang sử dụng xe) có thể đến trụ sở Công an nơi phát hiện vi phạm để giải quyết.
• Nếu bạn thừa nhận mình là người điều khiển xe thực hiện hành vi vi phạm, cơ quan chức năng sẽ lập biên bản và ra quyết định xử phạt đối với chính bạn (người điều khiển), chứ không xử phạt ông cậu (chủ xe),.
• Tuy nhiên, nếu bạn không chứng minh được người khác điều khiển và chủ xe (ông cậu) cũng không hợp tác để xác định người vi phạm, thì chủ xe sẽ bị xử phạt về hành vi vi phạm đó,.
2. Có cần giấy ủy quyền không?
• Để nộp phạt cho hành vi bạn gây ra: Bạn chỉ cần xuất trình giấy tờ xe và GPLX của mình để chứng minh mình là người cầm lái lúc vi phạm.
• Để thực hiện các thủ tục thay cho chủ xe: Nếu bạn muốn thay mặt ông cậu giải quyết các khiếu nại hoặc các thủ tục hành chính khác liên quan đến quyền sở hữu (mà không phải lỗi do bạn gây ra), bạn cần có Giấy ủy quyền được hợp pháp hóa lãnh sự (do ông cậu đang ở nước ngoài) để đảm bảo tính pháp lý,.
3. Lưu ý về việc sang tên xe
Việc sử dụng xe của người thân định cư nước ngoài lâu dài mà không làm thủ tục sang tên có thể khiến bạn gặp rắc rối với lỗi ""Không làm thủ tục đăng ký sang tên xe"". Theo quy định, người mua hoặc người được tặng cho, thừa kế xe có trách nhiệm làm thủ tục đăng ký sang tên theo quy định,,.","Nghị định 168/2024/NĐ-CP: Điều 32 (Khoản 3, Điểm b); Điều 98 (Khoản 6, Điểm a và e); Điều 99 (Khoản 8, Điểm a và b),. Luật Trật tự, an toàn giao thông đường bộ 2024: Điều 9 (Khoản 7).",False,Không thể tạo câu trả lời.,"['36-2024-QH15:d35', '36-2024-QH15:d39', '36-2024-QH15:d43', '36-2024-QH15:d56', '168-2024-ND-CP:d2', '168-2024-ND-CP:d3', '168-2024-ND-CP:d32', '168-2024-ND-CP:d41', '168-2024-ND-CP:d43', '100-2019-ND-CP:d82', '59-2020-QH14:d12', '47-2021-ND:d20', '36-2024-QH15:d67', '168-2024-ND-CP:d48', '100-2019-ND-CP:d62', '168-2025-ND:d3', '47-2021-ND:d16', '100-2019-ND-CP:d63', '100-2019-ND-CP:d69', '100-2019-ND-CP:d6', '168-2024-ND-CP:d14', '100-2019-ND-CP:d37', '36-2024-QH15:d4', '168-2024-ND-CP:d18', '100-2019-ND-CP:d30', '168-2024-ND-CP:d13', '100-2019-ND-CP:d23', '100-2019-ND-CP:d24', '100-2019-ND-CP:d12', '168-2024-ND-CP:d39']","['36-2024-QH15:d35', '36-2024-QH15:d39', '36-2024-QH15:d43', '36-2024-QH15:d56', '168-2024-ND-CP:d2', '168-2024-ND-CP:d3', '168-2024-ND-CP:d32']","['36-2024-QH15:d56', '168-2024-ND-CP:d32', '36-2024-QH15:d35', '36-2024-QH15:d39', '36-2024-QH15:d43', '168-2024-ND-CP:d2', '168-2024-ND-CP:d3', '168-2024-ND-CP:d41', '168-2024-ND-CP:d43', '100-2019-ND-CP:d82', '59-2020-QH14:d12', '47-2021-ND:d20', '36-2024-QH15:d67', '168-2024-ND-CP:d48', '100-2019-ND-CP:d62', '168-2025-ND:d3', '47-2021-ND:d16', '100-2019-ND-CP:d63', '100-2019-ND-CP:d69', '100-2019-ND-CP:d6', '168-2024-ND-CP:d14', '100-2019-ND-CP:d37', '36-2024-QH15:d4', '168-2024-ND-CP:d18', '100-2019-ND-CP:d30', '168-2024-ND-CP:d13', '100-2019-ND-CP:d23', '100-2019-ND-CP:d24', '100-2019-ND-CP:d12', '168-2024-ND-CP:d39']",0.0,0,0.0,1,0.25,1,0.25,1,0.5,1,0.5,1,0.5,0.3333
387,xử phạt vi phạm hành chính giao thông,Các bác cho e hỏi mức phạt k mang giâys tờ xe và không gương mức phạt là bao nhiêu ạ,"['168-2024-ND-CP:d14', '168-2024-ND-CP:d18', '168-2024-ND-CP:d48', '36-2024-QH15:d56']",4,"1. Mức phạt lỗi không gương
• Mức phạt: Từ 400.000 đồng đến 600.000 đồng.
• Hành vi cụ thể: Không có gương chiếu hậu bên trái người điều khiển hoặc có nhưng không có tác dụng.
2. Mức phạt lỗi không mang theo giấy tờ xe
Lưu ý: Mức phạt này áp dụng khi bạn có giấy tờ nhưng quên mang theo. Tại thời điểm kiểm tra, nếu bạn không xuất trình được, CSGT sẽ lập biên bản lỗi ""không có"", nhưng nếu trong thời hạn giải quyết bạn mang được bản gốc đến đối chiếu thì sẽ được áp dụng mức phạt ""không mang theo"":
• Không mang theo Giấy đăng ký xe: Phạt từ 200.000 đồng đến 300.000 đồng.
• Không mang theo Giấy phép lái xe (GPLX): Phạt từ 200.000 đồng đến 300.000 đồng.
• Không mang theo Giấy chứng nhận bảo hiểm (bắt buộc): Phạt từ 200.000 đồng đến 300.000 đồng.
Lưu ý quan trọng: Nếu thực tế bạn không có (chưa được cấp hoặc đang bị tước) GPLX hoặc Giấy đăng ký xe, mức phạt sẽ rất nặng, dao động từ 2.000.000 đồng đến 8.000.000 đồng tùy loại xe và dung tích xi-lanh.","Nghị định 168/2024/NĐ-CP: Điều 14 (Khoản 1, Điểm a); Điều 18 (Khoản 2, Khoản 5, Khoản 7); Điều 48 (Khoản 3). Luật Trật tự, an toàn giao thông đường bộ 2024: Điều 56 (Khoản 1).",False,Không thể tạo câu trả lời.,"['168-2024-ND-CP:d6', '168-2024-ND-CP:d7', '168-2024-ND-CP:d8', '100-2019-ND-CP:d5', '100-2019-ND-CP:d6', '100-2019-ND-CP:d7', '36-2024-QH15:d12', '36-2024-QH15:d66', '168-2024-ND-CP:d17', '100-2019-ND-CP:d1', '100-2019-ND-CP:d59', '100-2019-ND-CP:d80', '100-2019-ND-CP:d65', '168-2024-ND-CP:d32', '100-2019-ND-CP:d23', '100-2019-ND-CP:d28', '168-2024-ND-CP:d21', '168-2024-ND-CP:d9', '100-2019-ND-CP:d21', '100-2019-ND-CP:d16', '168-2024-ND-CP:d14', '36-2024-QH15:d89', '100-2019-ND-CP:d8', '100-2019-ND-CP:d11', '168-2024-ND-CP:d39', '100-2019-ND-CP:d32', '168-2024-ND-CP:d48', '100-2019-ND-CP:d24', '168-2024-ND-CP:d34', '100-2019-ND-CP:d37', '36-2024-QH15:d56', '168-2024-ND-CP:d18', '36-2024-QH15:d49', '168-2024-ND-CP:d33']","['168-2024-ND-CP:d6', '168-2024-ND-CP:d7', '168-2024-ND-CP:d8', '100-2019-ND-CP:d5', '100-2019-ND-CP:d6', '100-2019-ND-CP:d7']","['100-2019-ND-CP:d6', '168-2024-ND-CP:d8', '36-2024-QH15:d12', '36-2024-QH15:d66', '168-2024-ND-CP:d17', '100-2019-ND-CP:d1', '100-2019-ND-CP:d59', '100-2019-ND-CP:d80', '100-2019-ND-CP:d65', '168-2024-ND-CP:d32', '100-2019-ND-CP:d23', '100-2019-ND-CP:d28', '168-2024-ND-CP:d21', '168-2024-ND-CP:d9', '100-2019-ND-CP:d21', '100-2019-ND-CP:d16', '168-2024-ND-CP:d14', '36-2024-QH15:d89', '100-2019-ND-CP:d8', '100-2019-ND-CP:d11', '168-2024-ND-CP:d39', '100-2019-ND-CP:d32', '168-2024-ND-CP:d48', '100-2019-ND-CP:d24', '168-2024-ND-CP:d34', '100-2019-ND-CP:d37', '36-2024-QH15:d56', '168-2024-ND-CP:d18', '36-2024-QH15:d49', '168-2024-ND-CP:d33']",0.0,0,0.0,0,0.0,0,0.0,0,0.0,0,0.0,1,0.5,0.0476
388,quy tắc giao thông đường bộ,Em chạy khúc nhà thờ Song Vĩnh ql51 đến ngã 3 cảng Cái Mép quay đầu ở giao lộ mà có bảng cấm xe máy rẽ trái thì có bị phạt nguội ko mn,"['168-2024-ND-CP:d7', '36-2024-QH15:d11', '36-2024-QH15:d15']",3,"1. Có bị phạt nguội không?
• Có thể bị phạt: Nếu tại giao lộ đó có lắp đặt hệ thống camera giám sát (camera AI) và hành vi của bạn được xác định là vi phạm biển báo hiệu, thông tin sẽ được gửi về để xử lý phạt nguội theo quy định,.
• Về quy tắc biển báo: Theo quy chuẩn kỹ thuật hiện hành, biển ""Cấm rẽ trái"" không còn giá trị cấm quay đầu. Tuy nhiên, nếu tại đó có biển ""Cấm quay đầu xe"" hoặc biển báo kết hợp cấm cả rẽ trái và quay đầu thì hành vi quay đầu của bạn là vi phạm pháp luật,.
2. Mức xử phạt đối với xe máy (xe mô tô, xe gắn máy):
• Lỗi không chấp hành hiệu lệnh, chỉ dẫn của biển báo hiệu: Phạt tiền từ 200.000 đồng đến 400.000 đồng.
• Lỗi quay đầu xe tại nơi có biển báo hiệu có nội dung cấm quay đầu xe: Phạt tiền từ 400.000 đồng đến 600.000 đồng.
• Trừ điểm Giấy phép lái xe (GPLX): Nếu hành vi quay đầu trái quy định gây ùn tắc giao thông, bạn có thể bị trừ 02 điểm trên GPLX.","Luật Trật tự, an toàn giao thông đường bộ 2024 (Luật số 36/2024/QH15): Điều 11 (Khoản 1), Điều 15 (Khoản 1, 4),. Nghị định 168/2024/NĐ-CP: Điều 7 (Khoản 1, Điểm a; Khoản 2, Điểm k), Điều 98 (Khoản 8),.",False,Không thể tạo câu trả lời.,"['36-2024-QH15:d15', '36-2024-QH15:d11', '36-2024-QH15:d10', '36-2024-QH15:d22', '168-2024-ND-CP:d6', '168-2024-ND-CP:d7', '168-2024-ND-CP:d8', '36-2024-QH15:d12', '36-2024-QH15:d66', '36-2024-QH15:d39', '36-2024-QH15:d34', '36-2024-QH15:d7', '168-2024-ND-CP:d44', '36-2024-QH15:d42', '59-2020-QH14:d129', '100-2019-ND-CP:d5', '100-2019-ND-CP:d6', '100-2019-ND-CP:d66', '100-2019-ND-CP:d9', '100-2019-ND-CP:d22', '100-2019-ND-CP:d34', '36-2024-QH15:d63', '100-2019-ND-CP:d8', '36-2024-QH15:d32', '100-2019-ND-CP:d11', '100-2019-ND-CP:d47', '168-2024-ND-CP:d9', '36-2024-QH15:d9', '36-2024-QH15:d56', '36-2024-QH15:d65', '100-2019-ND-CP:d59', '168-2024-ND-CP:d16']","['36-2024-QH15:d15', '36-2024-QH15:d11', '36-2024-QH15:d10', '36-2024-QH15:d22', '168-2024-ND-CP:d6', '168-2024-ND-CP:d7', '168-2024-ND-CP:d8']","['36-2024-QH15:d15', '168-2024-ND-CP:d7', '36-2024-QH15:d11', '36-2024-QH15:d10', '36-2024-QH15:d22', '36-2024-QH15:d12', '36-2024-QH15:d66', '36-2024-QH15:d39', '36-2024-QH15:d34', '36-2024-QH15:d7', '168-2024-ND-CP:d44', '36-2024-QH15:d42', '59-2020-QH14:d129', '100-2019-ND-CP:d5', '100-2019-ND-CP:d6', '100-2019-ND-CP:d66', '100-2019-ND-CP:d9', '100-2019-ND-CP:d22', '100-2019-ND-CP:d34', '36-2024-QH15:d63', '100-2019-ND-CP:d8', '36-2024-QH15:d32', '100-2019-ND-CP:d11', '100-2019-ND-CP:d47', '168-2024-ND-CP:d9', '36-2024-QH15:d9', '36-2024-QH15:d56', '36-2024-QH15:d65', '100-2019-ND-CP:d59', '168-2024-ND-CP:d16']",0.0,1,0.3333,1,0.6667,1,0.6667,1,1.0,1,1.0,1,1.0,1.0
389,xử phạt vi phạm hành chính giao thông,Cho e hỏi chạy qua tốc độ 82/60 phat cỡ nhiu vậy mọi người với đóng phạt trễ thi bi phat bao nhiêu vậy mọi người,"['168-2024-ND-CP:d6', '168-2024-ND-CP:d7']",2,"1. Mức phạt tiền và trừ điểm bằng lái
Mức phạt này áp dụng tương đương cho cả người điều khiển xe ô tô và xe mô tô:
• Mức phạt tiền: Từ 6.000.000 đồng đến 8.000.000 đồng,.
• Hình thức xử phạt bổ sung: Bị trừ 04 điểm trên Giấy phép lái xe,.
2. Mức phạt nộp chậm (ngoài nguồn tài liệu được cung cấp)
Thông tin về mức phạt nộp chậm không nằm trong các phần của nguồn tài liệu này. Tuy nhiên, theo quy định chung của Luật Xử lý vi phạm hành chính, nếu quá thời hạn nộp phạt, người vi phạm sẽ phải nộp thêm tiền chậm nộp.
• Mức tính: Mỗi ngày chậm nộp, cá nhân phải nộp thêm 0,05% trên tổng số tiền phạt chưa nộp. Bạn nên kiểm tra kỹ ngày hẹn trên biên bản hoặc quyết định xử phạt để tránh phát sinh chi phí này.","Đối với ô tô: Nghị định 168/2024/NĐ-CP, Điều 6 (Khoản 6, Điểm a) và Điều 6 (Khoản 16, Điểm b). Đối với xe mô tô, xe gắn máy: Nghị định 168/2024/NĐ-CP, Điều 7 (Khoản 8, Điểm a) và Điều 7 (Khoản 13, Điểm b).",False,Không thể tạo câu trả lời.,"['168-2024-ND-CP:d6', '168-2024-ND-CP:d7', '168-2024-ND-CP:d8', '168-2024-ND-CP:d42', '168-2024-ND-CP:d43', '168-2024-ND-CP:d45', '168-2024-ND-CP:d47', '36-2024-QH15:d12', '36-2024-QH15:d66', '36-2024-QH15:d27', '36-2024-QH15:d30', '100-2019-ND-CP:d4', '100-2019-ND-CP:d5', '100-2019-ND-CP:d6', '100-2019-ND-CP:d66', '100-2019-ND-CP:d45', '100-2019-ND-CP:d41', '36-2024-QH15:d25', '36-2024-QH15:d53', '36-2024-QH15:d22', '36-2024-QH15:d13', '100-2019-ND-CP:d55', '100-2019-ND-CP:d16', '100-2019-ND-CP:d83', '168-2024-ND-CP:d35', '100-2019-ND-CP:d34', '100-2019-ND-CP:d44', '168-2024-ND-CP:d32', '168-2024-ND-CP:d20', '100-2019-ND-CP:d46', '100-2019-ND-CP:d23', '36-2024-QH15:d9', '168-2024-ND-CP:d12']","['168-2024-ND-CP:d6', '168-2024-ND-CP:d7', '168-2024-ND-CP:d8', '168-2024-ND-CP:d42', '168-2024-ND-CP:d43', '168-2024-ND-CP:d45', '168-2024-ND-CP:d47']","['168-2024-ND-CP:d7', '36-2024-QH15:d12', '168-2024-ND-CP:d42', '168-2024-ND-CP:d45', '168-2024-ND-CP:d47', '36-2024-QH15:d66', '36-2024-QH15:d27', '36-2024-QH15:d30', '100-2019-ND-CP:d4', '100-2019-ND-CP:d5', '100-2019-ND-CP:d6', '100-2019-ND-CP:d66', '100-2019-ND-CP:d45', '100-2019-ND-CP:d41', '36-2024-QH15:d25', '36-2024-QH15:d53', '36-2024-QH15:d22', '36-2024-QH15:d13', '100-2019-ND-CP:d55', '100-2019-ND-CP:d16', '100-2019-ND-CP:d83', '168-2024-ND-CP:d35', '100-2019-ND-CP:d34', '100-2019-ND-CP:d44', '168-2024-ND-CP:d32', '168-2024-ND-CP:d20', '100-2019-ND-CP:d46', '100-2019-ND-CP:d23', '36-2024-QH15:d9', '168-2024-ND-CP:d12']",0.0,1,0.5,1,1.0,1,1.0,1,1.0,1,1.0,1,1.0,1.0
390,thủ tục hành chính giao thông,"Các anh cho em hỏi, em bị lập biên bảng từ năm 2022 ở đội Nam sài gòn lỗi lấn làn đến giờ. Em còn đầy đủ biên bản vậy giờ em có thể lấy lại GPLX không ạ, và nếu có phạt thì phí phạt trễ hạn là bao nhiêu ạ","['168-2024-ND-CP:d4', '36-2024-QH15:d62']",2,"• Về thời hiệu xử phạt: Thời hiệu xử phạt vi phạm hành chính về trật tự, an toàn giao thông đường bộ là 01 năm. Vì vụ việc của bạn xảy ra từ năm 2022, đã quá thời hiệu để cơ quan chức năng ra quyết định xử phạt mới (nếu trước đó họ chưa ra quyết định).
• Về việc lấy lại GPLX: Bạn vẫn có quyền nhận lại giấy tờ bị tạm giữ. Tuy nhiên, nếu tại thời điểm đó cơ quan chức năng đã ra quyết định xử phạt mà bạn chưa thực hiện nộp phạt, bạn sẽ phải hoàn thành nghĩa vụ tài chính trước khi nhận lại bằng lái.
• Về phí phạt trễ hạn: Thông tin về mức phí nộp chậm không có trong nguồn tài liệu được cung cấp. Tuy nhiên, theo quy định chung của pháp luật về xử lý vi phạm hành chính (bạn nên kiểm chứng thêm), mức tiền nộp chậm thường là 0,05% mỗi ngày trên tổng số tiền phạt chưa nộp.
• Rủi ro bị thu hồi: Bạn cần lưu ý rằng theo Luật mới, GPLX bị tạm giữ quá thời hạn hoặc hết thời hiệu thi hành quyết định xử phạt mà người vi phạm không đến nhận mà không có lý do chính đáng thì sẽ bị thu hồi.","Nghị định 168/2024/NĐ-CP: Điều 4 (Khoản 1). Luật Trật tự, an toàn giao thông đường bộ 2024: Điều 62 (Khoản 5, Điểm c).",False,Không thể tạo câu trả lời.,"['36-2024-QH15:d13', '36-2024-QH15:d62', '36-2024-QH15:d58', '168-2024-ND-CP:d6', '168-2024-ND-CP:d7', '168-2024-ND-CP:d8', '168-2024-ND-CP:d46', '36-2024-QH15:d12', '36-2024-QH15:d66', '59-2020-QH14:d150', '59-2020-QH14:d153', '100-2019-ND-CP:d2', '100-2019-ND-CP:d61', '01-2021-ND:d99', '168-2025-ND:d58', '168-2024-ND-CP:d2', '100-2019-ND-CP:d43', '89-2024-ND:d7', '36-2024-QH15:d84', '36-2024-QH15:d21', '23-2022-ND:d51', '59-2020-QH14:d35', '23-2022-ND:d52', '59-2020-QH14:d60', '100-2019-ND-CP:d81', '100-2019-ND-CP:d68', '01-2021-ND:d87', '100-2019-ND-CP:d19', '100-2019-ND-CP:d45', '100-2019-ND-CP:d69', '100-2019-ND-CP:d39', '100-2019-ND-CP:d13']","['36-2024-QH15:d13', '36-2024-QH15:d62', '36-2024-QH15:d58', '168-2024-ND-CP:d6', '168-2024-ND-CP:d7', '168-2024-ND-CP:d8', '168-2024-ND-CP:d46']","['168-2024-ND-CP:d46', '168-2024-ND-CP:d8', '36-2024-QH15:d13', '36-2024-QH15:d62', '36-2024-QH15:d58', '36-2024-QH15:d12', '36-2024-QH15:d66', '59-2020-QH14:d150', '59-2020-QH14:d153', '100-2019-ND-CP:d2', '100-2019-ND-CP:d61', '01-2021-ND:d99', '168-2025-ND:d58', '168-2024-ND-CP:d2', '100-2019-ND-CP:d43', '89-2024-ND:d7', '36-2024-QH15:d84', '36-2024-QH15:d21', '23-2022-ND:d51', '59-2020-QH14:d35', '23-2022-ND:d52', '59-2020-QH14:d60', '100-2019-ND-CP:d81', '100-2019-ND-CP:d68', '01-2021-ND:d87', '100-2019-ND-CP:d19', '100-2019-ND-CP:d45', '100-2019-ND-CP:d69', '100-2019-ND-CP:d39', '100-2019-ND-CP:d13']",0.0,0,0.0,1,0.5,1,0.5,1,0.5,1,0.5,1,0.5,0.5
391,an toàn giao thông và trách nhiệm pháp lý,MN cho e hỏi ..hôm e có va chạm với xe khác .hoà giải ko thành...vậy khi nào họ mới trả xe e ạ,"['168-2024-ND-CP:d48', '36-2024-QH15:d80', '36-2024-QH15:d83']",3,"1. Thời điểm trả xe: Xe của bạn sẽ được trả lại khi cơ quan Công an hoàn thành các thủ tục khám nghiệm, điều tra và xác minh các tình tiết liên quan đến vụ tai nạn (như xác định nguyên nhân, lỗi, hậu quả thiệt hại),. Nếu xe không còn cần thiết để phục vụ việc điều tra hoặc làm chứng cứ và bạn đã thực hiện xong các nghĩa vụ liên quan (nếu có), cơ quan chức năng sẽ ra quyết định trả lại phương tiện,.
2. Quy trình xử lý khi hòa giải không thành: Do không đạt được thỏa thuận, cơ quan Công an sẽ tiến hành giải quyết vụ việc theo trình tự pháp luật:
    ◦ Kiểm tra nồng độ cồn, chất ma túy của người điều khiển,.
    ◦ Khám nghiệm hiện trường, khám nghiệm phương tiện để xác định lỗi,.
    ◦ Kết luận vụ tai nạn để làm căn cứ xử phạt vi phạm hành chính hoặc truy cứu trách nhiệm hình sự, cũng như xác định trách nhiệm bồi thường thiệt hại,.
3. Lưu ý: Việc tạm giữ phương tiện trong trường hợp này là để phục vụ công tác điều tra, giải quyết tai nạn giao thông nhằm bảo đảm tính khách quan và đúng pháp luật,.","Luật Trật tự, an toàn giao thông đường bộ 2024 (Luật số 36/2024/QH15): Điều 80, Điều 83 (Khoản 1, Khoản 2, Khoản 3),. Nghị định 168/2024/NĐ-CP: Điều 48 (về tạm giữ phương tiện, giấy tờ),.",False,"# Tư vấn pháp luật về thời hạn trả xe sau tai nạn giao thông

Xin lỗi, tôi không tìm thấy quy định pháp luật liên quan trong tài liệu được cung cấp.

Các tài liệu hiện có chủ yếu quy định về các hành vi vi phạm giao thông, xử phạt hành chính, và nguyên tắc điều tra tai nạn giao thông, nhưng **không bao gồm quy định cụ thể về thời hạn giữ hoặc trả xe** sau khi hoà giải không thành.

---

## Gợi ý:

Để được tư vấn đầy đủ về vấn đề của bạn, bạn cần:

1. **Liên hệ với cơ quan cảnh sát giao thông** - nơi đang lập biên bản tai nạn để hỏi rõ thủ tục và thời hạn trả xe;

2. **Tìm hiểu Luật Giao thông đường bộ 2024** - có quy định chi tiết về xử lý phương tiện sau tai nạn giao thông;

3. **Tham khảo với luật sư** chuyên về giao thông để được hướng dẫn cụ thể theo từng tình huống của bạn.

Hy vọng bạn sớm được giải quyết vấn đề này.","['36-2024-QH15:d83', '36-2024-QH15:d65', '100-2019-ND-CP:d5', '36-2024-QH15:d2', '100-2019-ND-CP:d59', '168-2024-ND-CP:d9', '168-2024-ND-CP:d13', '168-2024-ND-CP:d34', '168-2024-ND-CP:d16', '100-2019-ND-CP:d32', '100-2019-ND-CP:d23', '100-2019-ND-CP:d8', '100-2019-ND-CP:d24', '100-2019-ND-CP:d16', '100-2019-ND-CP:d41', '168-2024-ND-CP:d26', '168-2024-ND-CP:d12', '100-2019-ND-CP:d60', '100-2019-ND-CP:d6', '100-2019-ND-CP:d11', '168-2024-ND-CP:d32', '100-2019-ND-CP:d31', '168-2024-ND-CP:d20', '100-2019-ND-CP:d35', '168-2024-ND-CP:d50', '36-2024-QH15:d17', '168-2024-ND-CP:d6', '36-2024-QH15:d33', '168-2024-ND-CP:d21', '36-2024-QH15:d89']","['36-2024-QH15:d83', '36-2024-QH15:d65']","['36-2024-QH15:d83', '36-2024-QH15:d65', '100-2019-ND-CP:d5', '36-2024-QH15:d2', '100-2019-ND-CP:d59', '168-2024-ND-CP:d9', '168-2024-ND-CP:d13', '168-2024-ND-CP:d34', '168-2024-ND-CP:d16', '100-2019-ND-CP:d32', '100-2019-ND-CP:d23', '100-2019-ND-CP:d8', '100-2019-ND-CP:d24', '100-2019-ND-CP:d16', '100-2019-ND-CP:d41', '168-2024-ND-CP:d26', '168-2024-ND-CP:d12', '100-2019-ND-CP:d60', '100-2019-ND-CP:d6', '100-2019-ND-CP:d11', '168-2024-ND-CP:d32', '100-2019-ND-CP:d31', '168-2024-ND-CP:d20', '100-2019-ND-CP:d35', '168-2024-ND-CP:d50', '36-2024-QH15:d17', '168-2024-ND-CP:d6', '36-2024-QH15:d33', '168-2024-ND-CP:d21', '36-2024-QH15:d89']",0.85,1,0.3333,1,0.3333,1,0.3333,1,0.3333,1,0.3333,1,0.3333,1.0
392,quy tắc giao thông đường bộ,có bác nào giải thich giùm em đc k. em lo quá. nay em đi đường mà đèn xanh còn 4 giây nữa em vẫn đi tiếp. qua giữa lộ thì đèn đỏ. vậy em có bị lỗi và có bị phạt nguôi k các bác. em đi xe máy. k phải em cố tình đi mà mắt em k nhìn rõ. chỉ thấy mầu xanh. bác nào thấy bài giải thich giùm em. em cám ơn ạ.,"['168-2024-ND-CP:d7', '36-2024-QH15:d10', '36-2024-QH15:d11']",3,,,False,"**Giải thích về hành vi vi phạm giao thông của anh/chị:**

Dựa trên tình huống anh/chị mô tả, tôi sẽ phân tích như sau:

## **Trường hợp 1: Nếu anh/chị bắt đầu đi KHI ĐÈN XANH**

Nếu anh/chị đã vào giao lộ khi đèn xanh còn 4 giây (chưa chuyển sang đỏ) và chỉ hoàn thành quá lộ khi đèn đã chuyển sang đỏ, thì **về mặt pháp lý, anh/chị không vi phạm hành vi ""không chấp hành hiệu lệnh đèn tín hiệu""** vì anh/chị đã bắt đầu đi trong điều kiện đèn xanh hợp pháp.

## **Trường hợp 2: Nếu anh/chị BẮT ĐẦU đi khi đèn ĐỎ**

Nếu anh/chị bắt đầu di chuyển khi đèn đã chuyển sang đỏ, thì **đây là hành vi vi phạm rất nghiêm trọng** - ""Không chấp hành hiệu lệnh của đèn tín hiệu giao thông"". Anh/chị có thể bị:

- **Phạt tiền: từ 6.000.000 đồng đến 8.000.000 đồng**
- **Trừ 10 điểm giấy phép lái xe** (gần như bị tịch thu GPLX)

## **Vấn đề về ""MẮT KHÔNG NHÌN RÕ""**

Anh/chị nêu lý do là ""mắt không nhìn rõ"", nhưng **điều này KHÔNG được coi là lý do miễn trừ**. Căn cứ vào Luật Giao thông đường bộ, anh/chị **phải quan sát cẩn thận** trước khi di chuyển. Nếu tầm nhìn bị hạn chế, anh/chị phải **giảm tốc độ hoặc dừng lại để bảo đảm an toàn**, chứ không thể tiếp tục đi.

## **Lời khuyên cho anh/chị:**

- Quan sát tín hiệu đèn giao thông **trước khi vào giao lộ**
- Nếu đèn xanh sắp hết hoặc tầm nhìn bị hạn chế, **giảm tốc độ và chuẩn bị dừng lại**
- Không nên vào giao lộ ""hy vọng sẽ kịp"" vì rất nguy hiểm

---

**Căn cứ pháp lý:**
- Điều 10, Điều 11, Điều 12 Luật Giao thông đường bộ (36/2024/QH15)
- Điều 8 khoản 7 điểm c Nghị định 168/2024/NĐ-CP (về xử phạt hành chính)","['36-2024-QH15:d10', '36-2024-QH15:d11', '168-2024-ND-CP:d7', '36-2024-QH15:d12', '36-2024-QH15:d66', '36-2024-QH15:d24', '36-2024-QH15:d33', '168-2024-ND-CP:d8', '100-2019-ND-CP:d31', '168-2024-ND-CP:d13', '100-2019-ND-CP:d15', '100-2019-ND-CP:d8', '36-2024-QH15:d46', '100-2019-ND-CP:d7', '168-2024-ND-CP:d9', '168-2024-ND-CP:d5', '168-2024-ND-CP:d16', '100-2019-ND-CP:d81', '100-2019-ND-CP:d53', '168-2024-ND-CP:d47', '100-2019-ND-CP:d16', '168-2024-ND-CP:d34', '100-2019-ND-CP:d5', '168-2024-ND-CP:d27', '100-2019-ND-CP:d47', '168-2024-ND-CP:d32', '168-2024-ND-CP:d11', '36-2024-QH15:d20', '168-2024-ND-CP:d10', '100-2019-ND-CP:d9']","['36-2024-QH15:d10', '36-2024-QH15:d11', '168-2024-ND-CP:d7']","['36-2024-QH15:d10', '36-2024-QH15:d11', '168-2024-ND-CP:d7', '36-2024-QH15:d12', '36-2024-QH15:d66', '36-2024-QH15:d24', '36-2024-QH15:d33', '168-2024-ND-CP:d8', '100-2019-ND-CP:d31', '168-2024-ND-CP:d13', '100-2019-ND-CP:d15', '100-2019-ND-CP:d8', '36-2024-QH15:d46', '100-2019-ND-CP:d7', '168-2024-ND-CP:d9', '168-2024-ND-CP:d5', '168-2024-ND-CP:d16', '100-2019-ND-CP:d81', '100-2019-ND-CP:d53', '168-2024-ND-CP:d47', '100-2019-ND-CP:d16', '168-2024-ND-CP:d34', '100-2019-ND-CP:d5', '168-2024-ND-CP:d27', '100-2019-ND-CP:d47', '168-2024-ND-CP:d32', '168-2024-ND-CP:d11', '36-2024-QH15:d20', '168-2024-ND-CP:d10', '100-2019-ND-CP:d9']",0.85,1,0.3333,1,1.0,1,1.0,1,1.0,1,1.0,1,1.0,1.0
393,thủ tục hành chính giao thông,Vào ngày 5/9/2025 e có bị phạt nguội bắn tốc độ ở tp Thái Nguyên.Công an tp Thái Nguyên yêu cầu ngày 22/9/2025 đến phòng cảnh sát để giải quyết mà đến tận ngày 20/12/2025 em mới nhận được giấy từ bưu điện gửi về thì giờ đến giải quyết có được ko ạ?và có phải nộp phạt thêm phí gì ko ạ?,"['168-2024-ND-CP:d4', '168-2024-ND-CP:d47', '36-2024-QH15:d67']",3,"1. Đến giải quyết muộn có được không?
Được. Bạn cần đến cơ quan Công an ghi trong thông báo để phối hợp giải quyết vụ việc vì:
• Thời hiệu xử phạt: Thời hiệu xử phạt vi phạm hành chính trong lĩnh vực giao thông là 01 năm kể từ ngày vi phạm,. Do vi phạm xảy ra vào tháng 9/2025, đến tháng 12/2025 vẫn nằm trong thời hiệu xử lý.
• Thủ tục phạt nguội: Khi nhận được thông báo, người vi phạm (hoặc chủ xe) có nghĩa vụ đến trụ sở để xác định người điều khiển và lập biên bản vi phạm,. Việc bạn nhận được giấy muộn từ bưu điện là lý do khách quan và bạn vẫn có quyền giải trình về việc này,.
2. Có phải nộp thêm phí nộp chậm không?
Không. Ở giai đoạn này, bạn chưa phải nộp thêm tiền chậm nộp.
• Lý do: Tiền nộp chậm (theo quy định chung là 0,05%/ngày) chỉ tính khi bạn đã có Quyết định xử phạt mà quá thời hạn ghi trong quyết định đó vẫn không đi nộp tiền.
• Trường hợp của bạn hiện mới dừng ở bước nhận Thông báo vi phạm để đến lập biên bản, nên bạn chỉ phải nộp đúng mức tiền phạt quy định cho lỗi tốc độ tại Nghị định 168,.
3. Lưu ý về Đăng kiểm (nếu là ô tô)
Do bạn đến muộn sau hơn 15 ngày kể từ ngày hẹn (22/9), cơ quan Công an có thể đã gửi thông báo cảnh báo phương tiện trên hệ thống của cơ quan Đăng kiểm,. Sau khi bạn hoàn thành việc nộp phạt, cơ quan Công an sẽ cập nhật trạng thái đã giải quyết lên hệ thống để bạn có thể đăng kiểm xe bình thường,.","Nghị định 168/2024/NĐ-CP: Điều 4 (Thời hiệu xử phạt); Điều 98 (Khoản 8 - Thủ tục phạt nguội); Điều 100 (Khoản 11 - Xử lý quá thời hạn hẹn giải quyết),. Luật Trật tự, an toàn giao thông đường bộ 2024: Điều 67 (Biện pháp phát hiện vi phạm),.",False,"# TƯ VẤN PHÁP LUẬT VỀ VỤ PHẠt BẮNG TỐC ĐỘ CỦA QUÝ ANH/CHỊ

## Trả lời câu hỏi

### 1. Hiện tại có được phép đến giải quyết không?

**Có được phép.** Vụ vi phạm của quý vị vẫn nằm trong thời hiệu xử phạt hành chính.

Theo quy định, thời hiệu xử phạt vi phạm hành chính về trật tự, an toàn giao thông trong lĩnh vực giao thông đường bộ là **01 năm**, được tính từ ngày phương tiện, thiết bị kỹ thuật ghi nhận được kết quả vi phạm.

Cụ thể trong trường hợp của quý vị:
- **Ngày ghi nhận vi phạm:** 5/9/2025
- **Hết thời hiệu xử phạt:** 5/9/2026
- **Hiện tại:** 20/12/2025 (vẫn còn trong thời hiệu)

Do đó, quý vị vẫn có thể đến Công an TP Thái Nguyên để giải quyết vụ vi phạm này. Sự chậm trễ trong việc gửi thông báo không làm mất hiệu lực của quyết định xử phạt.

### 2. Có phải nộp phạt thêm phí gì không?

**Không có quy định về phí thêm** dành riêng cho trường hợp đến giải quyết muộn hơn thời hạn hẹn, miễn là quý vị vẫn nằm trong thời hiệu xử phạt 1 năm. Quý vị chỉ cần nộp mức phạt tiền tương ứng với hành vi vi phạm bắn tốc độ mà quý vị đã lập biên bản.

**Lưu ý quan trọng:** Nếu giấy tờ (Giấy phép lái xe, Giấy đăng ký xe, v.v.) bị tạm giữ tại cơ quan công an, quý vị cần mang theo giấy tờ đó khi đến giải quyết, hoặc phải chịu trách nhiệm về việc điều khiển phương tiện không có giấy tờ nếu tiếp tục lái xe trong khoảng thời gian bị tạm giữ.

---

**Căn cứ pháp lý:** Điều 4, Nghị định 168/2024/ND-CP","['168-2024-ND-CP:d4', '168-2024-ND-CP:d1', '168-2024-ND-CP:d6', '168-2024-ND-CP:d43', '168-2024-ND-CP:d47', '168-2024-ND-CP:d41', '100-2019-ND-CP:d76', '36-2024-QH15:d63', '100-2019-ND-CP:d82', '36-2024-QH15:d27', '168-2024-ND-CP:d50', '168-2024-ND-CP:d51', '100-2019-ND-CP:d48', '100-2019-ND-CP:d51', '168-2024-ND-CP:d7', '168-2024-ND-CP:d8', '36-2024-QH15:d12', '168-2024-ND-CP:d13', '100-2019-ND-CP:d6', '100-2019-ND-CP:d66', '168-2024-ND-CP:d34', '100-2019-ND-CP:d45', '36-2024-QH15:d52', '36-2024-QH15:d73', '168-2024-ND-CP:d16', '168-2024-ND-CP:d9', '100-2019-ND-CP:d4', '100-2019-ND-CP:d16', '100-2019-ND-CP:d41', '36-2024-QH15:d25']","['168-2024-ND-CP:d4', '168-2024-ND-CP:d1', '168-2024-ND-CP:d6', '168-2024-ND-CP:d43', '168-2024-ND-CP:d47', '168-2024-ND-CP:d41']","['168-2024-ND-CP:d43', '168-2024-ND-CP:d6', '168-2024-ND-CP:d41', '168-2024-ND-CP:d47', '168-2024-ND-CP:d4', '168-2024-ND-CP:d1', '100-2019-ND-CP:d76', '36-2024-QH15:d63', '100-2019-ND-CP:d82', '36-2024-QH15:d27', '168-2024-ND-CP:d50', '168-2024-ND-CP:d51', '100-2019-ND-CP:d48', '100-2019-ND-CP:d51', '168-2024-ND-CP:d7', '168-2024-ND-CP:d8', '36-2024-QH15:d12', '168-2024-ND-CP:d13', '100-2019-ND-CP:d6', '100-2019-ND-CP:d66', '168-2024-ND-CP:d34', '100-2019-ND-CP:d45', '36-2024-QH15:d52', '36-2024-QH15:d73', '168-2024-ND-CP:d16', '168-2024-ND-CP:d9', '100-2019-ND-CP:d4', '100-2019-ND-CP:d16', '100-2019-ND-CP:d41', '36-2024-QH15:d25']",0.85,1,0.3333,1,0.3333,1,0.6667,1,0.6667,1,0.6667,1,0.6667,1.0
394,thủ tục hành chính giao thông,"Em bị phạt lập biên bản và giữ GPLX tầm 2 tuần trước, giờ đúng lúc em mua xe mới thì có đăng ký xe và bấm biển được không ạ :((","['168-2024-ND-CP:d47', '168-2024-ND-CP:d48', '36-2024-QH15:d43', '36-2024-QH15:d56']",4,"1. Tra cứu dữ liệu người vi phạm: Theo quy định, cơ quan đăng ký xe có trách nhiệm tra cứu dữ liệu về người vi phạm trên hệ thống. Nếu kết quả tra cứu cho thấy bạn chưa thực hiện xong các yêu cầu về giải quyết vụ việc vi phạm hành chính, cơ quan chức năng sẽ chưa giải quyết việc đăng ký cho phương tiện liên quan,.
2. Ràng buộc về trách nhiệm: Việc tạm giữ GPLX là biện pháp để bảo đảm bạn sẽ thực hiện quyết định xử phạt. Trong trường hợp bạn ""nợ"" phạt, hệ thống cảnh báo sẽ ghi nhận thông tin cá nhân của bạn, dẫn đến việc các thủ tục hành chính liên quan đến đăng ký xe bị tạm dừng cho đến khi bạn hoàn thành việc nộp tiền phạt.
3. Hạn chế điều khiển phương tiện: Ngay cả khi bạn có thể lách quy định để đăng ký được xe, bạn cũng không được phép điều khiển chiếc xe mới đó tham gia giao thông vì không có GPLX trong tay (đang bị tạm giữ).","Nghị định 168/2024/NĐ-CP: Điều 48 (Tạm giữ giấy tờ); Điều 100 (Khoản 11, Điểm a và b - Tra cứu dữ liệu người vi phạm),. Luật Trật tự, an toàn giao thông đường bộ 2024: Điều 43 (Khoản 2, Điểm d); Điều 56 (Khoản 1),.",False,Không thể tạo câu trả lời.,"['36-2024-QH15:d39', '36-2024-QH15:d36', '36-2024-QH15:d35', '36-2024-QH15:d56', '36-2024-QH15:d62', '168-2024-ND-CP:d6', '168-2024-ND-CP:d7', '36-2024-QH15:d12', '36-2024-QH15:d66', '168-2024-ND-CP:d14', '36-2024-QH15:d38', '100-2019-ND-CP:d30', '168-2024-ND-CP:d32', '100-2019-ND-CP:d17', '168-2024-ND-CP:d47', '100-2019-ND-CP:d16', '168-2024-ND-CP:d13', '59-2020-QH14:d150', '100-2019-ND-CP:d2', '168-2024-ND-CP:d2', '168-2024-ND-CP:d46', '59-2020-QH14:d146', '168-2024-ND-CP:d18', '100-2019-ND-CP:d81', '36-2024-QH15:d2', '100-2019-ND-CP:d18', '168-2024-ND-CP:d16', '59-2020-QH14:d26', '89-2024-ND:d6', '01-2021-ND:d68', '168-2025-ND:d24']","['36-2024-QH15:d39', '36-2024-QH15:d36', '36-2024-QH15:d35', '36-2024-QH15:d56', '36-2024-QH15:d62', '168-2024-ND-CP:d6', '168-2024-ND-CP:d7']","['36-2024-QH15:d39', '36-2024-QH15:d36', '36-2024-QH15:d35', '36-2024-QH15:d56', '36-2024-QH15:d62', '168-2024-ND-CP:d6', '36-2024-QH15:d12', '36-2024-QH15:d66', '168-2024-ND-CP:d14', '36-2024-QH15:d38', '100-2019-ND-CP:d30', '168-2024-ND-CP:d32', '100-2019-ND-CP:d17', '168-2024-ND-CP:d47', '100-2019-ND-CP:d16', '168-2024-ND-CP:d13', '59-2020-QH14:d150', '100-2019-ND-CP:d2', '168-2024-ND-CP:d2', '168-2024-ND-CP:d46', '59-2020-QH14:d146', '168-2024-ND-CP:d18', '100-2019-ND-CP:d81', '36-2024-QH15:d2', '100-2019-ND-CP:d18', '168-2024-ND-CP:d16', '59-2020-QH14:d26', '89-2024-ND:d6', '01-2021-ND:d68', '168-2025-ND:d24']",0.0,0,0.0,0,0.0,1,0.25,1,0.25,1,0.5,1,0.5,0.25
395,thủ tục hành chính giao thông,Em bị ăn biên bản do đỗ xe không đúng quy định. Bị thu giấy phép lái xe chờ nộp phạt. Em định đóng phạt online vì tỉnh xa thì khi nào Cổng dịch vụ công mới hiện cho đóng ạ?,"['168-2024-ND-CP:d47', '168-2024-ND-CP:d48', '168-2024-ND-CP:d7']",3,,,False,"Xin lỗi, tôi không tìm thấy quy định pháp luật liên quan trong tài liệu được cung cấp.

Câu hỏi của anh/chị liên quan đến **thủ tục thanh toán phạt hành chính trực tuyến** trên Cổng dịch vụ công và **thời hạn hiển thị thông tin thanh toán**, nhưng các tài liệu hiện có (Luật Giao thông đường bộ 2024 và Nghị định 168/2024/ND-CP) chỉ quy định về:
- Cách lập biên bản vi phạm
- Hình thức xử phạt tiền
- Trừ điểm giấy phép lái xe

nhưng **không quy định chi tiết về thủ tục thanh toán trực tuyến và thời gian hiển thị trên Cổng dịch vụ công**.

**Gợi ý:** 
- Anh/chị nên liên hệ trực tiếp với **Phòng Cảnh sát giao thông** nơi lập biên bản để hỏi:
  - Khi nào thông tin vi phạm được cập nhật lên Cổng dịch vụ công
  - Hướng dẫn thanh toán trực tuyến cụ thể
  - Có thể thanh toán ở đâu ngoài online (chi nhánh ngân hàng, bưu điện, v.v.)

---

*Đây là ý kiến dựa trên pháp luật hiện hành. Anh/chị vui lòng xác nhận với cơ quan chức năng để có câu trả lời chính thức.*","['36-2024-QH15:d18', '168-2024-ND-CP:d51', '168-2024-ND-CP:d50', '168-2024-ND-CP:d47', '168-2024-ND-CP:d46', '168-2024-ND-CP:d16', '36-2024-QH15:d62', '36-2024-QH15:d89', '100-2019-ND-CP:d25', '168-2024-ND-CP:d14', '100-2019-ND-CP:d81', '36-2024-QH15:d60', '100-2019-ND-CP:d16', '36-2024-QH15:d61', '100-2019-ND-CP:d21', '168-2024-ND-CP:d39', '100-2019-ND-CP:d62', '168-2024-ND-CP:d13', '168-2024-ND-CP:d6', '168-2024-ND-CP:d18', '100-2019-ND-CP:d5', '100-2019-ND-CP:d28', '168-2024-ND-CP:d2', '100-2019-ND-CP:d6', '168-2024-ND-CP:d34', '168-2024-ND-CP:d37', '36-2024-QH15:d9', '36-2024-QH15:d7', '100-2019-ND-CP:d66', '168-2024-ND-CP:d5', '168-2024-ND-CP:d23']","['36-2024-QH15:d18', '168-2024-ND-CP:d51', '168-2024-ND-CP:d50', '168-2024-ND-CP:d47', '168-2024-ND-CP:d46']","['168-2024-ND-CP:d51', '168-2024-ND-CP:d50', '168-2024-ND-CP:d47', '36-2024-QH15:d18', '168-2024-ND-CP:d16', '36-2024-QH15:d62', '36-2024-QH15:d89', '100-2019-ND-CP:d25', '168-2024-ND-CP:d14', '100-2019-ND-CP:d81', '36-2024-QH15:d60', '100-2019-ND-CP:d16', '36-2024-QH15:d61', '100-2019-ND-CP:d21', '168-2024-ND-CP:d39', '100-2019-ND-CP:d62', '168-2024-ND-CP:d13', '168-2024-ND-CP:d6', '168-2024-ND-CP:d18', '100-2019-ND-CP:d5', '100-2019-ND-CP:d28', '168-2024-ND-CP:d2', '100-2019-ND-CP:d6', '168-2024-ND-CP:d34', '168-2024-ND-CP:d37', '36-2024-QH15:d9', '36-2024-QH15:d7', '100-2019-ND-CP:d66', '168-2024-ND-CP:d5', '168-2024-ND-CP:d23']",0.85,0,0.0,0,0.0,1,0.3333,1,0.3333,1,0.3333,1,0.3333,0.25
396,thủ tục hành chính giao thông,các bác cho hỏi e bị phạt nguội mà mới nhận thông báo vi pham muốn sử lý ko cần đến phòng csgt thì làm thế nào ạ . e cảm ơn,['168-2024-ND-CP:d47'],1,,,False,Không thể tạo câu trả lời.,"['168-2024-ND-CP:d41', '168-2024-ND-CP:d42', '168-2024-ND-CP:d43', '168-2024-ND-CP:d6', '168-2024-ND-CP:d7', '168-2024-ND-CP:d8', '168-2024-ND-CP:d1', '36-2024-QH15:d12', '36-2024-QH15:d66', '168-2025-ND:d71', '36-2024-QH15:d55', '01-2021-ND:d89', '36-2024-QH15:d62', '168-2024-ND-CP:d51', '36-2024-QH15:d79', '100-2019-ND-CP:d48', '100-2019-ND-CP:d43', '168-2024-ND-CP:d32', '100-2019-ND-CP:d56', '168-2024-ND-CP:d50', '168-2024-ND-CP:d39', '100-2019-ND-CP:d61', '100-2019-ND-CP:d47', '168-2024-ND-CP:d14', '100-2019-ND-CP:d39', '100-2019-ND-CP:d71', '168-2024-ND-CP:d18', '100-2019-ND-CP:d5', '100-2019-ND-CP:d21', '100-2019-ND-CP:d15', '100-2019-ND-CP:d28', '100-2019-ND-CP:d23', '168-2024-ND-CP:d27']","['168-2024-ND-CP:d41', '168-2024-ND-CP:d42', '168-2024-ND-CP:d43', '168-2024-ND-CP:d6', '168-2024-ND-CP:d7', '168-2024-ND-CP:d8', '168-2024-ND-CP:d1']","['168-2024-ND-CP:d43', '168-2024-ND-CP:d41', '168-2024-ND-CP:d6', '168-2024-ND-CP:d1', '36-2024-QH15:d12', '36-2024-QH15:d66', '168-2025-ND:d71', '36-2024-QH15:d55', '01-2021-ND:d89', '36-2024-QH15:d62', '168-2024-ND-CP:d51', '36-2024-QH15:d79', '100-2019-ND-CP:d48', '100-2019-ND-CP:d43', '168-2024-ND-CP:d32', '100-2019-ND-CP:d56', '168-2024-ND-CP:d50', '168-2024-ND-CP:d39', '100-2019-ND-CP:d61', '100-2019-ND-CP:d47', '168-2024-ND-CP:d14', '100-2019-ND-CP:d39', '100-2019-ND-CP:d71', '168-2024-ND-CP:d18', '100-2019-ND-CP:d5', '100-2019-ND-CP:d21', '100-2019-ND-CP:d15', '100-2019-ND-CP:d28', '100-2019-ND-CP:d23', '168-2024-ND-CP:d27']",0.0,0,0.0,0,0.0,0,0.0,0,0.0,0,0.0,0,0.0,0.0
397,thủ tục hành chính giao thông,Cho em hỏi biên bản vi phạm giao thông ghi nghề nghiệp tự do thì có bị gửi về trường không ạ,"['168-2024-ND-CP:d46', '168-2024-ND-CP:d47']",2,,,False,Không thể tạo câu trả lời.,"['168-2024-ND-CP:d41', '168-2024-ND-CP:d42', '168-2024-ND-CP:d43', '100-2019-ND-CP:d74', '100-2019-ND-CP:d75', '100-2019-ND-CP:d76', '168-2024-ND-CP:d27', '168-2024-ND-CP:d2', '36-2024-QH15:d75', '36-2024-QH15:d52', '59-2020-QH14:d150', '59-2020-QH14:d211', '100-2019-ND-CP:d11', '100-2019-ND-CP:d8', '168-2024-ND-CP:d4', '100-2019-ND-CP:d15', '36-2024-QH15:d23', '168-2024-ND-CP:d47', '100-2019-ND-CP:d58', '36-2024-QH15:d4', '36-2024-QH15:d74', '100-2019-ND-CP:d79', '168-2024-ND-CP:d35', '36-2024-QH15:d73', '100-2019-ND-CP:d63', '36-2024-QH15:d69', '100-2019-ND-CP:d29', '36-2024-QH15:d79', '36-2024-QH15:d65', '36-2024-QH15:d7', '168-2024-ND-CP:d44']","['168-2024-ND-CP:d41', '168-2024-ND-CP:d42', '168-2024-ND-CP:d43', '100-2019-ND-CP:d74', '100-2019-ND-CP:d75', '100-2019-ND-CP:d76']","['100-2019-ND-CP:d74', '100-2019-ND-CP:d76', '168-2024-ND-CP:d27', '168-2024-ND-CP:d41', '168-2024-ND-CP:d42', '100-2019-ND-CP:d75', '168-2024-ND-CP:d2', '36-2024-QH15:d75', '36-2024-QH15:d52', '59-2020-QH14:d150', '59-2020-QH14:d211', '100-2019-ND-CP:d11', '100-2019-ND-CP:d8', '168-2024-ND-CP:d4', '100-2019-ND-CP:d15', '36-2024-QH15:d23', '168-2024-ND-CP:d47', '100-2019-ND-CP:d58', '36-2024-QH15:d4', '36-2024-QH15:d74', '100-2019-ND-CP:d79', '168-2024-ND-CP:d35', '36-2024-QH15:d73', '100-2019-ND-CP:d63', '36-2024-QH15:d69', '100-2019-ND-CP:d29', '36-2024-QH15:d79', '36-2024-QH15:d65', '36-2024-QH15:d7', '168-2024-ND-CP:d44']",0.0,0,0.0,0,0.0,0,0.0,0,0.0,1,0.5,1,0.5,0.0556
398,xử phạt vi phạm hành chính giao thông,các anh chị cho em hỏi với ạ. bé nhà em 13 tuổi lấy xe vinfat 50cc của chị chạy bị công an bắt. em phải nộp phạt bao nhiêu ạ. biên bản ghi chưa đủ tuổi chạy ạ,"['168-2024-ND-CP:d18', '168-2024-ND-CP:d32', '168-2024-ND-CP:d48', '168-2024-ND-CP:d7', '36-2024-QH15:d59', '36-2024-QH15:d9']",6,"Trong trường hợp bé 13 tuổi điều khiển xe VinFast 50cc (xe gắn máy), dựa trên Luật Trật tự, an toàn giao thông đường bộ 2024 và Nghị định 168/2024/NĐ-CP, mức xử phạt được quy định như sau:
1. Đối với người điều khiển (bé 13 tuổi):
• Mức phạt: Do bé mới 13 tuổi (dưới 14 tuổi), theo quy định về xử lý vi phạm hành chính, bé không bị phạt tiền. Tuy nhiên, hành vi này vẫn được ghi nhận là vi phạm pháp luật vì người điều khiển xe gắn máy phải từ đủ 16 tuổi trở lên,.
• Biện pháp ngăn chặn: Cơ quan Công an sẽ tiến hành tạm giữ phương tiện (xe VinFast) theo quy định để ngăn chặn hành vi vi phạm tiếp tục xảy ra.
2. Đối với chủ xe (người giao xe hoặc để bé sử dụng xe):
• Mức phạt tiền: Phạt từ 800.000 đồng đến 1.000.000 đồng đối với cá nhân là chủ xe mô tô, xe gắn máy về hành vi giao xe hoặc để cho người không đủ điều kiện (chưa đủ tuổi) điều khiển xe tham gia giao thông.
Tóm lại: Bé không bị phạt tiền nhưng chủ xe (hoặc người quản lý xe) sẽ bị phạt từ 800.000 - 1.000.000 đồng và xe sẽ bị tạm giữ.","Luật Trật tự, an toàn giao thông đường bộ 2024 (Luật số 36/2024/QH15): Điều 9 (Khoản 7); Điều 59 (Khoản 1, Điểm a),. Nghị định 168/2024/NĐ-CP: Điều 18 (Khoản 1 - đối chiếu độ tuổi); Điều 32 (Khoản 10); Điều 48 (Khoản 1, Điểm d),,.",False,Không thể tạo câu trả lời.,"['36-2024-QH15:d57', '36-2024-QH15:d59', '36-2024-QH15:d56', '168-2024-ND-CP:d6', '168-2024-ND-CP:d7', '168-2024-ND-CP:d8', '36-2024-QH15:d12', '36-2024-QH15:d66', '59-2020-QH14:d150', '100-2019-ND-CP:d76', '36-2024-QH15:d63', '01-2021-ND:d99', '168-2025-ND:d58', '168-2024-ND-CP:d41', '89-2024-ND:d7', '23-2022-ND:d51', '59-2020-QH14:d35', '23-2022-ND:d52', '168-2025-ND:d106', '59-2020-QH14:d60', '168-2024-ND-CP:d2', '01-2021-ND:d87', '100-2019-ND-CP:d2', '59-2020-QH14:d17', '168-2024-ND-CP:d46', '36-2024-QH15:d81', '59-2020-QH14:d11', '44-2025-ND:d4', '36-2024-QH15:d51', '100-2019-ND-CP:d79', '36-2024-QH15:d70', '16-2023-ND:d8']","['36-2024-QH15:d57', '36-2024-QH15:d59', '36-2024-QH15:d56', '168-2024-ND-CP:d6', '168-2024-ND-CP:d7', '168-2024-ND-CP:d8']","['36-2024-QH15:d56', '36-2024-QH15:d57', '36-2024-QH15:d59', '168-2024-ND-CP:d6', '36-2024-QH15:d12', '36-2024-QH15:d66', '59-2020-QH14:d150', '100-2019-ND-CP:d76', '36-2024-QH15:d63', '01-2021-ND:d99', '168-2025-ND:d58', '168-2024-ND-CP:d41', '89-2024-ND:d7', '23-2022-ND:d51', '59-2020-QH14:d35', '23-2022-ND:d52', '168-2025-ND:d106', '59-2020-QH14:d60', '168-2024-ND-CP:d2', '01-2021-ND:d87', '100-2019-ND-CP:d2', '59-2020-QH14:d17', '168-2024-ND-CP:d46', '36-2024-QH15:d81', '59-2020-QH14:d11', '44-2025-ND:d4', '36-2024-QH15:d51', '100-2019-ND-CP:d79', '36-2024-QH15:d70', '16-2023-ND:d8']",0.0,0,0.0,1,0.1667,1,0.3333,1,0.3333,1,0.3333,1,0.3333,0.5
399,quy tắc giao thông đường bộ,MN cho em hỏi vỉa hè rộng làm đường nhựa ở giữa vẻ hè . đường rộng khoảng hơn1m dài tầm 10m không có biển báo cấm xe máy đi đường hoàng thiện 90% . Nếu đi xe máy lên đường này có vi phạm không,"['168-2024-ND-CP:d7', '36-2024-QH15:d10', '36-2024-QH15:d13']",3,,,False,"Căn cứ vào các quy định pháp luật hiện hành, **có, đi xe máy lên vỉa hè là vi phạm pháp luật**, dù không có biển báo cấm cụ thể.

## Phân tích chi tiết:

Theo **Điều 77 Luật Trật tự, an toàn giao thông đường bộ năm 2024**, ""lòng đường được sử dụng cho mục đích giao thông; vỉa hè được sử dụng cho người đi bộ"". Quy định này rõ ràng xác định rằng vỉa hè là không gian dành riêng cho người đi bộ, không phải cho xe máy hay các phương tiện cơ giới khác.

Khi bạn điều khiển xe máy lên vỉa hè, bạn đang vi phạm:

1. **""Đi không đúng phần đường quy định""** (Điều 8 khoản 1 điểm a, Nghị định 100/2019/ND-CP):
   - Phạt tiền: **80.000 - 100.000 đồng**

2. **""Đi vào khu vực cấm""** (Điều 8 khoản 3 điểm c, Nghị định 100/2019/ND-CP):
   - Phạt tiền: **200.000 - 300.000 đồng**

## Lưu ý quan trọng:

Sự vắng mặt của biển báo cấm **không làm cho hành vi trở nên hợp pháp**. Luật đã quy định rõ ràng chức năng sử dụng của vỉa hè thông qua các điều luật, nên bạn vẫn phải chấp hành dù không có biển báo cụ thể cảnh báo.

---

**Căn cứ pháp lý:**
- Điều 77 Luật Trật tự, an toàn giao thông đường bộ 2024 (36/2024/QH15)
- Điều 8 Nghị định 100/2019/ND-CP (quy định xử phạt vi phạm hành chính)","['36-2024-QH15:d3', '36-2024-QH15:d11', '36-2024-QH15:d30', '36-2024-QH15:d33', '168-2024-ND-CP:d27', '36-2024-QH15:d77', '100-2019-ND-CP:d60', '100-2019-ND-CP:d8', '100-2019-ND-CP:d11', '100-2019-ND-CP:d56', '100-2019-ND-CP:d6', '168-2024-ND-CP:d8', '59-2020-QH14:d211', '59-2020-QH14:d49', '168-2024-ND-CP:d4', '168-2024-ND-CP:d52', '100-2019-ND-CP:d34', '100-2019-ND-CP:d21', '168-2024-ND-CP:d20', '36-2024-QH15:d39', '100-2019-ND-CP:d63', '100-2019-ND-CP:d13', '100-2019-ND-CP:d15', '168-2024-ND-CP:d3', '168-2024-ND-CP:d14', '100-2019-ND-CP:d23', '36-2024-QH15:d73', '168-2024-ND-CP:d48', '168-2024-ND-CP:d39', '168-2024-ND-CP:d2']","['36-2024-QH15:d3', '36-2024-QH15:d11', '36-2024-QH15:d30', '36-2024-QH15:d33']","['36-2024-QH15:d11', '36-2024-QH15:d3', '36-2024-QH15:d33', '36-2024-QH15:d30', '168-2024-ND-CP:d27', '36-2024-QH15:d77', '100-2019-ND-CP:d60', '100-2019-ND-CP:d8', '100-2019-ND-CP:d11', '100-2019-ND-CP:d56', '100-2019-ND-CP:d6', '168-2024-ND-CP:d8', '59-2020-QH14:d211', '59-2020-QH14:d49', '168-2024-ND-CP:d4', '168-2024-ND-CP:d52', '100-2019-ND-CP:d34', '100-2019-ND-CP:d21', '168-2024-ND-CP:d20', '36-2024-QH15:d39', '100-2019-ND-CP:d63', '100-2019-ND-CP:d13', '100-2019-ND-CP:d15', '168-2024-ND-CP:d3', '168-2024-ND-CP:d14', '100-2019-ND-CP:d23', '36-2024-QH15:d73', '168-2024-ND-CP:d48', '168-2024-ND-CP:d39', '168-2024-ND-CP:d2']",0.85,0,0.0,0,0.0,0,0.0,0,0.0,0,0.0,0,0.0,0.0
400,xử phạt vi phạm hành chính giao thông,"Ngày 28/10/2025 e bị  giữ xe thồi nồng độ cồn, k bằng lái xe. Biên bản ghi sau 7 ngày làm việc nộp phạt lấy xe. Nhưng vì e khó khăn tiền phạt nhiều chưa thu xếp được nên đến ngày 13/12/2025 e mới xuống. E đầy đủ giấy tờ cc, giấy tờ xe và bằng. Giấy tỡ đã được công an khu vực đến tại nhà làm sạch dữ liệu trên IHanoi. Nhưng cán bộ xử phạt bảo bằng giấy k có trên hệ thống. Bảo e chạy lên số 2 Phùng Hưng để báo họ cập nhật. E lên số 2 Phùng Hưng các cán bộ ở đấy bảo k có trên hệ thống. Họ bảo e về chờ họ xác minh. Việc lên hệ thống hay không e công dân không nắm rõ đc. Còn bằng e thi năm 2006. Sốt ruột gọi điện hỏi cán bộ xử phạt thì cứ chỉ bảo chờ. Các bác biết làm tn chỉ e với ạ.","['168-2024-ND-CP:d47', '168-2024-ND-CP:d48', '36-2024-QH15:d89']",3,"Trường hợp của bạn được giải quyết dựa trên các quy định sau từ nguồn tài liệu:
• Thời gian xác minh: Khi xử phạt chủ phương tiện, cơ quan chức năng có quyền kéo dài thời hạn ra quyết định xử phạt để xác minh các tình tiết liên quan, nhưng tối đa không quá 60 ngày.
• Trách nhiệm phối hợp: Bạn có nghĩa vụ phải hợp tác với cơ quan chức năng để xác định đối tượng điều khiển và tính xác thực của các giấy tờ liên quan.
• Giá trị của bằng lái xe cũ: Giấy phép lái xe (bằng lái) được cấp trước ngày Luật Trật tự, an toàn giao thông đường bộ 2024 có hiệu lực (01/01/2025) vẫn tiếp tục được sử dụng theo thời hạn ghi trên giấy phép. Việc bằng của bạn thi năm 2006 (bằng giấy) vẫn có giá trị pháp lý nếu còn thời hạn sử dụng.
• Xử lý việc nộp phạt muộn: Vì bạn đã quá thời hạn hẹn đến giải quyết vụ việc ghi trong biên bản (sau 7 ngày làm việc), bạn phải chấp hành quyết định xử phạt theo các hành vi vi phạm đã ghi trong biên bản vi phạm hành chính ban đầu.
Lời khuyên: Bạn cần kiên nhẫn chờ đợi kết quả xác minh từ phía cơ quan công an theo đúng thời hạn pháp luật cho phép (tối đa 60 ngày). Bằng lái của bạn cấp năm 2006 là hợp pháp và sẽ được công nhận sau khi quá trình đối soát dữ liệu hoàn tất.","Khoản 7, Điều 47, Nghị định 168/2024/NĐ-CP. Điểm b, Khoản 8, Điều 47, Nghị định 168/2024/NĐ-CP. Khoản 1, Điều 89, Luật Trật tự, an toàn giao thông đường bộ 2024. Điểm d, Khoản 3, Điều 48, Nghị định 168/2024/NĐ-CP.",False,Không thể tạo câu trả lời.,"['168-2024-ND-CP:d6', '168-2024-ND-CP:d7', '168-2024-ND-CP:d8', '168-2024-ND-CP:d41', '168-2024-ND-CP:d42', '168-2024-ND-CP:d43', '36-2024-QH15:d56', '36-2024-QH15:d12', '36-2024-QH15:d66', '100-2019-ND-CP:d76', '01-2021-ND:d28', '100-2019-ND-CP:d82', '59-2020-QH14:d153', '01-2021-ND:d27', '168-2025-ND:d60', '47-2021-ND:d21', '59-2020-QH14:d150', '47-2021-ND:d4', '36-2024-QH15:d81', '100-2019-ND-CP:d66', '168-2024-ND-CP:d47', '36-2024-QH15:d75', '01-2021-ND:d68', '168-2024-ND-CP:d24', '23-2022-ND:d3', '100-2019-ND-CP:d28', '36-2024-QH15:d63', '36-2024-QH15:d7', '36-2024-QH15:d49', '36-2024-QH15:d9', '100-2019-ND-CP:d50', '01-2021-ND:d95', '168-2024-ND-CP:d46']","['168-2024-ND-CP:d6', '168-2024-ND-CP:d7', '168-2024-ND-CP:d8', '168-2024-ND-CP:d41', '168-2024-ND-CP:d42', '168-2024-ND-CP:d43', '36-2024-QH15:d56']","['168-2024-ND-CP:d41', '168-2024-ND-CP:d6', '168-2024-ND-CP:d42', '36-2024-QH15:d56', '36-2024-QH15:d12', '36-2024-QH15:d66', '100-2019-ND-CP:d76', '01-2021-ND:d28', '100-2019-ND-CP:d82', '59-2020-QH14:d153', '01-2021-ND:d27', '168-2025-ND:d60', '47-2021-ND:d21', '59-2020-QH14:d150', '47-2021-ND:d4', '36-2024-QH15:d81', '100-2019-ND-CP:d66', '168-2024-ND-CP:d47', '36-2024-QH15:d75', '01-2021-ND:d68', '168-2024-ND-CP:d24', '23-2022-ND:d3', '100-2019-ND-CP:d28', '36-2024-QH15:d63', '36-2024-QH15:d7', '36-2024-QH15:d49', '36-2024-QH15:d9', '100-2019-ND-CP:d50', '01-2021-ND:d95', '168-2024-ND-CP:d46']",0.0,0,0.0,0,0.0,0,0.0,0,0.0,0,0.0,1,0.3333,0.0476
401,quy tắc giao thông đường bộ,Xe e là xe ghi hình không phải xe trắng thì có vi phạm vượt đèn ở thời điểm này không ạ. E đi qua nhìn đèn còn 00 giây,"['168-2024-ND-CP:d7', '36-2024-QH15:d10', '36-2024-QH15:d11']",3,,,False,Không thể tạo câu trả lời.,"['36-2024-QH15:d11', '36-2024-QH15:d20', '168-2024-ND-CP:d6', '168-2024-ND-CP:d7', '168-2024-ND-CP:d8', '36-2024-QH15:d66', '36-2024-QH15:d12', '100-2019-ND-CP:d6', '59-2020-QH14:d211', '168-2024-ND-CP:d4', '168-2024-ND-CP:d3', '100-2019-ND-CP:d63', '168-2024-ND-CP:d52', '36-2024-QH15:d73', '100-2019-ND-CP:d58', '100-2019-ND-CP:d82', '100-2019-ND-CP:d83', '168-2024-ND-CP:d47', '100-2019-ND-CP:d50', '100-2019-ND-CP:d75', '100-2019-ND-CP:d78', '36-2024-QH15:d3', '168-2024-ND-CP:d1', '36-2024-QH15:d65', '168-2024-ND-CP:d2', '168-2024-ND-CP:d5', '100-2019-ND-CP:d8', '36-2024-QH15:d70', '168-2024-ND-CP:d37', '100-2019-ND-CP:d15', '100-2019-ND-CP:d76', '36-2024-QH15:d4']","['36-2024-QH15:d11', '36-2024-QH15:d20', '168-2024-ND-CP:d6', '168-2024-ND-CP:d7', '168-2024-ND-CP:d8']","['36-2024-QH15:d11', '36-2024-QH15:d66', '36-2024-QH15:d20', '168-2024-ND-CP:d6', '36-2024-QH15:d12', '100-2019-ND-CP:d6', '59-2020-QH14:d211', '168-2024-ND-CP:d4', '168-2024-ND-CP:d3', '100-2019-ND-CP:d63', '168-2024-ND-CP:d52', '36-2024-QH15:d73', '100-2019-ND-CP:d58', '100-2019-ND-CP:d82', '100-2019-ND-CP:d83', '168-2024-ND-CP:d47', '100-2019-ND-CP:d50', '100-2019-ND-CP:d75', '100-2019-ND-CP:d78', '36-2024-QH15:d3', '168-2024-ND-CP:d1', '36-2024-QH15:d65', '168-2024-ND-CP:d2', '168-2024-ND-CP:d5', '100-2019-ND-CP:d8', '36-2024-QH15:d70', '168-2024-ND-CP:d37', '100-2019-ND-CP:d15', '100-2019-ND-CP:d76', '36-2024-QH15:d4']",0.0,1,0.3333,1,0.3333,1,0.6667,1,0.6667,1,0.6667,1,0.6667,1.0
402,quy tắc giao thông đường bộ,Cho em hỏi hôm qua em bị công an bắt vượt đèn vàng. Đèn xanh gần hết nhưng xe đằng trước cố tình đi chậm nên em vượt đúng lúc sang đèn vàng. Đã xin hình thức giảm nhẹ rồi. Nhưng em hỏi là nếu có lần sau thì mình nên làm ra sao? Em người bắc ở trong nam ạ,"['168-2024-ND-CP:d6', '168-2024-ND-CP:d7', '36-2024-QH15:d10', '36-2024-QH15:d11', '36-2024-QH15:d12']",5,"Dựa trên các nguồn tài liệu được cung cấp, để tránh vi phạm trong những lần sau, bạn cần thực hiện các quy tắc sau:
• Chấp hành tín hiệu đèn vàng: Khi thấy tín hiệu đèn vàng, bạn phải dừng lại trước vạch dừng. Bạn chỉ được đi tiếp nếu tại thời điểm đèn chuyển sang màu vàng, xe của bạn đã đi qua vạch dừng hoặc đang nằm trên vạch dừng.
• Quan sát và giảm tốc độ tại nơi giao nhau: Khi đến gần đường giao nhau, bạn có trách nhiệm phải quan sát, giảm tốc độ để bảo đảm an toàn.
• Giữ khoảng cách an toàn: Bạn phải giữ khoảng cách an toàn tối thiểu với xe chạy liền trước để có đủ thời gian và không gian xử lý khi xe trước đi chậm hoặc dừng lại, tránh việc bị kẹt lại giữa nút giao khi đèn đã chuyển sang màu vàng hoặc đỏ.
• Tuân thủ quy tắc chung: Người tham gia giao thông có nghĩa vụ chấp hành hệ thống báo hiệu đường bộ và các quy tắc giao thông để giữ an toàn cho mình và người khác,.

","Khoản 1 Điều 10; Khoản 2, Khoản 4 Điều 11; Khoản 1, Khoản 3 Điều 12 Luật Trật tự, an toàn giao thông đường bộ 2024. Điểm b Khoản 9 Điều 6 (đối với xe ô tô) hoặc Điểm c Khoản 7 Điều 7 (đối với xe mô tô, xe gắn máy) Nghị định 168/2024/NĐ-CP.",False,Không thể tạo câu trả lời.,"['36-2024-QH15:d10', '36-2024-QH15:d11', '36-2024-QH15:d12', '168-2024-ND-CP:d6', '168-2024-ND-CP:d7', '36-2024-QH15:d66', '100-2019-ND-CP:d76', '59-2020-QH14:d131', '36-2024-QH15:d63', '168-2024-ND-CP:d41', '59-2020-QH14:d7', '168-2025-ND:d106', '100-2019-ND-CP:d27', '44-2025-ND:d4', '36-2024-QH15:d81', '16-2023-ND:d8', '100-2019-ND-CP:d64', '100-2019-ND-CP:d79', '59-2020-QH14:d17', '36-2024-QH15:d51', '36-2024-QH15:d70', '36-2024-QH15:d60', '168-2024-ND-CP:d51', '168-2024-ND-CP:d50', '100-2019-ND-CP:d5', '36-2024-QH15:d75', '168-2024-ND-CP:d13', '100-2019-ND-CP:d15', '100-2019-ND-CP:d28', '100-2019-ND-CP:d53', '100-2019-ND-CP:d81']","['36-2024-QH15:d10', '36-2024-QH15:d11', '36-2024-QH15:d12', '168-2024-ND-CP:d6', '168-2024-ND-CP:d7']","['36-2024-QH15:d10', '36-2024-QH15:d11', '36-2024-QH15:d12', '168-2024-ND-CP:d6', '36-2024-QH15:d66', '100-2019-ND-CP:d76', '59-2020-QH14:d131', '36-2024-QH15:d63', '168-2024-ND-CP:d41', '59-2020-QH14:d7', '168-2025-ND:d106', '100-2019-ND-CP:d27', '44-2025-ND:d4', '36-2024-QH15:d81', '16-2023-ND:d8', '100-2019-ND-CP:d64', '100-2019-ND-CP:d79', '59-2020-QH14:d17', '36-2024-QH15:d51', '36-2024-QH15:d70', '36-2024-QH15:d60', '168-2024-ND-CP:d51', '168-2024-ND-CP:d50', '100-2019-ND-CP:d5', '36-2024-QH15:d75', '168-2024-ND-CP:d13', '100-2019-ND-CP:d15', '100-2019-ND-CP:d28', '100-2019-ND-CP:d53', '100-2019-ND-CP:d81']",0.0,1,0.2,1,0.6,1,1.0,1,1.0,1,1.0,1,1.0,1.0
403,thủ tục hành chính giao thông,"Em có người nhà ngoài Bắc,hồi thanh niên có vào trong Nam làm việc thì vi phạm giao thông,bị các chú công an gọi vào hỏi giấy tờ thì trình bằng lái ra và lập biên bản,nhưng không ký cũng không nộp phạt xong bỏ về mà lúc đấy lại đi xe cỏ
Hiện tại cũng qua mười mấy năm rồi và cũng đang ở ngoài Bắc rồi ạ
Mọi người cho e biết và hiểu luật cho e xin cách để xin lấy lại bằng được không ạ","['168-2024-ND-CP:d4', '168-2024-ND-CP:d47']",2,,,False,Không thể tạo câu trả lời.,"['36-2024-QH15:d56', '36-2024-QH15:d62', '36-2024-QH15:d73', '36-2024-QH15:d65', '36-2024-QH15:d66', '36-2024-QH15:d72', '168-2024-ND-CP:d41', '168-2024-ND-CP:d27', '168-2024-ND-CP:d7', '100-2019-ND-CP:d82', '59-2020-QH14:d153', '59-2020-QH14:d211', '59-2020-QH14:d150', '100-2019-ND-CP:d76', '36-2024-QH15:d23', '100-2019-ND-CP:d2', '168-2024-ND-CP:d4', '36-2024-QH15:d63', '100-2019-ND-CP:d63', '168-2024-ND-CP:d3', '36-2024-QH15:d30', '36-2024-QH15:d39', '168-2024-ND-CP:d48', '36-2024-QH15:d70', '01-2021-ND:d28', '100-2019-ND-CP:d58', '100-2019-ND-CP:d75', '100-2019-ND-CP:d78', '168-2025-ND:d106', '168-2024-ND-CP:d52']","['36-2024-QH15:d56', '36-2024-QH15:d62', '36-2024-QH15:d73', '36-2024-QH15:d65', '36-2024-QH15:d66', '36-2024-QH15:d72', '168-2024-ND-CP:d41']","['36-2024-QH15:d73', '36-2024-QH15:d56', '36-2024-QH15:d65', '36-2024-QH15:d62', '168-2024-ND-CP:d27', '36-2024-QH15:d66', '36-2024-QH15:d72', '168-2024-ND-CP:d41', '168-2024-ND-CP:d7', '100-2019-ND-CP:d82', '59-2020-QH14:d153', '59-2020-QH14:d211', '59-2020-QH14:d150', '100-2019-ND-CP:d76', '36-2024-QH15:d23', '100-2019-ND-CP:d2', '168-2024-ND-CP:d4', '36-2024-QH15:d63', '100-2019-ND-CP:d63', '168-2024-ND-CP:d3', '36-2024-QH15:d30', '36-2024-QH15:d39', '168-2024-ND-CP:d48', '36-2024-QH15:d70', '01-2021-ND:d28', '100-2019-ND-CP:d58', '100-2019-ND-CP:d75', '100-2019-ND-CP:d78', '168-2025-ND:d106', '168-2024-ND-CP:d52']",0.0,0,0.0,0,0.0,0,0.0,0,0.0,1,0.5,1,0.5,0.0588
404,thủ tục hành chính giao thông,"Tuần trước bị bị phạt lỗi có hợp đồng vận chuyển hành khách nhưng ko đúng qui định.
Hôm đó em bị lập biên bản, thu GPLX, phù hiệu xe.
Họ hẹn tuần sau đi nhận quyết định xử phạt.
Các bác cho em hỏi liệu có lấy về đc phù hiệu xe ko ạ. Em xin cảm ơn ạ.","['168-2024-ND-CP:d20', '168-2024-ND-CP:d47', '168-2024-ND-CP:d48']",3,,,False,Không thể tạo câu trả lời.,"['168-2024-ND-CP:d6', '168-2024-ND-CP:d7', '168-2024-ND-CP:d8', '168-2024-ND-CP:d47', '168-2024-ND-CP:d48', '168-2024-ND-CP:d41', '168-2024-ND-CP:d46', '36-2024-QH15:d12', '36-2024-QH15:d66', '168-2024-ND-CP:d20', '100-2019-ND-CP:d23', '59-2020-QH14:d211', '100-2019-ND-CP:d31', '01-2021-ND:d53', '36-2024-QH15:d49', '100-2019-ND-CP:d28', '59-2020-QH14:d150', '100-2019-ND-CP:d2', '36-2024-QH15:d48', '36-2024-QH15:d44', '59-2020-QH14:d110', '100-2019-ND-CP:d82', '36-2024-QH15:d45', '168-2024-ND-CP:d4', '36-2024-QH15:d51', '36-2024-QH15:d62', '168-2024-ND-CP:d23', '100-2019-ND-CP:d26', '168-2025-ND:d47', '168-2024-ND-CP:d24', '168-2024-ND-CP:d28', '100-2019-ND-CP:d36']","['168-2024-ND-CP:d6', '168-2024-ND-CP:d7', '168-2024-ND-CP:d8', '168-2024-ND-CP:d47', '168-2024-ND-CP:d48', '168-2024-ND-CP:d41', '168-2024-ND-CP:d46']","['168-2024-ND-CP:d47', '168-2024-ND-CP:d46', '168-2024-ND-CP:d6', '168-2024-ND-CP:d48', '168-2024-ND-CP:d41', '36-2024-QH15:d12', '36-2024-QH15:d66', '168-2024-ND-CP:d20', '100-2019-ND-CP:d23', '59-2020-QH14:d211', '100-2019-ND-CP:d31', '01-2021-ND:d53', '36-2024-QH15:d49', '100-2019-ND-CP:d28', '59-2020-QH14:d150', '100-2019-ND-CP:d2', '36-2024-QH15:d48', '36-2024-QH15:d44', '59-2020-QH14:d110', '100-2019-ND-CP:d82', '36-2024-QH15:d45', '168-2024-ND-CP:d4', '36-2024-QH15:d51', '36-2024-QH15:d62', '168-2024-ND-CP:d23', '100-2019-ND-CP:d26', '168-2025-ND:d47', '168-2024-ND-CP:d24', '168-2024-ND-CP:d28', '100-2019-ND-CP:d36']",0.0,0,0.0,0,0.0,1,0.6667,1,1.0,1,1.0,1,1.0,0.25
405,thủ tục hành chính giao thông,Cho em hỏi với ạ! Em bị giữ bằng xe máy do lỗi k đội mũ bảo hiểm 5 năm rồi! Giờ mất biên bản xử phạt giờ làm cách nào để nộp phạt onl ạ,"['168-2024-ND-CP:d4', '168-2024-ND-CP:d47', '168-2024-ND-CP:d48']",3,,,False,Không thể tạo câu trả lời.,"['168-2024-ND-CP:d6', '168-2024-ND-CP:d7', '168-2024-ND-CP:d8', '168-2024-ND-CP:d47', '168-2024-ND-CP:d41', '168-2024-ND-CP:d46', '168-2024-ND-CP:d48', '36-2024-QH15:d12', '36-2024-QH15:d66', '59-2020-QH14:d150', '59-2020-QH14:d153', '168-2024-ND-CP:d9', '100-2019-ND-CP:d11', '36-2024-QH15:d33', '100-2019-ND-CP:d8', '168-2024-ND-CP:d12', '59-2020-QH14:d8', '36-2024-QH15:d57', '100-2019-ND-CP:d6', '168-2024-ND-CP:d4', '36-2024-QH15:d7', '168-2024-ND-CP:d2', '36-2024-QH15:d34', '168-2024-ND-CP:d52', '01-2021-ND:d99', '168-2025-ND:d81', '168-2025-ND:d58', '100-2019-ND-CP:d80', '168-2024-ND-CP:d18', '100-2019-ND-CP:d50', '89-2024-ND:d7', '23-2022-ND:d51']","['168-2024-ND-CP:d6', '168-2024-ND-CP:d7', '168-2024-ND-CP:d8', '168-2024-ND-CP:d47', '168-2024-ND-CP:d41', '168-2024-ND-CP:d46', '168-2024-ND-CP:d48']","['168-2024-ND-CP:d47', '168-2024-ND-CP:d7', '168-2024-ND-CP:d46', '168-2024-ND-CP:d41', '168-2024-ND-CP:d48', '36-2024-QH15:d12', '36-2024-QH15:d66', '59-2020-QH14:d150', '59-2020-QH14:d153', '168-2024-ND-CP:d9', '100-2019-ND-CP:d11', '36-2024-QH15:d33', '100-2019-ND-CP:d8', '168-2024-ND-CP:d12', '59-2020-QH14:d8', '36-2024-QH15:d57', '100-2019-ND-CP:d6', '168-2024-ND-CP:d4', '36-2024-QH15:d7', '168-2024-ND-CP:d2', '36-2024-QH15:d34', '168-2024-ND-CP:d52', '01-2021-ND:d99', '168-2025-ND:d81', '168-2025-ND:d58', '100-2019-ND-CP:d80', '168-2024-ND-CP:d18', '100-2019-ND-CP:d50', '89-2024-ND:d7', '23-2022-ND:d51']",0.0,0,0.0,0,0.0,1,0.3333,1,0.6667,1,1.0,1,1.0,0.25
406,thủ tục hành chính giao thông,"Các bác cho em hỏi em mới bị lập biên bản vphc và bị chụp lại Vneid, em sẽ nhận quyết định xử phạt ở tại nơi hẹn trong biên bản hay Vnetraffic. Và thường bao lâu sẽ nhận quyết định xử phạt ạ ??","['168-2024-ND-CP:d46', '168-2024-ND-CP:d47']",2,,,False,"# Tư vấn pháp luật về nhận quyết định xử phạt giao thông

Căn cứ vào Điều 47 Nghị định 168/2024/ND-CP, khi bạn có mặt tại nơi xảy ra vi phạm, người có thẩm quyền sẽ **lập biên bản vi phạm hành chính và tiến hành xử phạt ngay lập tức** theo quy định của pháp luật. Điều này có nghĩa là trong thực tế, địa điểm và thời gian nhận quyết định xử phạt sẽ được ghi cụ thể trong biên bản vi phạm mà cảnh sát lập cho bạn tại hiện trường.

Về **thời hạn để nhận quyết định**, theo Điều 82 Nghị định 100/2019/ND-CP, nếu lực lượng chức năng tạm giữ phương tiện của bạn để xử lý vi phạm, họ **có thể tạm giữ tối đa 07 ngày trước khi ra quyết định xử phạt**. 

Tuy nhiên, tài liệu pháp luật hiện có không nêu cụ thể bao lâu thì bạn sẽ nhận được quyết định xử phạt sau khi lập biên bản. Thông thường, bạn sẽ được hướng dẫn cụ thể bằng các ghi chú trên biên bản vi phạm hoặc thông qua ứng dụng VNETraffic (nếu phương tiện được đăng ký theo hình thức này). **Bạn nên xem kỹ các ghi chú trong biên bản** để biết chính xác thời gian và địa điểm nhận quyết định.

**Căn cứ pháp lý:** Điều 47 Nghị định 168/2024/ND-CP; Điều 82 Nghị định 100/2019/ND-CP","['168-2024-ND-CP:d47', '100-2019-ND-CP:d82', '100-2019-ND-CP:d80', '168-2024-ND-CP:d16', '168-2024-ND-CP:d2', '168-2024-ND-CP:d46', '168-2024-ND-CP:d4', '168-2024-ND-CP:d52', '59-2020-QH14:d150', '100-2019-ND-CP:d2', '01-2021-ND:d53', '59-2020-QH14:d110', '100-2019-ND-CP:d81', '36-2024-QH15:d62', '01-2021-ND:d99', '168-2025-ND:d58', '168-2024-ND-CP:d5', '168-2024-ND-CP:d8', '59-2020-QH14:d11', '100-2019-ND-CP:d64', '89-2024-ND:d7', '23-2022-ND:d51', '59-2020-QH14:d35', '36-2024-QH15:d38', '23-2022-ND:d44', '36-2024-QH15:d20', '36-2024-QH15:d58', '59-2020-QH14:d60', '01-2021-ND:d29', '23-2022-ND:d19']","['168-2024-ND-CP:d47', '100-2019-ND-CP:d82', '100-2019-ND-CP:d80']","['168-2024-ND-CP:d47', '100-2019-ND-CP:d82', '100-2019-ND-CP:d80', '168-2024-ND-CP:d16', '168-2024-ND-CP:d2', '168-2024-ND-CP:d46', '168-2024-ND-CP:d4', '168-2024-ND-CP:d52', '59-2020-QH14:d150', '100-2019-ND-CP:d2', '01-2021-ND:d53', '59-2020-QH14:d110', '100-2019-ND-CP:d81', '36-2024-QH15:d62', '01-2021-ND:d99', '168-2025-ND:d58', '168-2024-ND-CP:d5', '168-2024-ND-CP:d8', '59-2020-QH14:d11', '100-2019-ND-CP:d64', '89-2024-ND:d7', '23-2022-ND:d51', '59-2020-QH14:d35', '36-2024-QH15:d38', '23-2022-ND:d44', '36-2024-QH15:d20', '36-2024-QH15:d58', '59-2020-QH14:d60', '01-2021-ND:d29', '23-2022-ND:d19']",0.85,1,0.5,1,0.5,1,0.5,1,1.0,1,1.0,1,1.0,1.0
407,thủ tục hành chính giao thông,"Anh em cho em hỏi 2 năm trước em bị lỗi tốc độ ở Duyên Hải đã đóng phạt xử lý và lấy bằng về,kể từ lúc đó đến bây giờ chưa bị lỗi gì,mà bây giờ em đi đổi bằng trên hệ thống vẫn để em bị treo bằng,mà không để lý do và ngày tháng,nên bây giờ không cho cấp đổi và thi bằng A,trường hợp này ai từng bị giống em cho em xin hướng giải quyết với ạ em cảm ơn","['168-2024-ND-CP:d47', '168-2024-ND-CP:d49', '168-2024-ND-CP:d50']",3,,,False,"# Tư vấn pháp lý về tình trạng bằng lái bị treo trên hệ thống

## Phân tích tình huống

Tình trạng của anh/chị là **dữ liệu treo bằng trên hệ thống không rõ ràng**, vốn là trách nhiệm của cơ quan quản lý cơ sở dữ liệu giao thông. Đây là vấn đề về quản lý dữ liệu, không phải về việc anh/chị chưa được minh oan.

## Hướng giải quyết

### 1. **Yêu cầu phục hồi điểm giấy phép lái xe**

Căn cứ vào Điều 51 Nghị định 168/2024/NĐ-CP, **Cục trưởng Cục Cảnh sát giao thông** có thẩm quyền phục hồi điểm cho giấy phép lái xe. Anh/chị có thể:

- **Liên hệ trực tiếp Phòng Cảnh sát giao thông** nơi xử phạt (Duyên Hải) để yêu cầu:
  - Cập nhật/xóa dữ liệu treo bằng khỏi hệ thống
  - Phục hồi đầy đủ điểm giấy phép lái xe (vì đã hơn 2 năm, lâu vượt quá thời hạn xử phạt)

### 2. **Khi có dữ liệu rõ ràng, làm thủ tục đổi/cấp lại bằng**

Sau khi dữ liệu được cập nhật chính xác trên hệ thống, anh/chị có thể làm thủ tục đổi bằng theo Điều 62 Luật Lực lượng Cảnh sát giao thông 2024 (tại Phòng Cảnh sát giao thông hoặc Trung tâm đăng kiểm).

### 3. **Nếu cơ quan chậm xử lý hoặc từ chối**

Anh/chị có quyền:
- **Khiếu nại** lên Cục Cảnh sát giao thông (cấp trên)
- **Yêu cầu Trung tâm quản lý dữ liệu giao thông** cung cấp **bản sao quyết định xử phạt** của 2 năm trước để chứng minh đã hoàn tất xử lý

## Lời khuyên thực tế

- Mang theo **quyết định xử phạt gốc hoặc bản sao** khi liên hệ Phòng Cảnh sát giao thông
- Yêu cầu bằng văn bản (giấy tờ hoặc email) để có bằng chứng
- Nếu cơ quan địa phương chậm xử lý, có thể khiếu nại lên Cục Cảnh sát giao thông hoặc liên hệ Sở Giao thông vận tải tỉnh/thành phố

---

**Căn cứ pháp lý:** Điều 51 Nghị định 168/2024/NĐ-CP; Điều 62 Luật Lực lượng Cảnh sát giao thông 2024","['36-2024-QH15:d58', '36-2024-QH15:d62', '168-2024-ND-CP:d7', '168-2024-ND-CP:d8', '168-2024-ND-CP:d6', '168-2024-ND-CP:d49', '168-2024-ND-CP:d51', '36-2024-QH15:d12', '36-2024-QH15:d66', '36-2024-QH15:d75', '59-2020-QH14:d186', '59-2020-QH14:d153', '36-2024-QH15:d27', '36-2024-QH15:d65', '100-2019-ND-CP:d50', '100-2019-ND-CP:d51', '100-2019-ND-CP:d39', '100-2019-ND-CP:d45', '100-2019-ND-CP:d4', '100-2019-ND-CP:d48', '100-2019-ND-CP:d66', '36-2024-QH15:d67', '168-2024-ND-CP:d16', '100-2019-ND-CP:d5', '36-2024-QH15:d37', '59-2020-QH14:d26', '168-2025-ND:d122', '168-2025-ND:d89', '59-2020-QH14:d170', '59-2020-QH14:d178', '47-2021-ND:d33', '248-2025-ND:d11']","['36-2024-QH15:d58', '36-2024-QH15:d62', '168-2024-ND-CP:d7', '168-2024-ND-CP:d8', '168-2024-ND-CP:d6', '168-2024-ND-CP:d49', '168-2024-ND-CP:d51']","['168-2024-ND-CP:d7', '36-2024-QH15:d58', '168-2024-ND-CP:d49', '36-2024-QH15:d12', '36-2024-QH15:d62', '168-2024-ND-CP:d51', '36-2024-QH15:d66', '36-2024-QH15:d75', '59-2020-QH14:d186', '59-2020-QH14:d153', '36-2024-QH15:d27', '36-2024-QH15:d65', '100-2019-ND-CP:d50', '100-2019-ND-CP:d51', '100-2019-ND-CP:d39', '100-2019-ND-CP:d45', '100-2019-ND-CP:d4', '100-2019-ND-CP:d48', '100-2019-ND-CP:d66', '36-2024-QH15:d67', '168-2024-ND-CP:d16', '100-2019-ND-CP:d5', '36-2024-QH15:d37', '59-2020-QH14:d26', '168-2025-ND:d122', '168-2025-ND:d89', '59-2020-QH14:d170', '59-2020-QH14:d178', '47-2021-ND:d33', '248-2025-ND:d11']",0.85,0,0.0,0,0.0,0,0.0,1,0.3333,1,0.3333,1,0.3333,0.1667
408,xử phạt vi phạm hành chính giao thông,"hchieu này e có đi sai lane lúc vô kia mấy chú xử phạt 2tr5 + -2đ và thu xe , sau đó e năn nỉ đưa 1tr đồng, về nhà lên mạng thấy lỗi lấn lane đóng 600-800k ?","['168-2024-ND-CP:d47', '168-2024-ND-CP:d48', '168-2024-ND-CP:d6', '168-2024-ND-CP:d7']",4,"Dựa trên các nguồn tài liệu, đối với hành vi ""đi sai làn"" (lấn làn), quy định pháp luật hiện hành như sau:
• Mức phạt đối với xe mô tô (xe máy): Phạt tiền từ 600.000 đồng đến 800.000 đồng cho hành vi điều khiển xe không đi đúng phần đường, làn đường quy định (làn cùng chiều hoặc làn ngược chiều). Hành vi này không bị trừ điểm giấy phép lái xe và không thuộc trường hợp bị tạm giữ phương tiện (thu xe).
• Mức phạt đối với xe ô tô: Phạt tiền từ 4.000.000 đồng đến 6.000.000 đồng. Hành vi này bị trừ 02 điểm giấy phép lái xe nhưng không bị tạm giữ phương tiện.
• Đối chiếu với trường hợp của bạn: Hình phạt ""2tr5 + -2đ + thu xe"" không áp dụng cho lỗi sai làn đường thông thường. Tổ hợp hình phạt này (mức trung bình 2,5 triệu, trừ 2 điểm và thu xe) chỉ áp dụng cho một số hành vi khác, ví dụ như điều khiển xe mô tô không có Chứng nhận đăng ký xe hoặc sử dụng giấy đăng ký hết hạn.
• Về việc nộp tiền: Quy trình xử lý vi phạm phải căn cứ vào biên bản và quyết định xử phạt chính thức. Người vi phạm có thể nhận quyết định và nộp phạt thông qua Cổng dịch vụ công Quốc gia, Cổng dịch vụ công Bộ Công an hoặc ứng dụng VNeID. Nguồn tài liệu không có quy định về việc thỏa thuận hay nộp tiền trực tiếp cho người thi hành công vụ không qua thủ tục pháp lý.","Điểm d Khoản 3, Khoản 13 Điều 7 Nghị định 168/2024/NĐ-CP. Điểm b Khoản 5, Điểm a Khoản 16 Điều 6 Nghị định 168/2024/NĐ-CP. Điều 48; Khoản 12 Điều 47 Nghị định 168/2024/NĐ-CP.",False,Không thể tạo câu trả lời.,"['36-2024-QH15:d13', '36-2024-QH15:d15', '36-2024-QH15:d22', '168-2024-ND-CP:d6', '168-2024-ND-CP:d7', '168-2024-ND-CP:d8', '168-2024-ND-CP:d47', '36-2024-QH15:d12', '36-2024-QH15:d66', '168-2024-ND-CP:d52', '168-2024-ND-CP:d4', '59-2020-QH14:d206', '168-2024-ND-CP:d13', '168-2024-ND-CP:d34', '168-2024-ND-CP:d16', '100-2019-ND-CP:d64', '168-2024-ND-CP:d46', '59-2020-QH14:d16', '36-2024-QH15:d58', '168-2025-ND:d85', '168-2024-ND-CP:d5', '100-2019-ND-CP:d80', '100-2019-ND-CP:d78', '100-2019-ND-CP:d1', '100-2019-ND-CP:d27', '168-2024-ND-CP:d1', '100-2019-ND-CP:d82', '168-2024-ND-CP:d48', '168-2024-ND-CP:d9', '168-2024-ND-CP:d2', '100-2019-ND-CP:d16', '100-2019-ND-CP:d50']","['36-2024-QH15:d13', '36-2024-QH15:d15', '36-2024-QH15:d22', '168-2024-ND-CP:d6', '168-2024-ND-CP:d7', '168-2024-ND-CP:d8', '168-2024-ND-CP:d47']","['168-2024-ND-CP:d47', '168-2024-ND-CP:d7', '36-2024-QH15:d13', '36-2024-QH15:d15', '36-2024-QH15:d22', '36-2024-QH15:d12', '36-2024-QH15:d66', '168-2024-ND-CP:d52', '168-2024-ND-CP:d4', '59-2020-QH14:d206', '168-2024-ND-CP:d13', '168-2024-ND-CP:d34', '168-2024-ND-CP:d16', '100-2019-ND-CP:d64', '168-2024-ND-CP:d46', '59-2020-QH14:d16', '36-2024-QH15:d58', '168-2025-ND:d85', '168-2024-ND-CP:d5', '100-2019-ND-CP:d80', '100-2019-ND-CP:d78', '100-2019-ND-CP:d1', '100-2019-ND-CP:d27', '168-2024-ND-CP:d1', '100-2019-ND-CP:d82', '168-2024-ND-CP:d48', '168-2024-ND-CP:d9', '168-2024-ND-CP:d2', '100-2019-ND-CP:d16', '100-2019-ND-CP:d50']",0.0,0,0.0,0,0.0,1,0.5,1,0.75,1,0.75,1,1.0,0.25
409,quy tắc giao thông đường bộ,"Các bác giải đáp giúp e, e di chuyển lúc đèn xanh còn 16 giây, tự dưng xe trước e đứng lại làm xe e cũng dừng theo, bánh trước xe e đã qua vạch dừng, vai e song song với cây đèn (do thùng xe tải e dài nên khoảng 60% chiều dài xe vẫn còn trong vạch dừng), e vướng ở đó cho đến hết đèn xanh qua tận đèn đỏ vài giây thì xe trước nó mới di chuyển (do trước xe đó có 1 xe khác đang quẹo trái), e cũng nối đuôi chạy tiếp luôn trong khi đèn đang đỏ thì có bị phạt vượt đèn đỏ không ạ (vị trí e bị vướng hết cây đèn xanh có trong phần cốt, mong các bác chỉ bảo), thank các bác ","['168-2024-ND-CP:d7', '36-2024-QH15:d11', '36-2024-QH15:d12', '36-2024-QH15:d13']",4,"Dựa trên các nguồn tài liệu được cung cấp, dưới đây là thông tin giải đáp cho trường hợp của bạn:
• Quy định về đèn đỏ: Tín hiệu đèn đỏ là cấm đi. Mặc dù bánh trước xe của bạn đã qua vạch dừng từ lúc đèn xanh, nhưng sau đó xe đã dừng lại; hành động bạn khởi hành và tiếp tục di chuyển (""nối đuôi chạy tiếp"") trong lúc đèn đang đỏ đã vi phạm hiệu lệnh cấm đi của đèn tín hiệu giao thông.
• Ngoại lệ khi chuyển màu tín hiệu: Theo quy định, chỉ trường hợp xe đang đi trên vạch dừng hoặc đã đi qua vạch dừng tại thời điểm đèn chuyển sang màu vàng thì mới được phép đi tiếp. Nguồn tài liệu không có quy định cho phép xe dừng lại rồi tiếp tục khởi hành khi đèn đã chuyển sang màu đỏ.
• Trách nhiệm về khoảng cách an toàn: Người lái xe phải giữ khoảng cách an toàn tối thiểu với xe phía trước để đảm bảo có đủ thời gian và không gian xử lý tình huống, tránh việc bị kẹt lại giữa nút giao khi tín hiệu đèn thay đổi.
• Nghĩa vụ quan sát: Khi đến nơi đường giao nhau, người điều khiển phương tiện có trách nhiệm phải quan sát và giảm tốc độ để bảo đảm an toàn.","Khoản 1, Khoản 4 Điều 11; Khoản 1, Khoản 2, Điểm d Khoản 3 Điều 12; Khoản 2 Điều 13 Luật Trật tự, an toàn giao thông đường bộ 2024. Điểm b Khoản 9 Điều 6 Nghị định 168/2024/NĐ-CP.",False,"Tôi hiểu rõ tình huống khó xử của anh/chị. Dựa trên quy định pháp luật, đây là vấn đề cần phân tích kỹ:

## Phân tích Pháp Lý

**Về hành động nối đuôi xe khi đèn đỏ:**

Theo Điều 7 Khoản 7 Điểm c Nghị định 168/2024/NĐ-CP, ""Không chấp hành hiệu lệnh của đèn tín hiệu giao thông"" là hành vi vi phạm bị phạt tiền từ 4.000.000 đồng đến 6.000.000 đồng.

**Tuy nhiên, tình huống của anh/chị có các yếu tố đặc biệt:**

1. **Anh/chị đã tuân thủ ban đầu**: Anh/chị dừng lại khi đèn còn xanh, điều này cho thấy ý thức tuân thủ luật.

2. **Bất cấp buộc khách quan**: Anh/chị bị kẹt trong giao lộ do xe trước cản, không phải vì sơ suất của anh/chị. Theo Điều 12 Khoản 2 Luật Giao thông 36/2024/QH15, người lái xe phải ""bảo đảm tốc độ phù hợp điều kiện của cầu, đường, mật độ giao thông"" — trong trường hợp này, điều kiện giao thông bắt buộc anh/chị phải di chuyển khi xe trước di chuyển để tránh cản trở giao thông.

## Khả Năng Không Bị Phạt

Anh/chị có lập luận chính đáng để:
- **Không bị phạt** nếu có bằng chứng (camera giám sát, nhân chứng, vị trí địa lý giao lộ) cho thấy anh/chị bị bắt buộc phải nối đuôi để thoát khỏi giao lộ
- **Khiếu nại** nếu bị lập biên bản, vì hành vi của anh/chị không mang tính chủ ý vi phạm mà là cần thiết cho an toàn giao thông

## Lời Khuyên

Nếu bị xử phạt, anh/chị nên:
- Giữ lại video, hình ảnh hoặc bằng chứng về vị trí, điều kiện giao lộ
- Khiếu nại quyết định phạt với cơ quan cảnh sát giao thông, nêu rõ tình huống bất cấp buộc
- Liên hệ luật sư để được hỗ trợ khiếu nại nếu cần

---

**Căn cứ pháp lý:** Điều 7 Khoản 7 Điểm c Nghị định 168/2024/NĐ-CP; Điều 12 Khoản 2-3 Luật Giao thông đường bộ 36/2024/QH15","['36-2024-QH15:d11', '36-2024-QH15:d12', '36-2024-QH15:d18', '168-2024-ND-CP:d6', '168-2024-ND-CP:d21', '168-2024-ND-CP:d7', '100-2019-ND-CP:d24', '36-2024-QH15:d24', '36-2024-QH15:d39', '100-2019-ND-CP:d4', '100-2019-ND-CP:d51', '100-2019-ND-CP:d53', '168-2024-ND-CP:d18', '36-2024-QH15:d69', '100-2019-ND-CP:d59', '100-2019-ND-CP:d15', '100-2019-ND-CP:d32', '100-2019-ND-CP:d23', '100-2019-ND-CP:d54', '36-2024-QH15:d19', '168-2024-ND-CP:d48', '168-2024-ND-CP:d32', '100-2019-ND-CP:d16', '36-2024-QH15:d62', '36-2024-QH15:d31', '100-2019-ND-CP:d21', '100-2019-ND-CP:d47', '100-2019-ND-CP:d31', '168-2024-ND-CP:d51', '168-2024-ND-CP:d13', '100-2019-ND-CP:d8']","['36-2024-QH15:d11', '36-2024-QH15:d12', '36-2024-QH15:d18', '168-2024-ND-CP:d6', '168-2024-ND-CP:d21']","['36-2024-QH15:d11', '168-2024-ND-CP:d21', '168-2024-ND-CP:d7', '36-2024-QH15:d12', '36-2024-QH15:d18', '100-2019-ND-CP:d24', '36-2024-QH15:d24', '36-2024-QH15:d39', '100-2019-ND-CP:d4', '100-2019-ND-CP:d51', '100-2019-ND-CP:d53', '168-2024-ND-CP:d18', '36-2024-QH15:d69', '100-2019-ND-CP:d59', '100-2019-ND-CP:d15', '100-2019-ND-CP:d32', '100-2019-ND-CP:d23', '100-2019-ND-CP:d54', '36-2024-QH15:d19', '168-2024-ND-CP:d48', '168-2024-ND-CP:d32', '100-2019-ND-CP:d16', '36-2024-QH15:d62', '36-2024-QH15:d31', '100-2019-ND-CP:d21', '100-2019-ND-CP:d47', '100-2019-ND-CP:d31', '168-2024-ND-CP:d51', '168-2024-ND-CP:d13', '100-2019-ND-CP:d8']",0.85,1,0.25,1,0.5,1,0.5,1,0.75,1,0.75,1,0.75,1.0
410,thông tin liên hệ cơ quan chức năng,"Các bác có ai ở Thanh Hoá k ạ
Trước đây em bị CSGT huyện Như Xuân bắt, cho em hỏi trụ sở hiện tại chuyển về đâu ạ, em cảm ơn","['168-2024-ND-CP:d41', '168-2024-ND-CP:d43']",2,,,False,Không thể tạo câu trả lời.,"['168-2025-ND:d87', '59-2020-QH14:d197', '168-2025-ND:d116', '59-2020-QH14:d30', '59-2020-QH14:d83', '59-2020-QH14:d149', '36-2024-QH15:d49', '168-2024-ND-CP:d47', '100-2019-ND-CP:d5', '168-2024-ND-CP:d27', '100-2019-ND-CP:d77', '168-2024-ND-CP:d44', '168-2024-ND-CP:d8', '100-2019-ND-CP:d6', '168-2024-ND-CP:d21', '168-2024-ND-CP:d20', '100-2019-ND-CP:d49', '168-2024-ND-CP:d9', '36-2024-QH15:d51', '100-2019-ND-CP:d15', '36-2024-QH15:d80', '168-2024-ND-CP:d40', '100-2019-ND-CP:d16', '100-2019-ND-CP:d53', '36-2024-QH15:d46', '168-2024-ND-CP:d41', '36-2024-QH15:d39', '100-2019-ND-CP:d17', '36-2024-QH15:d4', '100-2019-ND-CP:d26']",[],"['168-2025-ND:d87', '59-2020-QH14:d197', '168-2025-ND:d116', '59-2020-QH14:d30', '59-2020-QH14:d83', '59-2020-QH14:d149', '36-2024-QH15:d49', '168-2024-ND-CP:d47', '100-2019-ND-CP:d5', '168-2024-ND-CP:d27', '100-2019-ND-CP:d77', '168-2024-ND-CP:d44', '168-2024-ND-CP:d8', '100-2019-ND-CP:d6', '168-2024-ND-CP:d21', '168-2024-ND-CP:d20', '100-2019-ND-CP:d49', '168-2024-ND-CP:d9', '36-2024-QH15:d51', '100-2019-ND-CP:d15', '36-2024-QH15:d80', '168-2024-ND-CP:d40', '100-2019-ND-CP:d16', '100-2019-ND-CP:d53', '36-2024-QH15:d46', '168-2024-ND-CP:d41', '36-2024-QH15:d39', '100-2019-ND-CP:d17', '36-2024-QH15:d4', '100-2019-ND-CP:d26']",0.0,0,0.0,0,0.0,0,0.0,0,0.0,0,0.0,1,0.5,0.0385
411,xử phạt vi phạm hành chính giao thông,"Mình đi xe máy lên cầu vượt dành cho ô tô, thêm ko bằng lái, có giấy tờ xe nhưng k phải chính chủ mà của người chủ trước lâu lắc rồi, họ có lập biên bản giam xe, ghi tên ngày sinh mình (ko ghi số cccd) và thông tin của xe ,mình đã ký.
Nhiêu đó thì phạt khoảng bao nhiêu vậy mọi người?
Xe đời 2010, nếu tiền phạt cao quá, bỏ xe thì có sao ko?","['168-2024-ND-CP:d18', '168-2024-ND-CP:d32', '168-2024-ND-CP:d47', '168-2024-ND-CP:d48', '168-2024-ND-CP:d7', '36-2024-QH15:d13']",6,"Dựa trên các nguồn tài liệu được cung cấp, dưới đây là thông tin trả lời cho trường hợp của bạn:
1. Mức phạt tiền dự kiến (Tổng cộng khoảng từ 3.200.000 VNĐ đến 5.600.000 VNĐ): Với các hành vi bạn mô tả, mức phạt được quy định như sau (áp dụng cho cá nhân điều khiển xe mô tô dưới 125cm3):
• Đi xe máy vào đường có biển báo cấm phương tiện đang điều khiển (cầu vượt dành cho ô tô): Phạt tiền từ 400.000 đồng đến 600.000 đồng.
• Không có Giấy phép lái xe: Phạt tiền từ 2.000.000 đồng đến 4.000.000 đồng. (Nếu xe trên 125cm3, mức phạt từ 6.000.000 đồng đến 8.000.000 đồng).
• Không làm thủ tục đăng ký sang tên xe theo quy định: Phạt tiền từ 800.000 đồng đến 1.000.000 đồng.
• Về việc tạm giữ xe: Người có thẩm quyền được phép tạm giữ phương tiện để ngăn chặn ngay hành vi vi phạm hành chính đối với lỗi không có Giấy phép lái xe.
2. Hệ lụy nếu bỏ xe, không nộp phạt:
• Bị chặn các thủ tục hành chính về sau: Cơ quan chức năng chưa thực hiện việc cấp mới, đổi, cấp lại giấy phép lái xe đối với người vi phạm nếu người đó chưa thực hiện xong các yêu cầu của cơ quan nhà nước có thẩm quyền về giải quyết vụ việc vi phạm hành chính liên quan.
• Cảnh báo trên hệ thống quản lý: Khi quá thời hạn hẹn giải quyết hoặc quá thời hạn nộp phạt, thông báo sẽ được gửi đến cơ quan đăng ký xe và cơ quan cấp giấy phép lái xe. Hệ thống sẽ không giải quyết việc đăng ký phương tiện mới hoặc cấp giấy phép lái xe cho bạn cho đến khi vụ việc được giải quyết xong.
• Thu hồi giấy phép (nếu có): Nếu giấy phép lái xe đã quá thời hạn tạm giữ mà người vi phạm không đến nhận (không có lý do chính đáng) thì sẽ bị thu hồi.
• Niên hạn sử dụng: Đối với xe mô tô, xe gắn máy, pháp luật hiện hành không áp dụng niên hạn sử dụng.","Khoản 4, Khoản 5 Điều 62; Khoản 3 Điều 40 Luật Trật tự, an toàn giao thông đường bộ 2024. Điểm i Khoản 3 Điều 7; Điểm a Khoản 5, Điểm b Khoản 7 Điều 18; Điểm a Khoản 3 Điều 32; Khoản 11, Khoản 12 Điều 47; Khoản 1 Điều 48 Nghị định 168/2024/NĐ-CP",False,Không thể tạo câu trả lời.,"['36-2024-QH15:d33', '36-2024-QH15:d25', '36-2024-QH15:d56', '36-2024-QH15:d62', '168-2024-ND-CP:d6', '168-2024-ND-CP:d7', '168-2024-ND-CP:d8', '36-2024-QH15:d12', '36-2024-QH15:d66', '168-2024-ND-CP:d48', '168-2025-ND:d78', '100-2019-ND-CP:d82', '100-2019-ND-CP:d51', '100-2019-ND-CP:d2', '168-2024-ND-CP:d2', '36-2024-QH15:d30', '59-2020-QH14:d150', '168-2024-ND-CP:d46', '100-2019-ND-CP:d81', '100-2019-ND-CP:d16', '36-2024-QH15:d9', '36-2024-QH15:d39', '36-2024-QH15:d7', '36-2024-QH15:d34', '47-2021-ND:d2', '01-2021-ND:d99', '168-2025-ND:d58', '36-2024-QH15:d5', '168-2024-ND-CP:d34', '36-2024-QH15:d49', '100-2019-ND-CP:d45', '168-2024-ND-CP:d29']","['36-2024-QH15:d33', '36-2024-QH15:d25', '36-2024-QH15:d56', '36-2024-QH15:d62', '168-2024-ND-CP:d6', '168-2024-ND-CP:d7', '168-2024-ND-CP:d8']","['36-2024-QH15:d33', '36-2024-QH15:d56', '168-2024-ND-CP:d8', '36-2024-QH15:d25', '36-2024-QH15:d62', '36-2024-QH15:d12', '36-2024-QH15:d66', '168-2024-ND-CP:d48', '168-2025-ND:d78', '100-2019-ND-CP:d82', '100-2019-ND-CP:d51', '100-2019-ND-CP:d2', '168-2024-ND-CP:d2', '36-2024-QH15:d30', '59-2020-QH14:d150', '168-2024-ND-CP:d46', '100-2019-ND-CP:d81', '100-2019-ND-CP:d16', '36-2024-QH15:d9', '36-2024-QH15:d39', '36-2024-QH15:d7', '36-2024-QH15:d34', '47-2021-ND:d2', '01-2021-ND:d99', '168-2025-ND:d58', '36-2024-QH15:d5', '168-2024-ND-CP:d34', '36-2024-QH15:d49', '100-2019-ND-CP:d45', '168-2024-ND-CP:d29']",0.0,0,0.0,0,0.0,0,0.0,1,0.3333,1,0.3333,1,0.3333,0.1667
412,thủ tục hành chính giao thông,Mình bị giữ bằng từ tháng 1 giờ muốn tra cứu bằng ở đâu để đến nộp phạt làm thế nào .Ai biết chỉ mình với .Bằng xe máy ạ,"['168-2024-ND-CP:d47', '168-2024-ND-CP:d48']",2,,,False,Không thể tạo câu trả lời.,"['168-2024-ND-CP:d6', '168-2024-ND-CP:d7', '168-2024-ND-CP:d8', '168-2024-ND-CP:d43', '168-2024-ND-CP:d47', '168-2024-ND-CP:d48', '168-2024-ND-CP:d49', '36-2024-QH15:d12', '36-2024-QH15:d66', '36-2024-QH15:d34', '36-2024-QH15:d7', '36-2024-QH15:d42', '168-2025-ND:d122', '100-2019-ND-CP:d6', '100-2019-ND-CP:d11', '36-2024-QH15:d65', '36-2024-QH15:d40', '100-2019-ND-CP:d22', '100-2019-ND-CP:d34', '168-2024-ND-CP:d16', '36-2024-QH15:d56', '100-2019-ND-CP:d21', '36-2024-QH15:d63', '36-2024-QH15:d9', '168-2024-ND-CP:d2', '36-2024-QH15:d62', '36-2024-QH15:d89', '168-2024-ND-CP:d12', '100-2019-ND-CP:d25', '100-2019-ND-CP:d23', '168-2024-ND-CP:d32', '100-2019-ND-CP:d28']","['168-2024-ND-CP:d6', '168-2024-ND-CP:d7', '168-2024-ND-CP:d8', '168-2024-ND-CP:d43', '168-2024-ND-CP:d47', '168-2024-ND-CP:d48', '168-2024-ND-CP:d49']","['168-2024-ND-CP:d8', '168-2024-ND-CP:d43', '168-2024-ND-CP:d47', '168-2024-ND-CP:d48', '168-2024-ND-CP:d49', '36-2024-QH15:d12', '36-2024-QH15:d66', '36-2024-QH15:d34', '36-2024-QH15:d7', '36-2024-QH15:d42', '168-2025-ND:d122', '100-2019-ND-CP:d6', '100-2019-ND-CP:d11', '36-2024-QH15:d65', '36-2024-QH15:d40', '100-2019-ND-CP:d22', '100-2019-ND-CP:d34', '168-2024-ND-CP:d16', '36-2024-QH15:d56', '100-2019-ND-CP:d21', '36-2024-QH15:d63', '36-2024-QH15:d9', '168-2024-ND-CP:d2', '36-2024-QH15:d62', '36-2024-QH15:d89', '168-2024-ND-CP:d12', '100-2019-ND-CP:d25', '100-2019-ND-CP:d23', '168-2024-ND-CP:d32', '100-2019-ND-CP:d28']",0.0,0,0.0,0,0.0,1,0.5,1,1.0,1,1.0,1,1.0,0.2
413,thủ tục hành chính giao thông,"Mấy anh cho e hỏi
E bị giam bằng lái xe 2 bánh lỗi là 350k
Mà giam 3 năm rồi e chưa lấy ra thì tính phạt thế ntn vậy
E cảm ơn","['168-2024-ND-CP:d4', '168-2024-ND-CP:d47', '36-2024-QH15:d62']",3,"Dựa trên các nguồn tài liệu được cung cấp, dưới đây là các thông tin liên quan đến trường hợp của bạn:
• Tình trạng Giấy phép lái xe (GPLX): GPLX của bạn thuộc trường hợp bị thu hồi do đã quá thời hạn tạm giữ hoặc hết thời hiệu thi hành quyết định xử phạt (thời hiệu xử phạt là 01 năm) mà người vi phạm không đến nhận và không có lý do chính đáng,.
• Hạn chế thủ tục hành chính: Cơ quan chức năng chưa giải quyết việc cấp mới, đổi hoặc cấp lại giấy phép lái xe đối với người vi phạm nếu người đó chưa thực hiện xong các yêu cầu về giải quyết vụ việc vi phạm hành chính liên quan,.
• Thông báo vi phạm: Khi bạn chưa chấp hành quyết định xử phạt, người có thẩm quyền sẽ gửi thông báo cho cơ quan cấp GPLX để tra cứu dữ liệu và chặn các thủ tục cấp mới, cấp đổi của bạn trên hệ thống,.
• Về việc tính tiền phạt: Các nguồn tài liệu được cung cấp không có thông tin về công thức hoặc cách tính số tiền nộp chậm (tiền lãi) phát sinh sau 3 năm đối với mức phạt gốc 350.000 đồng.","Khoản 4, Khoản 5 Điều 62 Luật Trật tự, an toàn giao thông đường bộ 2024. Khoản 1 Điều 4; Khoản 11 Điều 47 Nghị định 168/2024/NĐ-CP.",False,Không thể tạo câu trả lời.,"['168-2024-ND-CP:d5', '168-2024-ND-CP:d3', '168-2024-ND-CP:d1', '168-2024-ND-CP:d18', '168-2024-ND-CP:d7', '168-2024-ND-CP:d47', '168-2024-ND-CP:d50', '36-2024-QH15:d12', '36-2024-QH15:d66', '36-2024-QH15:d89', '36-2024-QH15:d62', '100-2019-ND-CP:d28', '59-2020-QH14:d153', '36-2024-QH15:d60', '36-2024-QH15:d61', '36-2024-QH15:d57', '100-2019-ND-CP:d21', '100-2019-ND-CP:d37', '168-2024-ND-CP:d51', '168-2024-ND-CP:d39', '168-2024-ND-CP:d2', '36-2024-QH15:d6', '36-2024-QH15:d64', '36-2024-QH15:d63', '36-2024-QH15:d7', '36-2024-QH15:d56', '36-2024-QH15:d28', '100-2019-ND-CP:d25', '59-2020-QH14:d116', '100-2019-ND-CP:d32', '36-2024-QH15:d33']","['168-2024-ND-CP:d5', '168-2024-ND-CP:d3', '168-2024-ND-CP:d1', '168-2024-ND-CP:d18', '168-2024-ND-CP:d7', '168-2024-ND-CP:d47', '168-2024-ND-CP:d50']","['168-2024-ND-CP:d18', '168-2024-ND-CP:d50', '168-2024-ND-CP:d47', '168-2024-ND-CP:d5', '168-2024-ND-CP:d3', '168-2024-ND-CP:d1', '36-2024-QH15:d12', '36-2024-QH15:d66', '36-2024-QH15:d89', '36-2024-QH15:d62', '100-2019-ND-CP:d28', '59-2020-QH14:d153', '36-2024-QH15:d60', '36-2024-QH15:d61', '36-2024-QH15:d57', '100-2019-ND-CP:d21', '100-2019-ND-CP:d37', '168-2024-ND-CP:d51', '168-2024-ND-CP:d39', '168-2024-ND-CP:d2', '36-2024-QH15:d6', '36-2024-QH15:d64', '36-2024-QH15:d63', '36-2024-QH15:d7', '36-2024-QH15:d56', '36-2024-QH15:d28', '100-2019-ND-CP:d25', '59-2020-QH14:d116', '100-2019-ND-CP:d32', '36-2024-QH15:d33']",0.0,0,0.0,0,0.0,0,0.0,1,0.3333,1,0.6667,1,0.6667,0.1667
414,thủ tục hành chính giao thông,cho em hỏi làm sao để nhận được mã số quyết định xử phạt vậy ạ e mới lập biên bản hôm nay mà thanh toán online em ko có số quyết định xử phạt trong biên bản,['168-2024-ND-CP:d47'],1,,,False,Không thể tạo câu trả lời.,"['168-2024-ND-CP:d46', '168-2024-ND-CP:d47', '168-2024-ND-CP:d41', '100-2019-ND-CP:d74', '100-2019-ND-CP:d75', '100-2019-ND-CP:d76', '168-2024-ND-CP:d27', '168-2024-ND-CP:d16', '168-2024-ND-CP:d2', '168-2024-ND-CP:d4', '168-2024-ND-CP:d52', '100-2019-ND-CP:d2', '59-2020-QH14:d150', '36-2024-QH15:d62', '100-2019-ND-CP:d82', '01-2021-ND:d53', '100-2019-ND-CP:d81', '01-2021-ND:d8', '59-2020-QH14:d110', '36-2024-QH15:d40', '01-2021-ND:d99', '168-2025-ND:d58', '168-2024-ND-CP:d5', '100-2019-ND-CP:d80', '168-2025-ND:d97', '100-2019-ND-CP:d64', '23-2022-ND:d19', '168-2025-ND:d116', '89-2024-ND:d7', '01-2021-ND:d37']","['168-2024-ND-CP:d46', '168-2024-ND-CP:d47', '168-2024-ND-CP:d41', '100-2019-ND-CP:d74', '100-2019-ND-CP:d75', '100-2019-ND-CP:d76']","['168-2024-ND-CP:d46', '168-2024-ND-CP:d47', '100-2019-ND-CP:d76', '168-2024-ND-CP:d41', '100-2019-ND-CP:d74', '100-2019-ND-CP:d75', '168-2024-ND-CP:d27', '168-2024-ND-CP:d16', '168-2024-ND-CP:d2', '168-2024-ND-CP:d4', '168-2024-ND-CP:d52', '100-2019-ND-CP:d2', '59-2020-QH14:d150', '36-2024-QH15:d62', '100-2019-ND-CP:d82', '01-2021-ND:d53', '100-2019-ND-CP:d81', '01-2021-ND:d8', '59-2020-QH14:d110', '36-2024-QH15:d40', '01-2021-ND:d99', '168-2025-ND:d58', '168-2024-ND-CP:d5', '100-2019-ND-CP:d80', '168-2025-ND:d97', '100-2019-ND-CP:d64', '23-2022-ND:d19', '168-2025-ND:d116', '89-2024-ND:d7', '01-2021-ND:d37']",0.0,0,0.0,1,1.0,1,1.0,1,1.0,1,1.0,1,1.0,0.5
415,thủ tục hành chính giao thông,"Các bác cho em hỏi với ạ
E vi phạm tốc độ nhưng đã quá thời hạn nộp phạt giờ em phải làm thế nào để xử lý ạ
Em bị phạt ở Lạng Sơn nhưng giờ đang ở Hà Nội ạ
Em cảm ơn các bác","['168-2024-ND-CP:d4', '168-2024-ND-CP:d47']",2,,,False,Không thể tạo câu trả lời.,"['36-2024-QH15:d12', '168-2024-ND-CP:d6', '168-2024-ND-CP:d7', '168-2024-ND-CP:d8', '168-2024-ND-CP:d41', '168-2024-ND-CP:d47', '168-2024-ND-CP:d42', '36-2024-QH15:d66', '168-2024-ND-CP:d37', '100-2019-ND-CP:d82', '59-2020-QH14:d211', '168-2025-ND:d60', '168-2024-ND-CP:d4', '100-2019-ND-CP:d58', '100-2019-ND-CP:d16', '100-2019-ND-CP:d73', '100-2019-ND-CP:d35', '100-2019-ND-CP:d24', '36-2024-QH15:d27', '100-2019-ND-CP:d25', '168-2024-ND-CP:d32', '100-2019-ND-CP:d13', '01-2021-ND:d71', '100-2019-ND-CP:d63', '168-2024-ND-CP:d21', '168-2024-ND-CP:d5', '168-2024-ND-CP:d2', '36-2024-QH15:d62', '36-2024-QH15:d57', '100-2019-ND-CP:d41', '01-2021-ND:d28', '36-2024-QH15:d3']","['36-2024-QH15:d12', '168-2024-ND-CP:d6', '168-2024-ND-CP:d7', '168-2024-ND-CP:d8', '168-2024-ND-CP:d41', '168-2024-ND-CP:d47', '168-2024-ND-CP:d42']","['36-2024-QH15:d12', '168-2024-ND-CP:d7', '168-2024-ND-CP:d47', '168-2024-ND-CP:d41', '168-2024-ND-CP:d42', '36-2024-QH15:d66', '168-2024-ND-CP:d37', '100-2019-ND-CP:d82', '59-2020-QH14:d211', '168-2025-ND:d60', '168-2024-ND-CP:d4', '100-2019-ND-CP:d58', '100-2019-ND-CP:d16', '100-2019-ND-CP:d73', '100-2019-ND-CP:d35', '100-2019-ND-CP:d24', '36-2024-QH15:d27', '100-2019-ND-CP:d25', '168-2024-ND-CP:d32', '100-2019-ND-CP:d13', '01-2021-ND:d71', '100-2019-ND-CP:d63', '168-2024-ND-CP:d21', '168-2024-ND-CP:d5', '168-2024-ND-CP:d2', '36-2024-QH15:d62', '36-2024-QH15:d57', '100-2019-ND-CP:d41', '01-2021-ND:d28', '36-2024-QH15:d3']",0.0,0,0.0,0,0.0,0,0.0,1,0.5,1,1.0,1,1.0,0.1667
416,thủ tục hành chính giao thông,"Chào các bác hôm nay em có đi qua đoạn bắc ninh bị mấy anh CSGT tuýt lỗi quá tốc độ cụ thể đoạn được trong khu dân cư chỉ được đi 50km/h em đi 57km/h bị cái biên bản phạt 1tr. phạt em chấp nhận nhưng nhà em ở mãi dưới hạ long em có hỏi em có thể nộp phạt online đc không thì mấy anh bảo không được phải đến CSGT Bắc ninh để nộp vậy xin hỏi các bác như này có đúng không và liệu có thể nộp phạt online được không chứ mấy anh CSGT bắt em 7 ngày sau phải quay lại tỉnh bắc ninh để nộp em thấy lản quá, 1 tiền gà 3 tiền thóc công đi lại quá tội ạ. bác nào có kinh nghiệm nộp phạt rồi cho em xin kinh nghiệm với ạ. em cảm ơn ạ.","['168-2024-ND-CP:d6', '36-2024-QH15:d12', '36-2024-QH15:d66']",3,,,False,"# Tư vấn pháp luật về lỗi vượt tốc độ

Xin chào anh/chị. Tôi sẽ giúp bạn làm rõ vấn đề này dựa trên pháp luật hiện hành.

## 1. Mức phạt 1 triệu đồng là **hoàn toàn đúng**

Anh/chị đi 57 km/h trong khu dân cư chỉ được 50 km/h, tức **vượt tốc độ 7 km/h**.

Căn cứ vào Điều 5 khoản 3 Nghị định 100/2019/ND-CP:

> ""Phạt tiền từ 800.000 đồng đến 1.000.000 đồng đối với người điều khiển xe thực hiện một trong các hành vi vi phạm sau đây: **Điều khiển xe chạy quá tốc độ quy định từ 05 km/h đến dưới 10 km/h**""

Vì vậy, mức phạt 1 triệu đồng nằm **hoàn toàn trong khung phạt quy định** - anh/chị chấp nhận là đúng.

## 2. Về việc nộp phạt online hay nơi nộp phạt

**Tôi xin lỗi, tôi không tìm thấy quy định pháp luật liên quan** trong các tài liệu hiện có. Các quy định được cung cấp chỉ nêu rõ mức phạt và thẩm quyền xử phạt, nhưng không quy định chi tiết về:
- Địa điểm nộp phạt
- Có được nộp online hay không
- Các hình thức nộp phạt được phép

**Đề nghị của tôi:** Anh/chị nên liên hệ trực tiếp với:
- **Cảnh sát giao thông Bắc Ninh** (nơi phát biểu) để xác nhận yêu cầu của họ
- **Hoặc Sở Giao thông vận tải nơi anh/chị đang cư trú** để hỏi có thể nộp phạt qua đường tele-banking/online được không

---

**Căn cứ pháp lý:** Điều 5 khoản 3 Nghị định 100/2019/ND-CP","['168-2024-ND-CP:d7', '168-2024-ND-CP:d46', '168-2024-ND-CP:d47', '36-2024-QH15:d12', '36-2024-QH15:d66', '100-2019-ND-CP:d5', '100-2019-ND-CP:d26', '100-2019-ND-CP:d6', '59-2020-QH14:d150', '100-2019-ND-CP:d66', '168-2024-ND-CP:d8', '100-2019-ND-CP:d41', '36-2024-QH15:d27', '100-2019-ND-CP:d34', '168-2024-ND-CP:d35', '36-2024-QH15:d21', '01-2021-ND:d99', '168-2025-ND:d58', '59-2020-QH14:d206', '100-2019-ND-CP:d45', '100-2019-ND-CP:d4', '168-2024-ND-CP:d2', '01-2021-ND:d70', '89-2024-ND:d7', '23-2022-ND:d51', '59-2020-QH14:d35', '168-2025-ND:d14', '23-2022-ND:d52', '36-2024-QH15:d53', '100-2019-ND-CP:d29']","['168-2024-ND-CP:d7', '168-2024-ND-CP:d46', '168-2024-ND-CP:d47']","['168-2024-ND-CP:d7', '168-2024-ND-CP:d46', '36-2024-QH15:d12', '168-2024-ND-CP:d47', '36-2024-QH15:d66', '100-2019-ND-CP:d5', '100-2019-ND-CP:d26', '100-2019-ND-CP:d6', '59-2020-QH14:d150', '100-2019-ND-CP:d66', '168-2024-ND-CP:d8', '100-2019-ND-CP:d41', '36-2024-QH15:d27', '100-2019-ND-CP:d34', '168-2024-ND-CP:d35', '36-2024-QH15:d21', '01-2021-ND:d99', '168-2025-ND:d58', '59-2020-QH14:d206', '100-2019-ND-CP:d45', '100-2019-ND-CP:d4', '168-2024-ND-CP:d2', '01-2021-ND:d70', '89-2024-ND:d7', '23-2022-ND:d51', '59-2020-QH14:d35', '168-2025-ND:d14', '23-2022-ND:d52', '36-2024-QH15:d53', '100-2019-ND-CP:d29']",0.85,0,0.0,0,0.0,1,0.6667,1,0.6667,1,0.6667,1,0.6667,0.25
417,xử phạt vi phạm hành chính giao thông,"Em mới bị csgt bắt trên đường, em vượt đèn vàng bị đuổi theo tấp vô, em năn nỉ nma chú không để ý mà kêu em mở vneid lên chụp giấy tờ của em rồi nói em là 5tr trừ 4 điểm. Rồi chú kêu đi đi, em đứng năn nỉ mà chú đi luôn. Vậy em có bị gửi biên bản về nhà không ạ hay em phải lên kho bạc đóng ạ, và đóng trễ có sao không ạ vì em là sinh viên đi làm 3 tháng em mới gom đủ được tiền ạ ","['168-2024-ND-CP:d7', '36-2024-QH15:d10', '36-2024-QH15:d11']",3,,,False,"# Tư vấn pháp luật giao thông đường bộ

Tình huống của em có một số điểm đáng chú ý về quy trình xử phạt. Dưới đây là phân tích chi tiết:

## 1. Mức phạt không hợp pháp

Hành vi vượt đèn vàng của em là vi phạm theo quy định. Tuy nhiên, **mức phạt 5 triệu đồng mà CSGT nói không tuân thủ quy định pháp luật**. Căn cứ vào Điều 6 Nghị định 168/2024/ND-CP, hành vi ""không chấp hành hiệu lệnh, chỉ dẫn của biển báo hiệu, vạch kẻ đường"" chỉ bị phạt từ **400.000 đến 600.000 đồng**, không phải 5 triệu.

Hơn nữa, theo Điều 43 Nghị định 168/2024/ND-CP, chiến sĩ Công an nhân dân chỉ có quyền phạt tiền tối đa **500.000 đồng**. Chỉ những chức danh cao hơn (Trưởng trạm, Trưởng đồn) mới có thẩm quyền phạt lên đến 1,5-2,5 triệu đồng, nhưng vẫn không đến 5 triệu.

## 2. Vấn đề thiếu biên bản

Đây là vấn đề then chốt. Theo Điều 47 Nghị định 168/2024/ND-CP: *""Trong trường hợp chủ phương tiện vi phạm có mặt tại nơi xảy ra vi phạm thì người có thẩm quyền căn cứ vào hành vi vi phạm để **lập biên bản vi phạm hành chính** và tiến hành xử phạt""*. 

Nói cách khác, **việc lập biên bản là bắt buộc**, không phải tùy chọn. CSGT không được phép chỉ chụp giấy tờ rồi bỏ đi mà không lập biên bản.

## 3. Về gửi biên bản và nộp tiền

- **Nếu CSGT không lập biên bản**: Trong trường hợp lý tưởng, vì không có biên bản, em không bị bắt buộc phải nộp tiền. Tuy nhiên, em nên chủ động theo dõi xem có biên bản được gửi về sau này không.

- **Nếu sau này em nhận được biên bản**: Em phải nộp tiền vào **kho bạc nhà nước**, không phải trực tiếp cho CSGT. Thời hạn nộp thường là 30 ngày kể từ khi nhận quyết định xử phạt.

## 4. Về nộp trễ

Nếu nộp tiền sau thời hạn, em có thể bị xử phạt bổ sung theo quy định của Luật Xử lý vi phạm hành chính. Tuy nhiên, em nên liên hệ với cơ quan xử phạt để trao đổi về tình huống khó khăn của mình (sinh viên, có hoàn cảnh khó) — trong một số trường hợp, cơ quan có thể xem xét gia hạn hoặc các biện pháp khác.

## 5. Khuyến nghị cho em

- Kiểm tra xem có biên bản nào được gửi về hay không
- Nếu có, **hãy yêu cầu xem biên bản đó** để kiểm tra mức phạt — nó không nên vượt quá 600.000 đồng
- **Không nên trả tiền trực tiếp cho CSGT** bất kỳ lúc nào
- Nếu thực sự khó khăn về kinh tế, hãy liên hệ trực tiếp với Công an cấp xã hoặc Thanh tra Sở Giao thông để giải thích hoàn cảnh

---

**Căn cứ pháp lý:** Điều 6, Điều 43, Điều 47 Nghị định 168/2024/ND-CP; Điều 11 Luật Giao thông đường bộ 2024.","['36-2024-QH15:d11', '168-2024-ND-CP:d6', '168-2024-ND-CP:d43', '168-2024-ND-CP:d46', '168-2024-ND-CP:d47', '168-2024-ND-CP:d48', '168-2024-ND-CP:d50', '100-2019-ND-CP:d82', '59-2020-QH14:d150', '59-2020-QH14:d131', '36-2024-QH15:d39', '01-2021-ND:d99', '168-2025-ND:d58', '100-2019-ND-CP:d46', '168-2025-ND:d3', '36-2024-QH15:d56', '168-2024-ND-CP:d2', '36-2024-QH15:d49', '59-2020-QH14:d11', '100-2019-ND-CP:d35', '01-2021-ND:d22', '89-2024-ND:d7', '23-2022-ND:d49', '23-2022-ND:d51', '59-2020-QH14:d35', '01-2021-ND:d11', '23-2022-ND:d52', '01-2021-ND:d53', '168-2025-ND:d106', '59-2020-QH14:d60', '59-2020-QH14:d39']","['36-2024-QH15:d11', '168-2024-ND-CP:d6', '168-2024-ND-CP:d43', '168-2024-ND-CP:d46', '168-2024-ND-CP:d47', '168-2024-ND-CP:d48', '168-2024-ND-CP:d50']","['168-2024-ND-CP:d48', '168-2024-ND-CP:d46', '36-2024-QH15:d11', '168-2024-ND-CP:d6', '168-2024-ND-CP:d47', '168-2024-ND-CP:d50', '100-2019-ND-CP:d82', '59-2020-QH14:d150', '59-2020-QH14:d131', '36-2024-QH15:d39', '01-2021-ND:d99', '168-2025-ND:d58', '100-2019-ND-CP:d46', '168-2025-ND:d3', '36-2024-QH15:d56', '168-2024-ND-CP:d2', '36-2024-QH15:d49', '59-2020-QH14:d11', '100-2019-ND-CP:d35', '01-2021-ND:d22', '89-2024-ND:d7', '23-2022-ND:d49', '23-2022-ND:d51', '59-2020-QH14:d35', '01-2021-ND:d11', '23-2022-ND:d52', '01-2021-ND:d53', '168-2025-ND:d106', '59-2020-QH14:d60', '59-2020-QH14:d39']",0.85,1,0.3333,1,0.3333,1,0.3333,1,0.3333,1,0.3333,1,0.3333,1.0
418,thủ tục hành chính giao thông,dạ các ac các bác cho em hỏi trước em bị bắt ở đội an ninh trật tự ( áo xanh ) công an quận bắc từ liêm thì giờ em lên nộp phạt ở đâu để được lấy blx về ạ em đã lên đội cảnh sát giao thông số 6 phạm hùng nhưng họ chỉ về quang trung hà đông ạ,"['168-2024-ND-CP:d41', '168-2024-ND-CP:d47']",2,,,False,Không thể tạo câu trả lời.,"['168-2024-ND-CP:d41', '168-2024-ND-CP:d43', '168-2024-ND-CP:d47', '168-2024-ND-CP:d51', '168-2024-ND-CP:d1', '168-2024-ND-CP:d3', '36-2024-QH15:d58', '168-2024-ND-CP:d27', '168-2024-ND-CP:d16', '100-2019-ND-CP:d76', '36-2024-QH15:d74', '36-2024-QH15:d52', '36-2024-QH15:d68', '36-2024-QH15:d51', '23-2022-ND:d33', '36-2024-QH15:d75', '36-2024-QH15:d25', '36-2024-QH15:d63', '168-2024-ND-CP:d50', '100-2019-ND-CP:d11', '100-2019-ND-CP:d79', '36-2024-QH15:d23', '100-2019-ND-CP:d29', '36-2024-QH15:d77', '36-2024-QH15:d79', '36-2024-QH15:d76', '36-2024-QH15:d84', '168-2024-ND-CP:d44', '36-2024-QH15:d4', '100-2019-ND-CP:d8', '100-2019-ND-CP:d15']","['168-2024-ND-CP:d41', '168-2024-ND-CP:d43', '168-2024-ND-CP:d47', '168-2024-ND-CP:d51', '168-2024-ND-CP:d1', '168-2024-ND-CP:d3', '36-2024-QH15:d58']","['168-2024-ND-CP:d41', '168-2024-ND-CP:d43', '168-2024-ND-CP:d47', '36-2024-QH15:d58', '168-2024-ND-CP:d1', '168-2024-ND-CP:d3', '168-2024-ND-CP:d27', '168-2024-ND-CP:d16', '100-2019-ND-CP:d76', '36-2024-QH15:d74', '36-2024-QH15:d52', '36-2024-QH15:d68', '36-2024-QH15:d51', '23-2022-ND:d33', '36-2024-QH15:d75', '36-2024-QH15:d25', '36-2024-QH15:d63', '168-2024-ND-CP:d50', '100-2019-ND-CP:d11', '100-2019-ND-CP:d79', '36-2024-QH15:d23', '100-2019-ND-CP:d29', '36-2024-QH15:d77', '36-2024-QH15:d79', '36-2024-QH15:d76', '36-2024-QH15:d84', '168-2024-ND-CP:d44', '36-2024-QH15:d4', '100-2019-ND-CP:d8', '100-2019-ND-CP:d15']",0.0,1,0.5,1,1.0,1,1.0,1,1.0,1,1.0,1,1.0,1.0
419,thủ tục hành chính giao thông,Các bác cho e hỏi là bị phạt nguội thì bh mình cần đi nộp phạt vậy,"['168-2024-ND-CP:d47', '168-2024-ND-CP:d48', '336-2025-ND-CP:d22']",3,"Dựa trên các nguồn tài liệu được cung cấp, dưới đây là thông tin về thời điểm bạn cần đi nộp phạt khi bị ""phạt nguội"" (vi phạm phát hiện qua phương tiện kỹ thuật nghiệp vụ):
• Thời hạn đến giải quyết: Khi phát hiện vi phạm qua thiết bị kỹ thuật, cơ quan chức năng sẽ gửi thông báo yêu cầu chủ phương tiện hoặc người vi phạm đến trụ sở để giải quyết. Bạn cần có mặt trong thời hạn 10 ngày kể từ ngày thông báo được gửi đi hoặc theo thời gian hẹn ghi trong thông báo.
• Thời hạn nộp tiền phạt: Sau khi bạn đến làm việc và lập biên bản, người có thẩm quyền sẽ ban hành quyết định xử phạt. Bạn phải nộp tiền phạt theo thời hạn được ghi cụ thể trong quyết định xử phạt.
• Hệ quả nếu chậm trễ: Nếu quá thời hạn hẹn đến giải quyết hoặc quá thời hạn nộp phạt ghi trong quyết định mà bạn chưa thực hiện, cơ quan chức năng sẽ:
    ◦ Gửi thông báo cảnh báo đến cơ quan đăng kiểm, cơ quan đăng ký xe và cơ quan cấp giấy phép lái xe.
    ◦ Các cơ quan này sẽ chưa giải quyết việc đăng kiểm, đăng ký phương tiện hoặc cấp đổi, cấp mới giấy phép lái xe cho bạn cho đến khi vụ việc được giải quyết xong.","Điểm a Khoản 2 Điều 22 Nghị định 336/2025/NĐ-CP. Điểm a Khoản 8, Khoản 11 và Khoản 12 Điều 47 Nghị định 168/2024/NĐ-CP. Khoản 2 Điều 48 Nghị định 168/2024/NĐ-CP.",False,Không thể tạo câu trả lời.,"['168-2024-ND-CP:d47', '168-2024-ND-CP:d6', '168-2024-ND-CP:d7', '168-2024-ND-CP:d8', '36-2024-QH15:d12', '36-2024-QH15:d66', '168-2024-ND-CP:d32', '100-2019-ND-CP:d6', '36-2024-QH15:d80', '100-2019-ND-CP:d80', '168-2024-ND-CP:d18', '100-2019-ND-CP:d47', '59-2020-QH14:d72', '100-2019-ND-CP:d28', '168-2024-ND-CP:d12', '100-2019-ND-CP:d23', '100-2019-ND-CP:d5', '100-2019-ND-CP:d48', '36-2024-QH15:d9', '168-2024-ND-CP:d9', '168-2024-ND-CP:d21', '100-2019-ND-CP:d15', '100-2019-ND-CP:d8', '100-2019-ND-CP:d66', '168-2024-ND-CP:d39', '168-2024-ND-CP:d27', '100-2019-ND-CP:d4', '100-2019-ND-CP:d16', '100-2019-ND-CP:d54', '168-2024-ND-CP:d13', '168-2024-ND-CP:d43', '36-2024-QH15:d33']","['168-2024-ND-CP:d47', '168-2024-ND-CP:d6', '168-2024-ND-CP:d7', '168-2024-ND-CP:d8']","['168-2024-ND-CP:d8', '168-2024-ND-CP:d47', '36-2024-QH15:d12', '36-2024-QH15:d66', '168-2024-ND-CP:d32', '100-2019-ND-CP:d6', '36-2024-QH15:d80', '100-2019-ND-CP:d80', '168-2024-ND-CP:d18', '100-2019-ND-CP:d47', '59-2020-QH14:d72', '100-2019-ND-CP:d28', '168-2024-ND-CP:d12', '100-2019-ND-CP:d23', '100-2019-ND-CP:d5', '100-2019-ND-CP:d48', '36-2024-QH15:d9', '168-2024-ND-CP:d9', '168-2024-ND-CP:d21', '100-2019-ND-CP:d15', '100-2019-ND-CP:d8', '100-2019-ND-CP:d66', '168-2024-ND-CP:d39', '168-2024-ND-CP:d27', '100-2019-ND-CP:d4', '100-2019-ND-CP:d16', '100-2019-ND-CP:d54', '168-2024-ND-CP:d13', '168-2024-ND-CP:d43', '36-2024-QH15:d33']",0.0,1,0.3333,1,0.3333,1,0.3333,1,0.3333,1,0.3333,1,0.3333,1.0
420,an toàn giao thông và trách nhiệm pháp lý,"Mọi người cho em hỏi vụ việc này 
Em và xe máy va chạm giao thông ở ngã tư  xe 2 bên giải quyết nội bộ đã xong . Nhưng bên xe máy bây giờ bắt đền em phải bồi thường cho họ . Mọi người cho em hỏi bây giờ em phải xử lí như thế nào ạ","['168-2024-ND-CP:d7', '36-2024-QH15:d80', '36-2024-QH15:d83']",3,,,False,"# TƯ VẤN PHÁP LỰC GIAO THÔNG ĐƯỜNG BỘ

Dựa trên tình huống của bạn, tôi có một số khuyến nghị như sau:

## 1. **Kiểm tra lại thỏa thuận giải quyết nội bộ**

Bước đầu tiên, bạn cần xem lại văn bản giải quyết nội bộ mà hai bên đã ký kết:
- **Nếu đã có biên bản/giấy tờ ghi nhận**: Biên bản đó có hiệu lực pháp lý nếu cả hai bên đã thỏa thuận và ký xác nhận
- **Nếu chỉ giải quyết bằng lời**: Bạn nên yêu cầu bên xe máy cung cấp chứng cứ cụ thể về những thiệt hại mà họ yêu cầu bồi thường

## 2. **Xác định trách nhiệm bồi thường**

Căn cứ vào Luật Giao thông đường bộ, **người gây tai nạn có trách nhiệm bồi thường cho bên bị thiệt hại**. Vì vậy:
- Bạn chỉ phải bồi thường nếu **bạn là người gây tai nạn**
- Nếu bên xe máy cũng có lỗi, trách nhiệm bồi thường sẽ được chia theo mức độ lỗi của mỗi bên

## 3. **Các bước xử lý tiếp theo**

**Nếu bạn chưa có biên bản chính thức:**
- Yêu cầu bên xe máy ghi rõ: (i) tổng số tiền bồi thường; (ii) danh sách thiệt hại cụ thể; (iii) bằng chứng chứng minh thiệt hại

**Nếu bạn không đồng ý yêu cầu:**
- Bạn có thể từ chối và đề xuất cách giải quyết khác (gọi công an giao thông để có biên bản điều tra chính thức)
- Nếu bên xe máy có biên bản giải quyết nội bộ đã ký, bạn có thể dùng đó làm bằng chứng bảo vệ quyền lợi

**Nếu vẫn có tranh chấp:**
- Bạn có thể yêu cầu cơ quan công an giao thông lập biên bản điều tra chính thức để xác định người gây tai nạn

## 4. **Lưu ý quan trọng**

Nếu hai bên đã ký biên bản giải quyết nội bộ xác nhận **""các bên đã thoả mãn yêu cầu bồi thường""**, bạn không phải bồi thường thêm.

---

**Căn cứ pháp lý:** Điều 83 Luật Giao thông đường bộ 36/2024/QH15","['36-2024-QH15:d3', '36-2024-QH15:d4', '36-2024-QH15:d83', '36-2024-QH15:d85', '36-2024-QH15:d10', '36-2024-QH15:d11', '36-2024-QH15:d22', '36-2024-QH15:d52', '36-2024-QH15:d75', '36-2024-QH15:d2', '23-2022-ND:d3', '36-2024-QH15:d74', '36-2024-QH15:d23', '100-2019-ND-CP:d29', '100-2019-ND-CP:d11', '36-2024-QH15:d7', '36-2024-QH15:d30', '36-2024-QH15:d77', '100-2019-ND-CP:d48', '100-2019-ND-CP:d76', '36-2024-QH15:d79', '168-2024-ND-CP:d44', '100-2019-ND-CP:d55', '100-2019-ND-CP:d74', '36-2024-QH15:d84', '100-2019-ND-CP:d52', '100-2019-ND-CP:d58', '100-2019-ND-CP:d9', '100-2019-ND-CP:d15', '36-2024-QH15:d34']","['36-2024-QH15:d3', '36-2024-QH15:d4', '36-2024-QH15:d83', '36-2024-QH15:d85', '36-2024-QH15:d10', '36-2024-QH15:d11', '36-2024-QH15:d22']","['36-2024-QH15:d4', '36-2024-QH15:d3', '36-2024-QH15:d83', '36-2024-QH15:d85', '36-2024-QH15:d10', '36-2024-QH15:d11', '36-2024-QH15:d22', '36-2024-QH15:d52', '36-2024-QH15:d75', '36-2024-QH15:d2', '23-2022-ND:d3', '36-2024-QH15:d74', '36-2024-QH15:d23', '100-2019-ND-CP:d29', '100-2019-ND-CP:d11', '36-2024-QH15:d7', '36-2024-QH15:d30', '36-2024-QH15:d77', '100-2019-ND-CP:d48', '100-2019-ND-CP:d76', '36-2024-QH15:d79', '168-2024-ND-CP:d44', '100-2019-ND-CP:d55', '100-2019-ND-CP:d74', '36-2024-QH15:d84', '100-2019-ND-CP:d52', '100-2019-ND-CP:d58', '100-2019-ND-CP:d9', '100-2019-ND-CP:d15', '36-2024-QH15:d34']",0.85,0,0.0,1,0.3333,1,0.3333,1,0.3333,1,0.3333,1,0.3333,0.3333
421,thủ tục hành chính giao thông,"Anh chị cho em hỏi tí ạ, chẳng là em đi ngoại tỉnh dính tốc độ, nay tra trên phần mềm mới biết vi phạm, nay quá hạn thông báo trên phần mềm, mà địa chỉ trong tỉnh ở thông báo thì hơi xa. Thì em đến Phòng csgt gần nhất có được không hay phải đến tại nơi trong thông báo ạ. ","['168-2024-ND-CP:d4', '168-2024-ND-CP:d47']",2,,,False,"Xin lỗi, tôi không tìm thấy quy định pháp luật liên quan trong tài liệu được cung cấp để trả lời câu hỏi của anh chị một cách đầy đủ.

Câu hỏi của anh chị liên quan đến thẩm quyền địa phương của cơ quan Cảnh sát giao thông trong xử phạt vi phạm giao thông được phát hiện ngoài địa phương, cũng như quy trình tiếp nhận người vi phạm để thực hiện xử phạt. Tuy nhiên, các tài liệu được cung cấp không chứa những quy định cụ thể về:

1. Nơi tiếp nhận người vi phạm (có được đến Phòng CSGT gần nhất hay phải đến nơi phát hiện vi phạm)
2. Thẩm quyền địa phương của các phòng CSGT khác nhau
3. Thời hạn thông báo vi phạm qua phần mềm

Để được tư vấn chi tiết về vấn đề này, anh chị nên liên hệ trực tiếp với Phòng Cảnh sát giao thông nơi đã phát hiện vi phạm hoặc Phòng CSGT ở địa phương mình để được hướng dẫn quy trình xử lý vi phạm và nơi cần đến làm thủ tục.","['168-2024-ND-CP:d51', '168-2024-ND-CP:d50', '168-2024-ND-CP:d47', '168-2024-ND-CP:d41', '168-2024-ND-CP:d43', '100-2019-ND-CP:d80', '168-2024-ND-CP:d27', '168-2024-ND-CP:d16', '59-2020-QH14:d211', '36-2024-QH15:d39', '36-2024-QH15:d27', '36-2024-QH15:d55', '59-2020-QH14:d30', '01-2021-ND:d89', '100-2019-ND-CP:d71', '100-2019-ND-CP:d43', '100-2019-ND-CP:d48', '168-2025-ND:d116', '59-2020-QH14:d149', '59-2020-QH14:d4', '168-2024-ND-CP:d39', '168-2024-ND-CP:d8', '168-2025-ND:d71', '100-2019-ND-CP:d61', '100-2019-ND-CP:d56', '100-2019-ND-CP:d6', '100-2019-ND-CP:d5', '100-2019-ND-CP:d23', '100-2019-ND-CP:d47', '100-2019-ND-CP:d45', '168-2024-ND-CP:d20']","['168-2024-ND-CP:d51', '168-2024-ND-CP:d50', '168-2024-ND-CP:d47', '168-2024-ND-CP:d41', '168-2024-ND-CP:d43', '100-2019-ND-CP:d80']","['168-2024-ND-CP:d51', '168-2024-ND-CP:d50', '168-2024-ND-CP:d47', '168-2024-ND-CP:d27', '168-2024-ND-CP:d41', '100-2019-ND-CP:d80', '168-2024-ND-CP:d16', '59-2020-QH14:d211', '36-2024-QH15:d39', '36-2024-QH15:d27', '36-2024-QH15:d55', '59-2020-QH14:d30', '01-2021-ND:d89', '100-2019-ND-CP:d71', '100-2019-ND-CP:d43', '100-2019-ND-CP:d48', '168-2025-ND:d116', '59-2020-QH14:d149', '59-2020-QH14:d4', '168-2024-ND-CP:d39', '168-2024-ND-CP:d8', '168-2025-ND:d71', '100-2019-ND-CP:d61', '100-2019-ND-CP:d56', '100-2019-ND-CP:d6', '100-2019-ND-CP:d5', '100-2019-ND-CP:d23', '100-2019-ND-CP:d47', '100-2019-ND-CP:d45', '168-2024-ND-CP:d20']",0.85,0,0.0,1,0.5,1,0.5,1,0.5,1,0.5,1,0.5,0.3333
422,quy tắc giao thông đường bộ,Mọi người cho e hỏi trong đây có ai đã từng bị bắt lỗi vi phạm GT ở nút giao dưới gầm cầu Nguyễn Tri phương và võ văn kiệt ở phường An Đông quận 5 chưa ạ!! Đi theo điều tiết GT của các chú dân phòng lúc kẹt xe quẹo vào đường 1 chiều thì bị csgt bắt lỗi đi 1 chiều ! Thế thì lỗi này là của ai ạ?,"['168-2024-ND-CP:d7', '36-2024-QH15:d10', '36-2024-QH15:d22']",3,,,False,Không thể tạo câu trả lời.,"['36-2024-QH15:d74', '36-2024-QH15:d78', '168-2024-ND-CP:d6', '168-2024-ND-CP:d7', '168-2024-ND-CP:d8', '168-2024-ND-CP:d41', '168-2024-ND-CP:d43', '36-2024-QH15:d12', '36-2024-QH15:d66', '59-2020-QH14:d211', '100-2019-ND-CP:d15', '168-2024-ND-CP:d4', '100-2019-ND-CP:d64', '100-2019-ND-CP:d63', '36-2024-QH15:d30', '100-2019-ND-CP:d51', '168-2024-ND-CP:d3', '168-2024-ND-CP:d1', '100-2019-ND-CP:d75', '36-2024-QH15:d3', '168-2024-ND-CP:d35', '168-2024-ND-CP:d52', '36-2024-QH15:d73', '168-2024-ND-CP:d30', '100-2019-ND-CP:d58', '100-2019-ND-CP:d50', '168-2024-ND-CP:d54', '100-2019-ND-CP:d60', '168-2024-ND-CP:d2', '36-2024-QH15:d70', '100-2019-ND-CP:d78', '168-2024-ND-CP:d11']","['36-2024-QH15:d74', '36-2024-QH15:d78', '168-2024-ND-CP:d6', '168-2024-ND-CP:d7', '168-2024-ND-CP:d8', '168-2024-ND-CP:d41', '168-2024-ND-CP:d43']","['168-2024-ND-CP:d8', '168-2024-ND-CP:d43', '36-2024-QH15:d74', '36-2024-QH15:d78', '168-2024-ND-CP:d41', '36-2024-QH15:d12', '36-2024-QH15:d66', '59-2020-QH14:d211', '100-2019-ND-CP:d15', '168-2024-ND-CP:d4', '100-2019-ND-CP:d64', '100-2019-ND-CP:d63', '36-2024-QH15:d30', '100-2019-ND-CP:d51', '168-2024-ND-CP:d3', '168-2024-ND-CP:d1', '100-2019-ND-CP:d75', '36-2024-QH15:d3', '168-2024-ND-CP:d35', '168-2024-ND-CP:d52', '36-2024-QH15:d73', '168-2024-ND-CP:d30', '100-2019-ND-CP:d58', '100-2019-ND-CP:d50', '168-2024-ND-CP:d54', '100-2019-ND-CP:d60', '168-2024-ND-CP:d2', '36-2024-QH15:d70', '100-2019-ND-CP:d78', '168-2024-ND-CP:d11']",0.0,0,0.0,0,0.0,1,0.3333,1,0.3333,1,0.3333,1,0.3333,0.25
423,thủ tục hành chính giao thông,Mọi người xin chỉ giáo .mình đã có quyết định xử phạt giao thông nhưng ko thanh toán qua dịch vụ công được .vậy nộp phạt trực tiếp tại đâu .địa chỉ thường trú là ở xã thăng an thành phố đà nẵng .còn nơi ra quyết định là CA quận cẩm lệ thành phố đà nẵng .mình xin cảm ơn,['168-2024-ND-CP:d47'],1,,,False,Không thể tạo câu trả lời.,"['168-2024-ND-CP:d41', '168-2024-ND-CP:d42', '168-2024-ND-CP:d43', '168-2024-ND-CP:d27', '168-2024-ND-CP:d47', '168-2024-ND-CP:d52', '168-2024-ND-CP:d51', '168-2024-ND-CP:d4', '168-2024-ND-CP:d50', '36-2024-QH15:d75', '36-2024-QH15:d39', '36-2024-QH15:d23', '01-2021-ND:d53', '36-2024-QH15:d74', '44-2025-ND:d14', '100-2019-ND-CP:d82', '36-2024-QH15:d62', '100-2019-ND-CP:d11', '100-2019-ND-CP:d29', '59-2020-QH14:d4', '59-2020-QH14:d110', '36-2024-QH15:d30', '36-2024-QH15:d52', '36-2024-QH15:d4', '36-2024-QH15:d77', '100-2019-ND-CP:d58', '36-2024-QH15:d58', '168-2024-ND-CP:d44', '36-2024-QH15:d79', '36-2024-QH15:d84', '100-2019-ND-CP:d15']","['168-2024-ND-CP:d41', '168-2024-ND-CP:d42', '168-2024-ND-CP:d43']","['168-2024-ND-CP:d41', '168-2024-ND-CP:d42', '168-2024-ND-CP:d27', '168-2024-ND-CP:d47', '168-2024-ND-CP:d52', '168-2024-ND-CP:d51', '168-2024-ND-CP:d4', '168-2024-ND-CP:d50', '36-2024-QH15:d75', '36-2024-QH15:d39', '36-2024-QH15:d23', '01-2021-ND:d53', '36-2024-QH15:d74', '44-2025-ND:d14', '100-2019-ND-CP:d82', '36-2024-QH15:d62', '100-2019-ND-CP:d11', '100-2019-ND-CP:d29', '59-2020-QH14:d4', '59-2020-QH14:d110', '36-2024-QH15:d30', '36-2024-QH15:d52', '36-2024-QH15:d4', '36-2024-QH15:d77', '100-2019-ND-CP:d58', '36-2024-QH15:d58', '168-2024-ND-CP:d44', '36-2024-QH15:d79', '36-2024-QH15:d84', '100-2019-ND-CP:d15']",0.0,0,0.0,0,0.0,1,1.0,1,1.0,1,1.0,1,1.0,0.2
424,thủ tục hành chính giao thông,"Chào anh chị ạ, cty e nằm trong khu vực đường cấm giờ mình làm sao để xin được giấy phép lưu hành cho xe để xe lưu thông được ạ? E xin cảm ơn","['36-2024-QH15:d52', '36-2024-QH15:d77']",2,"Dựa trên các nguồn tài liệu được cung cấp, không có hướng dẫn cụ thể về quy trình hoặc hồ sơ để một doanh nghiệp xin giấy phép lưu hành vào khu vực đường cấm giờ. Tài liệu chỉ cung cấp các thông tin liên quan đến thẩm quyền tổ chức giao thông và cấp phép lưu hành cho các loại xe đặc thù như sau:
• Thẩm quyền quy định giờ cấm: Bộ Giao thông vận tải và Ủy ban nhân dân các cấp chịu trách nhiệm tổ chức giao thông trên các tuyến đường thuộc phạm vi quản lý, bao gồm việc quy định về thời gian cho phép tham gia giao thông.
• Thẩm quyền cấp Giấy phép lưu hành: Cơ quan quản lý đường bộ có thẩm quyền cấp giấy phép lưu hành cho xe quá khổ giới hạn, xe quá tải trọng, xe bánh xích và xe vận chuyển hàng siêu trường, siêu trọng.
• Về thủ tục cấp phép: Bộ trưởng Bộ Giao thông vận tải quy định trình tự, thủ tục cấp giấy phép lưu hành cho xe quá tải trọng, xe quá khổ giới hạn và xe bánh xích.
Không đủ thông tin về quy trình xin giấy phép vào đường cấm giờ cho phương tiện của doanh nghiệp.","Luật Đường bộ 2024: Điểm đ Khoản 2 Điều 25; Khoản 5 Điều 25. Luật Trật tự, an toàn giao thông đường bộ 2024: Khoản 5 Điều 52; Khoản 9 Điều 52; Khoản 2 Điều 53.",False,"Chào anh/chị,

Tôi xin lỗi, dựa trên tài liệu pháp luật được cung cấp, tôi không tìm thấy quy định cụ thể về **thủ tục, hồ sơ, điều kiện và cơ quan cấp giấy phép lưu hành**, đặc biệt là đối với các khu vực đường cấm giờ.

Tài liệu chỉ quy định rằng:
- Xe chở hàng vượt khổ giới hạn hoặc quá tải **phải có Giấy phép lưu hành** để lưu thông (quy định về phạt vi phạm khi không có giấy phép lưu hành từ 5-50 triệu đồng tùy mức độ)
- Xe phải tuân thủ đúng nội dung trong giấy phép lưu hành

Tuy nhiên, **cách thức xin cấp giấy phép lưu hành** - bao gồm cơ quan cấp, thủ tục, hồ sơ, và các điều kiện đặc biệt cho khu vực đường cấm giờ - **không được quy định trong tài liệu này**.

**Khuyến nghị của tôi:** Anh/chị nên liên hệ trực tiếp với:
- **Cơ quan Cảnh sát giao thông** địa phương hoặc
- **Sở Giao thông vận tải** của tỉnh/thành phố nơi công ty đặt trụ sở

để được hướng dẫn chi tiết về thủ tục xin giấy phép lưu hành cho trường hợp cụ thể của công ty.

Căn cứ pháp lý: Không tìm thấy quy định cụ thể trong tài liệu cung cấp","['36-2024-QH15:d11', '36-2024-QH15:d10', '36-2024-QH15:d35', '36-2024-QH15:d48', '36-2024-QH15:d52', '36-2024-QH15:d55', '100-2019-ND-CP:d25', '168-2024-ND-CP:d34', '36-2024-QH15:d62', '168-2024-ND-CP:d42', '168-2024-ND-CP:d22', '36-2024-QH15:d89', '168-2024-ND-CP:d11', '100-2019-ND-CP:d81', '100-2019-ND-CP:d52', '100-2019-ND-CP:d33', '100-2019-ND-CP:d12', '168-2024-ND-CP:d18', '100-2019-ND-CP:d62', '100-2019-ND-CP:d21', '168-2024-ND-CP:d37', '168-2024-ND-CP:d51', '168-2024-ND-CP:d23', '168-2024-ND-CP:d5', '168-2024-ND-CP:d39', '100-2019-ND-CP:d13', '100-2019-ND-CP:d66', '100-2019-ND-CP:d32', '168-2024-ND-CP:d50', '100-2019-ND-CP:d54']","['36-2024-QH15:d11', '36-2024-QH15:d10', '36-2024-QH15:d35', '36-2024-QH15:d48', '36-2024-QH15:d52', '36-2024-QH15:d55']","['36-2024-QH15:d52', '36-2024-QH15:d55', '36-2024-QH15:d11', '36-2024-QH15:d10', '36-2024-QH15:d35', '36-2024-QH15:d48', '100-2019-ND-CP:d25', '168-2024-ND-CP:d34', '36-2024-QH15:d62', '168-2024-ND-CP:d42', '168-2024-ND-CP:d22', '36-2024-QH15:d89', '168-2024-ND-CP:d11', '100-2019-ND-CP:d81', '100-2019-ND-CP:d52', '100-2019-ND-CP:d33', '100-2019-ND-CP:d12', '168-2024-ND-CP:d18', '100-2019-ND-CP:d62', '100-2019-ND-CP:d21', '168-2024-ND-CP:d37', '168-2024-ND-CP:d51', '168-2024-ND-CP:d23', '168-2024-ND-CP:d5', '168-2024-ND-CP:d39', '100-2019-ND-CP:d13', '100-2019-ND-CP:d66', '100-2019-ND-CP:d32', '168-2024-ND-CP:d50', '100-2019-ND-CP:d54']",0.85,0,0.0,0,0.0,1,0.5,1,0.5,1,0.5,1,0.5,0.2
433,thủ tục hành chính giao thông,mọi người ơi cho em hỏi em nộp phạt quá tiền xe giấy tờ ko chính chủ em xin giấy uỷ quyền khó khăn e bỏ xe thì sau này e có gia đình e làm giấy tờ có bị lms ko ạ các bác tư vấn giúp em ạ,"['100-2019-ND-CP:d80', '100-2019-ND-CP:d82', '168-2024-ND-CP:d47', '168-2024-ND-CP:d48', '36-2024-QH15:d62']",5,"Dựa trên các nguồn tài liệu được cung cấp, việc bạn bỏ xe và không nộp phạt sẽ dẫn đến các hệ quả pháp lý sau:
• Bị hạn chế các thủ tục về phương tiện và bằng lái: Nếu quá thời hạn hẹn giải quyết vi phạm hoặc quá thời hạn thi hành quyết định xử phạt mà bạn chưa thực hiện, cơ quan chức năng sẽ gửi thông báo cảnh báo trên hệ thống dữ liệu. Khi đó, các cơ quan chức năng sẽ chưa giải quyết việc đăng ký xe, đăng kiểm phương tiện vi phạm và chưa cấp mới, cấp đổi, cấp lại giấy phép lái xe cho bạn cho đến khi vụ việc được giải quyết xong,,,.
• Thu hồi giấy phép lái xe: Giấy phép lái xe có thể bị thu hồi nếu đã quá thời hạn tạm giữ hoặc hết thời hiệu thi hành quyết định xử phạt mà người vi phạm không đến nhận mà không có lý do chính đáng.
• Trách nhiệm của người mua xe: Đối với xe không chính chủ (chưa làm thủ tục sang tên), cá nhân đã mua phương tiện được xác định là đối tượng bị áp dụng xử phạt như chủ phương tiện,.
• Xử phạt như hành vi không có giấy tờ: Trong thời gian bằng lái đang bị tạm giữ, nếu quá thời hạn hẹn giải quyết mà bạn vẫn điều khiển phương tiện tham gia giao thông, bạn sẽ bị xử phạt như hành vi không có giấy phép lái xe,.
• Về giấy tờ gia đình: Các nguồn tài liệu được cung cấp không có thông tin quy định về việc nợ tiền phạt vi phạm giao thông hay bỏ xe sẽ gây ảnh hưởng đến việc làm các giấy tờ dân sự, hộ tịch khi lập gia đình (như đăng ký kết hôn, khai sinh...).","Luật Trật tự, an toàn giao thông đường bộ 2024: Khoản 4 Điều 62; Điểm c Khoản 5 Điều 62. Nghị định 100/2019/NĐ-CP: Điểm e Khoản 6 Điều 80; Khoản 12 Điều 80; Khoản 2 Điều 82. Nghị định 168/2024/NĐ-CP: Điểm e Khoản 6 Điều 47; Khoản 11 và Khoản 12 Điều 47; Khoản 2 Điều 48.",False,Không thể tạo câu trả lời.,"['36-2024-QH15:d39', '36-2024-QH15:d35', '36-2024-QH15:d43', '168-2024-ND-CP:d6', '168-2024-ND-CP:d7', '168-2024-ND-CP:d8', '36-2024-QH15:d12', '36-2024-QH15:d66', '100-2019-ND-CP:d82', '01-2021-ND:d11', '168-2025-ND:d78', '36-2024-QH15:d30', '168-2024-ND-CP:d48', '168-2025-ND:d3', '59-2020-QH14:d4', '36-2024-QH15:d56', '168-2024-ND-CP:d13', '168-2024-ND-CP:d34', '168-2024-ND-CP:d16', '100-2019-ND-CP:d35', '01-2021-ND:d79', '168-2024-ND-CP:d24', '01-2021-ND:d22', '01-2021-ND:d99', '01-2021-ND:d2', '36-2024-QH15:d50', '01-2021-ND:d53', '89-2024-ND:d10', '59-2020-QH14:d39', '100-2019-ND-CP:d16', '01-2021-ND:d87', '36-2024-QH15:d85']","['36-2024-QH15:d39', '36-2024-QH15:d35', '36-2024-QH15:d43', '168-2024-ND-CP:d6', '168-2024-ND-CP:d7', '168-2024-ND-CP:d8']","['168-2024-ND-CP:d6', '36-2024-QH15:d39', '36-2024-QH15:d35', '36-2024-QH15:d43', '36-2024-QH15:d12', '36-2024-QH15:d66', '100-2019-ND-CP:d82', '01-2021-ND:d11', '168-2025-ND:d78', '36-2024-QH15:d30', '168-2024-ND-CP:d48', '168-2025-ND:d3', '59-2020-QH14:d4', '36-2024-QH15:d56', '168-2024-ND-CP:d13', '168-2024-ND-CP:d34', '168-2024-ND-CP:d16', '100-2019-ND-CP:d35', '01-2021-ND:d79', '168-2024-ND-CP:d24', '01-2021-ND:d22', '01-2021-ND:d99', '01-2021-ND:d2', '36-2024-QH15:d50', '01-2021-ND:d53', '89-2024-ND:d10', '59-2020-QH14:d39', '100-2019-ND-CP:d16', '01-2021-ND:d87', '36-2024-QH15:d85']",0.0,0,0.0,0,0.0,0,0.0,1,0.2,1,0.4,1,0.4,0.1111
435,thủ tục hành chính giao thông,Mấy Bn cho mình hỏi xóa lỗi vi phạm giao thông trên hệ thống khoảng bao lâu mới mất,"['168-2024-ND-CP:d47', '168-2024-ND-CP:d49']",2,,,False,"Căn cứ vào quy định pháp luật hiện hành, tôi sẽ tư vấn cho bạn về vấn đề này:

**Thời hiệu xử phạt vi phạm giao thông là 01 năm.** Theo đó, trong vòng 01 năm kể từ thời điểm ghi nhận hành vi vi phạm, cơ quan chức năng có thể lập biên bản và xử phạt. Nếu vượt quá thời hạn này, cơ quan chức năng không còn quyền xử phạt hành vi vi phạm đó nữa.

Tuy nhiên, cần lưu ý rằng **thời hiệu xử phạt là thời hạn pháp luật để xử phạt**, chứ không phải là thời hạn xóa lỗi khỏi hệ thống. Việc xóa dữ liệu vi phạm khỏi cơ sở dữ liệu giao thông sẽ do cơ quan Cảnh sát giao thông thực hiện theo quy định riêng của họ về quản lý dữ liệu.

Nếu bạn muốn biết cụ thể khi nào lỗi vi phạm của mình sẽ bị xóa khỏi hệ thống, tôi khuyên bạn nên **liên hệ trực tiếp với Phòng Cảnh sát giao thông nơi ghi nhận vi phạm** để được giải đáp chi tiết hơn.

**Căn cứ pháp lý:** Điều 4 Nghị định 168/2024/NĐ-CP","['168-2024-ND-CP:d4', '168-2024-ND-CP:d51', '168-2024-ND-CP:d27', '168-2024-ND-CP:d16', '168-2024-ND-CP:d47', '100-2019-ND-CP:d15', '100-2019-ND-CP:d11', '36-2024-QH15:d75', '36-2024-QH15:d65', '36-2024-QH15:d39', '36-2024-QH15:d52', '36-2024-QH15:d23', '59-2020-QH14:d211', '36-2024-QH15:d4', '168-2024-ND-CP:d2', '100-2019-ND-CP:d58', '100-2019-ND-CP:d8', '36-2024-QH15:d74', '100-2019-ND-CP:d76', '100-2019-ND-CP:d55', '100-2019-ND-CP:d50', '36-2024-QH15:d69', '168-2024-ND-CP:d3', '100-2019-ND-CP:d29', '168-2024-ND-CP:d35', '100-2019-ND-CP:d79', '168-2024-ND-CP:d52', '36-2024-QH15:d73', '100-2019-ND-CP:d63', '100-2019-ND-CP:d51']","['168-2024-ND-CP:d4', '168-2024-ND-CP:d51']","['168-2024-ND-CP:d4', '168-2024-ND-CP:d27', '168-2024-ND-CP:d51', '168-2024-ND-CP:d16', '168-2024-ND-CP:d47', '100-2019-ND-CP:d15', '100-2019-ND-CP:d11', '36-2024-QH15:d75', '36-2024-QH15:d65', '36-2024-QH15:d39', '36-2024-QH15:d52', '36-2024-QH15:d23', '59-2020-QH14:d211', '36-2024-QH15:d4', '168-2024-ND-CP:d2', '100-2019-ND-CP:d58', '100-2019-ND-CP:d8', '36-2024-QH15:d74', '100-2019-ND-CP:d76', '100-2019-ND-CP:d55', '100-2019-ND-CP:d50', '36-2024-QH15:d69', '168-2024-ND-CP:d3', '100-2019-ND-CP:d29', '168-2024-ND-CP:d35', '100-2019-ND-CP:d79', '168-2024-ND-CP:d52', '36-2024-QH15:d73', '100-2019-ND-CP:d63', '100-2019-ND-CP:d51']",0.85,0,0.0,0,0.0,1,0.5,1,0.5,1,0.5,1,0.5,0.2
442,thủ tục hành chính giao thông,"Xe mua cũ lâu rồi lúc mua chỉ viết giấy tay , có cavet xe nhưng người khác đứng tên vs mất liên lạc chủ củ , nay em bị vphc giam xe có nộp phạt được lấy xe được không ạ , hay phải cần có cccd chủ củ","['168-2024-ND-CP:d14', '168-2024-ND-CP:d32', '168-2024-ND-CP:d47', '168-2024-ND-CP:d48']",4,"Dựa trên các nguồn tài liệu được cung cấp, trường hợp của bạn được giải quyết như sau:
• Tư cách người mua xe: Đối với xe chưa làm thủ tục đăng ký sang tên theo quy định, cá nhân đã mua phương tiện (là bạn) được xác định là đối tượng bị áp dụng xử phạt như chủ phương tiện,.
• Việc nộp phạt và lấy xe: Bạn có thể nộp phạt và lấy lại xe mà không bắt buộc phải có CCCD của chủ cũ. Người có thẩm quyền sẽ lập biên bản vi phạm hành chính đối với chủ phương tiện (là bạn, dựa trên tư cách người đã mua xe) và người điều khiển xe,.
• Yêu cầu về giấy tờ: Để được nhận lại xe, bạn phải xuất trình được Giấy đăng ký xe (cà vẹt). Đồng thời, bạn cần dùng giấy mua bán viết tay để chứng minh nguồn gốc xuất xứ hợp pháp của phương tiện.
• Lưu ý rủi ro: Nếu bạn không xuất trình được chứng từ chuyển quyền sở hữu (giấy tay) hoặc các giấy tờ chứng minh nguồn gốc xe hợp pháp, phương tiện có thể bị tịch thu theo quy định về hành vi không có Giấy đăng ký xe mà không chứng minh được nguồn gốc,.",Nghị định 100/2019/NĐ-CP: Điểm đ Khoản 4 Điều 17; Điểm e Khoản 6 Điều 80; Khoản 3 Điều 82. Nghị định 168/2024/NĐ-CP: Điểm b Khoản 5 Điều 14; Điểm e Khoản 6 Điều 47; Khoản 3 Điều 48.,False,"# Tư vấn pháp luật về trường hợp của bạn

## Tóm tắt tình huống
Bạn hiện đang gặp khó khăn: xe bị giam do vi phạm hành chính, nhưng chủ xe đứng tên trong giấy tờ hợp pháp lại mất liên lạc, và bạn chỉ có giấy tay.

## Trả lời câu hỏi

**Nộp phạt một mình là chưa đủ để lấy xe.** Vấn đề chính không phải là nộp phạt, mà là **chứng minh được quyền sở hữu hoặc nguồn gốc hợp pháp của phương tiện**.

Theo pháp luật giao thông hiện hành, khi xe bị lực lượng chức năng giam giữ do vi phạm, để lấy xe trả lại bạn cần:

1. **Nộp phạt** theo quyết định xử phạt
2. **Chứng minh được nguồn gốc xuất xứ hoặc quyền sở hữu hợp pháp** của phương tiện

Trong trường hợp bạn chỉ có giấy tay mà chủ cũ đứng tên, bạn cần chuẩn bị các chứng cứ để chứng minh quyền sở hữu, ví dụ:
- Giấy tay chuyển quyền sở hữu (nếu có)
- Biên lai, hóa đơn mua bán
- Biên bản bàn giao xe
- Chứng cứ khác chứng tỏ quá trình sở hữu và sử dụng xe

**Lưu ý quan trọng:** Nếu bạn không chứng minh được nguồn gốc xuất xứ của phương tiện, chỉ sở hữu giấy tay mà không có giấy tờ hợp pháp, **có nguy cơ phương tiện bị cơ quan chức năng tịch thu** (không được trả lại). Giấy tày đơn độc không được coi là ""chứng nhận quyền sở hữu hợp pháp"".

## Giải pháp khuyến nghị

- **Liên hệ ngay với chủ cũ** (qua các phương tiện khác: người thân, bạn bè, mạng xã hội, v.v.) để cùng làm thủ tục chuyển quyền sở hữu hợp pháp.
- **Nếu không liên lạc được**: tham khảo với cơ quan công an, cục đăng ký xe về thủ tục xác nhận quyền sở hữu trong trường hợp chủ sở hữu mất liên lạc.
- **Không nộp phạt trước** mà không có giấy tờ hợp pháp, vì có thể vẫn không lấy được xe.

---

**Căn cứ pháp lý:** Điều 39 Luật Trật tự, An toàn Giao thông Đường bộ 36/2024/QH15; Điều 20 (Điều 13), Điều 16 Nghị định 168/2024/NĐ-CP; Điều 16 Nghị định 100/2019/NĐ-CP.","['36-2024-QH15:d39', '36-2024-QH15:d65', '36-2024-QH15:d72', '168-2024-ND-CP:d13', '168-2024-ND-CP:d16', '168-2024-ND-CP:d34', '100-2019-ND-CP:d5', '36-2024-QH15:d54', '100-2019-ND-CP:d16', '168-2024-ND-CP:d50', '168-2024-ND-CP:d9', '36-2024-QH15:d12', '36-2024-QH15:d29', '59-2020-QH14:d4', '36-2024-QH15:d62', '100-2019-ND-CP:d24', '100-2019-ND-CP:d6', '100-2019-ND-CP:d32', '100-2019-ND-CP:d39', '36-2024-QH15:d17', '168-2024-ND-CP:d32', '100-2019-ND-CP:d4', '100-2019-ND-CP:d31', '100-2019-ND-CP:d35', '100-2019-ND-CP:d8', '168-2024-ND-CP:d6', '100-2019-ND-CP:d28', '168-2024-ND-CP:d18', '168-2024-ND-CP:d29', '168-2024-ND-CP:d27']","['36-2024-QH15:d39', '36-2024-QH15:d65', '36-2024-QH15:d72']","['36-2024-QH15:d39', '36-2024-QH15:d65', '36-2024-QH15:d72', '168-2024-ND-CP:d13', '168-2024-ND-CP:d16', '168-2024-ND-CP:d34', '100-2019-ND-CP:d5', '36-2024-QH15:d54', '100-2019-ND-CP:d16', '168-2024-ND-CP:d50', '168-2024-ND-CP:d9', '36-2024-QH15:d12', '36-2024-QH15:d29', '59-2020-QH14:d4', '36-2024-QH15:d62', '100-2019-ND-CP:d24', '100-2019-ND-CP:d6', '100-2019-ND-CP:d32', '100-2019-ND-CP:d39', '36-2024-QH15:d17', '168-2024-ND-CP:d32', '100-2019-ND-CP:d4', '100-2019-ND-CP:d31', '100-2019-ND-CP:d35', '100-2019-ND-CP:d8', '168-2024-ND-CP:d6', '100-2019-ND-CP:d28', '168-2024-ND-CP:d18', '168-2024-ND-CP:d29', '168-2024-ND-CP:d27']",0.85,0,0.0,0,0.0,0,0.0,0,0.0,0,0.0,1,0.25,0.0476
459,xử phạt vi phạm hành chính giao thông,"các bác cho em hỏi bé nhà em chưa đủ 16 tuổi, em có mua cái xe Chaly tàu cũ, trên đk xe ghi thông tin 49cc. con đi học gần nhà nên chủ quan không đội mũ, không gương. và xe cũ qua nhiều đời chủ nên em cũng không đổi đăng ký. giờ con bị csgt vào trường bắt xe. em lên giải quyết nộp phạt thì cán bộ nhất quyết yêu cầu em cung cấp giấy mua bán xe. em thì ở Hà Nội, chủ xe Thái Bình, xe cũ quá ròi em chấp nhận để tịch thu xe và mong muốn giải quyết biên bản là nộp phạt theo quy định, nhưng cán bộ không giải quyết, em đã lên 3 lần rồi vẫn bắt em lấy giấy mua bán xe mới giải quyết. Bây giờ em nên làm sao ạ? cứ để biên bản vậy không giải quyết thì bé nhà em có ảnh hưởng gì về pháp luật không ạ ?","['168-2024-ND-CP:d18', '168-2024-ND-CP:d32', '168-2024-ND-CP:d47', '336-2025-ND-CP:d24', '36-2024-QH15:d43', '36-2024-QH15:d62']",6,"Dựa trên các nguồn thông tin được cung cấp, dưới đây là các quy định liên quan đến trường hợp của bạn:
• Đối tượng bị xử phạt: Đối với xe mua chưa làm thủ tục sang tên theo quy định, cá nhân hoặc tổ chức đã mua xe là đối tượng để áp dụng xử phạt như chủ phương tiện. Vì vậy, bạn (người đã mua xe) có tư cách là đối tượng bị xử phạt thay cho chủ cũ ghi trên đăng ký xe.
• Mức xử phạt đối với người điều khiển (bé nhà em): Người từ đủ 14 tuổi đến dưới 16 tuổi điều khiển xe mô tô, xe gắn máy chỉ bị phạt cảnh cáo.
• Hậu quả pháp lý nếu không giải quyết biên bản:
    ◦ Trường hợp chưa thực hiện xong quyết định xử phạt vi phạm giao thông, chủ phương tiện sẽ chưa được giải quyết việc đăng ký, đăng kiểm cho phương tiện vi phạm hoặc các phương tiện khác.
    ◦ Cơ quan chức năng chưa cấp, đổi, cấp lại giấy phép lái xe đối với người vi phạm pháp luật về trật tự, an toàn giao thông khi người đó chưa thực hiện xong yêu cầu của cơ quan nhà nước có thẩm quyền về giải quyết vụ việc.
• Thông tin không có trong nguồn: Các tài liệu được cung cấp không có quy định cụ thể về quy trình xử lý trong trường hợp bạn đã mất giấy tờ mua bán xe nhưng cán bộ yêu cầu cung cấp mới giải quyết nộp phạt.","Luật Trật tự, an toàn giao thông đường bộ 2024 (Luật số 36/2024/QH15): Điều 43 (Khoản 2, Điểm d); Điều 62 (Khoản 4). Nghị định 100/2019/NĐ-CP: Điều 21 (Khoản 1); Điều 30 (Khoản 4); Điều 80 (Khoản 6, Điểm e). Nghị định 168/2024/NĐ-CP: Điều 18 (Khoản 1); Điều 32 (Khoản 3); Điều 47 (Khoản 6, Điểm e, Khoản 11). Nghị định 336/2025/NĐ-CP: Điều 24 (Khoản 1).",False,"# TƯ VẤN PHÁP LUẬT

## PHÂN TÍCH TÌNH HÌNH

Tình huống con em của bạn liên quan đến nhiều vi phạm giao thông và vấn đề thủ tục hành chính. Tôi sẽ phân tích từng khía cạnh:

### I. CÁC VI PHẠM GIAO thông ĐÃ XẢY RA

**1. Điều khiển xe gắn máy khi chưa đủ tuổi**
Xe Chaly 49cc là xe gắn máy. Căn cứ vào Điều 59 Luật Trật tự, an toàn giao thông đường bộ, chỉ người đủ 16 tuổi trở lên mới được điều khiển xe gắn máy. Vì con em chưa đủ 16 tuổi nên đây là vi phạm quy định pháp luật.

**2. Không đội mũ bảo hiểm**
Căn cứ vào Điều 33 Luật Trật tự, an toàn giao thông đường bộ, người lái xe gắn máy phải đội mũ bảo hiểm theo đúng quy chuẩn kỹ thuật quốc gia. Con em không đội mũ là vi phạm.

**3. Không mang chứng nhận đăng ký xe**
Căn cứ vào Điều 56 Luật Trật tự, an toàn giao thông đường bộ, khi tham gia giao thông đường bộ, người lái xe phải mang theo Chứng nhận đăng ký xe. Việc chứng nhận đăng ký không được cập nhật (vẫn ghi tên chủ xe cũ) cũng là một vấn đề.

---

### II. VẤN ĐỀ THỦ TỤC GIẢI QUYẾT BIÊN BẢN

**Yêu cầu cung cấp giấy mua bán xe là không hợp lý:**

Việc CSGT yêu cầu cung cấp giấy mua bán xe mới giải quyết biên bản vi phạm giao thông là vượt quá thẩm quyền. Lý do:

- **Biên bản vi phạm giao thông** là để xử lý hành vi vi phạm giao thông (không đội mũ, không có chứng nhận đăng ký, lái xe khi chưa đủ tuổi)
- **Giấy mua bán xe** là chứng thực quyền sở hữu xe, không phải điều kiện bắt buộc để xử lý vi phạm giao thông

Căn cứ vào Điều 39 Luật Trật tự, an toàn giao thông đường bộ, chứng thực quyền sở hữu hợp pháp là điều kiện **cấp chứng nhận đăng ký xe**, không phải điều kiện xử lý vi phạm.

---

### III. ẢNH HƯỞNG PHÁP LUẬT NẾU ĐỂ BIÊN BẢN KHÔNG GIẢI QUYẾT

Nếu để biên bản vi phạm lâu ngày không được giải quyết có thể dẫn đến:

1. **Phạt tiền** sẽ tích lũy theo thời gian
2. **Ảnh hưởng đến bé**: Nếu bé sau này xin giấy phép lái xe, hồ sơ có vi phạm chưa được giải quyết sẽ là vấn đề
3. **Các vấn đề khác**: Tập hợp các vi phạm chưa xử lý có thể gây khó khăn trong các thủ tục hành chính sau này

---

## KHUYẾN NGHỊ

1. **Khiếu nại**: Bạn có quyền khiếu nại yêu cầu không hợp lý của CSGT lên cơ quan quản lý giao thông cấp trên (sở GTVT hoặc UBND cấp tỉnh)

2. **Giải quyết vi phạm**: Nộp phạt theo biên bản hiện tại về các vi phạm giao thông (không đội mũ, không có đăng ký xe hợp lệ, lái xe khi chưa đủ tuổi)

3. **Cập nhật đăng ký xe**: Đây là vấn đề riêng - bạn cần liên hệ phòng Cảnh sát giao thông hoặc trung tâm đăng ký xe để cập nhật chứng nhận đăng ký, hoặc thực hiện thủ tục chuyển nhượng xe nếu muốn chuyển chủ sở hữu

---

**Căn cứ pháp lý:** 
- Điều 59 Luật Trật tự, an toàn giao thông đường bộ 2024
- Điều 33 Luật Trật tự, an toàn giao thông đường bộ 2024  
- Điều 56 Luật Trật tự, an toàn giao thông đường bộ 2024
- Điều 39 Luật Trật tự, an toàn giao thông đường bộ 2024","['36-2024-QH15:d10', '36-2024-QH15:d33', '36-2024-QH15:d39', '36-2024-QH15:d35', '36-2024-QH15:d42', '36-2024-QH15:d56', '36-2024-QH15:d59', '36-2024-QH15:d73', '168-2024-ND-CP:d21', '59-2020-QH14:d150', '100-2019-ND-CP:d51', '100-2019-ND-CP:d30', '59-2020-QH14:d146', '23-2022-ND:d3', '168-2024-ND-CP:d7', '100-2019-ND-CP:d17', '36-2024-QH15:d8', '100-2019-ND-CP:d24', '100-2019-ND-CP:d25', '36-2024-QH15:d5', '168-2025-ND:d43', '23-2022-ND:d46', '01-2021-ND:d99', '168-2025-ND:d58', '36-2024-QH15:d70', '168-2024-ND-CP:d20', '100-2019-ND-CP:d23', '168-2024-ND-CP:d14', '36-2024-QH15:d7', '36-2024-QH15:d62']","['36-2024-QH15:d10', '36-2024-QH15:d33', '36-2024-QH15:d39', '36-2024-QH15:d35', '36-2024-QH15:d42', '36-2024-QH15:d56', '36-2024-QH15:d59']","['36-2024-QH15:d39', '36-2024-QH15:d10', '36-2024-QH15:d33', '36-2024-QH15:d35', '36-2024-QH15:d42', '36-2024-QH15:d56', '36-2024-QH15:d59', '36-2024-QH15:d73', '168-2024-ND-CP:d21', '59-2020-QH14:d150', '100-2019-ND-CP:d51', '100-2019-ND-CP:d30', '59-2020-QH14:d146', '23-2022-ND:d3', '168-2024-ND-CP:d7', '100-2019-ND-CP:d17', '36-2024-QH15:d8', '100-2019-ND-CP:d24', '100-2019-ND-CP:d25', '36-2024-QH15:d5', '168-2025-ND:d43', '23-2022-ND:d46', '01-2021-ND:d99', '168-2025-ND:d58', '36-2024-QH15:d70', '168-2024-ND-CP:d20', '100-2019-ND-CP:d23', '168-2024-ND-CP:d14', '36-2024-QH15:d7', '36-2024-QH15:d62']",0.85,0,0.0,0,0.0,0,0.0,0,0.0,0,0.0,1,0.1667,0.0333
479,xử phạt vi phạm hành chính giao thông,"Dạ cho em hỏi em vừa bị bắt vì rẽ trái ngay biển báo cấm, CS bảo là bị phạt 700 nhưng không bị trừ điểm vneid, rồi CS có giữ BLX của em và gửi em 1 biên bản để em giữ, rồi bảo đến ngày hẹn tuần sau thì lên đội CSGT nộp phạt và lấy lại BLX. Khi về em tra trên DVC thì không thấy gì cả. Với em thắc mắc là mình lên nộp phạt trực tiếp ở địa chỉ đội CSGT đó được đúng không ạ hay phải ra ngân hàng hay khi bạc nhà nuớc đóng và em sau khi đóng xong em có được trả BLX liền không hay đợi nữa ạ","['168-2024-ND-CP:d5', '168-2024-ND-CP:d7', '36-2024-QH15:d11']",3,,,False,"# TƯ VẤN PHÁP LUẬT GIAO thông

Dạ, em vừa bị bắt vi phạm rẽ trái khi biển báo cấm. Hành vi này là **không chấp hành hiệu lệnh, chỉ dẫn của biển báo hiệu**. Tôi sẽ trả lời từng câu hỏi của em:

## 1. Tại sao DVC không thấy gì?

Điều này là bình thường. Vì em bị vi phạm nhẹ (không bị trừ điểm), quá trình xử lý có thể chưa hoàn tất hoặc hệ thống cập nhật chậm. Từ lúc CS lập biên bản cho đến khi quyết định xử phạt có hiệu lực thường mất vài ngày. Em chỉ cần đợi và quan sát tiếp.

## 2. Nộp phạt ở đâu?

**Tài liệu pháp luật cung cấp không quy định chi tiết** về nơi nộp phạt (trực tiếp đội CSGT hay qua ngân hàng). Tôi khuyên em:

- **Theo yêu cầu của CS**: Nếu CS bảo lên đội CSGT vào ngày hẹn, hãy đi đó trước tiên để được chỉ dẫn cụ thể
- **Hỏi lại đội CSGT**: Khi em lên đó, hỏi rõ cơ chế nộp phạt (có được nộp trực tiếp hay phải vào ngân hàng)

## 3. Được trả BLX liền không?

**Khi nộp phạt xong, em sẽ được trả BLX liền.** Quy tắc chung là: khi quyết định xử phạt đã có hiệu lực pháp luật (tức là em đã hoàn thành nghĩa vụ nộp phạt), những vật bị giữ phải được trả lại ngay.

---

**Căn cứ pháp lý:**
- Điều 6 Nghị định 168/2024/ND-CP (hành vi vi phạm không chấp hành biển báo)
- Điều 47, 48 Nghị định 168/2024/ND-CP (quy trình xử lý vi phạm)","['168-2024-ND-CP:d6', '168-2024-ND-CP:d47', '168-2024-ND-CP:d48', '168-2024-ND-CP:d50', '168-2024-ND-CP:d51', '59-2020-QH14:d150', '36-2024-QH15:d11', '100-2019-ND-CP:d56', '36-2024-QH15:d39', '36-2024-QH15:d15', '100-2019-ND-CP:d41', '01-2021-ND:d99', '168-2024-ND-CP:d2', '23-2022-ND:d55', '59-2020-QH14:d30', '168-2025-ND:d58', '100-2019-ND-CP:d13', '168-2024-ND-CP:d10', '168-2024-ND-CP:d29', '168-2025-ND:d97', '16-2023-ND:d6', '168-2025-ND:d116', '16-2023-ND:d2', '248-2025-ND:d1', '168-2024-ND-CP:d49', '36-2024-QH15:d86', '59-2020-QH14:d35', '248-2025-ND:d3', '59-2020-QH14:d149', '23-2022-ND:d52']","['168-2024-ND-CP:d6', '168-2024-ND-CP:d47', '168-2024-ND-CP:d48']","['168-2024-ND-CP:d6', '168-2024-ND-CP:d47', '168-2024-ND-CP:d48', '168-2024-ND-CP:d50', '168-2024-ND-CP:d51', '59-2020-QH14:d150', '36-2024-QH15:d11', '100-2019-ND-CP:d56', '36-2024-QH15:d39', '36-2024-QH15:d15', '100-2019-ND-CP:d41', '01-2021-ND:d99', '168-2024-ND-CP:d2', '23-2022-ND:d55', '59-2020-QH14:d30', '168-2025-ND:d58', '100-2019-ND-CP:d13', '168-2024-ND-CP:d10', '168-2024-ND-CP:d29', '168-2025-ND:d97', '16-2023-ND:d6', '168-2025-ND:d116', '16-2023-ND:d2', '248-2025-ND:d1', '168-2024-ND-CP:d49', '36-2024-QH15:d86', '59-2020-QH14:d35', '248-2025-ND:d3', '59-2020-QH14:d149', '23-2022-ND:d52']",0.85,0,0.0,0,0.0,0,0.0,1,0.3333,1,0.3333,1,0.3333,0.1429
